model,dataset,image_id,precision,sensitivity,f1,iou,mcc,tvs,cldice,sf1
DCP_1024,AFIO,IM000001,0.9344406435051242,0.4698344938110219,0.625279811728,0.45484151397672135,,0.448979591837,0.704284943234,0.63066589951
DCP_1024,AFIO,IM000004,0.809243709625542,0.6400045719506864,0.714742505569,0.5561084130347169,,0.261802575107,0.704284943234,0.63066589951
DCP_1024,AFIO,IM000023,0.6960867551694007,0.5677189890159134,0.625383561881,0.45495131917436066,,0.243386243386,0.704284943234,0.63066589951
DCP_1024,AFIO,IM000024,0.7611633372486322,0.5480335778975127,0.637250305513,0.46762094909358215,,0.195555555556,0.704284943234,0.63066589951
DCP_1024,AFIO,IM000135,0.9093250838125903,0.48780471678724585,0.634977601632,0.46517742301603954,,0.132107023411,0.704284943234,0.63066589951
DCP_1024,AFIO,IM000136,0.9431670227188524,0.46569383156774685,0.623520858404,0.4529824241877287,,0.230769230769,0.704284943234,0.63066589951
DCP_1024,AFIO,IM000167,0.8649863373680464,0.558158133082199,0.678496342756,0.5134275179918959,,0.548387096774,0.704284943234,0.63066589951
DCP_1024,AFIO,IM000168,0.8529337347870692,0.5745389780821964,0.686589203336,0.522752824234355,,0.146739130435,0.704284943234,0.63066589951
DCP_1024,AFIO,IM000189,0.8469804712342149,0.5328336783074554,0.654145661707,0.4860449181571006,,0.297297297297,0.704284943234,0.63066589951
DCP_1024,AFIO,IM000209,0.8663484075528183,0.5860292146102676,0.699137013831,0.5374409305702027,,0.121621621622,0.704284943234,0.63066589951
DCP_1024,AFIO,IM000210,0.8818647935743029,0.5261296625380605,0.659058314091,0.49148916840797324,,0.180043383948,0.704284943234,0.63066589951
DCP_1024,AFIO,IM000333,0.8973497091191889,0.4653314338381163,0.612858010044,0.4418134657313919,,0.268292682927,0.704284943234,0.63066589951
DCP_1024,AFIO,IM000389,0.8608627278855504,0.4755017322009927,0.612619881062,0.44156599384669226,,0.0232558139535,0.704284943234,0.63066589951
DCP_1024,AFIO,IM000390,0.8529291216176206,0.5001823395827121,0.630576409678,0.46046848771586385,,0.470588235294,0.704284943234,0.63066589951
DCP_1024,AFIO,IM000678,0.8326213352641558,0.573864240311906,0.679440469673,0.5145095348369152,,0.54347826087,0.704284943234,0.63066589951
DCP_1024,AFIO,IM000679,0.7790321853268815,0.5238090424827763,0.626421845347,0.45605111236298723,,0.4,0.704284943234,0.63066589951
DCP_1024,AFIO,IM000715,0.7129621744961533,0.6141421550657657,0.659872952822,0.49239581740517885,,0.579136690647,0.704284943234,0.63066589951
DCP_1024,AFIO,IM000716,0.6474894178843681,0.5352476646023191,0.586042669853,0.4144698410326661,,0.362134688691,0.704284943234,0.63066589951
DCP_1024,AFIO,IM000938,0.7588894214570375,0.5603339799710838,0.644669476637,0.47565480561698925,,0.347826086957,0.704284943234,0.63066589951
DCP_1024,AFIO,IM001031,0.7891596814134036,0.5743283582092947,0.664819596535,0.4979249207146017,,0.218181818182,0.704284943234,0.63066589951
DCP_1024,AFIO,IM001032,0.7891596814134036,0.5743283582092947,0.664819596535,0.4979249207146017,,0.218181818182,0.704284943234,0.63066589951
DCP_1024,AFIO,IM001034,0.684411285308054,0.5362456223507746,0.601336138486,0.4299361376471661,,0.625,0.704284943234,0.63066589951
DCP_1024,AFIO,IM001069,0.8843892325515322,0.5104060415840691,0.647260018408,0.47848073333816793,,0.184210526316,0.704284943234,0.63066589951
DCP_1024,AFIO,IM001070,0.8526858473302635,0.4692316140130855,0.605343628614,0.4340450027933502,,0.102173913043,0.704284943234,0.63066589951
DCP_1024,AFIO,IM001096,0.8745016069395868,0.5476122022816428,0.67348723818,0.5077125961878897,,0.0394736842105,0.704284943234,0.63066589951
DCP_1024,AFIO,IM001097,0.8786991631887133,0.6039320897087721,0.715855167376,0.5574567207604095,,0.615384615385,0.704284943234,0.63066589951
DCP_1024,AFIO,IM001126,0.816056646768715,0.5326687564119335,0.644590630785,0.47556896493811435,,0.470588235294,0.704284943234,0.63066589951
DCP_1024,AFIO,IM001127,0.8272068824812945,0.5007616459791394,0.623860386988,0.4533409118443565,,0.0,0.704284943234,0.63066589951
DCP_1024,AFIO,IM001154,0.8730387275597538,0.5361679269457402,0.664338850803,0.4973857712357665,,0.196202531646,0.704284943234,0.63066589951
DCP_1024,AFIO,IM001155,0.8943438099797242,0.5152567558226104,0.653825915369,0.4856919493798013,,0.27027027027,0.704284943234,0.63066589951
DCP_1024,AFIO,IM001192,0.893164375755397,0.42538161433252675,0.576294959568,0.40478536157540945,,0.383838383838,0.704284943234,0.63066589951
DCP_1024,AFIO,IM001193,0.8946537074972962,0.4194667749684657,0.571146269166,0.39972339844235183,,0.0601983002833,0.704284943234,0.63066589951
DCP_1024,AFIO,IM001218,0.9237917175141953,0.4903287913806892,0.640626698343,0.47126620595101576,,0.300578034682,0.704284943234,0.63066589951
DCP_1024,AFIO,IM001219,0.9175832058133886,0.5035294426369215,0.650237207726,0.481741837490215,,0.358490566038,0.704284943234,0.63066589951
DCP_1024,AFIO,IM001246,0.8271134608384014,0.5424031271249536,0.655163919282,0.48717009357171015,,0.52,0.704284943234,0.63066589951
DCP_1024,AFIO,IM001686,0.8251251765284346,0.6060254596897161,0.698803957812,0.5370474049682323,,0.8,0.704284943234,0.63066589951
DCP_1024,AFIO,IM001749,0.8900784220534228,0.512012740682203,0.650073981507,0.48156267276981224,,0.35,0.704284943234,0.63066589951
DCP_1024,AFIO,IM001750,0.8755178377523929,0.47147498375529856,0.6128982304,0.4418552725058826,,0.3,0.704284943234,0.63066589951
DCP_1024,AFIO,IM001791,0.9176589220063792,0.5076491624900333,0.65368152791,0.485532614653379,,0.676923076923,0.704284943234,0.63066589951
DCP_1024,AFIO,IM001792,0.8855094268001102,0.5040193794264559,0.642396055083,0.4731836980057349,,0.139393939394,0.704284943234,0.63066589951
DCP_1024,AFIO,IM001814,0.8671717439744928,0.5534507578966108,0.675671205119,0.51019898361397,,0.368499257058,0.704284943234,0.63066589951
DCP_1024,AFIO,IM001858,0.9040770175104097,0.5395887642872184,0.675820964727,0.510369781369986,,0.165622825331,0.704284943234,0.63066589951
DCP_1024,AFIO,IM001859,0.8710479189805643,0.5571981592307496,0.679639600573,0.5147379464485188,,0.325301204819,0.704284943234,0.63066589951
DCP_1024,AFIO,IM002094,0.7659602359612997,0.44797975925821243,0.565323959106,0.39404293582105515,,0.5,0.704284943234,0.63066589951
DCP_1024,AFIO,IM002348,0.8858273709828651,0.5346781940446217,0.666850719368,0.5002070878753121,,0.5,0.704284943234,0.63066589951
DCP_1024,AFIO,IM002350,0.8885547603325978,0.5780803693696827,0.700455148872,0.5390003648308156,,0.102272727273,0.704284943234,0.63066589951
DCP_1024,AFIO,IM002421,0.883303637995641,0.5135321774899481,0.649474813827,0.4809053696121173,,0.511111111111,0.704284943234,0.63066589951
DCP_1024,AFIO,IM002422,0.8910917748409755,0.5239873001059117,0.659921811455,0.49245022946871103,,0.65306122449,0.704284943234,0.63066589951
DCP_1024,AFIO,IM002471,0.8629243913352355,0.5055327014139724,0.637559629716,0.4679541531664252,,0.4,0.704284943234,0.63066589951
DCP_1024,AFIO,IM002587,0.9179505880189539,0.5320241292771589,0.673628107421,0.5078727249800177,,0.277108433735,0.704284943234,0.63066589951
DCP_1024,AFIO,IM002649,0.8954709393261817,0.4218535030407938,0.573522422384,0.40205498592028277,,0.666666666667,0.704284943234,0.63066589951
DCP_1024,AFIO,IM002742,0.7929860687975611,0.38806169665791346,0.521109354396,0.3523650352005382,,0.5,0.704284943234,0.63066589951
DCP_1024,AFIO,IM002743,0.8294957221092901,0.3989929640244075,0.538813194693,0.3687503834116499,,0.583333333333,0.704284943234,0.63066589951
DCP_1024,AFIO,IM003024,0.8707035552917858,0.5297151348574599,0.658695652174,0.49108589951387294,,0.434782608696,0.704284943234,0.63066589951
DCP_1024,AFIO,IM003537,0.9238486304902591,0.48905740539417825,0.63955422757,0.47010637287485674,,0.717948717949,0.704284943234,0.63066589951
DCP_1024,AFIO,IM003630,0.8829557903655512,0.5074848170944247,0.644524700116,0.4754971928821998,,0.305555555556,0.704284943234,0.63066589951
DCP_1024,AFIO,IM003631,0.8850163796301328,0.46452294147396384,0.609260368319,0.43808370340505887,,0.283018867925,0.704284943234,0.63066589951
DCP_1024,AFIO,IM003705,0.7397390780252459,0.42432387219057216,0.539298926987,0.3692055390050366,,0.722222222222,0.704284943234,0.63066589951
DCP_1024,AFIO,IM004162,0.8433887668646527,0.4936237420117855,0.622756655314,0.45217619509062384,,0.571428571429,0.704284943234,0.63066589951
DCP_1024,AFIO,IM004163,0.8395748524159163,0.5262549022826719,0.646977239143,0.4781717335879899,,0.673913043478,0.704284943234,0.63066589951
DCP_1024,AFIO,IM004455,0.9127565857748327,0.44371966897281256,0.597147275782,0.42566640494273633,,0.6,0.704284943234,0.63066589951
DCP_1024,AFIO,IM004512,0.872565289545588,0.4643790150889753,0.606159895151,0.43488481429271797,,0.35,0.704284943234,0.63066589951
DCP_1024,AFIO,IM004513,0.86250877603405,0.5101895523717814,0.641135721164,0.47181733389385677,,0.457142857143,0.704284943234,0.63066589951
DCP_1024,AFIO,IM004515,0.9132128140387241,0.5200012110473535,0.662666930315,0.4955137544539198,,0.318181818182,0.704284943234,0.63066589951
DCP_1024,AFIO,IM004516,0.9123673522876024,0.506516837587952,0.651398372463,0.48301763779765894,,0.117647058824,0.704284943234,0.63066589951
DCP_1024,AFIO,IM004538,0.8853393165568312,0.46586021757293844,0.610486247544,0.43935243279524977,,0.48275862069,0.704284943234,0.63066589951
DCP_1024,AFIO,IM004539,0.8926036396587778,0.46455168890322773,0.611073057885,0.4399605474961005,,0.642857142857,0.704284943234,0.63066589951
DCP_1024,AFIO,IM004564,0.9029614302792934,0.5438039700545733,0.678802534922,0.5137782601497236,,0.444444444444,0.704284943234,0.63066589951
DCP_1024,AFIO,IM004790,0.8013918473343886,0.5167307927490065,0.628323696116,0.45806995013098667,,0.647058823529,0.704284943234,0.63066589951
DCP_1024,AFIO,IM004993,0.8836614173204728,0.501883449723714,0.640174203032,0.4707766277558455,,0.74358974359,0.704284943234,0.63066589951
DCP_1024,AFIO,IM005024,0.9137507978138851,0.44632885785161824,0.599719800602,0.4282855680311898,,0.609756097561,0.704284943234,0.63066589951
DCP_1024,AFIO,IM005025,0.9110157590891007,0.46517204840812565,0.615873886513,0.44495503734225617,,0.625,0.704284943234,0.63066589951
DCP_1024,AFIO,IM005060,0.8940944743415371,0.5187084662523411,0.656530872275,0.4886832594261055,,0.625,0.704284943234,0.63066589951
DCP_1024,AFIO,IM005092,0.9331459205039894,0.4869871987335258,0.639982423732,0.47056923005963225,,0.619047619048,0.704284943234,0.63066589951
DCP_1024,AFIO,IM005093,0.9091824063761051,0.47807469723857754,0.626642462353,0.45628501331607985,,0.857142857143,0.704284943234,0.63066589951
DCP_1024,AFIO,IM005132,0.9364307446785319,0.49304078363367276,0.645970960639,0.4770731955230811,,0.823529411765,0.704284943234,0.63066589951
DCP_1024,AFIO,IM005133,0.9197426979320449,0.460945895289453,0.614116207544,0.44312243990940337,,0.5,0.704284943234,0.63066589951
DCP_1024,AFIO,IM005190,0.9020394572518832,0.3936599968036102,0.548116075448,0.3775205897517801,,0.25,0.704284943234,0.63066589951
DCP_1024,AFIO,IM005191,0.9272136383348425,0.45790125421143174,0.613049921274,0.4420129683666225,,0.5,0.704284943234,0.63066589951
DCP_1024,AFIO,IM005249,0.8473249612937923,0.5123302157464437,0.638559228189,0.4690319560061237,,0.869565217391,0.704284943234,0.63066589951
DCP_1024,AFIO,IM005283,0.9210107978413713,0.48275347052968204,0.633469834033,0.46356081249383657,,0.0,0.704284943234,0.63066589951
DCP_1024,AFIO,IM005320,0.8059090406116505,0.5145178382194732,0.628061400483,0.45779118737829305,,0.571428571429,0.704284943234,0.63066589951
DCP_1024,AFIO,IM005321,0.8431018078007471,0.5661329687320555,0.677399873097,0.5121728474979049,,0.5,0.704284943234,0.63066589951
DCP_1024,AFIO,IM005357,0.8691017922186552,0.4913664295108186,0.627794810203,0.45750796955947537,,0.541666666667,0.704284943234,0.63066589951
DCP_1024,AFIO,IM005387,0.8682628524053501,0.5454308688996254,0.669985803691,0.5037433476652481,,0.566666666667,0.704284943234,0.63066589951
DCP_1024,AFIO,IM005456,0.8284022768077116,0.5493863296865923,0.660642545909,0.49325334614079347,,0.5,0.704284943234,0.63066589951
DCP_1024,AFIO,IM005457,0.8758768318798665,0.532234018070259,0.662123220743,0.49490598163361144,,1.0,0.704284943234,0.63066589951
DCP_1024,AFIO,IM005488,0.9182385338968347,0.47675021826330727,0.627632904961,0.4573360198082889,,0.0833333333333,0.704284943234,0.63066589951
DCP_1024,AFIO,IM005489,0.9376970197542595,0.4407427776517764,0.599639084507,0.42820324237333895,,0.666666666667,0.704284943234,0.63066589951
DCP_1024,AFIO,IM005523,0.8968468942295873,0.5081693624695333,0.648747104954,0.48010783720238764,,0.518518518519,0.704284943234,0.63066589951
DCP_1024,AFIO,IM005524,0.930326179547855,0.4243554229704425,0.582851289467,0.41128449338798423,,0.396226415094,0.704284943234,0.63066589951
DCP_1024,AFIO,IM005558,0.9152440887179282,0.5063891067414771,0.652024218366,0.48370618170574553,,1.0,0.704284943234,0.63066589951
DCP_1024,AFIO,IM005713,0.9110395904265345,0.49965583278257536,0.645364318567,0.47641172265911536,,0.428571428571,0.704284943234,0.63066589951
DCP_1024,AFIO,IM005806,0.9148508213227143,0.4319822711562967,0.586857180405,0.4152851164563752,,0.4375,0.704284943234,0.63066589951
DCP_1024,AFIO,IM005833,0.8992911909075061,0.4376476430795629,0.588766905617,0.41720032499267073,,0.45,0.704284943234,0.63066589951
DCP_1024,AFIO,IM005834,0.9492504630017309,0.4831940994063555,0.640404850028,0.47102613600908233,,0.565217391304,0.704284943234,0.63066589951
DCP_1024,AFIO,IM006037,0.8715348573439153,0.5750777372875066,0.692929531498,0.5301393828384393,,0.916666666667,0.704284943234,0.63066589951
DCP_1024,AFIO,IM006105,0.9147398195139874,0.43685718982495364,0.591316293559,0.4197651260217555,,0.25,0.704284943234,0.63066589951
DCP_1024,AFIO,IM006106,0.922917955537149,0.4686048454465707,0.621597900672,0.45095542220593116,,0.448275862069,0.704284943234,0.63066589951
DCP_1024,CHASEDB1,Image_01L,0.8191319454173921,0.874157135381214,0.845750490008,0.7327276145119279,,0.538441145281,0.838788179818,0.825083329505
DCP_1024,CHASEDB1,Image_01R,0.8485933009058189,0.8431176034488437,0.845846590361,0.7328718897304707,,0.417468541821,0.838788179818,0.825083329505
DCP_1024,CHASEDB1,Image_02L,0.8210920405238048,0.8342071446933564,0.827597636455,0.705898983308587,,0.473214285714,0.838788179818,0.825083329505
DCP_1024,CHASEDB1,Image_02R,0.7777833325012262,0.8309787688602096,0.803501568734,0.6715441890582549,,0.448201127005,0.838788179818,0.825083329505
DCP_1024,CHASEDB1,Image_03L,0.8022161639261897,0.8491675089102222,0.825024387408,0.7021629883772595,,0.514855280813,0.838788179818,0.825083329505
DCP_1024,CHASEDB1,Image_03R,0.8046621422257116,0.8660609491717386,0.834233347521,0.7156092051072183,,0.601337598139,0.838788179818,0.825083329505
DCP_1024,CHASEDB1,Image_04L,0.8102835782099305,0.8708759046409038,0.839487807537,0.7233769821541663,,0.576681180455,0.838788179818,0.825083329505
DCP_1024,CHASEDB1,Image_04R,0.8135931771302135,0.8386432596440543,0.82592832225,0.7034735083915962,,0.462753036437,0.838788179818,0.825083329505
DCP_1024,CHASEDB1,Image_05L,0.8226971054416452,0.8537022161931965,0.837912940082,0.7210414511810548,,0.645259938838,0.838788179818,0.825083329505
DCP_1024,CHASEDB1,Image_05R,0.8486042088476085,0.8468584303779023,0.847730420819,0.7357049393090307,,0.575708502024,0.838788179818,0.825083329505
DCP_1024,CHASEDB1,Image_06L,0.8360507118076219,0.8125585109312039,0.824137232862,0.7008787554927988,,0.493773349938,0.838788179818,0.825083329505
DCP_1024,CHASEDB1,Image_06R,0.7815444241878243,0.854168988964989,0.816244465897,0.6895380358373703,,0.515607199818,0.838788179818,0.825083329505
DCP_1024,CHASEDB1,Image_07L,0.7847652790080081,0.8658482710617249,0.823315257517,0.6996906034318658,,0.527891813572,0.838788179818,0.825083329505
DCP_1024,CHASEDB1,Image_07R,0.7859800565572702,0.8684902971158786,0.825177739004,0.702385174676912,,0.426274189152,0.838788179818,0.825083329505
DCP_1024,CHASEDB1,Image_08L,0.729349000539313,0.8706187727731873,0.793747152117,0.6580271735814291,,0.49180899268,0.838788179818,0.825083329505
DCP_1024,CHASEDB1,Image_08R,0.7253004824077135,0.8734553212431603,0.792513233619,0.6563328524040628,,0.469703480877,0.838788179818,0.825083329505
DCP_1024,CHASEDB1,Image_09L,0.7186971807180975,0.876288022422205,0.789707302578,0.6524928261239008,,0.599913681485,0.838788179818,0.825083329505
DCP_1024,CHASEDB1,Image_09R,0.7545872831090581,0.8364776009336548,0.793425040802,0.6575845410627309,,0.517946877243,0.838788179818,0.825083329505
DCP_1024,CHASEDB1,Image_10L,0.7074807881915374,0.8719621812361614,0.781157032188,0.6409004710346652,,0.447103877453,0.838788179818,0.825083329505
DCP_1024,CHASEDB1,Image_10R,0.6707133201630919,0.8691448687060936,0.757143800392,0.6091966235762473,,0.541722875313,0.838788179818,0.825083329505
DCP_1024,CHASEDB1,Image_11L,0.7222943892314153,0.9028150002937656,0.802528387848,0.6701857310886563,,0.672983354673,0.838788179818,0.825083329505
DCP_1024,CHASEDB1,Image_11R,0.7255307157618938,0.9063422838480729,0.805919536732,0.6749290031312731,,0.599124726477,0.838788179818,0.825083329505
DCP_1024,CHASEDB1,Image_12L,0.7042958205347616,0.8768397265035928,0.78115321082,0.6408953264302678,,0.419175027871,0.838788179818,0.825083329505
DCP_1024,CHASEDB1,Image_12R,0.7110308764948632,0.8911917833480563,0.79098229069,0.6542354877013528,,0.536456962359,0.838788179818,0.825083329505
DCP_1024,CHASEDB1,Image_13L,0.7204374668265877,0.8744574799951725,0.790010568396,0.6529069988229048,,0.33956043956,0.838788179818,0.825083329505
DCP_1024,CHASEDB1,Image_13R,0.7212503330071468,0.8038268041244531,0.760302985389,0.6132974238286544,,0.388520109332,0.838788179818,0.825083329505
DCP_1024,CHASEDB1,Image_14L,0.781052215188779,0.8973232545113913,0.835160342044,0.7169745091865226,,0.645225464191,0.838788179818,0.825083329505
DCP_1024,CHASEDB1,Image_14R,0.7089912376614945,0.8666880536101575,0.779948355226,0.6392748688687487,,0.466542750929,0.838788179818,0.825083329505
DCP_1024,DualModal2019,DualModal2019_A1_L4,0.6817176278073329,0.9014867157337385,0.77634878638,0.6344526755163192,,0.709733287149,0.825274280005,0.862923821384
DCP_1024,DualModal2019,DualModal2019_A1_R2,0.5960524196794971,0.9136055786112948,0.721430703352,0.5642484183245763,,0.749429484254,0.825274280005,0.862923821384
DCP_1024,DualModal2019,DualModal2019_A2_R2,0.6139878950917893,0.9247130317343468,0.737976559343,0.5847566182755013,,0.763723544974,0.825274280005,0.862923821384
DCP_1024,DualModal2019,DualModal2019_A3_L1,0.6303256178898831,0.9249456701631592,0.749730231039,0.5996547702357399,,0.745265151515,0.825274280005,0.862923821384
DCP_1024,DualModal2019,DualModal2019_A3_R1,0.5439597091590601,0.913226071374339,0.681804880088,0.517226069031052,,0.713248638838,0.825274280005,0.862923821384
DCP_1024,DualModal2019,DualModal2019_A4_L3,0.596476065985504,0.9532145570046439,0.733784744603,0.5795102700550978,,0.751873260544,0.825274280005,0.862923821384
DCP_1024,DualModal2019,DualModal2019_A4_R2,0.6004022360876072,0.9474627171267336,0.735023727737,0.5810573240413967,,0.810144417048,0.825274280005,0.862923821384
DCP_1024,DualModal2019,DualModal2019_A5_R4,0.5856348725845577,0.9546898271937446,0.725950386158,0.5697975795219133,,0.853084856161,0.825274280005,0.862923821384
DCP_1024,DualModal2019,DualModal2019_A6_L2,0.6096138841439747,0.9371423940348971,0.738700754454,0.5856665316042633,,0.791780821918,0.825274280005,0.862923821384
DCP_1024,DualModal2019,DualModal2019_A6_R3,0.5218883647516916,0.9594884168250036,0.676054663584,0.5106363873104616,,0.859828798533,0.825274280005,0.862923821384
DCP_1024,DualModal2019,DualModal2019_A7_L1,0.5681951346539902,0.9115691257880735,0.700042778461,0.5385121655251315,,0.679407669915,0.825274280005,0.862923821384
DCP_1024,DualModal2019,DualModal2019_A7_R1,0.5535776732435054,0.9391063056168597,0.696555052448,0.5343954524172272,,0.776539836031,0.825274280005,0.862923821384
DCP_1024,DualModal2019,DualModal2019_C1_L4,0.6742100639226482,0.9358704793942848,0.783778548663,0.6444373660745641,,0.79104197901,0.825274280005,0.862923821384
DCP_1024,DualModal2019,DualModal2019_C1_R4,0.6876208402811714,0.9330510827319709,0.791752310166,0.6552897363907049,,0.753649915476,0.825274280005,0.862923821384
DCP_1024,DualModal2019,DualModal2019_C2_L4,0.7001206463035221,0.9302182738837191,0.798932063819,0.6651847408060367,,0.745418848168,0.825274280005,0.862923821384
DCP_1024,DualModal2019,DualModal2019_C2_R3,0.6367333491199851,0.9312032282842271,0.756316497493,0.6081261799874548,,0.78779918272,0.825274280005,0.862923821384
DCP_1024,DualModal2019,DualModal2019_C3_L1,0.6318680164661858,0.9300122107668845,0.752484038994,0.60318590103424,,0.751273653566,0.825274280005,0.862923821384
DCP_1024,DualModal2019,DualModal2019_C3_R1,0.6810534456942177,0.9398173174226002,0.7897802057,0.6525923715838863,,0.766023166023,0.825274280005,0.862923821384
DCP_1024,DualModal2019,DualModal2019_C4_L2,0.5274395915579191,0.9023782158967647,0.665749153692,0.4989685077091701,,0.692636793515,0.825274280005,0.862923821384
DCP_1024,DualModal2019,DualModal2019_C4_R2,0.5711075040578824,0.8899554114311905,0.695740352256,0.5334369988824187,,0.7234393404,0.825274280005,0.862923821384
DCP_1024,DualModal2019,DualModal2019_C5_L1,0.6696260451312795,0.931579733159964,0.779175370084,0.6382369350932998,,0.743511723644,0.825274280005,0.862923821384
DCP_1024,DualModal2019,DualModal2019_C5_R1,0.6259265219566199,0.947753920247728,0.753932372878,0.6050493219371502,,0.837945879459,0.825274280005,0.862923821384
DCP_1024,DualModal2019,DualModal2019_C6_L2,0.6918747872068864,0.949209358556938,0.80036605638,0.6671752334423164,,0.673469387755,0.825274280005,0.862923821384
DCP_1024,DualModal2019,DualModal2019_C6_R2,0.6728763406496638,0.9510886934294995,0.788151304047,0.6503710460547192,,0.76234425473,0.825274280005,0.862923821384
DCP_1024,DualModal2019,DualModal2019_C7_L4,0.6719264867395257,0.9282366010960369,0.779553987939,0.6387451638459174,,0.694963573012,0.825274280005,0.862923821384
DCP_1024,DualModal2019,DualModal2019_C7_R3,0.6891253428364663,0.9207939331524193,0.788290996113,0.6505613093442966,,0.639479392625,0.825274280005,0.862923821384
DCP_1024,DualModal2019,DualModal2019_C8_L4,0.6991890453479659,0.9246865418788291,0.796281076639,0.6615174532735931,,0.679599754952,0.825274280005,0.862923821384
DCP_1024,DualModal2019,DualModal2019_C8_R2,0.6745468804455,0.9391803358245474,0.785165124959,0.6463142778416706,,0.700761473554,0.825274280005,0.862923821384
DCP_1024,DualModal2019,DualModal2019_C9_L4,0.6827383283827293,0.9390948989503147,0.790655994336,0.653789153981777,,0.837195994278,0.825274280005,0.862923821384
DCP_1024,DualModal2019,DualModal2019_C9_R5,0.7579180395384358,0.9148066215947177,0.829004865303,0.7079490262079599,,0.77036199095,0.825274280005,0.862923821384
DCP_1024,HRF,01_dr,0.5677648961086522,0.8182073690429987,0.670358900478,0.5041652974768838,,0.581516415237,0.753632519533,0.535952697705
DCP_1024,HRF,01_g,0.639466902080186,0.8200835597627121,0.718599743028,0.560792569783059,,0.421219547355,0.753632519533,0.535952697705
DCP_1024,HRF,01_h,0.8702132060677946,0.701251247170341,0.776648933804,0.6348536861286953,,0.254509949786,0.753632519533,0.535952697705
DCP_1024,HRF,02_dr,0.6456546397861173,0.8038411276196185,0.716116273492,0.5577734639878528,,0.416845191115,0.753632519533,0.535952697705
DCP_1024,HRF,02_g,0.704963440221216,0.8089686775283442,0.753393544209,0.6043555612191618,,0.360712596563,0.753632519533,0.535952697705
DCP_1024,HRF,02_h,0.862669118332763,0.7457244711400693,0.799945332098,0.6665907424838464,,0.37271004422,0.753632519533,0.535952697705
DCP_1024,HRF,03_dr,0.6927951168613787,0.7952346278322422,0.740488782413,0.5879175763369897,,0.330594722623,0.753632519533,0.535952697705
DCP_1024,HRF,03_g,0.6229118347902682,0.8294774027728304,0.711505259768,0.5521988080757628,,0.416398100981,0.753632519533,0.535952697705
DCP_1024,HRF,03_h,0.8769447997781078,0.6877874865043848,0.770932721118,0.6272502200361773,,0.315481416447,0.753632519533,0.535952697705
DCP_1024,HRF,04_dr,0.6774645750083318,0.8114172214664174,0.738415130599,0.5853075353936348,,0.312065045132,0.753632519533,0.535952697705
DCP_1024,HRF,04_g,0.6774419439393446,0.8023271261464032,0.734614689548,0.580546244278427,,0.393434064247,0.753632519533,0.535952697705
DCP_1024,HRF,04_h,0.8496167892143908,0.7640308916140245,0.804554154796,0.6730159781171056,,0.314250803276,0.753632519533,0.535952697705
DCP_1024,HRF,05_dr,0.6353793054784204,0.8492429928206561,0.726907340108,0.5709775596142904,,0.479790761491,0.753632519533,0.535952697705
DCP_1024,HRF,05_g,0.6892891540679784,0.8373201806933614,0.756127590592,0.6078819538668488,,0.446696848237,0.753632519533,0.535952697705
DCP_1024,HRF,05_h,0.8138677992073516,0.7952844260717368,0.804468807143,0.6728965433520262,,0.43726971603,0.753632519533,0.535952697705
DCP_1024,HRF,06_dr,0.7085186209640659,0.6466310444262559,0.676161678035,0.510758501862493,,0.245188344504,0.753632519533,0.535952697705
DCP_1024,HRF,06_g,0.6908108092110741,0.833774887676445,0.755589805193,0.6071870901943125,,0.422771855011,0.753632519533,0.535952697705
DCP_1024,HRF,06_h,0.8362725731806998,0.7764384783158065,0.805245556636,0.6739841488839474,,0.378970098671,0.753632519533,0.535952697705
DCP_1024,HRF,07_dr,0.6641474236154702,0.8280043183168305,0.737079104355,0.5836304608599879,,0.453630845324,0.753632519533,0.535952697705
DCP_1024,HRF,07_g,0.7052499987360437,0.7846181567004368,0.742820030084,0.590862126234506,,0.353461751803,0.753632519533,0.535952697705
DCP_1024,HRF,07_h,0.8418337859411207,0.7692318243976012,0.803896917473,0.6720966856590751,,0.397367190591,0.753632519533,0.535952697705
DCP_1024,HRF,08_dr,0.6924325159340678,0.7934495767130678,0.739507245412,0.5866810758890182,,0.342626321974,0.753632519533,0.535952697705
DCP_1024,HRF,08_g,0.712506065393966,0.784994546024426,0.746995855733,0.5961639146612625,,0.42421638344,0.753632519533,0.535952697705
DCP_1024,HRF,08_h,0.8495123486746409,0.7751607481260294,0.810635233682,0.6815699074317968,,0.350819057146,0.753632519533,0.535952697705
DCP_1024,HRF,09_dr,0.6748397068063375,0.7371110313526447,0.704602191618,0.5439272685647618,,0.311144040427,0.753632519533,0.535952697705
DCP_1024,HRF,09_g,0.6777592416476278,0.8021286371444543,0.734717953442,0.5806752379366198,,0.433569861351,0.753632519533,0.535952697705
DCP_1024,HRF,09_h,0.8294831076494737,0.7287671964651148,0.775870317215,0.6338138255497803,,0.300182541235,0.753632519533,0.535952697705
DCP_1024,HRF,10_dr,0.6935445757895127,0.7923691650041278,0.739670576191,0.5868866997927801,,0.407375504711,0.753632519533,0.535952697705
DCP_1024,HRF,10_g,0.6885247524922294,0.7774982389044287,0.730311578531,0.5751896025688306,,0.447346018452,0.753632519533,0.535952697705
DCP_1024,HRF,10_h,0.8445910067626968,0.7237673615548438,0.779525160711,0.638706457205722,,0.228656103955,0.753632519533,0.535952697705
DCP_1024,HRF,11_dr,0.7146609421017524,0.8080878925507713,0.758508352066,0.6109653281423635,,0.448337070254,0.753632519533,0.535952697705
DCP_1024,HRF,11_g,0.7216239944094928,0.7724427155171425,0.746169088864,0.5951114159308398,,0.393731462216,0.753632519533,0.535952697705
DCP_1024,HRF,11_h,0.8517776067247212,0.811113796865583,0.830948511952,0.7107886354427893,,0.453397367485,0.753632519533,0.535952697705
DCP_1024,HRF,12_dr,0.66649692831005,0.766433636773955,0.712980345469,0.5539778222958185,,0.351001540832,0.753632519533,0.535952697705
DCP_1024,HRF,12_g,0.7162976557180638,0.7806996794913299,0.747113354295,0.5963136065470623,,0.406185200545,0.753632519533,0.535952697705
DCP_1024,HRF,12_h,0.8699225371763722,0.8020493544119969,0.834608300344,0.7161611847676276,,0.503631367161,0.753632519533,0.535952697705
DCP_1024,HRF,13_dr,0.6912211984077452,0.7973829223254336,0.740516530195,0.5879525598773048,,0.341434312987,0.753632519533,0.535952697705
DCP_1024,HRF,13_g,0.6780213757623622,0.7618554313348893,0.717497865289,0.5594515953384213,,0.404483854012,0.753632519533,0.535952697705
DCP_1024,HRF,13_h,0.8086807034651018,0.82326589270955,0.815908122013,0.6890581188683381,,0.561425279206,0.753632519533,0.535952697705
DCP_1024,HRF,14_dr,0.713821609682716,0.7327198305099264,0.723147272976,0.5663513556974278,,0.322443340093,0.753632519533,0.535952697705
DCP_1024,HRF,14_g,0.6877724540862078,0.7378759497653978,0.71194377437,0.5527272491709605,,0.361951151946,0.753632519533,0.535952697705
DCP_1024,HRF,14_h,0.8166210772368998,0.8048312872696166,0.810683319709,0.6816378960653636,,0.523637240714,0.753632519533,0.535952697705
DCP_1024,HRF,15_dr,0.6754931891030835,0.7931773707907936,0.729620278844,0.574332435171487,,0.359727847076,0.753632519533,0.535952697705
DCP_1024,HRF,15_g,0.6851732549326124,0.7809919424281496,0.729951566485,0.5747430942178938,,0.358819327517,0.753632519533,0.535952697705
DCP_1024,HRF,15_h,0.8117933103426318,0.8461009442562981,0.828592154797,0.7073472814700235,,0.662607204117,0.753632519533,0.535952697705
DCP_1024,LES,111,0.7797768981664189,0.7829978730910122,0.781384066315,0.6412061788427099,,0.35009349678,0.850406956004,0.749094127565
DCP_1024,LES,119,0.6691417227425274,0.8496067696182373,0.748652381004,0.598276905345191,,0.612743581813,0.850406956004,0.749094127565
DCP_1024,LES,12,0.8395671220053437,0.8707712682267352,0.854884544211,0.7465487780199186,,0.606035777687,0.850406956004,0.749094127565
DCP_1024,LES,15,0.7310826542484831,0.8920867111988305,0.803599592903,0.671681142981964,,0.508749466496,0.850406956004,0.749094127565
DCP_1024,LES,224,0.8469771538119417,0.8477676950988939,0.847372240075,0.7351655664879504,,0.510911424904,0.850406956004,0.749094127565
DCP_1024,LES,240,0.7882576939883799,0.9037302643815376,0.842053669076,0.727195765976538,,0.609236725664,0.850406956004,0.749094127565
DCP_1024,LES,275,0.8036567706809113,0.876087368906097,0.838310465429,0.7216303844370773,,0.538048151333,0.850406956004,0.749094127565
DCP_1024,LES,279,0.8249887140303696,0.8670528522562413,0.845497926093,0.7323485554527539,,0.646153846154,0.850406956004,0.749094127565
DCP_1024,LES,304,0.74998460875486,0.8694153871245873,0.80529598693,0.6740548103296747,,0.624844720497,0.850406956004,0.749094127565
DCP_1024,LES,318,0.7700746185544762,0.8948749658480717,0.827797435352,0.7061897493805424,,0.642945929149,0.850406956004,0.749094127565
DCP_1024,LES,33,0.8612335026409855,0.8325946449616164,0.846671964184,0.7341120114061604,,0.284933645589,0.850406956004,0.749094127565
DCP_1024,LES,34,0.8285023016128199,0.8189147806865049,0.823680642763,0.7002185568872249,,0.253928429949,0.850406956004,0.749094127565
DCP_1024,LES,367,0.8401842216289844,0.8652999449644705,0.852557150604,0.7430061994397156,,0.574652777778,0.850406956004,0.749094127565
DCP_1024,LES,37,0.8518254767771579,0.8832279791813946,0.867242553116,0.765603047238064,,0.462517680339,0.850406956004,0.749094127565
DCP_1024,LES,370,0.7413709319610803,0.9096392309345805,0.816930264322,0.6905174223342204,,0.698716119829,0.850406956004,0.749094127565
DCP_1024,LES,42,0.8011125344392023,0.8798429941593755,0.838634025669,0.7221100361168165,,0.409521233433,0.850406956004,0.749094127565
DCP_1024,LES,486,0.7438624951246028,0.9159239747794995,0.820974873067,0.6963166893674296,,0.646901300689,0.850406956004,0.749094127565
DCP_1024,LES,49,0.8349683220932489,0.8371449712561448,0.836055229964,0.7182945887871821,,0.361958836054,0.850406956004,0.749094127565
DCP_1024,LES,529,0.7240738698047959,0.8857962656517523,0.796812010861,0.6622506358554973,,0.581743166581,0.850406956004,0.749094127565
DCP_1024,LES,53,0.8543343484891686,0.843404218765865,0.848834099254,0.7373690435965161,,0.369269521411,0.850406956004,0.749094127565
DCP_1024,LES,586,0.8038752488379748,0.8884755746961268,0.844060833916,0.7301948568586382,,0.59595959596,0.850406956004,0.749094127565
DCP_1024,LES,90,0.7636913209752876,0.8647982186566492,0.81110609299,0.6822358901896346,,0.386675594242,0.850406956004,0.749094127565
DCP_1024,STARE,im0001,0.8940165264845978,0.7170330483155938,0.795803438028,0.6608584205927205,,0.54974916388,0.856868007275,0.913478653801
DCP_1024,STARE,im0002,0.8746325436629613,0.7173196241797308,0.788203440014,0.6504420511171498,,0.0,0.856868007275,0.913478653801
DCP_1024,STARE,im0003,0.8559256055376709,0.7807851647261383,0.816630558135,0.6900892732602453,,0.49619868221,0.856868007275,0.913478653801
DCP_1024,STARE,im0004,0.8279764781696057,0.6547857939162935,0.731266563506,0.5763752593505942,,0.467408585056,0.856868007275,0.913478653801
DCP_1024,STARE,im0005,0.8308105770431713,0.7030085997326013,0.761585184556,0.6149677596379161,,0.646191646192,0.856868007275,0.913478653801
DCP_1024,STARE,im0044,0.8182668777876154,0.770884187687189,0.793869143216,0.6581948706069544,,0.633148054573,0.856868007275,0.913478653801
DCP_1024,STARE,im0077,0.798210277954944,0.8173300727725975,0.807657034719,0.6773697318947649,,0.812987012987,0.856868007275,0.913478653801
DCP_1024,STARE,im0081,0.8118120887923825,0.8352048078432889,0.823342323943,0.6997297010818254,,0.785014227,0.856868007275,0.913478653801
DCP_1024,STARE,im0082,0.8518138700159847,0.7979585709996516,0.824007192237,0.7006906732741377,,0.69439176375,0.856868007275,0.913478653801
DCP_1024,STARE,im0139,0.8453063737408933,0.7659805619987967,0.803690809945,0.6718086065259187,,0.0,0.856868007275,0.913478653801
DCP_1024,STARE,im0162,0.8109193095130431,0.8031809145132174,0.807031562125,0.6764902880100852,,0.0,0.856868007275,0.913478653801
DCP_1024,STARE,im0163,0.825781088351256,0.8530121217678004,0.839175753207,0.7229137016437968,,0.805,0.856868007275,0.913478653801
DCP_1024,STARE,im0235,0.862227000113564,0.808413569931182,0.834453585949,0.7159333818794515,,0.68093260939,0.856868007275,0.913478653801
DCP_1024,STARE,im0236,0.8832695930139474,0.8067778936386488,0.843292732772,0.7290459363957446,,0.621308858739,0.856868007275,0.913478653801
DCP_1024,STARE,im0239,0.8482855800831587,0.790134259386275,0.818177957103,0.6923021634436608,,0.560121252947,0.856868007275,0.913478653801
DCP_1024,STARE,im0240,0.8774975699297267,0.7515436024336382,0.809651340948,0.680179991627672,,0.740316901408,0.856868007275,0.913478653801
DCP_1024,STARE,im0255,0.8900390447664721,0.7758224942609092,0.829015251896,0.7079641756549777,,0.0,0.856868007275,0.913478653801
DCP_1024,STARE,im0291,0.8660686346104985,0.7753291623864339,0.818190776508,0.6923205203039597,,0.0,0.856868007275,0.913478653801
DCP_1024,STARE,im0319,0.7875158773349072,0.7136201699102409,0.74874920927,0.5984005882890733,,0.565455791638,0.856868007275,0.913478653801
DCP_1024,STARE,im0324,0.7951807228908422,0.7566611231031737,0.775442858956,0.6332435073588267,,0.605812897366,0.856868007275,0.913478653801
FR-UNet,AFIO,IM000001,0.8611931874807353,0.5375497347471729,0.661928882198,0.49468886473338286,,0.387755102041,0.712854387898,0.587255789659
FR-UNet,AFIO,IM000004,0.7070015482541032,0.7046176705909389,0.705807596531,0.5453652753942365,,0.304721030043,0.712854387898,0.587255789659
FR-UNet,AFIO,IM000023,0.6591892564040219,0.6257121274122378,0.642014581332,0.47276986373073826,,0.296296296296,0.712854387898,0.587255789659
FR-UNet,AFIO,IM000024,0.6658769890943778,0.5907991275032386,0.626095362179,0.45570510859616964,,0.248888888889,0.712854387898,0.587255789659
FR-UNet,AFIO,IM000135,0.8098322021096249,0.5679914312354487,0.667687417177,0.5011492241274609,,0.173913043478,0.712854387898,0.587255789659
FR-UNet,AFIO,IM000136,0.868396946564243,0.5680225191767421,0.686803587667,0.5230014194501473,,0.384615384615,0.712854387898,0.587255789659
FR-UNet,AFIO,IM000167,0.8043566878973649,0.6083864875805173,0.692779478402,0.5299637413549154,,0.483870967742,0.712854387898,0.587255789659
FR-UNet,AFIO,IM000168,0.7747693605359598,0.6261972935202823,0.692605316858,0.529759930791132,,0.163043478261,0.712854387898,0.587255789659
FR-UNet,AFIO,IM000189,0.7660648501162762,0.5952961207193532,0.66996989522,0.5037253614126422,,0.358108108108,0.712854387898,0.587255789659
FR-UNet,AFIO,IM000209,0.7768377978369745,0.6241038016291497,0.692145087367,0.5292216137136797,,0.202702702703,0.712854387898,0.587255789659
FR-UNet,AFIO,IM000210,0.8096888420096091,0.5700872609606257,0.669084343725,0.5027248275053358,,0.225596529284,0.712854387898,0.587255789659
FR-UNet,AFIO,IM000333,0.8054661042093042,0.5680382133587748,0.666230926112,0.4995099520263319,,0.536585365854,0.712854387898,0.587255789659
FR-UNet,AFIO,IM000389,0.7918134618951125,0.5175694647852374,0.62597191598,0.4555743243242826,,0.046511627907,0.712854387898,0.587255789659
FR-UNet,AFIO,IM000390,0.7717190722581284,0.5303098115276564,0.628634588461,0.45840049863553256,,0.411764705882,0.712854387898,0.587255789659
FR-UNet,AFIO,IM000678,0.7721975113988747,0.5831331448379732,0.664478385678,0.4975422176265816,,0.554347826087,0.712854387898,0.587255789659
FR-UNet,AFIO,IM000679,0.719829968677897,0.5528691134404914,0.625398041379,0.45496664503984774,,0.4,0.712854387898,0.587255789659
FR-UNet,AFIO,IM000715,0.6229856937723914,0.6873908897521522,0.653605529478,0.4854487624452258,,0.688848920863,0.712854387898,0.587255789659
FR-UNet,AFIO,IM000716,0.5731145696055728,0.6212160123264946,0.596196652623,0.4247009766268122,,0.468869123253,0.712854387898,0.587255789659
FR-UNet,AFIO,IM000938,0.7531859137749626,0.5500314580817393,0.635774131479,0.46603289539456,,0.326086956522,0.712854387898,0.587255789659
FR-UNet,AFIO,IM001031,0.7446937308465639,0.6409660786974156,0.688947485095,0.5254919061307942,,0.163636363636,0.712854387898,0.587255789659
FR-UNet,AFIO,IM001032,0.7446937308465639,0.6409660786974156,0.688947485095,0.5254919061307942,,0.163636363636,0.712854387898,0.587255789659
FR-UNet,AFIO,IM001034,0.671196006786885,0.5417357874501156,0.59955703857,0.42811957008073287,,0.5,0.712854387898,0.587255789659
FR-UNet,AFIO,IM001069,0.8164402133864691,0.5433699489991448,0.652486779964,0.48421549433598,,0.315789473684,0.712854387898,0.587255789659
FR-UNet,AFIO,IM001070,0.7948228398885174,0.4914796646777782,0.607383195539,0.4361452436832272,,0.108695652174,0.712854387898,0.587255789659
FR-UNet,AFIO,IM001096,0.8266608676727145,0.5752201676610549,0.678391376895,0.5133073173366415,,0.1,0.712854387898,0.587255789659
FR-UNet,AFIO,IM001097,0.8486920937812091,0.629444560888809,0.722808166095,0.565935474144884,,0.615384615385,0.712854387898,0.587255789659
FR-UNet,AFIO,IM001126,0.7415508893166013,0.573776510124101,0.646963610022,0.47815684398001995,,0.372549019608,0.712854387898,0.587255789659
FR-UNet,AFIO,IM001127,0.7584027047744257,0.549486403590757,0.637258880825,0.4676301843821921,,0.0,0.712854387898,0.587255789659
FR-UNet,AFIO,IM001154,0.8220434490677138,0.5666294781213265,0.670847744517,0.5047185089214786,,0.221518987342,0.712854387898,0.587255789659
FR-UNet,AFIO,IM001155,0.8359354568736168,0.5522928329535558,0.665137232869,0.49828135838904936,,0.324324324324,0.712854387898,0.587255789659
FR-UNet,AFIO,IM001192,0.8132024157129695,0.5134275216840989,0.629445317277,0.45926319118214703,,0.434343434343,0.712854387898,0.587255789659
FR-UNet,AFIO,IM001193,0.8264736799532284,0.4883595924364298,0.6139430116,0.4429421133027924,,0.0793201133144,0.712854387898,0.587255789659
FR-UNet,AFIO,IM001218,0.8569547852222787,0.5724761265249179,0.686407649393,0.5225423618490294,,0.35838150289,0.712854387898,0.587255789659
FR-UNet,AFIO,IM001219,0.8224511910649773,0.5875406738745061,0.685427397197,0.5214070304945471,,0.452830188679,0.712854387898,0.587255789659
FR-UNet,AFIO,IM001246,0.758711738435863,0.59334636301851,0.665916427846,0.499156455971358,,0.5,0.712854387898,0.587255789659
FR-UNet,AFIO,IM001686,0.7845420415956779,0.6207166430925872,0.693079939986,0.5303154807942696,,0.8,0.712854387898,0.587255789659
FR-UNet,AFIO,IM001749,0.8203200632228372,0.5675960164863176,0.670948923982,0.5048330617904055,,0.36,0.712854387898,0.587255789659
FR-UNet,AFIO,IM001750,0.8042337656431323,0.5112699444079535,0.625130206034,0.45468320620436825,,0.5,0.712854387898,0.587255789659
FR-UNet,AFIO,IM001791,0.8550199995527274,0.5847750336232637,0.694535454653,0.532021690767855,,0.707692307692,0.712854387898,0.587255789659
FR-UNet,AFIO,IM001792,0.799906217964894,0.5658993072170417,0.662856265023,0.49572551378285573,,0.193939393939,0.712854387898,0.587255789659
FR-UNet,AFIO,IM001814,0.8047646369751659,0.5701160132101116,0.667416777366,0.5008443495534756,,0.337295690936,0.712854387898,0.587255789659
FR-UNet,AFIO,IM001858,0.8254909916340628,0.5805966465625375,0.681717538069,0.5171255461219066,,0.198329853862,0.712854387898,0.587255789659
FR-UNet,AFIO,IM001859,0.8108126377270835,0.5922754833997832,0.684524998431,0.5203633650313004,,0.385542168675,0.712854387898,0.587255789659
FR-UNet,AFIO,IM002094,0.7275534124901722,0.48779677477092326,0.584026253184,0.41245556599990546,,0.857142857143,0.712854387898,0.587255789659
FR-UNet,AFIO,IM002348,0.8319843109304172,0.5847136950250993,0.686769683591,0.5229620996482603,,0.4375,0.712854387898,0.587255789659
FR-UNet,AFIO,IM002350,0.8323666684155514,0.621058809718994,0.711352126563,0.5520143564632024,,0.136363636364,0.712854387898,0.587255789659
FR-UNet,AFIO,IM002421,0.8152095845785218,0.5753599764917451,0.67459979069,0.508978183307512,,0.555555555556,0.712854387898,0.587255789659
FR-UNet,AFIO,IM002422,0.827329942639043,0.5937283855962049,0.691328795502,0.528267752148784,,0.69387755102,0.712854387898,0.587255789659
FR-UNet,AFIO,IM002471,0.8200701172356646,0.5337400734430908,0.646625779028,0.4777878645889902,,0.5,0.712854387898,0.587255789659
FR-UNet,AFIO,IM002587,0.8249414095535682,0.6013561710183633,0.695624271009,0.5333005326211493,,0.349397590361,0.712854387898,0.587255789659
FR-UNet,AFIO,IM002649,0.8391956591115053,0.49416222474521293,0.622036737359,0.4514175045326001,,0.782051282051,0.712854387898,0.587255789659
FR-UNet,AFIO,IM002742,0.6782429816057342,0.518714652956984,0.587847995059,0.4162781294097022,,0.666666666667,0.712854387898,0.587255789659
FR-UNet,AFIO,IM002743,0.7565957066441886,0.48159456845435045,0.588556363531,0.41698892419352146,,0.75,0.712854387898,0.587255789659
FR-UNet,AFIO,IM003024,0.8045140500843008,0.5722652266392277,0.668800617484,0.5024045430519583,,0.434782608696,0.712854387898,0.587255789659
FR-UNet,AFIO,IM003537,0.8775774107215588,0.536427971543771,0.665849050096,0.4990807450565558,,0.74358974359,0.712854387898,0.587255789659
FR-UNet,AFIO,IM003630,0.8118861182177792,0.5630031347532088,0.664918179601,0.49803552819128627,,0.305555555556,0.712854387898,0.587255789659
FR-UNet,AFIO,IM003631,0.8219492595559167,0.5108411041586441,0.630084788644,0.45994436985652226,,0.339622641509,0.712854387898,0.587255789659
FR-UNet,AFIO,IM003705,0.7485709298750906,0.38264651759374785,0.506424401656,0.3390684758223805,,0.75,0.712854387898,0.587255789659
FR-UNet,AFIO,IM004162,0.810342949276694,0.5464115184017881,0.652705750213,0.484456717837391,,0.5,0.712854387898,0.587255789659
FR-UNet,AFIO,IM004163,0.7743695959496767,0.5797574703405877,0.663078922551,0.495974619396555,,0.695652173913,0.712854387898,0.587255789659
FR-UNet,AFIO,IM004455,0.849192863210924,0.5288490951330646,0.651786942456,0.4834450599694836,,0.9,0.712854387898,0.587255789659
FR-UNet,AFIO,IM004512,0.7992155141655688,0.5417662207267575,0.645777578306,0.4768622701566227,,0.35,0.712854387898,0.587255789659
FR-UNet,AFIO,IM004513,0.7824506684439004,0.6151800104816875,0.688805730545,0.5253269836446915,,0.457142857143,0.712854387898,0.587255789659
FR-UNet,AFIO,IM004515,0.8618133961326189,0.5650446195421828,0.682566894792,0.5181036457135594,,0.363636363636,0.712854387898,0.587255789659
FR-UNet,AFIO,IM004516,0.8311000570000748,0.5832933304234031,0.685488386008,0.5214776185402131,,0.117647058824,0.712854387898,0.587255789659
FR-UNet,AFIO,IM004538,0.8132207465699359,0.5576867216999783,0.66163825447,0.49436429028236084,,0.51724137931,0.712854387898,0.587255789659
FR-UNet,AFIO,IM004539,0.8168916533150653,0.5909787585223993,0.685809732294,0.521849650805224,,0.642857142857,0.712854387898,0.587255789659
FR-UNet,AFIO,IM004564,0.8277550315698934,0.6534428878785005,0.730342152366,0.5752275337225603,,0.888888888889,0.712854387898,0.587255789659
FR-UNet,AFIO,IM004790,0.7245057353363962,0.5846699466609604,0.647119764688,0.4783274585564197,,0.647058823529,0.712854387898,0.587255789659
FR-UNet,AFIO,IM004993,0.828353134126462,0.5342805050049035,0.649584625117,0.48102579191478767,,0.820512820513,0.712854387898,0.587255789659
FR-UNet,AFIO,IM005024,0.8508821731146593,0.5399260090617389,0.660642383039,0.4932531645566002,,0.731707317073,0.712854387898,0.587255789659
FR-UNet,AFIO,IM005025,0.8359189867500828,0.5705123608752728,0.678173329166,0.5130576830758831,,0.75,0.712854387898,0.587255789659
FR-UNet,AFIO,IM005060,0.8291356971899415,0.5819723981248149,0.683908045977,0.5196506550218207,,0.75,0.712854387898,0.587255789659
FR-UNet,AFIO,IM005092,0.8795869522040545,0.5742691814283727,0.694868862678,0.5324130601188491,,0.761904761905,0.712854387898,0.587255789659
FR-UNet,AFIO,IM005093,0.8488160674344716,0.5551019286010518,0.671234982942,0.5051570250006822,,0.857142857143,0.712854387898,0.587255789659
FR-UNet,AFIO,IM005132,0.8774800467805784,0.561562803644929,0.684844311713,0.5207325017200166,,0.901960784314,0.712854387898,0.587255789659
FR-UNet,AFIO,IM005133,0.8603182596460416,0.53368111957969,0.658731443995,0.4911256892184569,,0.642857142857,0.712854387898,0.587255789659
FR-UNet,AFIO,IM005190,0.8267800338188446,0.5079776799340289,0.629306426279,0.4591153255140986,,0.25,0.712854387898,0.587255789659
FR-UNet,AFIO,IM005191,0.856328354229458,0.5330155721425207,0.657053072328,0.48926212852432094,,0.6,0.712854387898,0.587255789659
FR-UNet,AFIO,IM005249,0.7897318117668571,0.5722606984667971,0.663634307542,0.4965963368315496,,0.782608695652,0.712854387898,0.587255789659
FR-UNet,AFIO,IM005283,0.87688231456205,0.517710314902719,0.651044627102,0.48262873641500964,,0.416666666667,0.712854387898,0.587255789659
FR-UNet,AFIO,IM005320,0.713319119695908,0.5719957612144867,0.634888024591,0.4650812797981512,,0.714285714286,0.712854387898,0.587255789659
FR-UNet,AFIO,IM005321,0.6933845771634856,0.6063072617853398,0.646928897675,0.4781189226223023,,0.5,0.712854387898,0.587255789659
FR-UNet,AFIO,IM005357,0.7343363463345479,0.6109599342966692,0.666990747492,0.5003646795677416,,0.791666666667,0.712854387898,0.587255789659
FR-UNet,AFIO,IM005387,0.8146964473832468,0.5539522088740445,0.65948685154,0.49196597011944837,,0.6,0.712854387898,0.587255789659
FR-UNet,AFIO,IM005456,0.7849373835404124,0.5484880293918674,0.645748542841,0.476830605887385,,0.5,0.712854387898,0.587255789659
FR-UNet,AFIO,IM005457,0.8560909976373131,0.5188661310180015,0.646124325604,0.4772405161147853,,0.941176470588,0.712854387898,0.587255789659
FR-UNet,AFIO,IM005488,0.8485414929217984,0.5600129060008802,0.674726070469,0.5091219674922439,,0.361111111111,0.712854387898,0.587255789659
FR-UNet,AFIO,IM005489,0.8852621384856958,0.5204749118437243,0.655537582052,0.48758341869646393,,0.797101449275,0.712854387898,0.587255789659
FR-UNet,AFIO,IM005523,0.8276901720047366,0.5685995485061872,0.674106886546,0.5084172168221969,,0.518518518519,0.712854387898,0.587255789659
FR-UNet,AFIO,IM005524,0.8613726640047528,0.4878981211066462,0.622947015496,0.4523769401076306,,0.481132075472,0.712854387898,0.587255789659
FR-UNet,AFIO,IM005558,0.8595871418267869,0.5658787895185977,0.682474579864,0.5179972768901508,,0.8,0.712854387898,0.587255789659
FR-UNet,AFIO,IM005713,0.8449195583458562,0.5408127798481183,0.659497195097,0.4919774823930501,,0.428571428571,0.712854387898,0.587255789659
FR-UNet,AFIO,IM005806,0.837889454239748,0.5285763281248607,0.648224839308,0.47953598953257953,,0.3125,0.712854387898,0.587255789659
FR-UNet,AFIO,IM005833,0.7747630872147478,0.5130060131003447,0.61728165767,0.44642617283128466,,0.8,0.712854387898,0.587255789659
FR-UNet,AFIO,IM005834,0.8912282692991613,0.5586709434901028,0.686810964076,0.5230099744114438,,0.739130434783,0.712854387898,0.587255789659
FR-UNet,AFIO,IM006037,0.8251417884151782,0.6053529584724204,0.698362610367,0.5365262368223036,,0.958333333333,0.712854387898,0.587255789659
FR-UNet,AFIO,IM006105,0.8530443732315013,0.5213025237111687,0.64713528381,0.4783444168996381,,0.333333333333,0.712854387898,0.587255789659
FR-UNet,AFIO,IM006106,0.8529610448101406,0.5569657477027978,0.673893266809,0.5081742290738664,,0.448275862069,0.712854387898,0.587255789659
FR-UNet,CHASEDB1,Image_01L,0.7641138501591525,0.8513269043877132,0.805366184832,0.674153179498558,,0.475344644751,0.779255900231,0.77504123881
FR-UNet,CHASEDB1,Image_01R,0.8090441903930886,0.8083555287075123,0.80869971294,0.6788378393962979,,0.333826794967,0.779255900231,0.77504123881
FR-UNet,CHASEDB1,Image_02L,0.7688596900353175,0.7414032382428126,0.754881886158,0.6062733147690688,,0.37188538206,0.779255900231,0.77504123881
FR-UNet,CHASEDB1,Image_02R,0.7501305782388566,0.7862598477765097,0.767770410791,0.6230741555912901,,0.343086259211,0.779255900231,0.77504123881
FR-UNet,CHASEDB1,Image_03L,0.750668286756018,0.8215862545876232,0.784527861025,0.6454511262484284,,0.429940578877,0.779255900231,0.77504123881
FR-UNet,CHASEDB1,Image_03R,0.7459292671432808,0.8311815633593646,0.786251216374,0.6477874391973624,,0.521954056412,0.779255900231,0.77504123881
FR-UNet,CHASEDB1,Image_04L,0.7645455319877154,0.8357944870160712,0.798583967307,0.6647022726315354,,0.503144654088,0.779255900231,0.77504123881
FR-UNet,CHASEDB1,Image_04R,0.7498228386315012,0.8026387082792326,0.775332356328,0.6330961386415592,,0.416599190283,0.779255900231,0.77504123881
FR-UNet,CHASEDB1,Image_05L,0.763549101649824,0.8170290093626318,0.789384291449,0.6520519152967404,,0.593951749915,0.779255900231,0.77504123881
FR-UNet,CHASEDB1,Image_05R,0.7715841797151992,0.8344537918030551,0.801788445699,0.6691543265635916,,0.488529014845,0.779255900231,0.77504123881
FR-UNet,CHASEDB1,Image_06L,0.7899903053816986,0.8077399636535539,0.798766541415,0.664955288837785,,0.380448318804,0.779255900231,0.77504123881
FR-UNet,CHASEDB1,Image_06R,0.7317555731987251,0.8090931891646951,0.768483533063,0.6240140133687005,,0.42993848257,0.779255900231,0.77504123881
FR-UNet,CHASEDB1,Image_07L,0.7292688651564326,0.8318852996689029,0.777204535079,0.6355965141964377,,0.439507365371,0.779255900231,0.77504123881
FR-UNet,CHASEDB1,Image_07R,0.7275453734001331,0.8377919087818054,0.778786315313,0.6377150248792084,,0.373126192423,0.779255900231,0.77504123881
FR-UNet,CHASEDB1,Image_08L,0.6824978012316999,0.8632508947854161,0.76230610981,0.6159084373382318,,0.46706169397,0.779255900231,0.77504123881
FR-UNet,CHASEDB1,Image_08R,0.6703919089761404,0.8702387790261221,0.757353518763,0.6094682037075323,,0.506660936829,0.779255900231,0.77504123881
FR-UNet,CHASEDB1,Image_09L,0.6633678338600204,0.8136386118208405,0.730858941133,0.5758689595823647,,0.494605092792,0.779255900231,0.77504123881
FR-UNet,CHASEDB1,Image_09R,0.6480131149775951,0.7772998217914224,0.706792825346,0.5465426106494528,,0.474515434314,0.779255900231,0.77504123881
FR-UNet,CHASEDB1,Image_10L,0.6580421445709521,0.8212930288304358,0.730659874422,0.5756218208963421,,0.419578745811,0.779255900231,0.77504123881
FR-UNet,CHASEDB1,Image_10R,0.6210454355565065,0.8262788229936143,0.709110883046,0.5493197469347545,,0.465793023704,0.779255900231,0.77504123881
FR-UNet,CHASEDB1,Image_11L,0.6356865609639358,0.8682290342146382,0.7339793944,0.5797531186723048,,0.594366197183,0.779255900231,0.77504123881
FR-UNet,CHASEDB1,Image_11R,0.6293563401073271,0.8673850546609898,0.729443690638,0.5741136266556218,,0.462144420131,0.779255900231,0.77504123881
FR-UNet,CHASEDB1,Image_12L,0.677655138026879,0.8662504345805196,0.760433886925,0.6134677924024452,,0.369379412858,0.779255900231,0.77504123881
FR-UNet,CHASEDB1,Image_12R,0.6590308272593995,0.8452284688825074,0.740605849669,0.5880651815592048,,0.437483548302,0.779255900231,0.77504123881
FR-UNet,CHASEDB1,Image_13L,0.6753430079157987,0.8678794249287269,0.759600546059,0.6123838120418349,,0.395604395604,0.779255900231,0.77504123881
FR-UNet,CHASEDB1,Image_13R,0.6650429799424732,0.803975257731618,0.727939364522,0.5722520957096228,,0.449824287388,0.779255900231,0.77504123881
FR-UNet,CHASEDB1,Image_14L,0.743196450435261,0.8551042976388876,0.795232661341,0.660071563880671,,0.514588859416,0.779255900231,0.77504123881
FR-UNet,CHASEDB1,Image_14R,0.694245144246921,0.8243240834799538,0.753713405741,0.6047673217484398,,0.305762081784,0.779255900231,0.77504123881
FR-UNet,DualModal2019,DualModal2019_A1_L4,0.6469139065341509,0.9154856204005407,0.758116434189,0.610456934176369,,0.732940768964,0.829307209553,0.874190567697
FR-UNet,DualModal2019,DualModal2019_A1_R2,0.5694360675515119,0.9321958067847713,0.706998730482,0.5467888912015936,,0.798722044728,0.829307209553,0.874190567697
FR-UNet,DualModal2019,DualModal2019_A2_R2,0.5955201282512419,0.902970965564094,0.717705146783,0.559703678902269,,0.792162698413,0.829307209553,0.874190567697
FR-UNet,DualModal2019,DualModal2019_A3_L1,0.5811021667432399,0.9433386583765154,0.719183230103,0.5615036022372153,,0.818181818182,0.829307209553,0.874190567697
FR-UNet,DualModal2019,DualModal2019_A3_R1,0.4878084236223647,0.9395064954473029,0.642183692476,0.4729532919272655,,0.8098562055,0.829307209553,0.874190567697
FR-UNet,DualModal2019,DualModal2019_A4_L3,0.5643503059943719,0.9599820454395165,0.710824198651,0.5513787940381676,,0.829586812246,0.829307209553,0.874190567697
FR-UNet,DualModal2019,DualModal2019_A4_R2,0.5595015638586096,0.9553799952222473,0.705714051639,0.5452535836711128,,0.866150052836,0.829307209553,0.874190567697
FR-UNet,DualModal2019,DualModal2019_A5_R4,0.5492684030317707,0.9585658657371475,0.698365799451,0.5365300014062668,,0.868644834449,0.829307209553,0.874190567697
FR-UNet,DualModal2019,DualModal2019_A6_L2,0.5730073610892039,0.9387308533915005,0.71163073596,0.5523499790180543,,0.844467860906,0.829307209553,0.874190567697
FR-UNet,DualModal2019,DualModal2019_A6_R3,0.492121097997258,0.9701014055020609,0.65298867676,0.48476851344452704,,0.897890553348,0.829307209553,0.874190567697
FR-UNet,DualModal2019,DualModal2019_A7_L1,0.5280595195977851,0.9352957560142108,0.67501287737,0.5094486322479498,,0.774585495507,0.829307209553,0.874190567697
FR-UNet,DualModal2019,DualModal2019_A7_R1,0.5093581387756108,0.9556788824044429,0.66453312752,0.49760360306500384,,0.847382804288,0.829307209553,0.874190567697
FR-UNet,DualModal2019,DualModal2019_C1_L4,0.6391372763333872,0.9508130081294638,0.764426463213,0.6186814790488502,,0.847263868066,0.829307209553,0.874190567697
FR-UNet,DualModal2019,DualModal2019_C1_R4,0.6320525718285764,0.9505968906170454,0.759267574714,0.6119511018171238,,0.814507453512,0.829307209553,0.874190567697
FR-UNet,DualModal2019,DualModal2019_C2_L4,0.6451782926876894,0.9535737292324803,0.769631640358,0.6255294476053818,,0.823298429319,0.829307209553,0.874190567697
FR-UNet,DualModal2019,DualModal2019_C2_R3,0.6014871034233933,0.9403279478418334,0.73367442243,0.5793726632592193,,0.823117338004,0.829307209553,0.874190567697
FR-UNet,DualModal2019,DualModal2019_C3_L1,0.5907149291462792,0.9426403078962379,0.7262918458,0.5702184157376105,,0.830240174672,0.829307209553,0.874190567697
FR-UNet,DualModal2019,DualModal2019_C3_R1,0.6306468901460617,0.9541214464899679,0.759371207943,0.6120857526480097,,0.843243243243,0.829307209553,0.874190567697
FR-UNet,DualModal2019,DualModal2019_C4_L2,0.5041781665732135,0.9334806825215705,0.654731933576,0.48669254100144704,,0.759513623058,0.829307209553,0.874190567697
FR-UNet,DualModal2019,DualModal2019_C4_R2,0.5155719082378095,0.8315524929061006,0.636504104897,0.46681776394267605,,0.812485276796,0.829307209553,0.874190567697
FR-UNet,DualModal2019,DualModal2019_C5_L1,0.613192075283745,0.9489800073284619,0.744997336175,0.593622115433919,,0.829425451942,0.829307209553,0.874190567697
FR-UNet,DualModal2019,DualModal2019_C5_R1,0.5899292049513881,0.9543330562162207,0.729136436562,0.5737330564340878,,0.890067650677,0.829307209553,0.874190567697
FR-UNet,DualModal2019,DualModal2019_C6_L2,0.6544512914651852,0.9600489084881051,0.778327866479,0.6371004503767875,,0.767713827104,0.829307209553,0.874190567697
FR-UNet,DualModal2019,DualModal2019_C6_R2,0.6310755363003983,0.9552989564655527,0.760054834502,0.6129745537551563,,0.808952468851,0.829307209553,0.874190567697
FR-UNet,DualModal2019,DualModal2019_C7_L4,0.6151465469631583,0.9505635939944225,0.746927412959,0.5960767322528306,,0.803452644916,0.829307209553,0.874190567697
FR-UNet,DualModal2019,DualModal2019_C7_R3,0.6318305581263827,0.94041488892132,0.755839828003,0.6075100658380683,,0.748156182213,0.829307209553,0.874190567697
FR-UNet,DualModal2019,DualModal2019_C8_L4,0.6487504616518462,0.9430227980386527,0.768685454227,0.6242803326459783,,0.769246477435,0.829307209553,0.874190567697
FR-UNet,DualModal2019,DualModal2019_C8_R2,0.6454102623170512,0.9516402989431525,0.769165898527,0.6249143549130636,,0.772175344721,0.829307209553,0.874190567697
FR-UNet,DualModal2019,DualModal2019_C9_L4,0.6480884344038721,0.9560458332244702,0.772506715649,0.6293368163374022,,0.868669527897,0.829307209553,0.874190567697
FR-UNet,DualModal2019,DualModal2019_C9_R5,0.6982683902844604,0.9411662358329529,0.801723499084,0.6690638583591829,,0.827828054299,0.829307209553,0.874190567697
FR-UNet,HRF,01_dr,0.500878894320995,0.8077192864452942,0.618325088729,0.44751850358215167,,0.579249349268,0.685255386999,0.344911209197
FR-UNet,HRF,01_g,0.5611090384335425,0.790945379378133,0.656492217221,0.48864042742131963,,0.376459564653,0.685255386999,0.344911209197
FR-UNet,HRF,01_h,0.730335525429146,0.7412710100156049,0.735762637017,0.5819814052014325,,0.271464881284,0.685255386999,0.344911209197
FR-UNet,HRF,02_dr,0.5565683219637769,0.7642648281776763,0.644086791597,0.47502066327357934,,0.369038223024,0.685255386999,0.344911209197
FR-UNet,HRF,02_g,0.5923206617371858,0.7910998783055077,0.677429299125,0.512206492005924,,0.348685840409,0.685255386999,0.344911209197
FR-UNet,HRF,02_h,0.7134062795720756,0.7786608249488238,0.744606620563,0.5931261330189028,,0.37989576753,0.685255386999,0.344911209197
FR-UNet,HRF,03_dr,0.5905416644405561,0.7827245145639146,0.673185497023,0.5073697155951795,,0.311239406388,0.685255386999,0.344911209197
FR-UNet,HRF,03_g,0.5806233195296365,0.7509788782301322,0.654904069561,0.48688279753196373,,0.325640225942,0.685255386999,0.344911209197
FR-UNet,HRF,03_h,0.7481957448933556,0.6640109422780291,0.703594121297,0.5427267284539905,,0.208077260755,0.685255386999,0.344911209197
FR-UNet,HRF,04_dr,0.5892709059081297,0.7887268785465583,0.674563932509,0.5089373596011492,,0.283504444291,0.685255386999,0.344911209197
FR-UNet,HRF,04_g,0.6016747201764144,0.7431981568218597,0.664990053245,0.4981161787306432,,0.320250598858,0.685255386999,0.344911209197
FR-UNet,HRF,04_h,0.7402704831408722,0.7271996796266507,0.733676870352,0.5793757163354825,,0.204824184278,0.685255386999,0.344911209197
FR-UNet,HRF,05_dr,0.5517891784133868,0.8069739752994616,0.655418872104,0.48745208340801205,,0.393980105191,0.685255386999,0.344911209197
FR-UNet,HRF,05_g,0.5949297388701109,0.7956232209635101,0.680793797517,0.5160632175891949,,0.379797572018,0.685255386999,0.344911209197
FR-UNet,HRF,05_h,0.7125912614855521,0.7686312409821977,0.739551154153,0.5867363491899859,,0.387063158287,0.685255386999,0.344911209197
FR-UNet,HRF,06_dr,0.5808020933131688,0.6199548195208691,0.599740135724,0.4283063101534327,,0.233450413964,0.685255386999,0.344911209197
FR-UNet,HRF,06_g,0.6047148093897153,0.8001196930857456,0.68882736983,0.5253521572828211,,0.366368159204,0.685255386999,0.344911209197
FR-UNet,HRF,06_h,0.690525432203351,0.7672514972226465,0.726869332384,0.5709306600437948,,0.355726839217,0.685255386999,0.344911209197
FR-UNet,HRF,07_dr,0.5621188311030764,0.8116833422652775,0.664233177709,0.497267312396456,,0.445677832734,0.685255386999,0.344911209197
FR-UNet,HRF,07_g,0.5854036718888633,0.7780751674220562,0.668126335198,0.5016439267889012,,0.34955372901,0.685255386999,0.344911209197
FR-UNet,HRF,07_h,0.7292057173671281,0.7252106615385443,0.727202702554,0.5713421170937492,,0.220371902313,0.685255386999,0.344911209197
FR-UNet,HRF,08_dr,0.5869861776565874,0.8021897537579232,0.677918882217,0.512766480890222,,0.351468860165,0.685255386999,0.344911209197
FR-UNet,HRF,08_g,0.5608054649297299,0.7948585026223662,0.65762755784,0.48989947736249506,,0.442735299804,0.685255386999,0.344911209197
FR-UNet,HRF,08_h,0.7468929224724083,0.7344999616611991,0.740644603868,0.5881140511588907,,0.23549456046,0.685255386999,0.344911209197
FR-UNet,HRF,09_dr,0.60650560683384,0.6771918686548052,0.639902583099,0.4704829044944637,,0.241384551085,0.685255386999,0.344911209197
FR-UNet,HRF,09_g,0.5681143727142048,0.7725480354931492,0.654744460483,0.486706384957968,,0.412305681341,0.685255386999,0.344911209197
FR-UNet,HRF,09_h,0.6940363920704289,0.6916875632397407,0.692859987,0.5300579739807872,,0.190918573571,0.685255386999,0.344911209197
FR-UNet,HRF,10_dr,0.6015217738545983,0.7532987638636722,0.668908679883,0.5025265132254069,,0.352059219381,0.685255386999,0.344911209197
FR-UNet,HRF,10_g,0.5517997347476559,0.7753606983257362,0.644750727957,0.47574327561530905,,0.454570554265,0.685255386999,0.344911209197
FR-UNet,HRF,10_h,0.7097473218808609,0.6904008573391379,0.699940430296,0.5383910450006254,,0.146358144306,0.685255386999,0.344911209197
FR-UNet,HRF,11_dr,0.5981736208634602,0.7892362509141425,0.680549152099,0.5157821173722589,,0.400784753363,0.685255386999,0.344911209197
FR-UNet,HRF,11_g,0.5969759151366105,0.7592861035674082,0.668418801495,0.5019737453828957,,0.375293284342,0.685255386999,0.344911209197
FR-UNet,HRF,11_h,0.718504536606861,0.7982544048187782,0.756282881299,0.6080827142500856,,0.384086327523,0.685255386999,0.344911209197
FR-UNet,HRF,12_dr,0.5675401711458492,0.7532565508221075,0.647341630487,0.47856993685705246,,0.354652127533,0.685255386999,0.344911209197
FR-UNet,HRF,12_g,0.5940048567619668,0.7749547621016722,0.672520775801,0.5066149161067274,,0.390820941209,0.685255386999,0.344911209197
FR-UNet,HRF,12_h,0.7397372970868535,0.8036401934137669,0.770365808968,0.6264999904739572,,0.473353616645,0.685255386999,0.344911209197
FR-UNet,HRF,13_dr,0.590913002562029,0.760936514150109,0.665232741924,0.4983885676690179,,0.294304194926,0.685255386999,0.344911209197
FR-UNet,HRF,13_g,0.5647800090643027,0.7472122029302135,0.64331253019,0.47417886912458473,,0.388120757822,0.685255386999,0.344911209197
FR-UNet,HRF,13_h,0.6886789430415381,0.8145490422824477,0.746344239159,0.5953342715533997,,0.509040950186,0.685255386999,0.344911209197
FR-UNet,HRF,14_dr,0.5811057164062096,0.7574535632461953,0.657663208803,0.489939047425306,,0.36208856105,0.685255386999,0.344911209197
FR-UNet,HRF,14_g,0.5727617078941124,0.7265349750683459,0.640548719352,0.4711818131847095,,0.347776905674,0.685255386999,0.344911209197
FR-UNet,HRF,14_h,0.6857552998491286,0.7988051323852852,0.737975822588,0.5847556931130652,,0.485962373372,0.685255386999,0.344911209197
FR-UNet,HRF,15_dr,0.5344301390569813,0.8100320908789223,0.64398322739,0.4749080102825647,,0.397310869917,0.685255386999,0.344911209197
FR-UNet,HRF,15_g,0.6011714450277851,0.7264598089402825,0.657903904853,0.490206258130078,,0.24008878004,0.685255386999,0.344911209197
FR-UNet,HRF,15_h,0.6894885901219034,0.8257530273151462,0.751493734122,0.6019142672011496,,0.591823899371,0.685255386999,0.344911209197
FR-UNet,LES,111,0.790523740180029,0.6553258932602861,0.716603807471,0.5583652278560172,,0.172657386246,0.789773388901,0.650763827649
FR-UNet,LES,119,0.6642171045011591,0.7515324118400082,0.705182204577,0.5446188699828814,,0.456851221775,0.789773388901,0.650763827649
FR-UNet,LES,12,0.8399885566294935,0.7314984789672813,0.781998626277,0.6420342728240991,,0.3849515226,0.789773388901,0.650763827649
FR-UNet,LES,15,0.7930425485856418,0.7743421009157896,0.783580767341,0.6441699919756712,,0.209560392659,0.789773388901,0.650763827649
FR-UNet,LES,224,0.8616692330607442,0.7196110967073955,0.784259097048,0.6450873661844412,,0.323491655969,0.789773388901,0.650763827649
FR-UNet,LES,240,0.820215817311791,0.8002390461050727,0.810104296101,0.6808195822932082,,0.362278761062,0.789773388901,0.650763827649
FR-UNet,LES,275,0.8168389109978074,0.773231077747557,0.794437019713,0.6589759578747797,,0.333190025795,0.789773388901,0.650763827649
FR-UNet,LES,279,0.8336708891841776,0.74939313693037,0.789288661112,0.651921424835202,,0.427511312217,0.789773388901,0.650763827649
FR-UNet,LES,304,0.8027030792811348,0.7048388083444098,0.750594443178,0.6007612492833946,,0.298136645963,0.789773388901,0.650763827649
FR-UNet,LES,318,0.8048264309519496,0.773809695000981,0.789013357575,0.6515458799735406,,0.355811062772,0.789773388901,0.650763827649
FR-UNet,LES,33,0.8687592262608267,0.7282497769138113,0.792323288671,0.6560723422405653,,0.139539422326,0.789773388901,0.650763827649
FR-UNet,LES,34,0.8121879599695975,0.6820713023437872,0.741464501611,0.5891486593426395,,0.0787006470355,0.789773388901,0.650763827649
FR-UNet,LES,367,0.8178576272273674,0.742374648784575,0.778290230376,0.6370500177104508,,0.307291666667,0.789773388901,0.650763827649
FR-UNet,LES,37,0.8579188051390882,0.7872251337186211,0.821053076443,0.6964292115592458,,0.249504950495,0.789773388901,0.650763827649
FR-UNet,LES,370,0.7760251826258405,0.7839446964791112,0.779964837017,0.6392970142843892,,0.456776034237,0.789773388901,0.650763827649
FR-UNet,LES,42,0.8332857510907511,0.768769714062375,0.799728676731,0.6662899139778649,,0.225858804436,0.789773388901,0.650763827649
FR-UNet,LES,486,0.8184627613833412,0.7692864821184906,0.793113069997,0.657156068460389,,0.289211935731,0.789773388901,0.650763827649
FR-UNet,LES,49,0.8668305512620218,0.7466218908295157,0.802248208039,0.6697950388582027,,0.192689850958,0.789773388901,0.650763827649
FR-UNet,LES,529,0.8174385229997928,0.7484037755414805,0.781399349674,0.6412267624056823,,0.3491490459,0.789773388901,0.650763827649
FR-UNet,LES,53,0.8583940144639584,0.7366787821518688,0.792892535718,0.6568533118877039,,0.238287153652,0.789773388901,0.650763827649
FR-UNet,LES,586,0.8324823761134257,0.7538342388437297,0.791208655865,0.6545452692922629,,0.393939393939,0.789773388901,0.650763827649
FR-UNet,LES,90,0.7963910316577947,0.7859075099828672,0.791114541525,0.65441645937489,,0.19718781386,0.789773388901,0.650763827649
FR-UNet,STARE,im0001,0.7796825960789877,0.7791058907068453,0.779394136711,0.6385305528607514,,0.557692307692,0.803756773325,0.893726694054
FR-UNet,STARE,im0002,0.7745411013565652,0.7569934408787607,0.765666744365,0.6203079604876274,,0.0,0.803756773325,0.893726694054
FR-UNet,STARE,im0003,0.7602568807347223,0.8173998816326384,0.787793516494,0.6498839324926781,,0.502280790674,0.803756773325,0.893726694054
FR-UNet,STARE,im0004,0.7864464243483782,0.6354196528104202,0.702912210849,0.5419156796696748,,0.340222575517,0.803756773325,0.893726694054
FR-UNet,STARE,im0005,0.7197383589813365,0.7506861489390411,0.734886577362,0.5808859223306816,,0.599508599509,0.803756773325,0.893726694054
FR-UNet,STARE,im0044,0.7031502926152452,0.765798752373273,0.733138591366,0.5787046525921968,,0.615462354725,0.803756773325,0.893726694054
FR-UNet,STARE,im0077,0.701328570381018,0.8445243216161549,0.766294177405,0.6211320100550085,,0.763636363636,0.803756773325,0.893726694054
FR-UNet,STARE,im0081,0.6985024958404342,0.8631029574562675,0.772127900396,0.6288341437557041,,0.758141005375,0.803756773325,0.893726694054
FR-UNet,STARE,im0082,0.7589065205677801,0.8025818072641822,0.780133358624,0.6395234791763924,,0.604985098889,0.803756773325,0.893726694054
FR-UNet,STARE,im0139,0.7219019437771339,0.8309598614097291,0.772601318609,0.6294623990742909,,0.0,0.803756773325,0.893726694054
FR-UNet,STARE,im0162,0.68622754491023,0.7974155069586663,0.737655172414,0.5843531468534066,,0.0,0.803756773325,0.893726694054
FR-UNet,STARE,im0163,0.7393764622659035,0.8298372568782167,0.781999453308,0.6420353877770031,,0.7046875,0.803756773325,0.893726694054
FR-UNet,STARE,im0235,0.7802751600050353,0.8213575236740022,0.800289454301,0.6670687835245449,,0.647077610987,0.803756773325,0.893726694054
FR-UNet,STARE,im0236,0.802534480126376,0.8221584984356897,0.812227973937,0.6838248048568867,,0.570231444533,0.803756773325,0.893726694054
FR-UNet,STARE,im0239,0.7865327919004492,0.7732629679251574,0.779841433988,0.6391312209009484,,0.472212866285,0.803756773325,0.893726694054
FR-UNet,STARE,im0240,0.8188945984422372,0.7849594153960354,0.801567997733,0.6688472906403728,,0.698943661972,0.803756773325,0.893726694054
FR-UNet,STARE,im0255,0.7859489051082826,0.7954251642355855,0.790658641805,0.6537927744281365,,0.0,0.803756773325,0.893726694054
FR-UNet,STARE,im0291,0.7746419936773459,0.7778970959002227,0.776266132414,0.6343422806016656,,0.0,0.803756773325,0.893726694054
FR-UNet,STARE,im0319,0.7965335342871575,0.5793368046036415,0.670791686498,0.5046550489371362,,0.313913639479,0.803756773325,0.893726694054
FR-UNet,STARE,im0324,0.8703986753273266,0.48359930646445604,0.621750108045,0.45111565883242616,,0.336058128974,0.803756773325,0.893726694054
FSG-Net,AFIO,IM000001,0.9041561209550053,0.5626243368700607,0.693628327628,0.5309578753866944,,0.551020408163,0.76668030923,0.662702036173
FSG-Net,AFIO,IM000004,0.7492863235723266,0.7530117727735413,0.751144428926,0.601466211405075,,0.523605150215,0.76668030923,0.662702036173
FSG-Net,AFIO,IM000023,0.6689582481205445,0.669210915615073,0.669084558014,0.502725069457146,,0.31746031746,0.76668030923,0.662702036173
FSG-Net,AFIO,IM000024,0.7062377391749645,0.6567651530173884,0.680603598852,0.5158446682587662,,0.311111111111,0.76668030923,0.662702036173
FSG-Net,AFIO,IM000135,0.8548490092813773,0.6107162456120417,0.712448900887,0.5533364084561843,,0.210702341137,0.76668030923,0.662702036173
FSG-Net,AFIO,IM000136,0.8997608941445013,0.6059580948572416,0.724195419232,0.5676382027066041,,0.576923076923,0.76668030923,0.662702036173
FSG-Net,AFIO,IM000167,0.8281785277645223,0.6591929547330495,0.734086214759,0.579886421427386,,0.677419354839,0.76668030923,0.662702036173
FSG-Net,AFIO,IM000168,0.8130659966136705,0.6755803251873945,0.737974335941,0.5847538262950092,,0.222826086957,0.76668030923,0.662702036173
FSG-Net,AFIO,IM000189,0.78166741595698,0.653009614741718,0.711569680462,0.5522764170259139,,0.445945945946,0.76668030923,0.662702036173
FSG-Net,AFIO,IM000209,0.7985405882419342,0.7067697221933544,0.749857761286,0.599817955161139,,0.27027027027,0.76668030923,0.662702036173
FSG-Net,AFIO,IM000210,0.815655318000526,0.6422035381805544,0.71861103554,0.5608063245985855,,0.330802603037,0.76668030923,0.662702036173
FSG-Net,AFIO,IM000333,0.8198881965630939,0.6219140199447926,0.707309169582,0.5471603518323765,,0.536585365854,0.76668030923,0.662702036173
FSG-Net,AFIO,IM000389,0.8594677172948287,0.5398204167386907,0.663134646881,0.4960369758509042,,0.0697674418605,0.76668030923,0.662702036173
FSG-Net,AFIO,IM000390,0.840604427058767,0.5841745818624767,0.689313551946,0.5259179668557924,,0.588235294118,0.76668030923,0.662702036173
FSG-Net,AFIO,IM000678,0.7771218729613257,0.6590807627719855,0.713250434242,0.5543040022879958,,0.54347826087,0.76668030923,0.662702036173
FSG-Net,AFIO,IM000679,0.7279486633049683,0.621471096600994,0.670509010606,0.5043351297263227,,0.454545454545,0.76668030923,0.662702036173
FSG-Net,AFIO,IM000715,0.6423622067129282,0.7466441722286316,0.690588618416,0.5274038611002391,,0.697841726619,0.76668030923,0.662702036173
FSG-Net,AFIO,IM000716,0.5904863650687437,0.6919842059645633,0.637218892494,0.4675871194458824,,0.548284625159,0.76668030923,0.662702036173
FSG-Net,AFIO,IM000938,0.7453398290878094,0.6116237613375399,0.671893561416,0.5059033989266396,,0.391304347826,0.76668030923,0.662702036173
FSG-Net,AFIO,IM001031,0.7569292123616591,0.6592781546812411,0.704737040582,0.5440880058043652,,0.254545454545,0.76668030923,0.662702036173
FSG-Net,AFIO,IM001032,0.7569292123616591,0.6592781546812411,0.704737040582,0.5440880058043652,,0.254545454545,0.76668030923,0.662702036173
FSG-Net,AFIO,IM001034,0.7042820161900063,0.5623666956323564,0.625374259716,0.45494147344192515,,0.75,0.76668030923,0.662702036173
FSG-Net,AFIO,IM001069,0.8270408851709267,0.6011377010591504,0.696223093088,0.5340047744341528,,0.289473684211,0.76668030923,0.662702036173
FSG-Net,AFIO,IM001070,0.8223198996851135,0.5581597539992106,0.664965791697,0.4980889534974965,,0.136956521739,0.76668030923,0.662702036173
FSG-Net,AFIO,IM001096,0.8412872648212226,0.6204566776617292,0.714191160462,0.5554411655146296,,0.139473684211,0.76668030923,0.662702036173
FSG-Net,AFIO,IM001097,0.8325530273402634,0.6604653112550255,0.736591614616,0.583019412517292,,0.615384615385,0.76668030923,0.662702036173
FSG-Net,AFIO,IM001126,0.7866595071912994,0.620579292686135,0.693819130911,0.5311815134721016,,0.421568627451,0.76668030923,0.662702036173
FSG-Net,AFIO,IM001127,0.8025986649308835,0.5779143251202365,0.671972330762,0.5059927186212667,,0.0,0.76668030923,0.662702036173
FSG-Net,AFIO,IM001154,0.8419396350031332,0.5947605470845514,0.697086955469,0.535021856136167,,0.158227848101,0.76668030923,0.662702036173
FSG-Net,AFIO,IM001155,0.8572598086558806,0.6061147971519769,0.71013649269,0.5505516581137984,,0.297297297297,0.76668030923,0.662702036173
FSG-Net,AFIO,IM001192,0.8596030037590564,0.5470373596956479,0.668593010381,0.5021702721962779,,0.464646464646,0.76668030923,0.662702036173
FSG-Net,AFIO,IM001193,0.8698725877637347,0.5166274472333867,0.648251053864,0.4795646822710962,,0.0970254957507,0.76668030923,0.662702036173
FSG-Net,AFIO,IM001218,0.8877872721630795,0.6124504554832688,0.724852747253,0.5684463074295757,,0.433526011561,0.76668030923,0.662702036173
FSG-Net,AFIO,IM001219,0.8741415007416246,0.6287393723104776,0.731404848304,0.5765470941034072,,0.528301886792,0.76668030923,0.662702036173
FSG-Net,AFIO,IM001246,0.7970087108960127,0.6181084296398117,0.696250209385,0.5340366797348189,,0.56,0.76668030923,0.662702036173
FSG-Net,AFIO,IM001686,0.7993039842876671,0.6562281942478008,0.72073406277,0.5633965868978021,,0.8,0.76668030923,0.662702036173
FSG-Net,AFIO,IM001749,0.8654830865364951,0.5984429574234112,0.707607136363,0.5475170563629393,,0.4,0.76668030923,0.662702036173
FSG-Net,AFIO,IM001750,0.8200116335065871,0.5903183885634025,0.686460528415,0.5226036546786624,,0.58,0.76668030923,0.662702036173
FSG-Net,AFIO,IM001791,0.868568620959715,0.6213932021029487,0.724478477596,0.5679860863739574,,0.784615384615,0.76668030923,0.662702036173
FSG-Net,AFIO,IM001792,0.8440986219208321,0.6251716529592154,0.71832465374,0.5604575728448794,,0.218181818182,0.76668030923,0.662702036173
FSG-Net,AFIO,IM001814,0.8419725101952957,0.6416716064019032,0.728301143272,0.5726993772298203,,0.500742942051,0.76668030923,0.662702036173
FSG-Net,AFIO,IM001858,0.8484164252199273,0.6549383763430549,0.739227327333,0.5863287992824757,,0.386221294363,0.76668030923,0.662702036173
FSG-Net,AFIO,IM001859,0.8119245466114479,0.6609685765636834,0.728710866263,0.5732062415423376,,0.578313253012,0.76668030923,0.662702036173
FSG-Net,AFIO,IM002094,0.7398740985021207,0.5361624370662398,0.62175758878,0.4511235351041253,,0.642857142857,0.76668030923,0.662702036173
FSG-Net,AFIO,IM002348,0.8573860390735537,0.6268805078728907,0.724234601559,0.5676863492645459,,0.5625,0.76668030923,0.662702036173
FSG-Net,AFIO,IM002350,0.8529066878676931,0.6716594279447659,0.751509314187,0.6019342576814078,,0.272727272727,0.76668030923,0.662702036173
FSG-Net,AFIO,IM002421,0.8586058564395496,0.6085365853655892,0.712259506868,0.553107952003331,,0.6,0.76668030923,0.662702036173
FSG-Net,AFIO,IM002422,0.862048049477972,0.6040032999724398,0.71031600198,0.550767477204121,,0.714285714286,0.76668030923,0.662702036173
FSG-Net,AFIO,IM002471,0.8523155342856445,0.5606797903045264,0.676401523374,0.5110322619124062,,0.4,0.76668030923,0.662702036173
FSG-Net,AFIO,IM002587,0.8670688380725518,0.6404649729211486,0.736736006645,0.5832003528323189,,0.421686746988,0.76668030923,0.662702036173
FSG-Net,AFIO,IM002649,0.8629080649071691,0.508138302271148,0.63962335573,0.47018107700109196,,0.730769230769,0.76668030923,0.662702036173
FSG-Net,AFIO,IM002742,0.7278122470991287,0.5271156812345436,0.611415587746,0.44031575059490136,,0.666666666667,0.76668030923,0.662702036173
FSG-Net,AFIO,IM002743,0.7722306910595864,0.5187942119131249,0.6206368473,0.449944487849447,,0.583333333333,0.76668030923,0.662702036173
FSG-Net,AFIO,IM003024,0.8285200656994259,0.6221967541105323,0.710686591007,0.5512132163133802,,0.478260869565,0.76668030923,0.662702036173
FSG-Net,AFIO,IM003537,0.9111280957087903,0.5300303823732561,0.670190794842,0.5039751509032244,,0.615384615385,0.76668030923,0.662702036173
FSG-Net,AFIO,IM003630,0.8745393012448217,0.5896045335442397,0.704346560119,0.5436226528165519,,0.222222222222,0.76668030923,0.662702036173
FSG-Net,AFIO,IM003631,0.8545270713224918,0.5487261078324802,0.668306077406,0.5018466075929895,,0.283018867925,0.76668030923,0.662702036173
FSG-Net,AFIO,IM003705,0.7217630853989782,0.5259577315567486,0.608496500113,0.43729426491734613,,0.833333333333,0.76668030923,0.662702036173
FSG-Net,AFIO,IM004162,0.8770603194253757,0.4788364063763749,0.619469615255,0.44871856650183267,,0.357142857143,0.76668030923,0.662702036173
FSG-Net,AFIO,IM004163,0.8032392329180059,0.5969298173638409,0.68488508371,0.5207796483991624,,0.608695652174,0.76668030923,0.662702036173
FSG-Net,AFIO,IM004455,0.8657715523917808,0.5549492794955051,0.676359899037,0.5109847446786493,,0.65,0.76668030923,0.662702036173
FSG-Net,AFIO,IM004512,0.8334884473751545,0.5744912283965324,0.680168627753,0.5153450979082422,,0.25,0.76668030923,0.662702036173
FSG-Net,AFIO,IM004513,0.8126989360487417,0.6336902890250377,0.712117339852,0.5529365072514956,,0.514285714286,0.76668030923,0.662702036173
FSG-Net,AFIO,IM004515,0.8800496316071823,0.6066365418530384,0.718201695432,0.5603078837540303,,0.363636363636,0.76668030923,0.662702036173
FSG-Net,AFIO,IM004516,0.8507680476413895,0.6276092806743094,0.722345929113,0.5653689410714419,,0.117647058824,0.76668030923,0.662702036173
FSG-Net,AFIO,IM004538,0.8110634156094289,0.6090252335479661,0.695672184137,0.5333568568241512,,0.586206896552,0.76668030923,0.662702036173
FSG-Net,AFIO,IM004539,0.8332543256707208,0.6217111080540587,0.712104161509,0.5529206168903824,,0.642857142857,0.76668030923,0.662702036173
FSG-Net,AFIO,IM004564,0.81594177170105,0.6711805995001671,0.736515431538,0.5829239627631837,,0.814814814815,0.76668030923,0.662702036173
FSG-Net,AFIO,IM004790,0.7169543753381087,0.6325528452233248,0.672114269721,0.5061536956043522,,0.647058823529,0.76668030923,0.662702036173
FSG-Net,AFIO,IM004993,0.8505005203424879,0.5903969864807432,0.696972465887,0.5348869825390488,,0.820512820513,0.76668030923,0.662702036173
FSG-Net,AFIO,IM005024,0.8838089404642141,0.5598093417030638,0.685450589348,0.5214338721646264,,0.609756097561,0.76668030923,0.662702036173
FSG-Net,AFIO,IM005025,0.8695152490308237,0.5726315957199717,0.690514847871,0.5273178139884521,,0.833333333333,0.76668030923,0.662702036173
FSG-Net,AFIO,IM005060,0.8560674611584809,0.6048878036167019,0.708885177819,0.5490489038159474,,0.625,0.76668030923,0.662702036173
FSG-Net,AFIO,IM005092,0.9017229002150629,0.5999877173344313,0.720541838415,0.5631617039531708,,0.714285714286,0.76668030923,0.662702036173
FSG-Net,AFIO,IM005093,0.8942284623510278,0.5892133008913756,0.710363314703,0.5508243699964266,,0.857142857143,0.76668030923,0.662702036173
FSG-Net,AFIO,IM005132,0.9064432099921309,0.5688568502327295,0.69902583651,0.537309545513794,,0.921568627451,0.76668030923,0.662702036173
FSG-Net,AFIO,IM005133,0.888845604469412,0.5559477695860793,0.684044847083,0.5198086314466858,,0.714285714286,0.76668030923,0.662702036173
FSG-Net,AFIO,IM005190,0.8476110194002078,0.5260110147197231,0.64916362919,0.4805642217056556,,0.25,0.76668030923,0.662702036173
FSG-Net,AFIO,IM005191,0.9092560838541703,0.5539144811929902,0.68843663752,0.5248977344245523,,0.5,0.76668030923,0.662702036173
FSG-Net,AFIO,IM005249,0.8374124775313743,0.5774354884841678,0.683538718846,0.5192243240506209,,0.826086956522,0.76668030923,0.662702036173
FSG-Net,AFIO,IM005283,0.8974844027967097,0.563137704969917,0.692043895748,0.5291033036187168,,0.166666666667,0.76668030923,0.662702036173
FSG-Net,AFIO,IM005320,0.7273227322744494,0.6165312610384237,0.667360001224,0.5007804071894549,,0.571428571429,0.76668030923,0.662702036173
FSG-Net,AFIO,IM005321,0.679004547751943,0.6868219629695279,0.682890883566,0.5184770760792312,,0.5,0.76668030923,0.662702036173
FSG-Net,AFIO,IM005357,0.7760959656188436,0.6504418211142127,0.707734878012,0.5476700299109147,,0.833333333333,0.76668030923,0.662702036173
FSG-Net,AFIO,IM005387,0.8635533435300654,0.6156932643166098,0.71885779446,0.5611069492141211,,0.7,0.76668030923,0.662702036173
FSG-Net,AFIO,IM005456,0.8168920446241478,0.62008962816421,0.705014258419,0.5444185490090989,,0.571428571429,0.76668030923,0.662702036173
FSG-Net,AFIO,IM005457,0.848388397014761,0.610750342702359,0.710218281672,0.5506499833108867,,1.0,0.76668030923,0.662702036173
FSG-Net,AFIO,IM005488,0.8768348159189991,0.6024002631818166,0.714160354009,0.5554038998841063,,0.333333333333,0.76668030923,0.662702036173
FSG-Net,AFIO,IM005489,0.9078174085868331,0.5497007537768576,0.684763904393,0.5206395313207791,,0.768115942029,0.76668030923,0.662702036173
FSG-Net,AFIO,IM005523,0.8348911830371527,0.6242167768081988,0.71434478819,0.5556270309707025,,0.518518518519,0.76668030923,0.662702036173
FSG-Net,AFIO,IM005524,0.9036983366918586,0.5393577418184379,0.675533960768,0.5100424931693323,,0.481132075472,0.76668030923,0.662702036173
FSG-Net,AFIO,IM005558,0.8834073096606371,0.5974592314140539,0.712825683633,0.5537911023931266,,0.8,0.76668030923,0.662702036173
FSG-Net,AFIO,IM005713,0.8926812178861216,0.573069085606066,0.698028863515,0.536132364193192,,0.428571428571,0.76668030923,0.662702036173
FSG-Net,AFIO,IM005806,0.8306548690142275,0.5886310272356049,0.689007380568,0.525561601457771,,0.5625,0.76668030923,0.662702036173
FSG-Net,AFIO,IM005833,0.8023645032592958,0.5533863953609948,0.655013543677,0.48700382118918367,,0.5,0.76668030923,0.662702036173
FSG-Net,AFIO,IM005834,0.9193159252471464,0.5873972050437993,0.716796839672,0.5585996526760262,,0.652173913043,0.76668030923,0.662702036173
FSG-Net,AFIO,IM006037,0.8409204773178952,0.6580093908431321,0.738304817031,0.5851689274850314,,0.916666666667,0.76668030923,0.662702036173
FSG-Net,AFIO,IM006105,0.8870539525845885,0.5420797209690962,0.672930696407,0.507080296850406,,0.333333333333,0.76668030923,0.662702036173
FSG-Net,AFIO,IM006106,0.8845167067447113,0.5875555555554958,0.706083143252,0.5456943694408604,,0.586206896552,0.76668030923,0.662702036173
FSG-Net,CHASEDB1,Image_01L,0.7844530632027833,0.919294311130888,0.846537754617,0.7339102411071222,,0.572640509014,0.82784361758,0.807800083866
FSG-Net,CHASEDB1,Image_01R,0.8196621478501509,0.8500233394651553,0.834566703061,0.7160999306034777,,0.492968171725,0.82784361758,0.807800083866
FSG-Net,CHASEDB1,Image_02L,0.7892251297705678,0.7580699049082514,0.77333385769,0.6304354795622662,,0.458264119601,0.82784361758,0.807800083866
FSG-Net,CHASEDB1,Image_02R,0.7582085859227258,0.8183469087987132,0.787130747496,0.6489823580496812,,0.465539661899,0.82784361758,0.807800083866
FSG-Net,CHASEDB1,Image_03L,0.7843533413470292,0.8157082823556935,0.799723594832,0.6662828590053508,,0.581368602645,0.82784361758,0.807800083866
FSG-Net,CHASEDB1,Image_03R,0.766546138623928,0.8664751936596532,0.81345319964,0.6855635187699273,,0.683338179703,0.82784361758,0.807800083866
FSG-Net,CHASEDB1,Image_04L,0.7792061725991051,0.8571599616867552,0.816326272045,0.6896548033175866,,0.595549104983,0.82784361758,0.807800083866
FSG-Net,CHASEDB1,Image_04R,0.7520181935074117,0.8555347854362579,0.800443571383,0.6672829658425093,,0.51983805668,0.82784361758,0.807800083866
FSG-Net,CHASEDB1,Image_05L,0.7681039744366389,0.84515610803186,0.804789968652,0.673346062653381,,0.72952769283,0.82784361758,0.807800083866
FSG-Net,CHASEDB1,Image_05R,0.7937303210675289,0.845817567319298,0.818946557192,0.6934034714338778,,0.630769230769,0.82784361758,0.807800083866
FSG-Net,CHASEDB1,Image_06L,0.7843320121248388,0.8336362134473034,0.808232891523,0.6781802298234834,,0.544209215442,0.82784361758,0.807800083866
FSG-Net,CHASEDB1,Image_06R,0.7554397296657165,0.844164530152769,0.797341493107,0.6629824580602572,,0.552973342447,0.82784361758,0.807800083866
FSG-Net,CHASEDB1,Image_07L,0.736701484331308,0.8969731857187987,0.808975605044,0.679226729922594,,0.541173629558,0.82784361758,0.807800083866
FSG-Net,CHASEDB1,Image_07R,0.7397311384209451,0.8966533274865844,0.810668153517,0.6816164520560388,,0.469065140365,0.82784361758,0.807800083866
FSG-Net,CHASEDB1,Image_08L,0.6523798162953438,0.8817108954305926,0.749904014919,0.5998771485298467,,0.57406761938,0.82784361758,0.807800083866
FSG-Net,CHASEDB1,Image_08R,0.6707526413766647,0.9105768441790455,0.772478890691,0.6292998831815171,,0.561237645037,0.82784361758,0.807800083866
FSG-Net,CHASEDB1,Image_09L,0.682874810120238,0.9171750061833452,0.782870260429,0.6432101977106707,,0.674147604661,0.82784361758,0.807800083866
FSG-Net,CHASEDB1,Image_09R,0.7154914688746005,0.8873184620730464,0.792194729431,0.6558960692875558,,0.626704953338,0.82784361758,0.807800083866
FSG-Net,CHASEDB1,Image_10L,0.6450215323767445,0.8252380318265702,0.724084798119,0.5675022893774823,,0.491383437051,0.82784361758,0.807800083866
FSG-Net,CHASEDB1,Image_10R,0.6106278478015941,0.8690269660270808,0.717264676852,0.5591681026540524,,0.576797070727,0.82784361758,0.807800083866
FSG-Net,CHASEDB1,Image_11L,0.6581481834654427,0.9451280345863464,0.775954002313,0.6339255254943603,,0.73290653009,0.82784361758,0.807800083866
FSG-Net,CHASEDB1,Image_11R,0.6499561551442653,0.9422095320043238,0.769260246851,0.6250389206026316,,0.648577680525,0.82784361758,0.807800083866
FSG-Net,CHASEDB1,Image_12L,0.6574436350274312,0.8811565650710873,0.753036136524,0.6038957170938847,,0.487179487179,0.82784361758,0.807800083866
FSG-Net,CHASEDB1,Image_12R,0.6835596910182559,0.8775020924659086,0.76848343293,0.624013881322247,,0.578836535931,0.82784361758,0.807800083866
FSG-Net,CHASEDB1,Image_13L,0.659916071450437,0.9038044215377762,0.762841013973,0.6166070994826461,,0.515934065934,0.82784361758,0.807800083866
FSG-Net,CHASEDB1,Image_13R,0.6564231492109678,0.8871917525769252,0.754557634169,0.6058551201327846,,0.572042171027,0.82784361758,0.807800083866
FSG-Net,CHASEDB1,Image_14L,0.7329504224726734,0.9027615772653134,0.809041542221,0.6793196999749,,0.671087533156,0.82784361758,0.807800083866
FSG-Net,CHASEDB1,Image_14R,0.6679440023487844,0.8512003421915347,0.748518948061,0.598106497019089,,0.494423791822,0.82784361758,0.807800083866
FSG-Net,DualModal2019,DualModal2019_A1_L4,0.654098715883354,0.9274007186462322,0.767134791112,0.6222373586192183,,0.757880152407,0.835705089725,0.872331050712
FSG-Net,DualModal2019,DualModal2019_A1_R2,0.5706617462045951,0.9447229978869256,0.711525277994,0.5522229236179665,,0.803590445763,0.835705089725,0.872331050712
FSG-Net,DualModal2019,DualModal2019_A2_R2,0.5918750918745002,0.951536124240438,0.72979971258,0.5745548318701387,,0.836970899471,0.835705089725,0.872331050712
FSG-Net,DualModal2019,DualModal2019_A3_L1,0.5734210751211999,0.9656462731899341,0.719555157566,0.5619571681027635,,0.858191287879,0.835705089725,0.872331050712
FSG-Net,DualModal2019,DualModal2019_A3_R1,0.4865478520265154,0.9559317604904936,0.644870874728,0.4758741161279093,,0.861789752897,0.835705089725,0.872331050712
FSG-Net,DualModal2019,DualModal2019_A4_L3,0.5686753363047065,0.9648159657487405,0.715578944673,0.5571217800465138,,0.826803682295,0.835705089725,0.872331050712
FSG-Net,DualModal2019,DualModal2019_A4_R2,0.5523259179228078,0.976913626590681,0.705677168072,0.5452095494760267,,0.897851356111,0.835705089725,0.872331050712
FSG-Net,DualModal2019,DualModal2019_A5_R4,0.5468724826806929,0.9745904139820086,0.700610814053,0.5391847351279839,,0.905373620409,0.835705089725,0.872331050712
FSG-Net,DualModal2019,DualModal2019_A6_L2,0.5732991634832786,0.960888240537602,0.718134463961,0.5602260484980783,,0.866385669125,0.835705089725,0.872331050712
FSG-Net,DualModal2019,DualModal2019_A6_R3,0.476381959032941,0.9794658072805327,0.641000866814,0.471671284521908,,0.920972179762,0.835705089725,0.872331050712
FSG-Net,DualModal2019,DualModal2019_A7_L1,0.5154024883824534,0.9576297740495435,0.670134363085,0.5039113309518745,,0.81787115555,0.835705089725,0.872331050712
FSG-Net,DualModal2019,DualModal2019_A7_R1,0.48215402102773497,0.9740886039630811,0.645030888642,0.4760484082146539,,0.876602900988,0.835705089725,0.872331050712
FSG-Net,DualModal2019,DualModal2019_C1_L4,0.6301523947757213,0.9737594617324987,0.765150346955,0.6196303696310118,,0.890179910045,0.835705089725,0.872331050712
FSG-Net,DualModal2019,DualModal2019_C1_R4,0.6272109818831966,0.9716546363117861,0.762331057166,0.6159410087647696,,0.882895343476,0.835705089725,0.872331050712
FSG-Net,DualModal2019,DualModal2019_C2_L4,0.6585338151781737,0.9554763224513607,0.779689610699,0.6389272905769574,,0.790794066318,0.835705089725,0.872331050712
FSG-Net,DualModal2019,DualModal2019_C2_R3,0.5930414970307838,0.9562886784208332,0.732082648915,0.5773898813582226,,0.844570928196,0.835705089725,0.872331050712
FSG-Net,DualModal2019,DualModal2019_C3_L1,0.58534105056998,0.9519606782390267,0.724934673603,0.5685470842905557,,0.832059679767,0.835705089725,0.872331050712
FSG-Net,DualModal2019,DualModal2019_C3_R1,0.611097974304556,0.9671504012634544,0.748961519884,0.5986718488583612,,0.853088803089,0.835705089725,0.872331050712
FSG-Net,DualModal2019,DualModal2019_C4_L2,0.4857953772631626,0.9472902484302504,0.642235488743,0.4730094824384731,,0.809052015312,0.835705089725,0.872331050712
FSG-Net,DualModal2019,DualModal2019_C4_R2,0.5238628269060875,0.9181678151590056,0.66710647221,0.5004949444957496,,0.798351001178,0.835705089725,0.872331050712
FSG-Net,DualModal2019,DualModal2019_C5_L1,0.6118201402415513,0.9675339658233041,0.74961880225,0.5995122156338424,,0.878288884911,0.835705089725,0.872331050712
FSG-Net,DualModal2019,DualModal2019_C5_R1,0.583023693896809,0.9671043201565421,0.727481508636,0.5716863947935403,,0.90467404674,0.835705089725,0.872331050712
FSG-Net,DualModal2019,DualModal2019_C6_L2,0.6472557322766683,0.9722485540405049,0.777143296399,0.6355146061762691,,0.807612932814,0.835705089725,0.872331050712
FSG-Net,DualModal2019,DualModal2019_C6_R2,0.6308920954720136,0.9659705142634974,0.763275635853,0.6171752235021669,,0.824873096447,0.835705089725,0.872331050712
FSG-Net,DualModal2019,DualModal2019_C7_L4,0.6228203811233439,0.9692732888958485,0.758351308809,0.6107615738567589,,0.841938549256,0.835705089725,0.872331050712
FSG-Net,DualModal2019,DualModal2019_C7_R3,0.6399326215117391,0.9450960985459694,0.763138000302,0.6169952674496689,,0.773752711497,0.835705089725,0.872331050712
FSG-Net,DualModal2019,DualModal2019_C8_L4,0.6311630625358782,0.9662503131609682,0.763561287403,0.6175488357196659,,0.839289360833,0.835705089725,0.872331050712
FSG-Net,DualModal2019,DualModal2019_C8_R2,0.6372438495930697,0.9669756381621789,0.768223155034,0.623670722642302,,0.773821774028,0.835705089725,0.872331050712
FSG-Net,DualModal2019,DualModal2019_C9_L4,0.6429872813024619,0.9692123728670843,0.77309435841,0.6301172088573278,,0.889842632332,0.835705089725,0.872331050712
FSG-Net,DualModal2019,DualModal2019_C9_R5,0.6971775400784839,0.9550233644860696,0.805980481103,0.6750144937727157,,0.853846153846,0.835705089725,0.872331050712
FSG-Net,HRF,01_dr,0.5494606810745909,0.866131612705389,0.672376174847,0.506450819959873,,0.69458982899,0.791472218185,0.632820444167
FSG-Net,HRF,01_g,0.6318872424306746,0.854909866479891,0.72667162832,0.5706867485888548,,0.511748594493,0.791472218185,0.632820444167
FSG-Net,HRF,01_h,0.8238828164196663,0.7919960474298694,0.807624814889,0.6773244067586134,,0.410668898394,0.791472218185,0.632820444167
FSG-Net,HRF,02_dr,0.6518971287964779,0.8568880083079449,0.740467040109,0.5878901653935916,,0.556263389334,0.791472218185,0.632820444167
FSG-Net,HRF,02_g,0.6646678100620089,0.8707738936764357,0.753887790803,0.604991898192546,,0.493615008671,0.791472218185,0.632820444167
FSG-Net,HRF,02_h,0.8190597943081827,0.864621653113265,0.841224252293,0.7259594912627617,,0.621051800379,0.791472218185,0.632820444167
FSG-Net,HRF,03_dr,0.6475943779410657,0.8545914239474737,0.73683109092,0.5833195272805234,,0.460308648829,0.791472218185,0.632820444167
FSG-Net,HRF,03_g,0.664748667734662,0.8504510983952224,0.746220065854,0.5951762709955002,,0.483418234744,0.791472218185,0.632820444167
FSG-Net,HRF,03_h,0.8656213187072298,0.7525258311150631,0.805121341854,0.6738101282210898,,0.464442493415,0.791472218185,0.632820444167
FSG-Net,HRF,04_dr,0.662046771223231,0.8577304464280276,0.74729067661,0.5965395664077369,,0.407634534555,0.791472218185,0.632820444167
FSG-Net,HRF,04_g,0.693782081047727,0.8393178419331727,0.759642173753,0.6124379253134392,,0.48710152939,0.791472218185,0.632820444167
FSG-Net,HRF,04_h,0.838576071864266,0.8265593227592603,0.832524336796,0.7130978084041895,,0.509299904964,0.791472218185,0.632820444167
FSG-Net,HRF,05_dr,0.6185838248114538,0.8832130268902174,0.727583483316,0.5718123537189926,,0.577521152527,0.791472218185,0.632820444167
FSG-Net,HRF,05_g,0.6715991068128786,0.887031329722985,0.764426813172,0.6186819375179702,,0.573891980738,0.791472218185,0.632820444167
FSG-Net,HRF,05_h,0.8221567594630989,0.8556523810689018,0.838570218569,0.7220154261377696,,0.588112694927,0.791472218185,0.632820444167
FSG-Net,HRF,06_dr,0.6623908670447023,0.7284138609571451,0.693835272792,0.5312004361617632,,0.387011218236,0.791472218185,0.632820444167
FSG-Net,HRF,06_g,0.6688050603510256,0.8787044563341693,0.759519706487,0.6122787362756604,,0.551130063966,0.791472218185,0.632820444167
FSG-Net,HRF,06_h,0.8101448387291378,0.8603094460580549,0.834473907824,0.7159633005435887,,0.547851123174,0.791472218185,0.632820444167
FSG-Net,HRF,07_dr,0.6309717045631728,0.8991826940449895,0.741570703834,0.5892827718595794,,0.611735611511,0.791472218185,0.632820444167
FSG-Net,HRF,07_g,0.6649962328134936,0.8597818252801614,0.749947406205,0.5999326827747746,,0.510337350613,0.791472218185,0.632820444167
FSG-Net,HRF,07_h,0.832357569181444,0.8417051547770306,0.837005264583,0.7196982403216862,,0.58590799554,0.791472218185,0.632820444167
FSG-Net,HRF,08_dr,0.6506731770104777,0.8669323472620609,0.743394268964,0.5915891123233328,,0.474529964747,0.791472218185,0.632820444167
FSG-Net,HRF,08_g,0.6429644971984498,0.8716785646146448,0.74005339495,0.5873688551433744,,0.583496251101,0.791472218185,0.632820444167
FSG-Net,HRF,08_h,0.8544383597734083,0.8289162843963898,0.841483846416,0.7263462350635123,,0.477210203826,0.791472218185,0.632820444167
FSG-Net,HRF,09_dr,0.687998424731818,0.7688164964369272,0.726165734261,0.570062961714822,,0.382537330446,0.791472218185,0.632820444167
FSG-Net,HRF,09_g,0.6505950955437927,0.8621939945719354,0.741596020147,0.5893147447242095,,0.563512441063,0.791472218185,0.632820444167
FSG-Net,HRF,09_h,0.8142714390262901,0.7848218606439358,0.799275471891,0.6656609848303549,,0.464730425712,0.791472218185,0.632820444167
FSG-Net,HRF,10_dr,0.6820324073015,0.8372460619758627,0.75171070834,0.602192707541663,,0.531090174966,0.791472218185,0.632820444167
FSG-Net,HRF,10_g,0.6474006193051228,0.864192561284976,0.74025049406,0.5876172132392621,,0.610105146907,0.791472218185,0.632820444167
FSG-Net,HRF,10_h,0.8216644356530755,0.786593577323007,0.803746616009,0.671886597576427,,0.364385045025,0.791472218185,0.632820444167
FSG-Net,HRF,11_dr,0.6954121376913037,0.8629052857620998,0.770157350955,0.6262242991435076,,0.55091554559,0.791472218185,0.632820444167
FSG-Net,HRF,11_g,0.6846124654292031,0.8620841211271384,0.763166532728,0.6170325698020322,,0.574173270176,0.791472218185,0.632820444167
FSG-Net,HRF,11_h,0.8187634053486963,0.8648614041849881,0.84118131835,0.7258955448942817,,0.605893513578,0.791472218185,0.632820444167
FSG-Net,HRF,12_dr,0.6412836236942236,0.8264795482134218,0.722197980889,0.5651876973801089,,0.452980917388,0.791472218185,0.632820444167
FSG-Net,HRF,12_g,0.6716777711041197,0.8563667167334776,0.752860917495,0.6036703749054241,,0.541027312045,0.791472218185,0.632820444167
FSG-Net,HRF,12_h,0.8290666878876713,0.8608440640285117,0.8446566023,0.7310870551400563,,0.648836981058,0.791472218185,0.632820444167
FSG-Net,HRF,13_dr,0.6620488571501302,0.8583646571183695,0.747532608636,0.596847960905313,,0.481317508164,0.791472218185,0.632820444167
FSG-Net,HRF,13_g,0.6527542572708634,0.8325221147583611,0.731759240118,0.5769876377306187,,0.544735699431,0.791472218185,0.632820444167
FSG-Net,HRF,13_h,0.774640887461796,0.879380178744253,0.823694275722,0.7002382618069568,,0.731607870945,0.791472218185,0.632820444167
FSG-Net,HRF,14_dr,0.6365399687006139,0.8291777077968167,0.720199750104,0.5627438736338153,,0.469413678604,0.791472218185,0.632820444167
FSG-Net,HRF,14_g,0.6512730047785311,0.8147859881795847,0.723911004021,0.5672888068951838,,0.518167967127,0.791472218185,0.632820444167
FSG-Net,HRF,14_h,0.7691163118829298,0.8672229271177899,0.815228631555,0.6880894097103133,,0.695176073324,0.791472218185,0.632820444167
FSG-Net,HRF,15_dr,0.6006273318419761,0.8764716106920543,0.712792880431,0.5537515055616433,,0.536659646849,0.791472218185,0.632820444167
FSG-Net,HRF,15_g,0.6785625554334802,0.8159142038882731,0.740926647071,0.5884698022933865,,0.433593550691,0.791472218185,0.632820444167
FSG-Net,HRF,15_h,0.7595757336781103,0.8861667537366655,0.818002533541,0.6920510041290975,,0.750028587764,0.791472218185,0.632820444167
FSG-Net,LES,111,0.6994447681164074,0.8182848414663396,0.75421214369,0.605409773317234,,0.422189902348,0.859533082772,0.77144528866
FSG-Net,LES,119,0.5202121334634725,0.8950758226745343,0.657999386352,0.4903122842569652,,0.696102690999,0.859533082772,0.77144528866
FSG-Net,LES,12,0.8043409341759195,0.8982285219766254,0.848696029239,0.7371606897855314,,0.702990577632,0.859533082772,0.77144528866
FSG-Net,LES,15,0.7377430685208682,0.9006428679978491,0.81109464903,0.6822196976136468,,0.599231754161,0.859533082772,0.77144528866
FSG-Net,LES,224,0.8212515761997293,0.871314493129749,0.845542651262,0.7324156688736128,,0.703465982028,0.859533082772,0.77144528866
FSG-Net,LES,240,0.760823444384404,0.9342551638255119,0.838666983623,0.7221589085957287,,0.755807522124,0.859533082772,0.77144528866
FSG-Net,LES,275,0.712114818604216,0.9146567843689142,0.800777009994,0.667746546445039,,0.670894239037,0.859533082772,0.77144528866
FSG-Net,LES,279,0.796800867562373,0.9079995586441049,0.848773645234,0.7372778096332958,,0.752036199095,0.859533082772,0.77144528866
FSG-Net,LES,304,0.717361333760631,0.9124813931206377,0.803241758735,0.6711813054957162,,0.696894409938,0.859533082772,0.77144528866
FSG-Net,LES,318,0.7453153288215999,0.9294229303566602,0.827249456035,0.7053925153068945,,0.774394033561,0.859533082772,0.77144528866
FSG-Net,LES,33,0.8133707132369279,0.885385802393436,0.847851796248,0.7358877907260098,,0.411787665886,0.859533082772,0.77144528866
FSG-Net,LES,34,0.7775691917511158,0.8760485867186733,0.823876473002,0.7005016514761047,,0.384656014789,0.859533082772,0.77144528866
FSG-Net,LES,367,0.7952952544702069,0.9178446253213055,0.852186658509,0.7424435905249337,,0.73755787037,0.859533082772,0.77144528866
FSG-Net,LES,37,0.8084317907215008,0.8977164262433059,0.850737926297,0.7402471079167043,,0.592644978784,0.859533082772,0.77144528866
FSG-Net,LES,370,0.7309983158290808,0.9226528407871165,0.815719409758,0.688788971531918,,0.786019971469,0.859533082772,0.77144528866
FSG-Net,LES,42,0.7935013595966455,0.8923379351548666,0.840022375762,0.7241711893484312,,0.522315390857,0.859533082772,0.77144528866
FSG-Net,LES,486,0.7428329270854865,0.9154207994387253,0.820145555635,0.6951243516113582,,0.687069625096,0.859533082772,0.77144528866
FSG-Net,LES,49,0.8086990801563056,0.8757185952537443,0.840875553369,0.7254402715886187,,0.512420156139,0.859533082772,0.77144528866
FSG-Net,LES,529,0.7427884329195914,0.8862437056562409,0.808199614631,0.6781333724613361,,0.659102630222,0.859533082772,0.77144528866
FSG-Net,LES,53,0.818978109469047,0.8819679700199995,0.849306711611,0.7380826152206477,,0.505541561713,0.859533082772,0.77144528866
FSG-Net,LES,586,0.7578703769689566,0.9357478965966761,0.837468067286,0.7203828503281462,,0.742003367003,0.859533082772,0.77144528866
FSG-Net,LES,90,0.7326131916705716,0.8865436165442376,0.802261455069,0.6698135068494578,,0.44760629394,0.859533082772,0.77144528866
FSG-Net,STARE,im0001,0.8045845111824087,0.8505281221336275,0.826918651479,0.7049116009913245,,0.785117056856,0.870529334532,0.90932220518
FSG-Net,STARE,im0002,0.8330979450594296,0.8365538025177367,0.834822297309,0.7164763755613948,,0.0,0.870529334532,0.90932220518
FSG-Net,STARE,im0003,0.7832899079382857,0.8896034720847862,0.833068538703,0.7138967165878585,,0.67156614293,0.870529334532,0.90932220518
FSG-Net,STARE,im0004,0.7884348550030326,0.723968784838097,0.754827889677,0.606203659252532,,0.691573926868,0.870529334532,0.90932220518
FSG-Net,STARE,im0005,0.8236146953922715,0.7424523616590697,0.780930386011,0.6405953991877994,,0.788697788698,0.870529334532,0.90932220518
FSG-Net,STARE,im0044,0.7993681903158236,0.8407241659892659,0.81952476949,0.6942329227322637,,0.66851945427,0.870529334532,0.90932220518
FSG-Net,STARE,im0077,0.7749320819948354,0.9244571462244083,0.843116443417,0.7287824592366492,,0.949494949495,0.870529334532,0.90932220518
FSG-Net,STARE,im0081,0.7349424323849909,0.9429068480158181,0.826036355575,0.7036302695553978,,0.933607334809,0.870529334532,0.90932220518
FSG-Net,STARE,im0082,0.784468775345097,0.9292104473126538,0.850726987879,0.7402305447936788,,0.881062042807,0.870529334532,0.90932220518
FSG-Net,STARE,im0139,0.7656496451109689,0.9122060075749032,0.832527166267,0.7131019602443256,,0.0,0.870529334532,0.90932220518
FSG-Net,STARE,im0162,0.7576008615685611,0.9090457256467912,0.826442546654,0.7042199291544526,,0.0,0.870529334532,0.90932220518
FSG-Net,STARE,im0163,0.7771464487744199,0.9438185093590072,0.852411548962,0.7427850534666753,,0.9253125,0.870529334532,0.90932220518
FSG-Net,STARE,im0235,0.8358161337044404,0.9033447388658514,0.868269426882,0.7672050640903468,,0.842222931971,0.870529334532,0.90932220518
FSG-Net,STARE,im0236,0.8520750169467127,0.8847497393116905,0.868105024875,0.7669483865136263,,0.761771747805,0.870529334532,0.90932220518
FSG-Net,STARE,im0239,0.8623234297981988,0.8563342539174926,0.859318406322,0.7533376632748356,,0.732569888851,0.870529334532,0.90932220518
FSG-Net,STARE,im0240,0.8513017239358041,0.8416159840902824,0.846431146359,0.7337499999999273,,0.826584507042,0.870529334532,0.90932220518
FSG-Net,STARE,im0255,0.8605606769213174,0.8398543650896552,0.850081448447,0.7392536169617744,,0.0,0.870529334532,0.90932220518
FSG-Net,STARE,im0291,0.8686390532525313,0.7882155196570976,0.826475411842,0.7042676567512411,,0.0,0.870529334532,0.90932220518
FSG-Net,STARE,im0319,0.7689071370633973,0.8314058646201778,0.798936086166,0.6651903174874851,,0.800548320768,0.870529334532,0.90932220518
FSG-Net,STARE,im0324,0.7622846722457177,0.828314638548247,0.7939291165,0.6582773262845293,,0.848319709355,0.870529334532,0.90932220518
GAVE,AFIO,IM000001,0.8183687723106551,0.5827530946069986,0.680750112969,0.5160130159275911,,0.551020408163,0.683671359806,0.605839176621
GAVE,AFIO,IM000004,0.6748940228901271,0.7278889015888456,0.700390431674,0.5389237265897928,,0.343347639485,0.683671359806,0.605839176621
GAVE,AFIO,IM000023,0.6101391996754305,0.6608385005184466,0.634477652534,0.4646409879057639,,0.380952380952,0.683671359806,0.605839176621
GAVE,AFIO,IM000024,0.6501591843047644,0.6128230550590364,0.630939256598,0.4608555607475599,,0.222222222222,0.683671359806,0.605839176621
GAVE,AFIO,IM000135,0.7844948107680592,0.6307100306125797,0.69924682512,0.537570723349961,,0.255852842809,0.683671359806,0.605839176621
GAVE,AFIO,IM000136,0.8333771754886317,0.612979733989618,0.706386253623,0.546056545550295,,0.307692307692,0.683671359806,0.605839176621
GAVE,AFIO,IM000167,0.7748594700731104,0.6122887479998329,0.684047643396,0.5198118609409851,,0.41935483871,0.683671359806,0.605839176621
GAVE,AFIO,IM000168,0.7551053346117536,0.6777789139996124,0.714355641978,0.555640164031876,,0.255434782609,0.683671359806,0.605839176621
GAVE,AFIO,IM000189,0.7459741132934887,0.5555768845572003,0.636849381251,0.4671892984470445,,0.22972972973,0.683671359806,0.605839176621
GAVE,AFIO,IM000209,0.7882119431225665,0.5925809347270345,0.676537918918,0.5111879883743209,,0.135135135135,0.683671359806,0.605839176621
GAVE,AFIO,IM000210,0.8481973138878722,0.48129680220002474,0.614120288114,0.4431266890243043,,0.0965292841649,0.683671359806,0.605839176621
GAVE,AFIO,IM000333,0.8469241576913347,0.5152518226762839,0.640709015881,0.47135530461585756,,0.146341463415,0.683671359806,0.605839176621
GAVE,AFIO,IM000389,0.7539007300997326,0.5173068570909897,0.613586673296,0.44257124587421187,,0.046511627907,0.683671359806,0.605839176621
GAVE,AFIO,IM000390,0.7850234227497561,0.5583403782720096,0.652556328341,0.48429210219790436,,0.5,0.683671359806,0.605839176621
GAVE,AFIO,IM000678,0.776085666655585,0.5839409851404648,0.666440217391,0.49974528782441574,,0.467391304348,0.683671359806,0.605839176621
GAVE,AFIO,IM000679,0.753761784672135,0.45013291823686746,0.563658916299,0.39242692609378543,,0.4,0.683671359806,0.605839176621
GAVE,AFIO,IM000715,0.7057032742809709,0.6393310349891927,0.670879548026,0.5047545141823787,,0.631294964029,0.683671359806,0.605839176621
GAVE,AFIO,IM000716,0.6070276363359941,0.5013322204742486,0.549140265129,0.37849300792528073,,0.310673443456,0.683671359806,0.605839176621
GAVE,AFIO,IM000938,0.6598564863358396,0.53637340743396,0.591741560442,0.4201938677021,,0.369565217391,0.683671359806,0.605839176621
GAVE,AFIO,IM001031,0.7290059579819251,0.5047055630935048,0.596465796479,0.4249741794554531,,0.218181818182,0.683671359806,0.605839176621
GAVE,AFIO,IM001032,0.7290059579819251,0.5047055630935048,0.596465796479,0.4249741794554531,,0.218181818182,0.683671359806,0.605839176621
GAVE,AFIO,IM001034,0.6808373402099936,0.4586065250028821,0.548050599452,0.377458470140318,,0.25,0.683671359806,0.605839176621
GAVE,AFIO,IM001069,0.8340248962679859,0.5263534719494752,0.645396766222,0.47644708806872027,,0.210526315789,0.683671359806,0.605839176621
GAVE,AFIO,IM001070,0.7918481429406312,0.4226214445219482,0.551108087788,0.38036521782127436,,0.0934782608696,0.683671359806,0.605839176621
GAVE,AFIO,IM001096,0.7769608609937239,0.5636746058171925,0.653351515603,0.48516856713023865,,0.107894736842,0.683671359806,0.605839176621
GAVE,AFIO,IM001097,0.796219450685062,0.5823433242502709,0.672690558856,0.5068076350577391,,0.307692307692,0.683671359806,0.605839176621
GAVE,AFIO,IM001126,0.732446711188185,0.6029294098825742,0.661407159195,0.494106302553691,,0.460784313725,0.683671359806,0.605839176621
GAVE,AFIO,IM001127,0.7673458345806602,0.5546944152822703,0.643917534396,0.47483656099719473,,0.3,0.683671359806,0.605839176621
GAVE,AFIO,IM001154,0.7366445132175529,0.5999752076356882,0.661322645291,0.49401197604837166,,0.411392405063,0.683671359806,0.605839176621
GAVE,AFIO,IM001155,0.800912041871362,0.6160239131945304,0.696405463344,0.5342193786193901,,0.324324324324,0.683671359806,0.605839176621
GAVE,AFIO,IM001192,0.8029914529913227,0.5337865989922599,0.641282337148,0.4719761541937447,,0.444444444444,0.683671359806,0.605839176621
GAVE,AFIO,IM001193,0.8324452987296963,0.49921162965687976,0.624134287624,0.4536302358652245,,0.0835694050992,0.683671359806,0.605839176621
GAVE,AFIO,IM001218,0.843044965584899,0.6077500401110106,0.706317032576,0.5459738207595239,,0.375722543353,0.683671359806,0.605839176621
GAVE,AFIO,IM001219,0.8010899402548941,0.6509328749868319,0.718247361487,0.5603634741257568,,0.509433962264,0.683671359806,0.605839176621
GAVE,AFIO,IM001246,0.754424193702955,0.606058803534988,0.672151618391,0.5061960595053259,,0.62,0.683671359806,0.605839176621
GAVE,AFIO,IM001686,0.732648165622382,0.6076661951910575,0.664330005309,0.49737585477668017,,0.8,0.683671359806,0.605839176621
GAVE,AFIO,IM001749,0.8123450119171104,0.5754427455352698,0.673673681684,0.5079245374089725,,0.48,0.683671359806,0.605839176621
GAVE,AFIO,IM001750,0.8379068992313571,0.4900584795324844,0.61842482883,0.44762300433228047,,0.34,0.683671359806,0.605839176621
GAVE,AFIO,IM001791,0.8343692348249846,0.5806104046943261,0.684735589921,0.5206067956175231,,0.661538461538,0.683671359806,0.605839176621
GAVE,AFIO,IM001792,0.8235417827745218,0.6042029902333514,0.697024310145,0.5349480543436443,,0.193939393939,0.683671359806,0.605839176621
GAVE,AFIO,IM001814,0.78641902410137,0.6202980777373442,0.693549837858,0.530865897494999,,0.392273402675,0.683671359806,0.605839176621
GAVE,AFIO,IM001858,0.8164386489959514,0.5891344922798427,0.684407171465,0.5202271984312448,,0.216423103688,0.683671359806,0.605839176621
GAVE,AFIO,IM001859,0.8103362052943056,0.5600620173413138,0.66234547355,0.49515436194709994,,0.331325301205,0.683671359806,0.605839176621
GAVE,AFIO,IM002094,0.7278399112656075,0.4024892023820001,0.518340546678,0.34983784264045203,,0.142857142857,0.683671359806,0.605839176621
GAVE,AFIO,IM002348,0.7996440581989541,0.5779893914711071,0.670985134257,0.5048740623995042,,0.25,0.683671359806,0.605839176621
GAVE,AFIO,IM002350,0.8076182110375062,0.6331572563287037,0.709825149364,0.5501774809934383,,0.204545454545,0.683671359806,0.605839176621
GAVE,AFIO,IM002421,0.7982121717728414,0.6290993241253777,0.703637207735,0.5427780031434009,,0.555555555556,0.683671359806,0.605839176621
GAVE,AFIO,IM002422,0.7721219469275247,0.6580611828228728,0.710543245979,0.5510407726069642,,0.65306122449,0.683671359806,0.605839176621
GAVE,AFIO,IM002471,0.7848828692826018,0.5696760527664411,0.660183868828,0.4927421408566757,,0.6,0.683671359806,0.605839176621
GAVE,AFIO,IM002587,0.8290377000410813,0.6231781955879908,0.711517095414,0.5522130661427876,,0.349397590361,0.683671359806,0.605839176621
GAVE,AFIO,IM002649,0.8192006447259795,0.48909505085908667,0.612502177219,0.4414437033071123,,0.576923076923,0.683671359806,0.605839176621
GAVE,AFIO,IM002742,0.7954903391818303,0.4258920308488794,0.55476975006,0.383862536840086,,0.666666666667,0.683671359806,0.605839176621
GAVE,AFIO,IM002743,0.7809683904081677,0.427326518613698,0.552395778429,0.38159309719994966,,0.5,0.683671359806,0.605839176621
GAVE,AFIO,IM003024,0.7861193558597223,0.6045104457020561,0.683456318356,0.519129238083883,,0.521739130435,0.683671359806,0.605839176621
GAVE,AFIO,IM003537,0.8054070514980203,0.5879606758225695,0.679716725206,0.5148264301932132,,0.666666666667,0.683671359806,0.605839176621
GAVE,AFIO,IM003630,0.8041429349470214,0.5897941082881671,0.680488071617,0.5157119515023302,,0.444444444444,0.683671359806,0.605839176621
GAVE,AFIO,IM003631,0.7769770367367037,0.5199877283985705,0.623021588884,0.452455596873926,,0.283018867925,0.683671359806,0.605839176621
GAVE,AFIO,IM003705,0.7035058078125758,0.37150504656212946,0.486238732985,0.32121229653591193,,0.805555555556,0.683671359806,0.605839176621
GAVE,AFIO,IM004162,0.7515760696651688,0.4685300815394601,0.577221902956,0.40570058265252384,,0.428571428571,0.683671359806,0.605839176621
GAVE,AFIO,IM004163,0.8035802286590384,0.5351487504314453,0.642452597882,0.47324505713735443,,0.5,0.683671359806,0.605839176621
GAVE,AFIO,IM004455,0.8058169711889317,0.5082715345123074,0.623358056486,0.4528105942310776,,0.95,0.683671359806,0.605839176621
GAVE,AFIO,IM004512,0.7746849267843007,0.5011760549629564,0.608614168784,0.4374158160372399,,0.4,0.683671359806,0.605839176621
GAVE,AFIO,IM004513,0.7690582350056259,0.5594118635858032,0.647692862499,0.47895396285189024,,0.457142857143,0.683671359806,0.605839176621
GAVE,AFIO,IM004515,0.8271205453450843,0.5804249263909343,0.68215399259,0.517627999595079,,0.5,0.683671359806,0.605839176621
GAVE,AFIO,IM004516,0.8061357702341252,0.6108080587677603,0.695008813817,0.5325774006565117,,0.0588235294118,0.683671359806,0.605839176621
GAVE,AFIO,IM004538,0.8290533925771681,0.5157744816016215,0.635924629444,0.46619464229809804,,0.551724137931,0.683671359806,0.605839176621
GAVE,AFIO,IM004539,0.8190721058612008,0.49139337014347895,0.614265098714,0.44327749712008063,,0.571428571429,0.683671359806,0.605839176621
GAVE,AFIO,IM004564,0.8352410347282504,0.5874959841891855,0.689798251129,0.5264824686147753,,0.407407407407,0.683671359806,0.605839176621
GAVE,AFIO,IM004790,0.7541418922852673,0.49158521556625423,0.59519456926,0.4236847012660489,,0.647058823529,0.683671359806,0.605839176621
GAVE,AFIO,IM004993,0.8357156037561595,0.5063555677863117,0.630621174228,0.4605162299573907,,0.153846153846,0.683671359806,0.605839176621
GAVE,AFIO,IM005024,0.8253597063906196,0.5281622812481989,0.644132669227,0.4750705726199409,,0.536585365854,0.683671359806,0.605839176621
GAVE,AFIO,IM005025,0.8030051499564055,0.5279603559670589,0.637063669836,0.46741997827539244,,0.375,0.683671359806,0.605839176621
GAVE,AFIO,IM005060,0.8145980998324737,0.551112441249142,0.657438210999,0.4896893508999684,,0.6875,0.683671359806,0.605839176621
GAVE,AFIO,IM005092,0.8582978634626305,0.5614065016241211,0.678808930546,0.5137855880501273,,0.380952380952,0.683671359806,0.605839176621
GAVE,AFIO,IM005093,0.8327734110889904,0.5417886648244441,0.656481365813,0.4886284038853357,,0.857142857143,0.683671359806,0.605839176621
GAVE,AFIO,IM005132,0.83739791660782,0.586353370624644,0.689742787747,0.5264178523856248,,0.921568627451,0.683671359806,0.605839176621
GAVE,AFIO,IM005133,0.8511664199109845,0.5315881544416632,0.654447281789,0.4863780310734538,,0.642857142857,0.683671359806,0.605839176621
GAVE,AFIO,IM005190,0.7907443251778766,0.48975543833712104,0.604875291077,0.43356359987627774,,0.375,0.683671359806,0.605839176621
GAVE,AFIO,IM005191,0.816425070929804,0.5474255117504951,0.655397179039,0.48742808569342544,,0.5,0.683671359806,0.605839176621
GAVE,AFIO,IM005249,0.7477118837694793,0.538888937045196,0.626353808799,0.45597899430811173,,0.826086956522,0.683671359806,0.605839176621
GAVE,AFIO,IM005283,0.8135663804628476,0.5221280676655283,0.636052418641,0.46633201109331107,,0.583333333333,0.683671359806,0.605839176621
GAVE,AFIO,IM005320,0.8373923032718482,0.4119816319323537,0.552260997206,0.38146447401098416,,0.5,0.683671359806,0.605839176621
GAVE,AFIO,IM005321,0.7515920889444,0.45694424922409876,0.568349783054,0.39698927596044037,,0.375,0.683671359806,0.605839176621
GAVE,AFIO,IM005357,0.8424385830591506,0.4791260550769636,0.610843031507,0.4397221087042894,,0.75,0.683671359806,0.605839176621
GAVE,AFIO,IM005387,0.7795043521139252,0.5532115766508393,0.64714591059,0.47835602941646876,,0.8,0.683671359806,0.605839176621
GAVE,AFIO,IM005456,0.7386926849500096,0.5746497638181821,0.646426341186,0.47757012481492733,,0.642857142857,0.683671359806,0.605839176621
GAVE,AFIO,IM005457,0.7772468714447939,0.5810628270675285,0.664987174789,0.4981129486032453,,0.588235294118,0.683671359806,0.605839176621
GAVE,AFIO,IM005488,0.8111918655425241,0.5874887705137458,0.681450932333,0.5168187889577278,,0.277777777778,0.683671359806,0.605839176621
GAVE,AFIO,IM005489,0.857833137582517,0.5387273139013827,0.661823326723,0.49457096356514046,,0.666666666667,0.683671359806,0.605839176621
GAVE,AFIO,IM005523,0.8204427667210402,0.586182490071746,0.683805699685,0.5195324881146708,,0.407407407407,0.683671359806,0.605839176621
GAVE,AFIO,IM005524,0.8451216996669855,0.5135495920089088,0.638876977413,0.46937489617854466,,0.490566037736,0.683671359806,0.605839176621
GAVE,AFIO,IM005558,0.8157187577917064,0.5972293587903241,0.689581145906,0.5262295667920345,,0.7,0.683671359806,0.605839176621
GAVE,AFIO,IM005713,0.8397879502870361,0.5797547893760805,0.685954811554,0.5220176730491403,,0.428571428571,0.683671359806,0.605839176621
GAVE,AFIO,IM005806,0.8526556253580347,0.47266363564412406,0.608184487607,0.4369720571380368,,0.25,0.683671359806,0.605839176621
GAVE,AFIO,IM005833,0.8180668454896148,0.53828653495176,0.649321001396,0.4807367272809517,,0.45,0.683671359806,0.605839176621
GAVE,AFIO,IM005834,0.8671027731290127,0.5650683916257092,0.684237165842,0.5200307746037423,,0.782608695652,0.683671359806,0.605839176621
GAVE,AFIO,IM006037,0.7745562062361891,0.60218109892465,0.677577495288,0.5123759561514453,,0.791666666667,0.683671359806,0.605839176621
GAVE,AFIO,IM006105,0.8483386308194143,0.47499517557403376,0.609002437549,0.4378170415165289,,0.25,0.683671359806,0.605839176621
GAVE,AFIO,IM006106,0.8478330360185038,0.549520467835721,0.666834276816,0.5001885851245857,,0.413793103448,0.683671359806,0.605839176621
GAVE,CHASEDB1,Image_01L,0.7522523106439335,0.8676235329299822,0.805829422057,0.6748026093936003,,0.406415694592,0.747914260854,0.728829726856
GAVE,CHASEDB1,Image_01R,0.7810170658407488,0.8098931876216898,0.795193065937,0.6600170064222248,,0.350481125093,0.747914260854,0.728829726856
GAVE,CHASEDB1,Image_02L,0.7523964256704766,0.7736186070424406,0.762859948681,0.6166318420195537,,0.262043189369,0.747914260854,0.728829726856
GAVE,CHASEDB1,Image_02R,0.7339050381488946,0.7770730404586839,0.754872393553,0.6062610688610829,,0.259644560035,0.747914260854,0.728829726856
GAVE,CHASEDB1,Image_03L,0.772787087765166,0.7653465609870557,0.769048828073,0.6247598163208115,,0.375503162737,0.747914260854,0.728829726856
GAVE,CHASEDB1,Image_03R,0.7457432260721089,0.8508996009441685,0.794858565403,0.6595562500668656,,0.528642047107,0.747914260854,0.728829726856
GAVE,CHASEDB1,Image_04L,0.7531530209051022,0.8190719455090272,0.784730586623,0.6457256127613585,,0.314949201742,0.747914260854,0.728829726856
GAVE,CHASEDB1,Image_04R,0.7662264363921691,0.7355873428700699,0.750594349533,0.6007611293037168,,0.293522267206,0.747914260854,0.728829726856
GAVE,CHASEDB1,Image_05L,0.7798209098260533,0.6857692155753214,0.729777260848,0.5745270009378032,,0.367652055725,0.747914260854,0.728829726856
GAVE,CHASEDB1,Image_05R,0.7622052118434041,0.784027037948619,0.772962140236,0.6299415572920187,,0.265856950067,0.747914260854,0.728829726856
GAVE,CHASEDB1,Image_06L,0.7654156964806728,0.7693567927744257,0.767381184516,0.622561634526632,,0.381382316314,0.747914260854,0.728829726856
GAVE,CHASEDB1,Image_06R,0.7262515700688732,0.8459341210577005,0.781537431692,0.6414127540883512,,0.36318067897,0.747914260854,0.728829726856
GAVE,CHASEDB1,Image_07L,0.7317813765186101,0.8130229320334171,0.770265899766,0.6263678462030369,,0.26563631973,0.747914260854,0.728829726856
GAVE,CHASEDB1,Image_07R,0.7474336260930312,0.8152340752121237,0.779863000229,0.639160192974533,,0.294358135732,0.747914260854,0.728829726856
GAVE,CHASEDB1,Image_08L,0.6249219310220576,0.8711185631835388,0.727762512796,0.5720335394262009,,0.399093760892,0.747914260854,0.728829726856
GAVE,CHASEDB1,Image_08R,0.6411752867789549,0.888848773282621,0.744965889085,0.5935821844251487,,0.351525569403,0.747914260854,0.728829726856
GAVE,CHASEDB1,Image_09L,0.7058322609962974,0.7686711730268845,0.735912714072,0.5821692238062082,,0.369874838153,0.747914260854,0.728829726856
GAVE,CHASEDB1,Image_09R,0.7138597904906918,0.7258649296388111,0.719812307661,0.5622709169667521,,0.316582914573,0.747914260854,0.728829726856
GAVE,CHASEDB1,Image_10L,0.6268694582211005,0.8225913842472341,0.711516172458,0.5522119542744568,,0.398994734323,0.747914260854,0.728829726856
GAVE,CHASEDB1,Image_10R,0.5932230516846797,0.874012565057145,0.70675002043,0.5464914220721591,,0.537097706687,0.747914260854,0.728829726856
GAVE,CHASEDB1,Image_11L,0.6591396568155685,0.8656663862747771,0.748416557439,0.5979757577389999,,0.549551856594,0.747914260854,0.728829726856
GAVE,CHASEDB1,Image_11R,0.677101253379052,0.8621047073326139,0.758484819808,0.6109347931538787,,0.387308533917,0.747914260854,0.728829726856
GAVE,CHASEDB1,Image_12L,0.676922510492643,0.7990062579675057,0.732915210545,0.5784263347208534,,0.224451876626,0.747914260854,0.728829726856
GAVE,CHASEDB1,Image_12R,0.6728580952145574,0.8304606261805056,0.743398119281,0.5915939890648929,,0.319821005528,0.747914260854,0.728829726856
GAVE,CHASEDB1,Image_13L,0.5982527731485388,0.8823579275734085,0.713047767145,0.5540592330790404,,0.283516483516,0.747914260854,0.728829726856
GAVE,CHASEDB1,Image_13R,0.6235148191680681,0.7877113402055722,0.696060926284,0.5338139950821069,,0.324873096447,0.747914260854,0.728829726856
GAVE,CHASEDB1,Image_14L,0.7315410829217132,0.7902079893361409,0.759743664433,0.6125698717641889,,0.395225464191,0.747914260854,0.728829726856
GAVE,CHASEDB1,Image_14R,0.7161608152098712,0.7565452957645186,0.735799344785,0.5820273401613323,,0.181226765799,0.747914260854,0.728829726856
GAVE,DualModal2019,DualModal2019_A1_L4,0.5743959197759132,0.9116385931628184,0.704750103263,0.5441035780341771,,0.632836854867,0.786014266804,0.817659992235
GAVE,DualModal2019,DualModal2019_A1_R2,0.5253112473787614,0.9158888597485114,0.667675109092,0.5011353564346974,,0.647193062529,0.786014266804,0.817659992235
GAVE,DualModal2019,DualModal2019_A2_R2,0.5156540869851584,0.9258271438225005,0.662383304549,0.49519664848805306,,0.719742063492,0.786014266804,0.817659992235
GAVE,DualModal2019,DualModal2019_A3_L1,0.5354618294214364,0.9473828130630909,0.684208338097,0.5199974721738583,,0.735558712121,0.786014266804,0.817659992235
GAVE,DualModal2019,DualModal2019_A3_R1,0.447103488319668,0.934205614454169,0.604769183366,0.4334545769459194,,0.742984782912,0.786014266804,0.817659992235
GAVE,DualModal2019,DualModal2019_A4_L3,0.4651056700173659,0.9680788619578259,0.628333557438,0.45808043263375164,,0.78612716763,0.786014266804,0.817659992235
GAVE,DualModal2019,DualModal2019_A4_R2,0.46994761283057074,0.9704467119415349,0.633242033536,0.4633168776577819,,0.842902430433,0.786014266804,0.817659992235
GAVE,DualModal2019,DualModal2019_A5_R4,0.4905217581133853,0.9676817341685755,0.651032517822,0.4826154272976719,,0.846933236837,0.786014266804,0.817659992235
GAVE,DualModal2019,DualModal2019_A6_L2,0.49293149764946453,0.9517464948540073,0.649481514255,0.48091271693828025,,0.825711275026,0.786014266804,0.817659992235
GAVE,DualModal2019,DualModal2019_A6_R3,0.4639641158809622,0.9284762177950678,0.618740547925,0.44795389236648886,,0.773463772547,0.786014266804,0.817659992235
GAVE,DualModal2019,DualModal2019_A7_L1,0.4825226524821761,0.9316401490082856,0.635764814892,0.4660228836142132,,0.710796101759,0.786014266804,0.817659992235
GAVE,DualModal2019,DualModal2019_A7_R1,0.4719632001992643,0.9405033011208386,0.628521734682,0.45828049235345836,,0.763085978558,0.786014266804,0.817659992235
GAVE,DualModal2019,DualModal2019_C1_L4,0.570399993207862,0.9416876927381985,0.710459662537,0.5509402396320037,,0.778110944528,0.786014266804,0.817659992235
GAVE,DualModal2019,DualModal2019_C1_R4,0.5912528172503877,0.9431565796780902,0.726851628984,0.5709088159174697,,0.782388197326,0.786014266804,0.817659992235
GAVE,DualModal2019,DualModal2019_C2_L4,0.5692217141306645,0.9417387005436979,0.709559446006,0.549858297470477,,0.769197207679,0.786014266804,0.817659992235
GAVE,DualModal2019,DualModal2019_C2_R3,0.5456089039822676,0.9241413578659549,0.686129836447,0.5222204259449432,,0.730735551664,0.786014266804,0.817659992235
GAVE,DualModal2019,DualModal2019_C3_L1,0.5616387865045637,0.9185433636796064,0.697062290698,0.5349927979837386,,0.717430858806,0.786014266804,0.817659992235
GAVE,DualModal2019,DualModal2019_C3_R1,0.5641434980522847,0.955119408983443,0.709323451453,0.5495749126700508,,0.773359073359,0.786014266804,0.817659992235
GAVE,DualModal2019,DualModal2019_C4_L2,0.4776535779123355,0.8840244010245664,0.620201581641,0.4494870941935188,,0.616302634542,0.786014266804,0.817659992235
GAVE,DualModal2019,DualModal2019_C4_R2,0.4896265941418722,0.8640291852451821,0.625050583247,0.4545989660645719,,0.581625441696,0.786014266804,0.817659992235
GAVE,DualModal2019,DualModal2019_C5_L1,0.5468753623189204,0.9602996864686371,0.69688552686,0.5347845804987312,,0.800429568641,0.786014266804,0.817659992235
GAVE,DualModal2019,DualModal2019_C5_R1,0.5265328303825951,0.9443568500400276,0.676100854824,0.5106890938690942,,0.810578105781,0.786014266804,0.817659992235
GAVE,DualModal2019,DualModal2019_C6_L2,0.5550817733983743,0.9675363035628481,0.705445147848,0.5449326049609293,,0.736069708782,0.786014266804,0.817659992235
GAVE,DualModal2019,DualModal2019_C6_R2,0.5619027463491163,0.9592174190958158,0.70867103649,0.5487920247399547,,0.68689432395,0.786014266804,0.817659992235
GAVE,DualModal2019,DualModal2019_C7_L4,0.5631667513323686,0.9612258169418223,0.710224428917,0.5506573739186562,,0.771143490656,0.786014266804,0.817659992235
GAVE,DualModal2019,DualModal2019_C7_R3,0.5995486393573815,0.9167279682209003,0.724964037908,0.5685832082089073,,0.584815618221,0.786014266804,0.817659992235
GAVE,DualModal2019,DualModal2019_C8_L4,0.5769961563576809,0.9491666964899506,0.717702615544,0.5597006000667133,,0.725954666122,0.786014266804,0.817659992235
GAVE,DualModal2019,DualModal2019_C8_R2,0.618614262561718,0.9261501504408921,0.741769667289,0.5895340845032507,,0.627701173081,0.786014266804,0.817659992235
GAVE,DualModal2019,DualModal2019_C9_L4,0.6162135049114571,0.93629602375785,0.74325888992,0.591417662682083,,0.665808297568,0.786014266804,0.817659992235
GAVE,DualModal2019,DualModal2019_C9_R5,0.6324264160284114,0.9533083117910421,0.760401280768,0.6134253520680552,,0.769683257919,0.786014266804,0.817659992235
GAVE,HRF,01_dr,0.5887502833547935,0.8235619123572957,0.686636156981,0.5228072636769449,,0.529122001735,0.765541569149,0.706013021441
GAVE,HRF,01_g,0.6943925844563713,0.7953132760684137,0.741434474893,0.5891107456085491,,0.360314256883,0.765541569149,0.706013021441
GAVE,HRF,01_h,0.8767778828259989,0.7573571031118522,0.812703923634,0.684499797322225,,0.403477775711,0.765541569149,0.706013021441
GAVE,HRF,02_dr,0.6874685603883564,0.8039426839232875,0.741157506569,0.5887611122412627,,0.479535460593,0.765541569149,0.706013021441
GAVE,HRF,02_g,0.7078077919024575,0.8329402580200714,0.765292683441,0.6198170798677944,,0.415148307471,0.765541569149,0.706013021441
GAVE,HRF,02_h,0.8795166998580679,0.830898597048189,0.854516670091,0.7459878706038304,,0.672220467467,0.765541569149,0.706013021441
GAVE,HRF,03_dr,0.7029772901067208,0.8273988673138138,0.760130260474,0.6130726771060615,,0.403797046741,0.765541569149,0.706013021441
GAVE,HRF,03_g,0.7304537955288503,0.774531185547443,0.751847030173,0.6023676971879574,,0.312541151194,0.765541569149,0.706013021441
GAVE,HRF,03_h,0.8867788236444829,0.6904084955410585,0.776368952581,0.6344796123133619,,0.412935323383,0.765541569149,0.706013021441
GAVE,HRF,04_dr,0.7449985448516735,0.8141888748727663,0.778058518612,0.6367395906129691,,0.37325156756,0.765541569149,0.706013021441
GAVE,HRF,04_g,0.721553077836028,0.7988085387424313,0.75821798373,0.6105886329450121,,0.393004115226,0.765541569149,0.706013021441
GAVE,HRF,04_h,0.8742931298114656,0.7788416552082776,0.823811723678,0.7004080386297514,,0.500022627506,0.765541569149,0.706013021441
GAVE,HRF,05_dr,0.6928104021309632,0.8031408037276256,0.743907021859,0.5922388189447345,,0.375828950377,0.765541569149,0.706013021441
GAVE,HRF,05_g,0.7594683107448418,0.7970548601901073,0.777807769962,0.6364037921741792,,0.344127569999,0.765541569149,0.706013021441
GAVE,HRF,05_h,0.893266780440851,0.7814455065473274,0.833622965744,0.7147114022831779,,0.485727046038,0.765541569149,0.706013021441
GAVE,HRF,06_dr,0.7441416274404936,0.6569325820512428,0.697822966713,0.5358894749906097,,0.262141141895,0.765541569149,0.706013021441
GAVE,HRF,06_g,0.7262097669987019,0.7942154296893403,0.758691717814,0.6112032995364453,,0.352579957356,0.765541569149,0.706013021441
GAVE,HRF,06_h,0.8787811157009537,0.8160940870262362,0.846278323218,0.7335203457201814,,0.500404882584,0.765541569149,0.706013021441
GAVE,HRF,07_dr,0.7094585219543937,0.859752121050923,0.777408019461,0.6358687377601371,,0.506941321942,0.765541569149,0.706013021441
GAVE,HRF,07_g,0.7730272289335179,0.8258262260117389,0.798554935851,0.6646620471295768,,0.511245020423,0.765541569149,0.706013021441
GAVE,HRF,07_h,0.8492995083330384,0.7712701968283704,0.808406323865,0.6784244831569689,,0.410818976369,0.765541569149,0.706013021441
GAVE,HRF,08_dr,0.6539265298518324,0.8450802806871557,0.737315416462,0.5839268381625972,,0.430464159812,0.765541569149,0.706013021441
GAVE,HRF,08_g,0.7447744215168799,0.8437714874056089,0.791188240636,0.654517326214855,,0.591831911831,0.765541569149,0.706013021441
GAVE,HRF,08_h,0.888097578086392,0.7764739961080879,0.82854313516,0.7072758374873359,,0.389177191447,0.765541569149,0.706013021441
GAVE,HRF,09_dr,0.714253602334332,0.7221014812968806,0.718156102408,0.5602523862360211,,0.320680876933,0.765541569149,0.706013021441
GAVE,HRF,09_g,0.7243775651567538,0.8258986646201744,0.771814019015,0.6284178707169483,,0.514285047383,0.765541569149,0.706013021441
GAVE,HRF,09_h,0.9012619119977421,0.7269194994876881,0.804756587141,0.6732993283903881,,0.345948236521,0.765541569149,0.706013021441
GAVE,HRF,10_dr,0.7388328123116464,0.7772353470250831,0.757547704876,0.60971975169509,,0.381588156124,0.765541569149,0.706013021441
GAVE,HRF,10_g,0.7279032186026084,0.820120462618866,0.771265106114,0.6276904073870605,,0.548466511746,0.765541569149,0.706013021441
GAVE,HRF,10_h,0.8961378636040075,0.7275678372869283,0.803102541274,0.6709869215770893,,0.315029066454,0.765541569149,0.706013021441
GAVE,HRF,11_dr,0.753945528490861,0.815440653334787,0.783488272614,0.644044981216526,,0.461182735426,0.765541569149,0.706013021441
GAVE,HRF,11_g,0.7612444788211581,0.7990771832194166,0.779702171259,0.6389441601018259,,0.467727655053,0.765541569149,0.706013021441
GAVE,HRF,11_h,0.8507682066222461,0.7948403028657245,0.821853867577,0.6975822819931158,,0.511858176212,0.765541569149,0.706013021441
GAVE,HRF,12_dr,0.7314072115432348,0.7711145917898868,0.750736225072,0.600942923455271,,0.390257200427,0.765541569149,0.706013021441
GAVE,HRF,12_g,0.7507908848285303,0.8076664932050214,0.778190856711,0.6369168711703861,,0.465074945198,0.765541569149,0.706013021441
GAVE,HRF,12_h,0.8628995249888957,0.8227849574356481,0.842364934057,0.7276601744702822,,0.598046913338,0.765541569149,0.706013021441
GAVE,HRF,13_dr,0.7395916324066854,0.8080464146108353,0.772305085151,0.6290692221739711,,0.404734991208,0.765541569149,0.706013021441
GAVE,HRF,13_g,0.7191582870756239,0.7773604485610199,0.747127577243,0.5963317283326529,,0.468107959869,0.765541569149,0.706013021441
GAVE,HRF,13_h,0.8383072984260348,0.797759526643546,0.817530950847,0.691376194102159,,0.602419783726,0.765541569149,0.706013021441
GAVE,HRF,14_dr,0.69809042357652,0.8140545591862282,0.751625933379,0.6020839053581444,,0.538185545874,0.765541569149,0.706013021441
GAVE,HRF,14_g,0.7569610269327083,0.723736485352208,0.739976002709,0.5872713569740879,,0.374463271619,0.765541569149,0.706013021441
GAVE,HRF,14_h,0.8017330842676905,0.7789831021180034,0.790194382056,0.653158135766383,,0.622817173179,0.765541569149,0.706013021441
GAVE,HRF,15_dr,0.6968708395095706,0.8276362834391785,0.756645322238,0.6085514743065416,,0.488352502835,0.765541569149,0.706013021441
GAVE,HRF,15_g,0.7377622147818892,0.7493090649336105,0.743490810215,0.5917113987381325,,0.317618245829,0.765541569149,0.706013021441
GAVE,HRF,15_h,0.7976614224488847,0.8313842603053248,0.814173793525,0.6865877892387131,,0.700857632933,0.765541569149,0.706013021441
GAVE,LES,111,0.7438353509465551,0.8194509456110772,0.77981439875,0.639094903227125,,0.472470392686,0.817080696689,0.755787186184
GAVE,LES,119,0.7433104002973784,0.8470452480920933,0.791794644257,0.6553477357912195,,0.580111351686,0.817080696689,0.755787186184
GAVE,LES,12,0.7845633055415445,0.8995463128091882,0.838129562322,0.7213623267642503,,0.665710774273,0.817080696689,0.755787186184
GAVE,LES,15,0.7270711267762451,0.8231617477031087,0.772138366144,0.6288480272155438,,0.48612889458,0.817080696689,0.755787186184
GAVE,LES,224,0.7545378258576314,0.8578999222186914,0.802905963826,0.6707125251347388,,0.573491655969,0.817080696689,0.755787186184
GAVE,LES,240,0.7321334942878193,0.8594637923873611,0.790705330805,0.6538566248136649,,0.628042035398,0.817080696689,0.755787186184
GAVE,LES,275,0.8191484485987872,0.8476125308264825,0.833137442273,0.7139979226824428,,0.511607910576,0.817080696689,0.755787186184
GAVE,LES,279,0.7471182174418871,0.8646143661041956,0.801583526415,0.6688689150084068,,0.704977375566,0.817080696689,0.755787186184
GAVE,LES,304,0.7216403211964527,0.7284313125748482,0.725019915063,0.5686519527862469,,0.428571428571,0.817080696689,0.755787186184
GAVE,LES,318,0.7016674127132192,0.9016407586892866,0.78918320212,0.6517775467781488,,0.643878185208,0.817080696689,0.755787186184
GAVE,LES,33,0.7594481616072871,0.8768715766841311,0.813946677162,0.6862648259476061,,0.380757220921,0.817080696689,0.755787186184
GAVE,LES,34,0.7790730364989373,0.852044064712585,0.813926303922,0.6862358609025873,,0.408424666579,0.817080696689,0.755787186184
GAVE,LES,367,0.7617903401529882,0.9114430959075738,0.829924302369,0.7092911202662451,,0.629050925926,0.817080696689,0.755787186184
GAVE,LES,37,0.7746866980199714,0.884767770634235,0.826076081862,0.7036879214219153,,0.522772277228,0.817080696689,0.755787186184
GAVE,LES,370,0.6783624967358924,0.8978008209115212,0.772806218272,0.6297344639277905,,0.568045649073,0.817080696689,0.755787186184
GAVE,LES,42,0.74910366798206,0.8791620359362228,0.808938620135,0.6791745864740308,,0.476602650798,0.817080696689,0.755787186184
GAVE,LES,486,0.7460075101170288,0.7785113633771908,0.761912933829,0.6153952776401651,,0.489671002295,0.817080696689,0.755787186184
GAVE,LES,49,0.7615930830373098,0.8583300130909824,0.80707312896,0.6765487043278599,,0.522001419446,0.817080696689,0.755787186184
GAVE,LES,529,0.7458016941847904,0.7484818999857042,0.747139393424,0.5963467839138876,,0.308406395049,0.817080696689,0.755787186184
GAVE,LES,53,0.7918000958178103,0.8429478747784156,0.816573832816,0.6900082619932796,,0.455415617128,0.817080696689,0.755787186184
GAVE,LES,586,0.7395994129412728,0.9136225489619725,0.81745188055,0.6912631013528605,,0.69212962963,0.817080696689,0.755787186184
GAVE,LES,90,0.7061231335258042,0.826441667740353,0.761559419372,0.6149341609799489,,0.324405758286,0.817080696689,0.755787186184
GAVE,STARE,im0001,0.6216057568982364,0.8459421876376738,0.71662739987,0.5583938754788819,,0.714882943144,0.770052591558,0.803906990831
GAVE,STARE,im0002,0.6123101314384319,0.8489629498308676,0.711473607583,0.5521606788731954,,0.0,0.770052591558,0.803906990831
GAVE,STARE,im0003,0.6872326052693695,0.8429275991312885,0.75715905869,0.6092163796052025,,0.595032944754,0.770052591558,0.803906990831
GAVE,STARE,im0004,0.6291540154333318,0.7194139194131776,0.6712634113,0.5051892278790532,,0.726550079491,0.770052591558,0.803906990831
GAVE,STARE,im0005,0.633405639912851,0.8243197323371622,0.716360951786,0.5580703958661228,,0.685503685504,0.770052591558,0.803906990831
GAVE,STARE,im0044,0.6867740099758928,0.6955519392457656,0.691135104179,0.5280415926698668,,0.436078827691,0.770052591558,0.803906990831
GAVE,STARE,im0077,0.6186562040206404,0.9291417459721303,0.742757548636,0.5907830648179051,,0.815873015873,0.770052591558,0.803906990831
GAVE,STARE,im0081,0.5951128796821786,0.9413569508147283,0.729221797511,0.5738387675227001,,0.920644957319,0.770052591558,0.803906990831
GAVE,STARE,im0082,0.6251240079371174,0.9080156109266596,0.740470536392,0.5878945731613744,,0.850988891899,0.770052591558,0.803906990831
GAVE,STARE,im0139,0.6244296675181203,0.8961153360551424,0.736000578787,0.5822792055400589,,0.0,0.770052591558,0.803906990831
GAVE,STARE,im0162,0.5446651554158831,0.9394300861490669,0.689544470657,0.5261868527524202,,0.0,0.770052591558,0.803906990831
GAVE,STARE,im0163,0.6051284055815216,0.9453757137186138,0.737919611044,0.5846851099987468,,0.9496875,0.770052591558,0.803906990831
GAVE,STARE,im0235,0.7058835622075764,0.9107715975697865,0.795344258498,0.6602253499463187,,0.729479399553,0.770052591558,0.803906990831
GAVE,STARE,im0236,0.7087434501181674,0.8991397288842495,0.792668773341,0.6565462367228926,,0.637270550678,0.770052591558,0.803906990831
GAVE,STARE,im0239,0.6374161609707121,0.8731508572369578,0.736889473502,0.5833927103315664,,0.748400134725,0.770052591558,0.803906990831
GAVE,STARE,im0240,0.692374302190949,0.8690423883631708,0.770713699754,0.6269602936270969,,0.817781690141,0.770052591558,0.803906990831
GAVE,STARE,im0255,0.629268115018304,0.9116692610082291,0.74459144975,0.5931068811039429,,0.0,0.770052591558,0.803906990831
GAVE,STARE,im0291,0.605792939854065,0.9062003921940743,0.726153731036,0.570048167293036,,0.0,0.770052591558,0.803906990831
GAVE,STARE,im0319,0.6014428215175925,0.7402576048232549,0.663669197317,0.49663541092110375,,0.611377655929,0.770052591558,0.803906990831
GAVE,STARE,im0324,0.6872502070359072,0.6753830366941483,0.681264946283,0.5166048664307359,,0.739327883742,0.770052591558,0.803906990831
SA-UNetv2,AFIO,IM000001,0.8895855775297313,0.6046709217500528,0.719965456265,0.5624578334926962,,0.510204081633,0.773211805499,0.644628813793
SA-UNetv2,AFIO,IM000004,0.7153283907177521,0.7807863755862327,0.746625424896,0.5956921735340356,,0.502145922747,0.773211805499,0.644628813793
SA-UNetv2,AFIO,IM000023,0.6445916458847595,0.6508608479437109,0.647711077352,0.47897388383813505,,0.380952380952,0.773211805499,0.644628813793
SA-UNetv2,AFIO,IM000024,0.6820969282522789,0.6513847577495872,0.666387168321,0.4996856302604916,,0.284444444444,0.773211805499,0.644628813793
SA-UNetv2,AFIO,IM000135,0.8240973486715668,0.6134402665830864,0.70333393978,0.542417173825517,,0.210702341137,0.773211805499,0.644628813793
SA-UNetv2,AFIO,IM000136,0.8794580663137306,0.6304121234057607,0.734395619976,0.5802726598987225,,0.5,0.773211805499,0.644628813793
SA-UNetv2,AFIO,IM000167,0.8158695703477685,0.6663519164429941,0.733569519284,0.5792418379485488,,0.677419354839,0.773211805499,0.644628813793
SA-UNetv2,AFIO,IM000168,0.8053897409189618,0.6726062651267551,0.733033355158,0.5785735229433879,,0.201086956522,0.773211805499,0.644628813793
SA-UNetv2,AFIO,IM000189,0.7677173723962062,0.6630833945392295,0.7115744597,0.5522821749825879,,0.493243243243,0.773211805499,0.644628813793
SA-UNetv2,AFIO,IM000209,0.7717181346109996,0.7172618006735669,0.743494154255,0.5917156348876131,,0.324324324324,0.773211805499,0.644628813793
SA-UNetv2,AFIO,IM000210,0.8084476187271942,0.6394805011102707,0.714105184176,0.5553371670748997,,0.302603036876,0.773211805499,0.644628813793
SA-UNetv2,AFIO,IM000333,0.8218294559605531,0.6086482862652292,0.699353894447,0.5376972963369259,,0.536585365854,0.773211805499,0.644628813793
SA-UNetv2,AFIO,IM000389,0.7857373471254512,0.6145222055007805,0.689662208116,0.5263239848439428,,0.0697674418605,0.773211805499,0.644628813793
SA-UNetv2,AFIO,IM000390,0.7854821349433263,0.6169459777543872,0.691087178535,0.5279856436592172,,0.558823529412,0.773211805499,0.644628813793
SA-UNetv2,AFIO,IM000678,0.7677114641479866,0.6651927124303997,0.712784678205,0.5537416049484509,,0.608695652174,0.773211805499,0.644628813793
SA-UNetv2,AFIO,IM000679,0.7227029109890692,0.6256052075641118,0.670657839132,0.5045035498566381,,0.454545454545,0.773211805499,0.644628813793
SA-UNetv2,AFIO,IM000715,0.6313476996526144,0.7293772463881966,0.676831343507,0.5115231079467312,,0.787769784173,0.773211805499,0.644628813793
SA-UNetv2,AFIO,IM000716,0.5862097878648952,0.6733010176234576,0.626744359779,0.4563930716338708,,0.552731893266,0.773211805499,0.644628813793
SA-UNetv2,AFIO,IM000938,0.7064746781017004,0.6566088187479324,0.680629623843,0.5158745687662822,,0.413043478261,0.773211805499,0.644628813793
SA-UNetv2,AFIO,IM001031,0.765797318434154,0.6218398914513542,0.686351328685,0.5224770851387096,,0.218181818182,0.773211805499,0.644628813793
SA-UNetv2,AFIO,IM001032,0.765797318434154,0.6218398914513542,0.686351328685,0.5224770851387096,,0.218181818182,0.773211805499,0.644628813793
SA-UNetv2,AFIO,IM001034,0.7010769027469878,0.5588382442008661,0.621928526425,0.45130353421480374,,0.5,0.773211805499,0.644628813793
SA-UNetv2,AFIO,IM001069,0.8329187560052794,0.6206943899564871,0.711314424444,0.5519689503291796,,0.289473684211,0.773211805499,0.644628813793
SA-UNetv2,AFIO,IM001070,0.8028958136601427,0.5836109382434582,0.675912725962,0.5104744522622774,,0.169565217391,0.773211805499,0.644628813793
SA-UNetv2,AFIO,IM001096,0.8355537900542672,0.6206533910356962,0.712246581289,0.5530923629788815,,0.152631578947,0.773211805499,0.644628813793
SA-UNetv2,AFIO,IM001097,0.8441795521004856,0.6513435338494443,0.735329193958,0.5814392096701722,,0.615384615385,0.773211805499,0.644628813793
SA-UNetv2,AFIO,IM001126,0.7676853555695001,0.6204757467078976,0.686275020172,0.5223886511329418,,0.490196078431,0.773211805499,0.644628813793
SA-UNetv2,AFIO,IM001127,0.7784423089834438,0.5961423660430729,0.675203860972,0.5096662354914437,,0.2,0.773211805499,0.644628813793
SA-UNetv2,AFIO,IM001154,0.821028242219922,0.6501053675471122,0.725637513318,0.5694121734604018,,0.310126582278,0.773211805499,0.644628813793
SA-UNetv2,AFIO,IM001155,0.8376105536548206,0.6324555947196762,0.720717882581,0.5633768132670185,,0.351351351351,0.773211805499,0.644628813793
SA-UNetv2,AFIO,IM001192,0.826744579480428,0.5707296440794759,0.675286358255,0.50976025080067,,0.505050505051,0.773211805499,0.644628813793
SA-UNetv2,AFIO,IM001193,0.8360440999886642,0.5489207687807929,0.662720016152,0.4955731216772083,,0.0906515580737,0.773211805499,0.644628813793
SA-UNetv2,AFIO,IM001218,0.8755338775284287,0.6176024910424135,0.724290044949,0.5677544821856034,,0.369942196532,0.773211805499,0.644628813793
SA-UNetv2,AFIO,IM001219,0.8457613848509512,0.644890836570328,0.731792109759,0.5770285103808463,,0.584905660377,0.773211805499,0.644628813793
SA-UNetv2,AFIO,IM001246,0.7827561941370901,0.6333021753913087,0.700142326355,0.5386299904601813,,0.6,0.773211805499,0.644628813793
SA-UNetv2,AFIO,IM001686,0.7832002882933967,0.6762847713343368,0.725826447326,0.5696448853476589,,0.8,0.773211805499,0.644628813793
SA-UNetv2,AFIO,IM001749,0.8304307974347425,0.6316480181538341,0.71752625347,0.5594861145590051,,0.4,0.773211805499,0.644628813793
SA-UNetv2,AFIO,IM001750,0.8249393548364863,0.5769691719014366,0.679023727085,0.5140317362299003,,0.52,0.773211805499,0.644628813793
SA-UNetv2,AFIO,IM001791,0.8641672169039031,0.6400690793493053,0.735425300274,0.5815593973478572,,0.769230769231,0.773211805499,0.644628813793
SA-UNetv2,AFIO,IM001792,0.8313725490202523,0.6329481106605134,0.718716465111,0.5609347545180652,,0.175757575758,0.773211805499,0.644628813793
SA-UNetv2,AFIO,IM001814,0.8129927236566434,0.6575747311366137,0.727070995529,0.5711795339529984,,0.546805349183,0.773211805499,0.644628813793
SA-UNetv2,AFIO,IM001858,0.8388365992915499,0.6708726033094884,0.745511111873,0.5942747830840309,,0.364648573417,0.773211805499,0.644628813793
SA-UNetv2,AFIO,IM001859,0.7918278529971425,0.679178763998401,0.731189997767,0.5762801337317379,,0.481927710843,0.773211805499,0.644628813793
SA-UNetv2,AFIO,IM002094,0.6721245339706178,0.6173809706361616,0.643590734105,0.4744812279650267,,0.857142857143,0.773211805499,0.644628813793
SA-UNetv2,AFIO,IM002348,0.8438978345350316,0.6347826086963958,0.724553667199,0.5680785216637161,,0.375,0.773211805499,0.644628813793
SA-UNetv2,AFIO,IM002350,0.842427527505907,0.6567750518440284,0.738106231504,0.5849194678120322,,0.170454545455,0.773211805499,0.644628813793
SA-UNetv2,AFIO,IM002421,0.8342644505084804,0.6176388480749404,0.70979125773,0.5501367604138145,,0.577777777778,0.773211805499,0.644628813793
SA-UNetv2,AFIO,IM002422,0.8280359302125865,0.6391280072667004,0.721420340976,0.5642357407177071,,0.734693877551,0.773211805499,0.644628813793
SA-UNetv2,AFIO,IM002471,0.8235166691918641,0.6218216613649886,0.7085960326,0.5487020719214805,,0.8,0.773211805499,0.644628813793
SA-UNetv2,AFIO,IM002587,0.8409513820740645,0.6566685746995568,0.737471937337,0.58412320418564,,0.457831325301,0.773211805499,0.644628813793
SA-UNetv2,AFIO,IM002649,0.8362895837722003,0.5696210144869461,0.677664883817,0.512475903818633,,0.794871794872,0.773211805499,0.644628813793
SA-UNetv2,AFIO,IM002742,0.7440798538798874,0.4775424164526373,0.581734141698,0.4101728447404589,,0.666666666667,0.773211805499,0.644628813793
SA-UNetv2,AFIO,IM002743,0.7909070069505123,0.49074513076350507,0.605677236633,0.4343881148224355,,0.708333333333,0.773211805499,0.644628813793
SA-UNetv2,AFIO,IM003024,0.8091995501570005,0.6359495342899883,0.712189603977,0.5530236486491917,,0.434782608696,0.773211805499,0.644628813793
SA-UNetv2,AFIO,IM003537,0.87986214133359,0.6006508744194758,0.71392815725,0.5551230759577254,,0.769230769231,0.773211805499,0.644628813793
SA-UNetv2,AFIO,IM003630,0.8343857557099864,0.6253529136965835,0.714902707472,0.5563023995371336,,0.361111111111,0.773211805499,0.644628813793
SA-UNetv2,AFIO,IM003631,0.8253283055480645,0.5824658785253174,0.682948661106,0.5185436899365741,,0.339622641509,0.773211805499,0.644628813793
SA-UNetv2,AFIO,IM003705,0.6925991854784586,0.572787598282355,0.627021285687,0.456686821980881,,0.777777777778,0.773211805499,0.644628813793
SA-UNetv2,AFIO,IM004162,0.8235753546354596,0.6196870638362738,0.707229658072,0.5470651941297309,,0.785714285714,0.773211805499,0.644628813793
SA-UNetv2,AFIO,IM004163,0.7887463397158632,0.6143811227251117,0.690729637487,0.5275683749238932,,0.673913043478,0.773211805499,0.644628813793
SA-UNetv2,AFIO,IM004455,0.8441706730768508,0.5806608960210443,0.68804890354,0.5244470662028048,,0.9,0.773211805499,0.644628813793
SA-UNetv2,AFIO,IM004512,0.8044608055441086,0.5871442782372751,0.678834195917,0.5138145369938393,,0.4,0.773211805499,0.644628813793
SA-UNetv2,AFIO,IM004513,0.8021911588701472,0.6429157643900703,0.713776031089,0.5549391461685548,,0.457142857143,0.773211805499,0.644628813793
SA-UNetv2,AFIO,IM004515,0.8783770518648171,0.6095657636783844,0.71968972574,0.5621213390292987,,0.272727272727,0.773211805499,0.644628813793
SA-UNetv2,AFIO,IM004516,0.8452515932294964,0.6289621063349841,0.721240377318,0.5640156011536477,,0.235294117647,0.773211805499,0.644628813793
SA-UNetv2,AFIO,IM004538,0.8247570412456091,0.5932179567663947,0.690083658065,0.5268150613691962,,0.724137931034,0.773211805499,0.644628813793
SA-UNetv2,AFIO,IM004539,0.8408536418222707,0.6027293627558898,0.702151768342,0.5410122317961644,,0.642857142857,0.773211805499,0.644628813793
SA-UNetv2,AFIO,IM004564,0.8439917735783921,0.6711903347963897,0.747737341858,0.5971090305986034,,0.62962962963,0.773211805499,0.644628813793
SA-UNetv2,AFIO,IM004790,0.819960444240415,0.5070131042980968,0.626584743447,0.45622381174037885,,0.647058823529,0.773211805499,0.644628813793
SA-UNetv2,AFIO,IM004993,0.8395391432776543,0.6110117307103914,0.707273731838,0.5471179392398383,,0.897435897436,0.773211805499,0.644628813793
SA-UNetv2,AFIO,IM005024,0.8736168959580815,0.5754388881961555,0.693849251101,0.5312168229324753,,0.585365853659,0.773211805499,0.644628813793
SA-UNetv2,AFIO,IM005025,0.8496264009949279,0.6087780938041758,0.709314792553,0.5495645169406088,,0.75,0.773211805499,0.644628813793
SA-UNetv2,AFIO,IM005060,0.8437376947086952,0.6267013107154256,0.719202248068,0.5615267882717082,,0.625,0.773211805499,0.644628813793
SA-UNetv2,AFIO,IM005092,0.887737646281042,0.623236072822617,0.73233586709,0.5777049678047438,,0.952380952381,0.773211805499,0.644628813793
SA-UNetv2,AFIO,IM005093,0.8598746111340204,0.6212214936694066,0.721320633502,0.5641137664382014,,0.857142857143,0.773211805499,0.644628813793
SA-UNetv2,AFIO,IM005132,0.8843489656479232,0.6202565718635017,0.729125666613,0.5737197199268408,,0.901960784314,0.773211805499,0.644628813793
SA-UNetv2,AFIO,IM005133,0.8758341106393882,0.6100962139203293,0.719203405559,0.5615281994662815,,0.785714285714,0.773211805499,0.644628813793
SA-UNetv2,AFIO,IM005190,0.815806689019105,0.5798857840359468,0.677906789091,0.5127526436845613,,0.4375,0.773211805499,0.644628813793
SA-UNetv2,AFIO,IM005191,0.8612528055498271,0.6132076124325349,0.716366163718,0.5580767220915033,,0.65,0.773211805499,0.644628813793
SA-UNetv2,AFIO,IM005249,0.8048831523535909,0.6335000476741172,0.708981466661,0.5491644374983061,,0.869565217391,0.773211805499,0.644628813793
SA-UNetv2,AFIO,IM005283,0.878228104035431,0.6009401480966327,0.713593637696,0.5547186787990757,,0.333333333333,0.773211805499,0.644628813793
SA-UNetv2,AFIO,IM005320,0.7864509246087001,0.562444365948764,0.655847632856,0.4879265542265259,,0.714285714286,0.773211805499,0.644628813793
SA-UNetv2,AFIO,IM005321,0.7409610382036683,0.6478615878039098,0.69129086137,0.5282234539094501,,0.5,0.773211805499,0.644628813793
SA-UNetv2,AFIO,IM005357,0.7612567164898676,0.6420803688926978,0.696608104264,0.5344579067454144,,0.833333333333,0.773211805499,0.644628813793
SA-UNetv2,AFIO,IM005387,0.840021326138488,0.6283409838193846,0.718923147122,0.5611865872893613,,0.766666666667,0.773211805499,0.644628813793
SA-UNetv2,AFIO,IM005456,0.7987299254732956,0.6144374015911088,0.694566780001,0.5320584533627328,,0.5,0.773211805499,0.644628813793
SA-UNetv2,AFIO,IM005457,0.831574686277524,0.6166438198532139,0.70816025188,0.5481796429553879,,1.0,0.773211805499,0.644628813793
SA-UNetv2,AFIO,IM005488,0.8611083661975271,0.6064302253487138,0.711670743885,0.5523981858729708,,0.388888888889,0.773211805499,0.644628813793
SA-UNetv2,AFIO,IM005489,0.9018460844976276,0.569577173174109,0.698196036753,0.5363296290875761,,0.782608695652,0.773211805499,0.644628813793
SA-UNetv2,AFIO,IM005523,0.8598259706895375,0.613257239925198,0.715905928194,0.5575182877272551,,0.444444444444,0.773211805499,0.644628813793
SA-UNetv2,AFIO,IM005524,0.8872686315723963,0.5578834559609963,0.685038612638,0.5209572077338979,,0.443396226415,0.773211805499,0.644628813793
SA-UNetv2,AFIO,IM005558,0.8748926424265073,0.6198447683698444,0.725609225241,0.5693773366950338,,1.0,0.773211805499,0.644628813793
SA-UNetv2,AFIO,IM005713,0.8784555496264448,0.6059523890655246,0.717191312589,0.5590789333025609,,0.428571428571,0.773211805499,0.644628813793
SA-UNetv2,AFIO,IM005806,0.8467982704454404,0.5786761408115165,0.687521222854,0.5238341638933185,,0.5625,0.773211805499,0.644628813793
SA-UNetv2,AFIO,IM005833,0.7803010322390052,0.5757945882103194,0.662627479601,0.49546963878344646,,0.65,0.773211805499,0.644628813793
SA-UNetv2,AFIO,IM005834,0.9035990384115828,0.6195504592050677,0.735088971977,0.5811388751396306,,0.95652173913,0.773211805499,0.644628813793
SA-UNetv2,AFIO,IM006037,0.8292465498346346,0.6547484341180141,0.731738160672,0.576961427034435,,1.0,0.773211805499,0.644628813793
SA-UNetv2,AFIO,IM006105,0.8598977516323112,0.5590045242406994,0.67754734307,0.5123414736395089,,0.166666666667,0.773211805499,0.644628813793
SA-UNetv2,AFIO,IM006106,0.8643281965563764,0.6080133667492528,0.71386030234,0.5550410298654151,,0.48275862069,0.773211805499,0.644628813793
SA-UNetv2,CHASEDB1,Image_01L,0.7787800797827369,0.9048217089036348,0.837082886683,0.7198130263087971,,0.676829268293,0.832436195914,0.822650598843
SA-UNetv2,CHASEDB1,Image_01R,0.7985415800818745,0.8704934237616698,0.832966585435,0.7137469887659386,,0.504811250925,0.832436195914,0.822650598843
SA-UNetv2,CHASEDB1,Image_02L,0.7743506493507258,0.8520046260602777,0.811323756149,0.6825439309870646,,0.582433554817,0.832436195914,0.822650598843
SA-UNetv2,CHASEDB1,Image_02R,0.7265206923688993,0.8502203231412983,0.783518221139,0.6440854559059761,,0.519072388383,0.832436195914,0.822650598843
SA-UNetv2,CHASEDB1,Image_03L,0.7787086883673024,0.8714027341874809,0.822452194323,0.69844484475104,,0.607820586544,0.832436195914,0.822650598843
SA-UNetv2,CHASEDB1,Image_03R,0.7752185940823473,0.8667513566503621,0.818433696453,0.6926684469556257,,0.703983716197,0.832436195914,0.822650598843
SA-UNetv2,CHASEDB1,Image_04L,0.7819317904145946,0.8939974457215449,0.834217827682,0.7155863655242478,,0.704402515723,0.832436195914,0.822650598843
SA-UNetv2,CHASEDB1,Image_04R,0.7534584920133761,0.8388328998696214,0.79385692218,0.6581780692343965,,0.564372469636,0.832436195914,0.822650598843
SA-UNetv2,CHASEDB1,Image_05L,0.7740176460967001,0.8710182905140853,0.819658114363,0.6944243225941708,,0.779476724431,0.832436195914,0.822650598843
SA-UNetv2,CHASEDB1,Image_05R,0.805538879765794,0.8708595079769912,0.83692658931,0.7195819125582867,,0.702294197031,0.832436195914,0.822650598843
SA-UNetv2,CHASEDB1,Image_06L,0.7442781582870028,0.8407814306951414,0.789592087401,0.6523355301813749,,0.572851805729,0.832436195914,0.822650598843
SA-UNetv2,CHASEDB1,Image_06R,0.7481061281766832,0.8765187827448087,0.807237496391,0.6767797394271717,,0.604693552062,0.832436195914,0.822650598843
SA-UNetv2,CHASEDB1,Image_07L,0.7495507510099524,0.887843210751534,0.812856967766,0.6847169597047985,,0.610480560251,0.832436195914,0.822650598843
SA-UNetv2,CHASEDB1,Image_07R,0.7457314422033443,0.8697100098672174,0.802963300373,0.6707925501559021,,0.553011719815,0.832436195914,0.822650598843
SA-UNetv2,CHASEDB1,Image_08L,0.7008924451935953,0.857205043046396,0.771207890633,0.6276146182532699,,0.560125479261,0.832436195914,0.822650598843
SA-UNetv2,CHASEDB1,Image_08R,0.7131395241413114,0.8868630507930008,0.790570095235,0.6536716945068536,,0.609368285346,0.832436195914,0.822650598843
SA-UNetv2,CHASEDB1,Image_09L,0.680456848810721,0.8938463440764676,0.772689618314,0.6295796318878429,,0.727665084161,0.832436195914,0.822650598843
SA-UNetv2,CHASEDB1,Image_09R,0.676597148062211,0.882504762490071,0.765954042402,0.6206851841181716,,0.689877961235,0.832436195914,0.822650598843
SA-UNetv2,CHASEDB1,Image_10L,0.6605124064006223,0.8986117584399217,0.76138158637,0.6147022989417948,,0.571565342269,0.832436195914,0.822650598843
SA-UNetv2,CHASEDB1,Image_10R,0.6315916612312141,0.8807667042838945,0.735652235079,0.5818432677222833,,0.602428213529,0.832436195914,0.822650598843
SA-UNetv2,CHASEDB1,Image_11L,0.6594524786044484,0.9089966548653888,0.764373015742,0.6186114624236778,,0.765685019206,0.832436195914,0.822650598843
SA-UNetv2,CHASEDB1,Image_11R,0.6556362146187205,0.8760878493337065,0.749997907232,0.5999973212614448,,0.684026258206,0.832436195914,0.822650598843
SA-UNetv2,CHASEDB1,Image_12L,0.6792967635144426,0.8619625680834575,0.759805142153,0.6126498084922196,,0.478632478632,0.832436195914,0.822650598843
SA-UNetv2,CHASEDB1,Image_12R,0.6866013282600604,0.9063710260893636,0.781326240484,0.6411283039312392,,0.644116872861,0.832436195914,0.822650598843
SA-UNetv2,CHASEDB1,Image_13L,0.6865500245160974,0.902092092769962,0.779699016749,0.6389399233882499,,0.490659340659,0.832436195914,0.822650598843
SA-UNetv2,CHASEDB1,Image_13R,0.6911108722521581,0.8484618556695877,0.761745388847,0.6151767027442776,,0.541585318235,0.832436195914,0.822650598843
SA-UNetv2,CHASEDB1,Image_14L,0.7509032233175916,0.8847196764269211,0.812337436539,0.6839799969544761,,0.769893899204,0.832436195914,0.822650598843
SA-UNetv2,CHASEDB1,Image_14R,0.6654347855843433,0.866456361723852,0.752756100582,0.6035356043298811,,0.531598513011,0.832436195914,0.822650598843
SA-UNetv2,DualModal2019,DualModal2019_A1_L4,0.6496215651914456,0.9309538757461229,0.765250045293,0.619761144655875,,0.821960512643,0.83195055195,0.872601555193
SA-UNetv2,DualModal2019,DualModal2019_A1_R2,0.570303974331875,0.9433036609638425,0.710844494048,0.5514032176615219,,0.862619808307,0.83195055195,0.872601555193
SA-UNetv2,DualModal2019,DualModal2019_A2_R2,0.5692507331229613,0.940445644835087,0.709214621696,0.549444263637273,,0.851355820106,0.83195055195,0.872601555193
SA-UNetv2,DualModal2019,DualModal2019_A3_L1,0.6087968544238356,0.9448210353612467,0.740470456865,0.587894472901327,,0.860085227273,0.83195055195,0.872601555193
SA-UNetv2,DualModal2019,DualModal2019_A3_R1,0.5003198724444997,0.9488203673286674,0.655165969622,0.4871723609179111,,0.839731955884,0.83195055195,0.872601555193
SA-UNetv2,DualModal2019,DualModal2019_A4_L3,0.5664155092244547,0.9694599820457814,0.715054276892,0.556485977604129,,0.876900021409,0.83195055195,0.872601555193
SA-UNetv2,DualModal2019,DualModal2019_A4_R2,0.5658120682084348,0.9670340920721847,0.713913207785,0.55510499921661,,0.897323001057,0.83195055195,0.872601555193
SA-UNetv2,DualModal2019,DualModal2019_A5_R4,0.5447808404877259,0.9735316812327954,0.6986195529,0.5368296061745862,,0.932513117424,0.83195055195,0.872601555193
SA-UNetv2,DualModal2019,DualModal2019_A6_L2,0.5703658501143475,0.954437150498767,0.714031066972,0.5552475247521809,,0.908956796628,0.83195055195,0.872601555193
SA-UNetv2,DualModal2019,DualModal2019_A6_R3,0.5156175989557187,0.9734590919056844,0.674152839448,0.508469497470074,,0.921430755121,0.83195055195,0.872601555193
SA-UNetv2,DualModal2019,DualModal2019_A7_L1,0.5374028001465474,0.9468022142534441,0.685638649901,0.5216515609268003,,0.81837742058,0.83195055195,0.872601555193
SA-UNetv2,DualModal2019,DualModal2019_A7_R1,0.5099618482408156,0.9669122571994734,0.667745964198,0.5012151933891689,,0.872608787051,0.83195055195,0.872601555193
SA-UNetv2,DualModal2019,DualModal2019_C1_L4,0.6574759472841859,0.9636529296335671,0.781651146661,0.6415659558580543,,0.895989505247,0.83195055195,0.872601555193
SA-UNetv2,DualModal2019,DualModal2019_C1_R4,0.6537371607180416,0.9638811771240209,0.779077399485,0.6381054779036571,,0.867373597664,0.83195055195,0.872601555193
SA-UNetv2,DualModal2019,DualModal2019_C2_L4,0.6550124577156319,0.9688543991840389,0.781605583588,0.6415045678637616,,0.891361256545,0.83195055195,0.872601555193
SA-UNetv2,DualModal2019,DualModal2019_C2_R3,0.6029727230259568,0.9522834384831049,0.738400467017,0.5852891093507959,,0.86660828955,0.83195055195,0.872601555193
SA-UNetv2,DualModal2019,DualModal2019_C3_L1,0.5831054476425341,0.9590862018330023,0.725264449769,0.5689528699796376,,0.890465793304,0.83195055195,0.872601555193
SA-UNetv2,DualModal2019,DualModal2019_C3_R1,0.6364959871734229,0.9574479881352751,0.764658999081,0.6189861734631585,,0.864864864865,0.83195055195,0.872601555193
SA-UNetv2,DualModal2019,DualModal2019_C4_L2,0.5234600235506808,0.9117673061634185,0.665084514036,0.49822218786810596,,0.80747579374,0.83195055195,0.872601555193
SA-UNetv2,DualModal2019,DualModal2019_C4_R2,0.5566184074459299,0.9076286988239708,0.690051342739,0.5267773961323364,,0.767726737338,0.83195055195,0.872601555193
SA-UNetv2,DualModal2019,DualModal2019_C5_L1,0.6370126701256679,0.9567164786828151,0.764798107752,0.6191685039925815,,0.872382316091,0.83195055195,0.872601555193
SA-UNetv2,DualModal2019,DualModal2019_C5_R1,0.6079281174349491,0.9610555284807761,0.744753050423,0.5933119779131676,,0.912669126691,0.83195055195,0.872601555193
SA-UNetv2,DualModal2019,DualModal2019_C6_L2,0.6669954382930161,0.966217422962455,0.789196103954,0.6517951474480699,,0.814950699381,0.83195055195,0.872601555193
SA-UNetv2,DualModal2019,DualModal2019_C6_R2,0.6468371870691131,0.9589534092018128,0.772562409045,0.6294107453918798,,0.884633133364,0.83195055195,0.872601555193
SA-UNetv2,DualModal2019,DualModal2019_C7_L4,0.6411890936634942,0.9634341299519844,0.769954525769,0.6259561470687581,,0.853975293,0.83195055195,0.872601555193
SA-UNetv2,DualModal2019,DualModal2019_C7_R3,0.6470396847626941,0.9575481161473895,0.772250207643,0.6289964066379156,,0.82863340564,0.83195055195,0.872601555193
SA-UNetv2,DualModal2019,DualModal2019_C8_L4,0.6779440802128408,0.9461842215135924,0.789912953409,0.6527736625512234,,0.812538288748,0.83195055195,0.872601555193
SA-UNetv2,DualModal2019,DualModal2019_C8_R2,0.6653130741937635,0.9620741531583871,0.786635782415,0.648309692188441,,0.839473142622,0.83195055195,0.872601555193
SA-UNetv2,DualModal2019,DualModal2019_C9_L4,0.6684910728979081,0.9613544979098966,0.788610787738,0.6509970369188319,,0.894992846924,0.83195055195,0.872601555193
SA-UNetv2,DualModal2019,DualModal2019_C9_R5,0.6991241021359974,0.9592364287138452,0.808781075629,0.678952507454548,,0.891628959276,0.83195055195,0.872601555193
SA-UNetv2,HRF,01_dr,0.4845921119640263,0.8938171720132875,0.628458841841,0.45821362202835475,,0.723585882616,0.785408604423,0.567722218808
SA-UNetv2,HRF,01_g,0.5496903420639722,0.8821763520020868,0.677330959233,0.5120940600834083,,0.550694344337,0.785408604423,0.567722218808
SA-UNetv2,HRF,01_h,0.7667020677875269,0.8103198511073432,0.787907762054,0.650039442038818,,0.359370156841,0.785408604423,0.567722218808
SA-UNetv2,HRF,02_dr,0.5641535226854978,0.8730143826722989,0.685395405093,0.5213700056643172,,0.542112977788,0.785408604423,0.567722218808
SA-UNetv2,HRF,02_g,0.6007437350260246,0.8677216829968064,0.709963419511,0.550343633854074,,0.457039255873,0.785408604423,0.567722218808
SA-UNetv2,HRF,02_h,0.7714685361096885,0.8630136139063305,0.814677418602,0.6873043940841391,,0.518517056222,0.785408604423,0.567722218808
SA-UNetv2,HRF,03_dr,0.5943211342052257,0.85874595469287,0.702473923863,0.5413948411383055,,0.430554013545,0.785408604423,0.567722218808
SA-UNetv2,HRF,03_g,0.5778245401256901,0.8788369805500481,0.697229338352,0.5351896223008333,,0.506358942371,0.785408604423,0.567722218808
SA-UNetv2,HRF,03_h,0.7595450378769956,0.8130867617635514,0.785404460729,0.646638683689222,,0.500673105063,0.785408604423,0.567722218808
SA-UNetv2,HRF,04_dr,0.5916512064865478,0.863901215763246,0.702315064409,0.5412061473065858,,0.37604216909,0.785408604423,0.567722218808
SA-UNetv2,HRF,04_g,0.5982752190323672,0.8676430398781801,0.708210470222,0.5482398284678072,,0.505835022419,0.785408604423,0.567722218808
SA-UNetv2,HRF,04_h,0.7257421588172975,0.8607764894026361,0.787512694388,0.6495018057038584,,0.504457618681,0.785408604423,0.567722218808
SA-UNetv2,HRF,05_dr,0.5291928421964885,0.9087819119887165,0.668886406444,0.5025013715449371,,0.608306654471,0.785408604423,0.567722218808
SA-UNetv2,HRF,05_g,0.6024465448090338,0.8939409514231643,0.719802375794,0.5622587967544725,,0.55633092073,0.785408604423,0.567722218808
SA-UNetv2,HRF,05_h,0.7519764381302104,0.8581091141410112,0.801544780361,0.6688149604809116,,0.529978785962,0.785408604423,0.567722218808
SA-UNetv2,HRF,06_dr,0.5686189518240774,0.7451057177904551,0.64500765198,0.4760230955713703,,0.419608616179,0.785408604423,0.567722218808
SA-UNetv2,HRF,06_g,0.6015497370545125,0.8887104409887141,0.717463353005,0.5594096314409618,,0.547036247335,0.785408604423,0.567722218808
SA-UNetv2,HRF,06_h,0.7435654975050474,0.8575343126027241,0.796493664858,0.6618109449037698,,0.469303901868,0.785408604423,0.567722218808
SA-UNetv2,HRF,07_dr,0.5979665758457766,0.8773648207997468,0.711209479923,0.5518425755339262,,0.550753147482,0.785408604423,0.567722218808
SA-UNetv2,HRF,07_g,0.5941162289130528,0.8557013724143002,0.701310388271,0.5400138585364644,,0.473173314508,0.785408604423,0.567722218808
SA-UNetv2,HRF,07_h,0.7280998934150937,0.881755195037513,0.797594601067,0.6633325181130887,,0.596410459303,0.785408604423,0.567722218808
SA-UNetv2,HRF,08_dr,0.60941902174609,0.8641326324302142,0.714761321087,0.5561311940063262,,0.436398354877,0.785408604423,0.567722218808
SA-UNetv2,HRF,08_g,0.5800256588098731,0.8715669651049024,0.696519388158,0.5343534701093259,,0.552774614905,0.785408604423,0.567722218808
SA-UNetv2,HRF,08_h,0.748158668365785,0.8617073197446312,0.800928531471,0.6679572923652042,,0.474177816681,0.785408604423,0.567722218808
SA-UNetv2,HRF,09_dr,0.6098063904202359,0.7931452420161651,0.689496381672,0.5261308492621262,,0.369276948212,0.785408604423,0.567722218808
SA-UNetv2,HRF,09_g,0.5861438852162846,0.862961602972567,0.698112968147,0.5362316015648169,,0.52698286728,0.785408604423,0.567722218808
SA-UNetv2,HRF,09_h,0.6959785967036075,0.8182626620672128,0.752183043464,0.6027991842265843,,0.387182997588,0.785408604423,0.567722218808
SA-UNetv2,HRF,10_dr,0.6030087454927932,0.8665037509322768,0.711132897591,0.5517503676382408,,0.561588156124,0.785408604423,0.567722218808
SA-UNetv2,HRF,10_g,0.5791814511427311,0.860560419531966,0.692374991285,0.5294904782873457,,0.558981202402,0.785408604423,0.567722218808
SA-UNetv2,HRF,10_h,0.7090329557030783,0.8170214816900075,0.759206410782,0.611871641971074,,0.354154793115,0.785408604423,0.567722218808
SA-UNetv2,HRF,11_dr,0.6145864101482649,0.8737951646400406,0.721619566565,0.5644795146199265,,0.540942638266,0.785408604423,0.567722218808
SA-UNetv2,HRF,11_g,0.6242148068025297,0.8503243603489252,0.719933479068,0.5624188019102521,,0.518925140555,0.785408604423,0.567722218808
SA-UNetv2,HRF,11_h,0.7342638776642779,0.899774614394099,0.808637006533,0.6787494751534757,,0.570793311989,0.785408604423,0.567722218808
SA-UNetv2,HRF,12_dr,0.5755159595857405,0.8401416141583977,0.683095850618,0.5187134165676105,,0.466777290506,0.785408604423,0.567722218808
SA-UNetv2,HRF,12_g,0.6257751710826033,0.8445102480099633,0.718872047654,0.5611243173155362,,0.487884353338,0.785408604423,0.567722218808
SA-UNetv2,HRF,12_h,0.7662080579074685,0.8869224189597966,0.822157855844,0.6980204095457369,,0.599028363922,0.785408604423,0.567722218808
SA-UNetv2,HRF,13_dr,0.5976702143563429,0.8645007229948759,0.706738616156,0.5464777847578959,,0.447783220296,0.785408604423,0.567722218808
SA-UNetv2,HRF,13_g,0.5703114740536297,0.8420951522593306,0.680054197752,0.5152137281650501,,0.53548003748,0.785408604423,0.567722218808
SA-UNetv2,HRF,13_h,0.6891609596642887,0.9148931691112506,0.786143862734,0.6476417086003722,,0.710423683744,0.785408604423,0.567722218808
SA-UNetv2,HRF,14_dr,0.5920139087855635,0.8265758413660316,0.689902622943,0.5266040792271455,,0.463396697346,0.785408604423,0.567722218808
SA-UNetv2,HRF,14_g,0.5677729605224594,0.833991445408291,0.675602533502,0.5101206779626682,,0.51862966896,0.785408604423,0.567722218808
SA-UNetv2,HRF,14_h,0.6810233739163604,0.9022104770793246,0.776166354322,0.634209034097936,,0.692957067053,0.785408604423,0.567722218808
SA-UNetv2,HRF,15_dr,0.556183593591556,0.8748511801856164,0.680036407458,0.5151933063156527,,0.521172849506,0.785408604423,0.567722218808
SA-UNetv2,HRF,15_g,0.5761057995670236,0.8441407371314428,0.684830924415,0.5207170219618953,,0.458237665187,0.785408604423,0.567722218808
SA-UNetv2,HRF,15_h,0.7096046222097652,0.9155049941908583,0.799511084025,0.6659878932540264,,0.748427672956,0.785408604423,0.567722218808
SA-UNetv2,LES,111,0.6907696615017966,0.830701387006555,0.75430067036,0.6055238631122879,,0.422189902348,0.856548571302,0.765539614537
SA-UNetv2,LES,119,0.6088841573396099,0.9033578028202732,0.727450062936,0.571647557198704,,0.714970615527,0.856548571302,0.765539614537
SA-UNetv2,LES,12,0.7857725650191798,0.9092166684142345,0.842999471154,0.728607680062872,,0.686603850881,0.856548571302,0.765539614537
SA-UNetv2,LES,15,0.7368213452068871,0.9009732215413904,0.810671026232,0.6816205138462691,,0.629534784464,0.856548571302,0.765539614537
SA-UNetv2,LES,224,0.8263675238479131,0.8858179932590352,0.855060639581,0.7468174028606053,,0.680359435173,0.856548571302,0.765539614537
SA-UNetv2,LES,240,0.7321611566557147,0.940875452685318,0.823499564637,0.6999568719946251,,0.811670353982,0.856548571302,0.765539614537
SA-UNetv2,LES,275,0.7609514157425725,0.910544429690862,0.829053897756,0.708020545238762,,0.654987102322,0.856548571302,0.765539614537
SA-UNetv2,LES,279,0.8012628147880857,0.9059362242082892,0.850390601736,0.7397213375431311,,0.74443438914,0.856548571302,0.765539614537
SA-UNetv2,LES,304,0.6697966842987434,0.9243388185394131,0.776745859714,0.6349832255890789,,0.769772256729,0.856548571302,0.765539614537
SA-UNetv2,LES,318,0.7506875174792914,0.9263743690773186,0.829328578693,0.7084213072931203,,0.758856432567,0.856548571302,0.765539614537
SA-UNetv2,LES,33,0.8448060861487495,0.8617116206611756,0.853175116478,0.7439454172443697,,0.381147540984,0.856548571302,0.765539614537
SA-UNetv2,LES,34,0.7638036726707409,0.8757193747468195,0.815941777353,0.689106128184251,,0.399841542321,0.856548571302,0.765539614537
SA-UNetv2,LES,367,0.7724092272941234,0.9209150421454665,0.840150098767,0.7243610555761247,,0.694733796296,0.856548571302,0.765539614537
SA-UNetv2,LES,37,0.8388745727956473,0.8984548057692233,0.867643062582,0.7662275329547584,,0.537482319661,0.856548571302,0.765539614537
SA-UNetv2,LES,370,0.6950616731355839,0.9392957442207961,0.798929860279,0.6651816857794715,,0.793723252496,0.856548571302,0.765539614537
SA-UNetv2,LES,42,0.7745538628947694,0.9145590153087141,0.838754149937,0.7222881785898273,,0.552069245334,0.856548571302,0.765539614537
SA-UNetv2,LES,486,0.7213163250825532,0.9294563419147431,0.812264518644,0.6838766134330375,,0.714613618975,0.856548571302,0.765539614537
SA-UNetv2,LES,49,0.8075954066874875,0.8666401047307132,0.836076601002,0.7183261387491331,,0.477998580554,0.856548571302,0.765539614537
SA-UNetv2,LES,529,0.7424615530324613,0.8908104345856656,0.809898784445,0.6805293313370042,,0.667354306343,0.856548571302,0.765539614537
SA-UNetv2,LES,53,0.8174136773078672,0.8886520672377541,0.851545559074,0.7414709097100952,,0.549874055416,0.856548571302,0.765539614537
SA-UNetv2,LES,586,0.7655653074230302,0.9370738919726036,0.842681482302,0.7281327218181572,,0.802188552189,0.856548571302,0.765539614537
SA-UNetv2,LES,90,0.752092088244915,0.8881323494227668,0.814470627282,0.6870100783877726,,0.477402075661,0.856548571302,0.765539614537
SA-UNetv2,STARE,im0001,0.7616405430982756,0.881298263261634,0.817111976738,0.690777115558821,,0.844481605351,0.84561545393,0.878747211672
SA-UNetv2,STARE,im0002,0.781911461021029,0.8591739053365479,0.81872392182,0.6930843152952131,,0.0,0.84561545393,0.878747211672
SA-UNetv2,STARE,im0003,0.6980249164387472,0.90637206549558,0.788670500386,0.6510784230362723,,0.716168271668,0.84561545393,0.878747211672
SA-UNetv2,STARE,im0004,0.6927589674810044,0.7898709985675264,0.738134571594,0.5849550633354131,,0.715421303657,0.84561545393,0.878747211672
SA-UNetv2,STARE,im0005,0.6510157434890456,0.7966123846620412,0.716492300458,0.5582298421066498,,0.826781326781,0.84561545393,0.878747211672
SA-UNetv2,STARE,im0044,0.6737597743869459,0.8909682668844573,0.767288068787,0.6224390706042581,,0.879737241031,0.84561545393,0.878747211672
SA-UNetv2,STARE,im0077,0.7293496949854068,0.9123478978222619,0.810649493442,0.6815900686737276,,0.936507936508,0.84561545393,0.878747211672
SA-UNetv2,STARE,im0081,0.6933214100809912,0.9318994148347625,0.795099110769,0.659887562433831,,0.941827379071,0.84561545393,0.878747211672
SA-UNetv2,STARE,im0082,0.7529796795626754,0.9255478835189299,0.830392975463,0.7099760501111207,,0.884584123544,0.84561545393,0.878747211672
SA-UNetv2,STARE,im0139,0.739311250547339,0.8925918313414926,0.808752909877,0.6789128104342264,,0.0,0.84561545393,0.878747211672
SA-UNetv2,STARE,im0162,0.727475996317256,0.9163353214047658,0.811056529071,0.6821657622100974,,0.0,0.84561545393,0.878747211672
SA-UNetv2,STARE,im0163,0.751930119765818,0.9278189978930433,0.830665773683,0.7103749766217919,,0.93625,0.84561545393,0.878747211672
SA-UNetv2,STARE,im0235,0.8054651607972407,0.8928675631943952,0.846917338634,0.7344810281256843,,0.847971893964,0.84561545393,0.878747211672
SA-UNetv2,STARE,im0236,0.8279942769848391,0.8900938477581792,0.857921780972,0.7511935405809247,,0.790502793296,0.84561545393,0.878747211672
SA-UNetv2,STARE,im0239,0.7362179487180894,0.8793306171557356,0.801435496131,0.668662799160115,,0.777366116538,0.84561545393,0.878747211672
SA-UNetv2,STARE,im0240,0.7549526891917645,0.8468885137482159,0.798282326271,0.6642844186470882,,0.844190140845,0.84561545393,0.878747211672
SA-UNetv2,STARE,im0255,0.8176463309004336,0.8716196607121007,0.843770751392,0.7297607740055243,,0.0,0.84561545393,0.878747211672
SA-UNetv2,STARE,im0291,0.7837098157770335,0.8957885890361085,0.836009499118,0.7182270804482715,,0.0,0.84561545393,0.878747211672
SA-UNetv2,STARE,im0319,0.6280571316767409,0.8796930665943262,0.732876712329,0.5783783783786683,,0.839616175463,0.84561545393,0.878747211672
SA-UNetv2,STARE,im0324,0.6718583375426824,0.8471391670501844,0.749385710932,0.5992140962106451,,0.851952770209,0.84561545393,0.878747211672
