Model,ModelFolder,Dataset,Image,Threshold,threshold_source,TP,FP,FN,TN,Sensitivity,Precision,F1,IoU,MCC,GTPath,PredictionPath,ProbabilityPath
DCP_1024,DCP_1024,AFIO,IM000001,0.45,diagnostic_test_set_scan_equal_dataset_macro_F1,71069,5559,73699,1353673,0.4909165008841733,0.927454716291695,0.6420079856907984,0.47276271062417263,0.6529728618884807,D:\Retina\Retinal-Vessel-Segmentation-Benchmark-main\config\test_data\AFIO\masks\IM000001.png,D:\Retina\Retinal-Vessel-Segmentation-Benchmark-main\Models_output\DCP_1024\test_data\AFIO\pred_masks\IM000001.png,D:\Retina\Retinal-Vessel-Segmentation-Benchmark-main\Models_output\DCP_1024\probability\AFIO\IM000001_prob.png
DCP_1024,DCP_1024,AFIO,IM000004,0.45,diagnostic_test_set_scan_equal_dataset_macro_F1,57673,14743,29817,1401767,0.6591953366098983,0.7964123950508175,0.7213362850674772,0.564132912073401,0.7093584200073983,D:\Retina\Retinal-Vessel-Segmentation-Benchmark-main\config\test_data\AFIO\masks\IM000004.png,D:\Retina\Retinal-Vessel-Segmentation-Benchmark-main\Models_output\DCP_1024\test_data\AFIO\pred_masks\IM000004.png,D:\Retina\Retinal-Vessel-Segmentation-Benchmark-main\Models_output\DCP_1024\probability\AFIO\IM000004_prob.png
DCP_1024,DCP_1024,AFIO,IM000023,0.45,diagnostic_test_set_scan_equal_dataset_macro_F1,37287,17340,26255,1423118,0.5868087249378364,0.6825745510461859,0.631079217053542,0.4610049207487451,0.617990421385335,D:\Retina\Retinal-Vessel-Segmentation-Benchmark-main\config\test_data\AFIO\masks\IM000023.png,D:\Retina\Retinal-Vessel-Segmentation-Benchmark-main\Models_output\DCP_1024\test_data\AFIO\pred_masks\IM000023.png,D:\Retina\Retinal-Vessel-Segmentation-Benchmark-main\Models_output\DCP_1024\probability\AFIO\IM000023_prob.png
DCP_1024,DCP_1024,AFIO,IM000024,0.45,diagnostic_test_set_scan_equal_dataset_macro_F1,42909,14518,32736,1413837,0.5672417211976998,0.7471920873456737,0.6448990020440063,0.47590475028559387,0.6353245428346661,D:\Retina\Retinal-Vessel-Segmentation-Benchmark-main\config\test_data\AFIO\masks\IM000024.png,D:\Retina\Retinal-Vessel-Segmentation-Benchmark-main\Models_output\DCP_1024\test_data\AFIO\pred_masks\IM000024.png,D:\Retina\Retinal-Vessel-Segmentation-Benchmark-main\Models_output\DCP_1024\probability\AFIO\IM000024_prob.png
DCP_1024,DCP_1024,AFIO,IM000135,0.45,diagnostic_test_set_scan_equal_dataset_macro_F1,76878,8576,74369,1344177,0.5082943793926491,0.8996419126079528,0.6495790047359327,0.48101962796343456,0.6521226212895715,D:\Retina\Retinal-Vessel-Segmentation-Benchmark-main\config\test_data\AFIO\masks\IM000135.png,D:\Retina\Retinal-Vessel-Segmentation-Benchmark-main\Models_output\DCP_1024\test_data\AFIO\pred_masks\IM000135.png,D:\Retina\Retinal-Vessel-Segmentation-Benchmark-main\Models_output\DCP_1024\probability\AFIO\IM000135_prob.png
DCP_1024,DCP_1024,AFIO,IM000136,0.45,diagnostic_test_set_scan_equal_dataset_macro_F1,78049,5228,82170,1338553,0.4871394778397069,0.9372215617757604,0.6410700791799455,0.47174623897683243,0.6518909407619083,D:\Retina\Retinal-Vessel-Segmentation-Benchmark-main\config\test_data\AFIO\masks\IM000136.png,D:\Retina\Retinal-Vessel-Segmentation-Benchmark-main\Models_output\DCP_1024\test_data\AFIO\pred_masks\IM000136.png,D:\Retina\Retinal-Vessel-Segmentation-Benchmark-main\Models_output\DCP_1024\probability\AFIO\IM000136_prob.png
DCP_1024,DCP_1024,AFIO,IM000167,0.45,diagnostic_test_set_scan_equal_dataset_macro_F1,60054,10248,43732,1389966,0.5786329562754129,0.8542288981821285,0.6899269335048941,0.5266324078783521,0.6860074602294102,D:\Retina\Retinal-Vessel-Segmentation-Benchmark-main\config\test_data\AFIO\masks\IM000167.png,D:\Retina\Retinal-Vessel-Segmentation-Benchmark-main\Models_output\DCP_1024\test_data\AFIO\pred_masks\IM000167.png,D:\Retina\Retinal-Vessel-Segmentation-Benchmark-main\Models_output\DCP_1024\probability\AFIO\IM000167_prob.png
DCP_1024,DCP_1024,AFIO,IM000168,0.45,diagnostic_test_set_scan_equal_dataset_macro_F1,69728,13023,47620,1373629,0.594198452466169,0.8426242583171201,0.6969350171665026,0.5348428714974957,0.6878793384517514,D:\Retina\Retinal-Vessel-Segmentation-Benchmark-main\config\test_data\AFIO\masks\IM000168.png,D:\Retina\Retinal-Vessel-Segmentation-Benchmark-main\Models_output\DCP_1024\test_data\AFIO\pred_masks\IM000168.png,D:\Retina\Retinal-Vessel-Segmentation-Benchmark-main\Models_output\DCP_1024\probability\AFIO\IM000168_prob.png
DCP_1024,DCP_1024,AFIO,IM000189,0.45,diagnostic_test_set_scan_equal_dataset_macro_F1,66213,12854,53603,1371330,0.5526223542765574,0.8374290158979094,0.6658487653545049,0.4990804251149469,0.6592163384226778,D:\Retina\Retinal-Vessel-Segmentation-Benchmark-main\config\test_data\AFIO\masks\IM000189.png,D:\Retina\Retinal-Vessel-Segmentation-Benchmark-main\Models_output\DCP_1024\test_data\AFIO\pred_masks\IM000189.png,D:\Retina\Retinal-Vessel-Segmentation-Benchmark-main\Models_output\DCP_1024\probability\AFIO\IM000189_prob.png
DCP_1024,DCP_1024,AFIO,IM000209,0.45,diagnostic_test_set_scan_equal_dataset_macro_F1,51989,8768,33790,1409453,0.6060807423728418,0.8556874105041394,0.7095730741933723,0.5498746655102753,0.7065977033211852,D:\Retina\Retinal-Vessel-Segmentation-Benchmark-main\config\test_data\AFIO\masks\IM000209.png,D:\Retina\Retinal-Vessel-Segmentation-Benchmark-main\Models_output\DCP_1024\test_data\AFIO\pred_masks\IM000209.png,D:\Retina\Retinal-Vessel-Segmentation-Benchmark-main\Models_output\DCP_1024\probability\AFIO\IM000209_prob.png
DCP_1024,DCP_1024,AFIO,IM000210,0.45,diagnostic_test_set_scan_equal_dataset_macro_F1,61639,9058,51470,1381833,0.5449522142358256,0.8718757514463131,0.6706962775970317,0.5045470544418705,0.6709077682882164,D:\Retina\Retinal-Vessel-Segmentation-Benchmark-main\config\test_data\AFIO\masks\IM000210.png,D:\Retina\Retinal-Vessel-Segmentation-Benchmark-main\Models_output\DCP_1024\test_data\AFIO\pred_masks\IM000210.png,D:\Retina\Retinal-Vessel-Segmentation-Benchmark-main\Models_output\DCP_1024\probability\AFIO\IM000210_prob.png
DCP_1024,DCP_1024,AFIO,IM000333,0.45,diagnostic_test_set_scan_equal_dataset_macro_F1,57723,7233,61607,1377437,0.483725802396715,0.8886476999815259,0.6264501915500906,0.4560811611608448,0.6361876073079721,D:\Retina\Retinal-Vessel-Segmentation-Benchmark-main\config\test_data\AFIO\masks\IM000333.png,D:\Retina\Retinal-Vessel-Segmentation-Benchmark-main\Models_output\DCP_1024\test_data\AFIO\pred_masks\IM000333.png,D:\Retina\Retinal-Vessel-Segmentation-Benchmark-main\Models_output\DCP_1024\probability\AFIO\IM000333_prob.png
DCP_1024,DCP_1024,AFIO,IM000389,0.45,diagnostic_test_set_scan_equal_dataset_macro_F1,49100,8619,49907,1396374,0.49592453058874625,0.8506730885843483,0.6265712134553296,0.456209466114136,0.632257788482242,D:\Retina\Retinal-Vessel-Segmentation-Benchmark-main\config\test_data\AFIO\masks\IM000389.png,D:\Retina\Retinal-Vessel-Segmentation-Benchmark-main\Models_output\DCP_1024\test_data\AFIO\pred_masks\IM000389.png,D:\Retina\Retinal-Vessel-Segmentation-Benchmark-main\Models_output\DCP_1024\probability\AFIO\IM000389_prob.png
DCP_1024,DCP_1024,AFIO,IM000390,0.45,diagnostic_test_set_scan_equal_dataset_macro_F1,62637,11658,58017,1371688,0.5191456561738526,0.8430849989905108,0.64259883354108,0.4734037729004172,0.6401984947767632,D:\Retina\Retinal-Vessel-Segmentation-Benchmark-main\config\test_data\AFIO\masks\IM000390.png,D:\Retina\Retinal-Vessel-Segmentation-Benchmark-main\Models_output\DCP_1024\test_data\AFIO\pred_masks\IM000390.png,D:\Retina\Retinal-Vessel-Segmentation-Benchmark-main\Models_output\DCP_1024\probability\AFIO\IM000390_prob.png
DCP_1024,DCP_1024,AFIO,IM000678,0.45,diagnostic_test_set_scan_equal_dataset_macro_F1,55522,11899,38556,1398023,0.5901698590531261,0.823511962148292,0.6875832048495656,0.5239061305755023,0.6807708926486217,D:\Retina\Retinal-Vessel-Segmentation-Benchmark-main\config\test_data\AFIO\masks\IM000678.png,D:\Retina\Retinal-Vessel-Segmentation-Benchmark-main\Models_output\DCP_1024\test_data\AFIO\pred_masks\IM000678.png,D:\Retina\Retinal-Vessel-Segmentation-Benchmark-main\Models_output\DCP_1024\probability\AFIO\IM000678_prob.png
DCP_1024,DCP_1024,AFIO,IM000679,0.45,diagnostic_test_set_scan_equal_dataset_macro_F1,53568,16082,45365,1388985,0.5414573499236858,0.769102656137832,0.6355089184555976,0.4657479459200974,0.6251962700690364,D:\Retina\Retinal-Vessel-Segmentation-Benchmark-main\config\test_data\AFIO\masks\IM000679.png,D:\Retina\Retinal-Vessel-Segmentation-Benchmark-main\Models_output\DCP_1024\test_data\AFIO\pred_masks\IM000679.png,D:\Retina\Retinal-Vessel-Segmentation-Benchmark-main\Models_output\DCP_1024\probability\AFIO\IM000679_prob.png
DCP_1024,DCP_1024,AFIO,IM000715,0.45,diagnostic_test_set_scan_equal_dataset_macro_F1,43104,18516,25061,1417319,0.6323479791681949,0.6995131450827653,0.6642370073583234,0.4972716050806982,0.6500401728686199,D:\Retina\Retinal-Vessel-Segmentation-Benchmark-main\config\test_data\AFIO\masks\IM000715.png,D:\Retina\Retinal-Vessel-Segmentation-Benchmark-main\Models_output\DCP_1024\test_data\AFIO\pred_masks\IM000715.png,D:\Retina\Retinal-Vessel-Segmentation-Benchmark-main\Models_output\DCP_1024\probability\AFIO\IM000715_prob.png
DCP_1024,DCP_1024,AFIO,IM000716,0.45,diagnostic_test_set_scan_equal_dataset_macro_F1,34589,19814,27713,1421884,0.5551828191711341,0.6357921438155985,0.5927595218713851,0.42122119927906865,0.5778336838687509,D:\Retina\Retinal-Vessel-Segmentation-Benchmark-main\config\test_data\AFIO\masks\IM000716.png,D:\Retina\Retinal-Vessel-Segmentation-Benchmark-main\Models_output\DCP_1024\test_data\AFIO\pred_masks\IM000716.png,D:\Retina\Retinal-Vessel-Segmentation-Benchmark-main\Models_output\DCP_1024\probability\AFIO\IM000716_prob.png
DCP_1024,DCP_1024,AFIO,IM000938,0.45,diagnostic_test_set_scan_equal_dataset_macro_F1,43971,14790,32321,1412918,0.5763513867771195,0.748302445499566,0.6511665790467447,0.48276278518258275,0.6409957652968693,D:\Retina\Retinal-Vessel-Segmentation-Benchmark-main\config\test_data\AFIO\masks\IM000938.png,D:\Retina\Retinal-Vessel-Segmentation-Benchmark-main\Models_output\DCP_1024\test_data\AFIO\pred_masks\IM000938.png,D:\Retina\Retinal-Vessel-Segmentation-Benchmark-main\Models_output\DCP_1024\probability\AFIO\IM000938_prob.png
DCP_1024,DCP_1024,AFIO,IM001031,0.45,diagnostic_test_set_scan_equal_dataset_macro_F1,54358,15343,37767,1396532,0.5900461329715061,0.7798740333711137,0.6718079912992968,0.5058063795734544,0.6606331261138642,D:\Retina\Retinal-Vessel-Segmentation-Benchmark-main\config\test_data\AFIO\masks\IM001031.png,D:\Retina\Retinal-Vessel-Segmentation-Benchmark-main\Models_output\DCP_1024\test_data\AFIO\pred_masks\IM001031.png,D:\Retina\Retinal-Vessel-Segmentation-Benchmark-main\Models_output\DCP_1024\probability\AFIO\IM001031_prob.png
DCP_1024,DCP_1024,AFIO,IM001032,0.45,diagnostic_test_set_scan_equal_dataset_macro_F1,54358,15343,37767,1396532,0.5900461329715061,0.7798740333711137,0.6718079912992968,0.5058063795734544,0.6606331261138642,D:\Retina\Retinal-Vessel-Segmentation-Benchmark-main\config\test_data\AFIO\masks\IM001032.png,D:\Retina\Retinal-Vessel-Segmentation-Benchmark-main\Models_output\DCP_1024\test_data\AFIO\pred_masks\IM001032.png,D:\Retina\Retinal-Vessel-Segmentation-Benchmark-main\Models_output\DCP_1024\probability\AFIO\IM001032_prob.png
DCP_1024,DCP_1024,AFIO,IM001034,0.45,diagnostic_test_set_scan_equal_dataset_macro_F1,41678,20081,34276,1407965,0.5487268609948126,0.674849009860911,0.6052878087036082,0.43398760868433384,0.5900096621240276,D:\Retina\Retinal-Vessel-Segmentation-Benchmark-main\config\test_data\AFIO\masks\IM001034.png,D:\Retina\Retinal-Vessel-Segmentation-Benchmark-main\Models_output\DCP_1024\test_data\AFIO\pred_masks\IM001034.png,D:\Retina\Retinal-Vessel-Segmentation-Benchmark-main\Models_output\DCP_1024\probability\AFIO\IM001034_prob.png
DCP_1024,DCP_1024,AFIO,IM001069,0.45,diagnostic_test_set_scan_equal_dataset_macro_F1,53937,7756,48023,1394284,0.5290015692428404,0.8742807125605823,0.6591629850965152,0.49160559991250136,0.6634982863049483,D:\Retina\Retinal-Vessel-Segmentation-Benchmark-main\config\test_data\AFIO\masks\IM001069.png,D:\Retina\Retinal-Vessel-Segmentation-Benchmark-main\Models_output\DCP_1024\test_data\AFIO\pred_masks\IM001069.png,D:\Retina\Retinal-Vessel-Segmentation-Benchmark-main\Models_output\DCP_1024\probability\AFIO\IM001069_prob.png
DCP_1024,DCP_1024,AFIO,IM001070,0.45,diagnostic_test_set_scan_equal_dataset_macro_F1,53497,9929,55771,1384803,0.48959439177069225,0.8434553653076026,0.6195582938608173,0.4488116311652139,0.6231113499977775,D:\Retina\Retinal-Vessel-Segmentation-Benchmark-main\config\test_data\AFIO\masks\IM001070.png,D:\Retina\Retinal-Vessel-Segmentation-Benchmark-main\Models_output\DCP_1024\test_data\AFIO\pred_masks\IM001070.png,D:\Retina\Retinal-Vessel-Segmentation-Benchmark-main\Models_output\DCP_1024\probability\AFIO\IM001070_prob.png
DCP_1024,DCP_1024,AFIO,IM001096,0.45,diagnostic_test_set_scan_equal_dataset_macro_F1,74370,11446,57802,1360382,0.5626759071512877,0.8666216090239582,0.6823311374938069,0.5178320266261889,0.6766114131948118,D:\Retina\Retinal-Vessel-Segmentation-Benchmark-main\config\test_data\AFIO\masks\IM001096.png,D:\Retina\Retinal-Vessel-Segmentation-Benchmark-main\Models_output\DCP_1024\test_data\AFIO\pred_masks\IM001096.png,D:\Retina\Retinal-Vessel-Segmentation-Benchmark-main\Models_output\DCP_1024\probability\AFIO\IM001096_prob.png
DCP_1024,DCP_1024,AFIO,IM001097,0.45,diagnostic_test_set_scan_equal_dataset_macro_F1,73898,10944,45377,1373781,0.6195598407042548,0.8710072841281441,0.7240749178167423,0.5674901512068131,0.7163796275743834,D:\Retina\Retinal-Vessel-Segmentation-Benchmark-main\config\test_data\AFIO\masks\IM001097.png,D:\Retina\Retinal-Vessel-Segmentation-Benchmark-main\Models_output\DCP_1024\test_data\AFIO\pred_masks\IM001097.png,D:\Retina\Retinal-Vessel-Segmentation-Benchmark-main\Models_output\DCP_1024\probability\AFIO\IM001097_prob.png
DCP_1024,DCP_1024,AFIO,IM001126,0.45,diagnostic_test_set_scan_equal_dataset_macro_F1,58440,14037,47793,1383730,0.5501115472593262,0.8063247650978931,0.6540204801074366,0.4859067099027189,0.6460961837607258,D:\Retina\Retinal-Vessel-Segmentation-Benchmark-main\config\test_data\AFIO\masks\IM001126.png,D:\Retina\Retinal-Vessel-Segmentation-Benchmark-main\Models_output\DCP_1024\test_data\AFIO\pred_masks\IM001126.png,D:\Retina\Retinal-Vessel-Segmentation-Benchmark-main\Models_output\DCP_1024\probability\AFIO\IM001126_prob.png
DCP_1024,DCP_1024,AFIO,IM001127,0.45,diagnostic_test_set_scan_equal_dataset_macro_F1,50329,11158,46829,1395684,0.5180118981452891,0.818530746336624,0.6344858016325758,0.46464972857195613,0.6332122129009529,D:\Retina\Retinal-Vessel-Segmentation-Benchmark-main\config\test_data\AFIO\masks\IM001127.png,D:\Retina\Retinal-Vessel-Segmentation-Benchmark-main\Models_output\DCP_1024\test_data\AFIO\pred_masks\IM001127.png,D:\Retina\Retinal-Vessel-Segmentation-Benchmark-main\Models_output\DCP_1024\probability\AFIO\IM001127_prob.png
DCP_1024,DCP_1024,AFIO,IM001154,0.45,diagnostic_test_set_scan_equal_dataset_macro_F1,67292,10573,53713,1372422,0.5561092516838148,0.8642137032042638,0.6767436013476141,0.5114228822447522,0.6733003247799465,D:\Retina\Retinal-Vessel-Segmentation-Benchmark-main\config\test_data\AFIO\masks\IM001154.png,D:\Retina\Retinal-Vessel-Segmentation-Benchmark-main\Models_output\DCP_1024\test_data\AFIO\pred_masks\IM001154.png,D:\Retina\Retinal-Vessel-Segmentation-Benchmark-main\Models_output\DCP_1024\probability\AFIO\IM001154_prob.png
DCP_1024,DCP_1024,AFIO,IM001155,0.45,diagnostic_test_set_scan_equal_dataset_macro_F1,61933,7934,53819,1380314,0.5350490704264289,0.8864413814819586,0.6673131522096337,0.5007276490467798,0.6703425229991623,D:\Retina\Retinal-Vessel-Segmentation-Benchmark-main\config\test_data\AFIO\masks\IM001155.png,D:\Retina\Retinal-Vessel-Segmentation-Benchmark-main\Models_output\DCP_1024\test_data\AFIO\pred_masks\IM001155.png,D:\Retina\Retinal-Vessel-Segmentation-Benchmark-main\Models_output\DCP_1024\probability\AFIO\IM001155_prob.png
DCP_1024,DCP_1024,AFIO,IM001192,0.45,diagnostic_test_set_scan_equal_dataset_macro_F1,70592,9144,87814,1336450,0.44563968536545334,0.8853215611518009,0.5928563630103048,0.4213190092509699,0.6012162358045904,D:\Retina\Retinal-Vessel-Segmentation-Benchmark-main\config\test_data\AFIO\masks\IM001192.png,D:\Retina\Retinal-Vessel-Segmentation-Benchmark-main\Models_output\DCP_1024\test_data\AFIO\pred_masks\IM001192.png,D:\Retina\Retinal-Vessel-Segmentation-Benchmark-main\Models_output\DCP_1024\probability\AFIO\IM001192_prob.png
DCP_1024,DCP_1024,AFIO,IM001193,0.45,diagnostic_test_set_scan_equal_dataset_macro_F1,73503,9385,93931,1327181,0.43899685846363345,0.8867749252002702,0.5872675993320604,0.4156962769838083,0.5954095468690388,D:\Retina\Retinal-Vessel-Segmentation-Benchmark-main\config\test_data\AFIO\masks\IM001193.png,D:\Retina\Retinal-Vessel-Segmentation-Benchmark-main\Models_output\DCP_1024\test_data\AFIO\pred_masks\IM001193.png,D:\Retina\Retinal-Vessel-Segmentation-Benchmark-main\Models_output\DCP_1024\probability\AFIO\IM001193_prob.png
DCP_1024,DCP_1024,AFIO,IM001218,0.45,diagnostic_test_set_scan_equal_dataset_macro_F1,85800,7734,82483,1327983,0.509855422116316,0.9173134902816088,0.6554196251580302,0.4874529164796582,0.6579578360160214,D:\Retina\Retinal-Vessel-Segmentation-Benchmark-main\config\test_data\AFIO\masks\IM001218.png,D:\Retina\Retinal-Vessel-Segmentation-Benchmark-main\Models_output\DCP_1024\test_data\AFIO\pred_masks\IM001218.png,D:\Retina\Retinal-Vessel-Segmentation-Benchmark-main\Models_output\DCP_1024\probability\AFIO\IM001218_prob.png
DCP_1024,DCP_1024,AFIO,IM001219,0.45,diagnostic_test_set_scan_equal_dataset_macro_F1,80139,7924,72293,1343644,0.5257360659179175,0.9100189636964446,0.6664504459552174,0.49975679113971416,0.6682451092361763,D:\Retina\Retinal-Vessel-Segmentation-Benchmark-main\config\test_data\AFIO\masks\IM001219.png,D:\Retina\Retinal-Vessel-Segmentation-Benchmark-main\Models_output\DCP_1024\test_data\AFIO\pred_masks\IM001219.png,D:\Retina\Retinal-Vessel-Segmentation-Benchmark-main\Models_output\DCP_1024\probability\AFIO\IM001219_prob.png
DCP_1024,DCP_1024,AFIO,IM001246,0.45,diagnostic_test_set_scan_equal_dataset_macro_F1,65907,14770,51773,1371550,0.5600526852481306,0.8169242782949292,0.6645291066108078,0.497599093997735,0.654853272931436,D:\Retina\Retinal-Vessel-Segmentation-Benchmark-main\config\test_data\AFIO\masks\IM001246.png,D:\Retina\Retinal-Vessel-Segmentation-Benchmark-main\Models_output\DCP_1024\test_data\AFIO\pred_masks\IM001246.png,D:\Retina\Retinal-Vessel-Segmentation-Benchmark-main\Models_output\DCP_1024\probability\AFIO\IM001246_prob.png
DCP_1024,DCP_1024,AFIO,IM001686,0.45,diagnostic_test_set_scan_equal_dataset_macro_F1,66025,14848,40025,1383102,0.6225836869401226,0.8164034968407256,0.7064406199344114,0.5461215239292627,0.6945480608205065,D:\Retina\Retinal-Vessel-Segmentation-Benchmark-main\config\test_data\AFIO\masks\IM001686.png,D:\Retina\Retinal-Vessel-Segmentation-Benchmark-main\Models_output\DCP_1024\test_data\AFIO\pred_masks\IM001686.png,D:\Retina\Retinal-Vessel-Segmentation-Benchmark-main\Models_output\DCP_1024\probability\AFIO\IM001686_prob.png
DCP_1024,DCP_1024,AFIO,IM001749,0.45,diagnostic_test_set_scan_equal_dataset_macro_F1,77777,10481,68526,1347216,0.5316158930438883,0.8812458927236058,0.6631707743401503,0.49607740585774057,0.6605477185029447,D:\Retina\Retinal-Vessel-Segmentation-Benchmark-main\config\test_data\AFIO\masks\IM001749.png,D:\Retina\Retinal-Vessel-Segmentation-Benchmark-main\Models_output\DCP_1024\test_data\AFIO\pred_masks\IM001749.png,D:\Retina\Retinal-Vessel-Segmentation-Benchmark-main\Models_output\DCP_1024\probability\AFIO\IM001749_prob.png
DCP_1024,DCP_1024,AFIO,IM001750,0.45,diagnostic_test_set_scan_equal_dataset_macro_F1,67856,10291,70654,1355199,0.4898996462349289,0.8683122832610337,0.6263910235995144,0.4560184407362854,0.628442320954704,D:\Retina\Retinal-Vessel-Segmentation-Benchmark-main\config\test_data\AFIO\masks\IM001750.png,D:\Retina\Retinal-Vessel-Segmentation-Benchmark-main\Models_output\DCP_1024\test_data\AFIO\pred_masks\IM001750.png,D:\Retina\Retinal-Vessel-Segmentation-Benchmark-main\Models_output\DCP_1024\probability\AFIO\IM001750_prob.png
DCP_1024,DCP_1024,AFIO,IM001791,0.45,diagnostic_test_set_scan_equal_dataset_macro_F1,68984,6926,61880,1366210,0.5271426824795207,0.908760374127256,0.6672405621596524,0.5006459104434284,0.6721903044121847,D:\Retina\Retinal-Vessel-Segmentation-Benchmark-main\config\test_data\AFIO\masks\IM001791.png,D:\Retina\Retinal-Vessel-Segmentation-Benchmark-main\Models_output\DCP_1024\test_data\AFIO\pred_masks\IM001791.png,D:\Retina\Retinal-Vessel-Segmentation-Benchmark-main\Models_output\DCP_1024\probability\AFIO\IM001791_prob.png
DCP_1024,DCP_1024,AFIO,IM001792,0.45,diagnostic_test_set_scan_equal_dataset_macro_F1,67873,9510,61749,1364868,0.5236225332119547,0.8771047904578525,0.6557619381174368,0.48783169939338183,0.6563825003584011,D:\Retina\Retinal-Vessel-Segmentation-Benchmark-main\config\test_data\AFIO\masks\IM001792.png,D:\Retina\Retinal-Vessel-Segmentation-Benchmark-main\Models_output\DCP_1024\test_data\AFIO\pred_masks\IM001792.png,D:\Retina\Retinal-Vessel-Segmentation-Benchmark-main\Models_output\DCP_1024\probability\AFIO\IM001792_prob.png
DCP_1024,DCP_1024,AFIO,IM001814,0.45,diagnostic_test_set_scan_equal_dataset_macro_F1,67760,11309,50330,1374601,0.5737996443390634,0.8569730235616992,0.6873640057009824,0.5236516510946762,0.6817323292410993,D:\Retina\Retinal-Vessel-Segmentation-Benchmark-main\config\test_data\AFIO\masks\IM001814.png,D:\Retina\Retinal-Vessel-Segmentation-Benchmark-main\Models_output\DCP_1024\test_data\AFIO\pred_masks\IM001814.png,D:\Retina\Retinal-Vessel-Segmentation-Benchmark-main\Models_output\DCP_1024\probability\AFIO\IM001814_prob.png
DCP_1024,DCP_1024,AFIO,IM001858,0.45,diagnostic_test_set_scan_equal_dataset_macro_F1,72657,8660,57001,1365682,0.5603742152431782,0.8935032035121807,0.6887735513686456,0.5252895501670065,0.6876529732207203,D:\Retina\Retinal-Vessel-Segmentation-Benchmark-main\config\test_data\AFIO\masks\IM001858.png,D:\Retina\Retinal-Vessel-Segmentation-Benchmark-main\Models_output\DCP_1024\test_data\AFIO\pred_masks\IM001858.png,D:\Retina\Retinal-Vessel-Segmentation-Benchmark-main\Models_output\DCP_1024\probability\AFIO\IM001858_prob.png
DCP_1024,DCP_1024,AFIO,IM001859,0.45,diagnostic_test_set_scan_equal_dataset_macro_F1,58530,9524,42732,1393214,0.5780055697102565,0.8600523113997708,0.6913699827541402,0.5283158521834889,0.688677677027036,D:\Retina\Retinal-Vessel-Segmentation-Benchmark-main\config\test_data\AFIO\masks\IM001859.png,D:\Retina\Retinal-Vessel-Segmentation-Benchmark-main\Models_output\DCP_1024\test_data\AFIO\pred_masks\IM001859.png,D:\Retina\Retinal-Vessel-Segmentation-Benchmark-main\Models_output\DCP_1024\probability\AFIO\IM001859_prob.png
DCP_1024,DCP_1024,AFIO,IM002094,0.45,diagnostic_test_set_scan_equal_dataset_macro_F1,36365,11736,41893,1414006,0.4646809271895525,0.7560133884950417,0.5755822695652862,0.4040824943885148,0.5761490243322257,D:\Retina\Retinal-Vessel-Segmentation-Benchmark-main\config\test_data\AFIO\masks\IM002094.png,D:\Retina\Retinal-Vessel-Segmentation-Benchmark-main\Models_output\DCP_1024\test_data\AFIO\pred_masks\IM002094.png,D:\Retina\Retinal-Vessel-Segmentation-Benchmark-main\Models_output\DCP_1024\probability\AFIO\IM002094_prob.png
DCP_1024,DCP_1024,AFIO,IM002348,0.45,diagnostic_test_set_scan_equal_dataset_macro_F1,66258,9330,53457,1374955,0.553464478135572,0.8765677091601841,0.6785149229658531,0.5134487969313031,0.6773333106183378,D:\Retina\Retinal-Vessel-Segmentation-Benchmark-main\config\test_data\AFIO\masks\IM002348.png,D:\Retina\Retinal-Vessel-Segmentation-Benchmark-main\Models_output\DCP_1024\test_data\AFIO\pred_masks\IM002348.png,D:\Retina\Retinal-Vessel-Segmentation-Benchmark-main\Models_output\DCP_1024\probability\AFIO\IM002348_prob.png
DCP_1024,DCP_1024,AFIO,IM002350,0.45,diagnostic_test_set_scan_equal_dataset_macro_F1,76209,10377,51576,1365838,0.5963845521774856,0.8801538354930358,0.7110010215934058,0.5515916098493073,0.7048737938802304,D:\Retina\Retinal-Vessel-Segmentation-Benchmark-main\config\test_data\AFIO\masks\IM002350.png,D:\Retina\Retinal-Vessel-Segmentation-Benchmark-main\Models_output\DCP_1024\test_data\AFIO\pred_masks\IM002350.png,D:\Retina\Retinal-Vessel-Segmentation-Benchmark-main\Models_output\DCP_1024\probability\AFIO\IM002350_prob.png
DCP_1024,DCP_1024,AFIO,IM002421,0.45,diagnostic_test_set_scan_equal_dataset_macro_F1,72383,10393,63737,1357487,0.531758742286218,0.8744442833671595,0.661346027337183,0.4940380717069475,0.6594260030780935,D:\Retina\Retinal-Vessel-Segmentation-Benchmark-main\config\test_data\AFIO\masks\IM002421.png,D:\Retina\Retinal-Vessel-Segmentation-Benchmark-main\Models_output\DCP_1024\test_data\AFIO\pred_masks\IM002421.png,D:\Retina\Retinal-Vessel-Segmentation-Benchmark-main\Models_output\DCP_1024\probability\AFIO\IM002421_prob.png
DCP_1024,DCP_1024,AFIO,IM002422,0.45,diagnostic_test_set_scan_equal_dataset_macro_F1,65145,8657,54856,1375342,0.542870476079366,0.8826996558358852,0.6722806148511633,0.5063423961199459,0.673118171868233,D:\Retina\Retinal-Vessel-Segmentation-Benchmark-main\config\test_data\AFIO\masks\IM002422.png,D:\Retina\Retinal-Vessel-Segmentation-Benchmark-main\Models_output\DCP_1024\test_data\AFIO\pred_masks\IM002422.png,D:\Retina\Retinal-Vessel-Segmentation-Benchmark-main\Models_output\DCP_1024\probability\AFIO\IM002422_prob.png
DCP_1024,DCP_1024,AFIO,IM002471,0.45,diagnostic_test_set_scan_equal_dataset_macro_F1,64200,10894,58073,1370833,0.5250545909563027,0.8549284896263349,0.6505646840657252,0.4821014215233504,0.6489414208663825,D:\Retina\Retinal-Vessel-Segmentation-Benchmark-main\config\test_data\AFIO\masks\IM002471.png,D:\Retina\Retinal-Vessel-Segmentation-Benchmark-main\Models_output\DCP_1024\test_data\AFIO\pred_masks\IM002471.png,D:\Retina\Retinal-Vessel-Segmentation-Benchmark-main\Models_output\DCP_1024\probability\AFIO\IM002471_prob.png
DCP_1024,DCP_1024,AFIO,IM002587,0.45,diagnostic_test_set_scan_equal_dataset_macro_F1,62753,6217,50802,1384228,0.5526220774074238,0.9098593591416558,0.6876099164498015,0.5239371472464349,0.6923401606747825,D:\Retina\Retinal-Vessel-Segmentation-Benchmark-main\config\test_data\AFIO\masks\IM002587.png,D:\Retina\Retinal-Vessel-Segmentation-Benchmark-main\Models_output\DCP_1024\test_data\AFIO\pred_masks\IM002587.png,D:\Retina\Retinal-Vessel-Segmentation-Benchmark-main\Models_output\DCP_1024\probability\AFIO\IM002587_prob.png
DCP_1024,DCP_1024,AFIO,IM002649,0.45,diagnostic_test_set_scan_equal_dataset_macro_F1,58835,7446,74178,1363541,0.4423251862599896,0.8876601137580905,0.590434232841932,0.41887668287542984,0.6043775491880083,D:\Retina\Retinal-Vessel-Segmentation-Benchmark-main\config\test_data\AFIO\masks\IM002649.png,D:\Retina\Retinal-Vessel-Segmentation-Benchmark-main\Models_output\DCP_1024\test_data\AFIO\pred_masks\IM002649.png,D:\Retina\Retinal-Vessel-Segmentation-Benchmark-main\Models_output\DCP_1024\probability\AFIO\IM002649_prob.png
DCP_1024,DCP_1024,AFIO,IM002742,0.45,diagnostic_test_set_scan_equal_dataset_macro_F1,39044,10806,58206,1395944,0.40148071979434446,0.7832296890672016,0.5308497620666213,0.3613311616199008,0.5409920636289522,D:\Retina\Retinal-Vessel-Segmentation-Benchmark-main\config\test_data\AFIO\masks\IM002742.png,D:\Retina\Retinal-Vessel-Segmentation-Benchmark-main\Models_output\DCP_1024\test_data\AFIO\pred_masks\IM002742.png,D:\Retina\Retinal-Vessel-Segmentation-Benchmark-main\Models_output\DCP_1024\probability\AFIO\IM002742_prob.png
DCP_1024,DCP_1024,AFIO,IM002743,0.45,diagnostic_test_set_scan_equal_dataset_macro_F1,43552,9484,61906,1389058,0.4129795748070322,0.8211780677275813,0.5495728544929146,0.3789041429590576,0.5623437150191425,D:\Retina\Retinal-Vessel-Segmentation-Benchmark-main\config\test_data\AFIO\masks\IM002743.png,D:\Retina\Retinal-Vessel-Segmentation-Benchmark-main\Models_output\DCP_1024\test_data\AFIO\pred_masks\IM002743.png,D:\Retina\Retinal-Vessel-Segmentation-Benchmark-main\Models_output\DCP_1024\probability\AFIO\IM002743_prob.png
DCP_1024,DCP_1024,AFIO,IM003024,0.45,diagnostic_test_set_scan_equal_dataset_macro_F1,56428,9245,46533,1391794,0.5480521750954245,0.8592267750826063,0.669236334309807,0.5028964582999127,0.6691144517365827,D:\Retina\Retinal-Vessel-Segmentation-Benchmark-main\config\test_data\AFIO\masks\IM003024.png,D:\Retina\Retinal-Vessel-Segmentation-Benchmark-main\Models_output\DCP_1024\test_data\AFIO\pred_masks\IM003024.png,D:\Retina\Retinal-Vessel-Segmentation-Benchmark-main\Models_output\DCP_1024\probability\AFIO\IM003024_prob.png
DCP_1024,DCP_1024,AFIO,IM003537,0.45,diagnostic_test_set_scan_equal_dataset_macro_F1,82300,7480,79636,1334584,0.5082254717913249,0.9166852305636,0.6539115511131592,0.4857864664494499,0.6576236386071389,D:\Retina\Retinal-Vessel-Segmentation-Benchmark-main\config\test_data\AFIO\masks\IM003537.png,D:\Retina\Retinal-Vessel-Segmentation-Benchmark-main\Models_output\DCP_1024\test_data\AFIO\pred_masks\IM003537.png,D:\Retina\Retinal-Vessel-Segmentation-Benchmark-main\Models_output\DCP_1024\probability\AFIO\IM003537_prob.png
DCP_1024,DCP_1024,AFIO,IM003630,0.45,diagnostic_test_set_scan_equal_dataset_macro_F1,77828,11161,69871,1345140,0.5269365398547045,0.8745800042701907,0.6576421280335293,0.4899156489991187,0.6542463503618705,D:\Retina\Retinal-Vessel-Segmentation-Benchmark-main\config\test_data\AFIO\masks\IM003630.png,D:\Retina\Retinal-Vessel-Segmentation-Benchmark-main\Models_output\DCP_1024\test_data\AFIO\pred_masks\IM003630.png,D:\Retina\Retinal-Vessel-Segmentation-Benchmark-main\Models_output\DCP_1024\probability\AFIO\IM003630_prob.png
DCP_1024,DCP_1024,AFIO,IM003631,0.45,diagnostic_test_set_scan_equal_dataset_macro_F1,67906,9618,72255,1354221,0.48448569858947926,0.875935194262422,0.6238923214736891,0.4533746386342545,0.62770813406514,D:\Retina\Retinal-Vessel-Segmentation-Benchmark-main\config\test_data\AFIO\masks\IM003631.png,D:\Retina\Retinal-Vessel-Segmentation-Benchmark-main\Models_output\DCP_1024\test_data\AFIO\pred_masks\IM003631.png,D:\Retina\Retinal-Vessel-Segmentation-Benchmark-main\Models_output\DCP_1024\probability\AFIO\IM003631_prob.png
DCP_1024,DCP_1024,AFIO,IM003705,0.45,diagnostic_test_set_scan_equal_dataset_macro_F1,39575,14586,50090,1399749,0.44136508113533707,0.7306918262218202,0.5503177450530502,0.37961266558594164,0.5477900849069411,D:\Retina\Retinal-Vessel-Segmentation-Benchmark-main\config\test_data\AFIO\masks\IM003705.png,D:\Retina\Retinal-Vessel-Segmentation-Benchmark-main\Models_output\DCP_1024\test_data\AFIO\pred_masks\IM003705.png,D:\Retina\Retinal-Vessel-Segmentation-Benchmark-main\Models_output\DCP_1024\probability\AFIO\IM003705_prob.png
DCP_1024,DCP_1024,AFIO,IM004162,0.45,diagnostic_test_set_scan_equal_dataset_macro_F1,69623,13815,66507,1354055,0.5114449423345332,0.8344279584841439,0.6341816658165125,0.4643235853146154,0.6283827315226577,D:\Retina\Retinal-Vessel-Segmentation-Benchmark-main\config\test_data\AFIO\masks\IM004162.png,D:\Retina\Retinal-Vessel-Segmentation-Benchmark-main\Models_output\DCP_1024\test_data\AFIO\pred_masks\IM004162.png,D:\Retina\Retinal-Vessel-Segmentation-Benchmark-main\Models_output\DCP_1024\probability\AFIO\IM004162_prob.png
DCP_1024,DCP_1024,AFIO,IM004163,0.45,diagnostic_test_set_scan_equal_dataset_macro_F1,66274,13649,55608,1368469,0.5437554355852382,0.8292231272599877,0.6568122692698397,0.48899513764378627,0.6495063251415779,D:\Retina\Retinal-Vessel-Segmentation-Benchmark-main\config\test_data\AFIO\masks\IM004163.png,D:\Retina\Retinal-Vessel-Segmentation-Benchmark-main\Models_output\DCP_1024\test_data\AFIO\pred_masks\IM004163.png,D:\Retina\Retinal-Vessel-Segmentation-Benchmark-main\Models_output\DCP_1024\probability\AFIO\IM004163_prob.png
DCP_1024,DCP_1024,AFIO,IM004455,0.45,diagnostic_test_set_scan_equal_dataset_macro_F1,55823,5804,65134,1377239,0.46151111552039153,0.9058205007545395,0.611477456951321,0.44037992758024946,0.6273704797279416,D:\Retina\Retinal-Vessel-Segmentation-Benchmark-main\config\test_data\AFIO\masks\IM004455.png,D:\Retina\Retinal-Vessel-Segmentation-Benchmark-main\Models_output\DCP_1024\test_data\AFIO\pred_masks\IM004455.png,D:\Retina\Retinal-Vessel-Segmentation-Benchmark-main\Models_output\DCP_1024\probability\AFIO\IM004455_prob.png
DCP_1024,DCP_1024,AFIO,IM004512,0.45,diagnostic_test_set_scan_equal_dataset_macro_F1,51878,8146,55685,1388291,0.482303394289858,0.864287618286019,0.6191172346303712,0.4483488751955336,0.6272421184025941,D:\Retina\Retinal-Vessel-Segmentation-Benchmark-main\config\test_data\AFIO\masks\IM004512.png,D:\Retina\Retinal-Vessel-Segmentation-Benchmark-main\Models_output\DCP_1024\test_data\AFIO\pred_masks\IM004512.png,D:\Retina\Retinal-Vessel-Segmentation-Benchmark-main\Models_output\DCP_1024\probability\AFIO\IM004512_prob.png
DCP_1024,DCP_1024,AFIO,IM004513,0.45,diagnostic_test_set_scan_equal_dataset_macro_F1,53556,9169,47577,1393698,0.5295600842454985,0.8538222399362295,0.6536879493219738,0.4855397000960998,0.6552132976364639,D:\Retina\Retinal-Vessel-Segmentation-Benchmark-main\config\test_data\AFIO\masks\IM004513.png,D:\Retina\Retinal-Vessel-Segmentation-Benchmark-main\Models_output\DCP_1024\test_data\AFIO\pred_masks\IM004513.png,D:\Retina\Retinal-Vessel-Segmentation-Benchmark-main\Models_output\DCP_1024\probability\AFIO\IM004513_prob.png
DCP_1024,DCP_1024,AFIO,IM004515,0.45,diagnostic_test_set_scan_equal_dataset_macro_F1,71215,7346,60902,1364537,0.5390297993445203,0.9064930436221534,0.6760554020827992,0.510637229946294,0.6789487947036911,D:\Retina\Retinal-Vessel-Segmentation-Benchmark-main\config\test_data\AFIO\masks\IM004515.png,D:\Retina\Retinal-Vessel-Segmentation-Benchmark-main\Models_output\DCP_1024\test_data\AFIO\pred_masks\IM004515.png,D:\Retina\Retinal-Vessel-Segmentation-Benchmark-main\Models_output\DCP_1024\probability\AFIO\IM004515_prob.png
DCP_1024,DCP_1024,AFIO,IM004516,0.45,diagnostic_test_set_scan_equal_dataset_macro_F1,72459,7663,65031,1358847,0.5270128736635392,0.9043583535108959,0.6659467308788118,0.49919050932464365,0.6691215314863513,D:\Retina\Retinal-Vessel-Segmentation-Benchmark-main\config\test_data\AFIO\masks\IM004516.png,D:\Retina\Retinal-Vessel-Segmentation-Benchmark-main\Models_output\DCP_1024\test_data\AFIO\pred_masks\IM004516.png,D:\Retina\Retinal-Vessel-Segmentation-Benchmark-main\Models_output\DCP_1024\probability\AFIO\IM004516_prob.png
DCP_1024,DCP_1024,AFIO,IM004538,0.45,diagnostic_test_set_scan_equal_dataset_macro_F1,51682,7273,55041,1390004,0.48426299860386235,0.8766347213976762,0.6238848851386425,0.4533667847994666,0.6338073092963733,D:\Retina\Retinal-Vessel-Segmentation-Benchmark-main\config\test_data\AFIO\masks\IM004538.png,D:\Retina\Retinal-Vessel-Segmentation-Benchmark-main\Models_output\DCP_1024\test_data\AFIO\pred_masks\IM004538.png,D:\Retina\Retinal-Vessel-Segmentation-Benchmark-main\Models_output\DCP_1024\probability\AFIO\IM004538_prob.png
DCP_1024,DCP_1024,AFIO,IM004539,0.45,diagnostic_test_set_scan_equal_dataset_macro_F1,49138,6397,52644,1395821,0.48277691536813977,0.884811380210678,0.6247004455971066,0.45422863956960224,0.636984600214743,D:\Retina\Retinal-Vessel-Segmentation-Benchmark-main\config\test_data\AFIO\masks\IM004539.png,D:\Retina\Retinal-Vessel-Segmentation-Benchmark-main\Models_output\DCP_1024\test_data\AFIO\pred_masks\IM004539.png,D:\Retina\Retinal-Vessel-Segmentation-Benchmark-main\Models_output\DCP_1024\probability\AFIO\IM004539_prob.png
DCP_1024,DCP_1024,AFIO,IM004564,0.45,diagnostic_test_set_scan_equal_dataset_macro_F1,57959,6796,44760,1394485,0.5642480943155599,0.8950505752451549,0.6921552002101818,0.5292334383417797,0.6951925190354038,D:\Retina\Retinal-Vessel-Segmentation-Benchmark-main\config\test_data\AFIO\masks\IM004564.png,D:\Retina\Retinal-Vessel-Segmentation-Benchmark-main\Models_output\DCP_1024\test_data\AFIO\pred_masks\IM004564.png,D:\Retina\Retinal-Vessel-Segmentation-Benchmark-main\Models_output\DCP_1024\probability\AFIO\IM004564_prob.png
DCP_1024,DCP_1024,AFIO,IM004790,0.45,diagnostic_test_set_scan_equal_dataset_macro_F1,56226,14613,50075,1383086,0.5289319949953434,0.7937153263033075,0.6348199164502654,0.4650081876374944,0.6272219637680175,D:\Retina\Retinal-Vessel-Segmentation-Benchmark-main\config\test_data\AFIO\masks\IM004790.png,D:\Retina\Retinal-Vessel-Segmentation-Benchmark-main\Models_output\DCP_1024\test_data\AFIO\pred_masks\IM004790.png,D:\Retina\Retinal-Vessel-Segmentation-Benchmark-main\Models_output\DCP_1024\probability\AFIO\IM004790_prob.png
DCP_1024,DCP_1024,AFIO,IM004993,0.45,diagnostic_test_set_scan_equal_dataset_macro_F1,60466,8535,55810,1379189,0.520021328563074,0.8763061404907175,0.6527091867851919,0.4844605042824751,0.6559899465792729,D:\Retina\Retinal-Vessel-Segmentation-Benchmark-main\config\test_data\AFIO\masks\IM004993.png,D:\Retina\Retinal-Vessel-Segmentation-Benchmark-main\Models_output\DCP_1024\test_data\AFIO\pred_masks\IM004993.png,D:\Retina\Retinal-Vessel-Segmentation-Benchmark-main\Models_output\DCP_1024\probability\AFIO\IM004993_prob.png
DCP_1024,DCP_1024,AFIO,IM005024,0.45,diagnostic_test_set_scan_equal_dataset_macro_F1,67418,6860,76924,1352798,0.4670712613099444,0.9076442553649802,0.6167596743207392,0.4458803454980754,0.6280895934585401,D:\Retina\Retinal-Vessel-Segmentation-Benchmark-main\config\test_data\AFIO\masks\IM005024.png,D:\Retina\Retinal-Vessel-Segmentation-Benchmark-main\Models_output\DCP_1024\test_data\AFIO\pred_masks\IM005024.png,D:\Retina\Retinal-Vessel-Segmentation-Benchmark-main\Models_output\DCP_1024\probability\AFIO\IM005024_prob.png
DCP_1024,DCP_1024,AFIO,IM005025,0.45,diagnostic_test_set_scan_equal_dataset_macro_F1,61206,6562,64311,1371921,0.4876311575324458,0.9031696375870617,0.6333238482034301,0.46340447762324066,0.6438109210737107,D:\Retina\Retinal-Vessel-Segmentation-Benchmark-main\config\test_data\AFIO\masks\IM005025.png,D:\Retina\Retinal-Vessel-Segmentation-Benchmark-main\Models_output\DCP_1024\test_data\AFIO\pred_masks\IM005025.png,D:\Retina\Retinal-Vessel-Segmentation-Benchmark-main\Models_output\DCP_1024\probability\AFIO\IM005025_prob.png
DCP_1024,DCP_1024,AFIO,IM005060,0.45,diagnostic_test_set_scan_equal_dataset_macro_F1,79162,10181,67857,1346800,0.5384474115590502,0.8860459129422562,0.6698369450250041,0.5035750636132316,0.667063358650243,D:\Retina\Retinal-Vessel-Segmentation-Benchmark-main\config\test_data\AFIO\masks\IM005060.png,D:\Retina\Retinal-Vessel-Segmentation-Benchmark-main\Models_output\DCP_1024\test_data\AFIO\pred_masks\IM005060.png,D:\Retina\Retinal-Vessel-Segmentation-Benchmark-main\Models_output\DCP_1024\probability\AFIO\IM005060_prob.png
DCP_1024,DCP_1024,AFIO,IM005092,0.45,diagnostic_test_set_scan_equal_dataset_macro_F1,74156,5831,72392,1351621,0.5060185058820318,0.9271006538562516,0.6546979495442204,0.48665498526699874,0.6630548890017289,D:\Retina\Retinal-Vessel-Segmentation-Benchmark-main\config\test_data\AFIO\masks\IM005092.png,D:\Retina\Retinal-Vessel-Segmentation-Benchmark-main\Models_output\DCP_1024\test_data\AFIO\pred_masks\IM005092.png,D:\Retina\Retinal-Vessel-Segmentation-Benchmark-main\Models_output\DCP_1024\probability\AFIO\IM005092_prob.png
DCP_1024,DCP_1024,AFIO,IM005093,0.45,diagnostic_test_set_scan_equal_dataset_macro_F1,72415,7755,73079,1350751,0.49771811896023205,0.9032680553823126,0.6417948808848554,0.47253163152777505,0.64742866640719,D:\Retina\Retinal-Vessel-Segmentation-Benchmark-main\config\test_data\AFIO\masks\IM005093.png,D:\Retina\Retinal-Vessel-Segmentation-Benchmark-main\Models_output\DCP_1024\test_data\AFIO\pred_masks\IM005093.png,D:\Retina\Retinal-Vessel-Segmentation-Benchmark-main\Models_output\DCP_1024\probability\AFIO\IM005093_prob.png
DCP_1024,DCP_1024,AFIO,IM005132,0.45,diagnostic_test_set_scan_equal_dataset_macro_F1,78143,5949,74173,1345735,0.5130321174400588,0.9292560528944489,0.6610859192582315,0.49374782800998324,0.6678911382658468,D:\Retina\Retinal-Vessel-Segmentation-Benchmark-main\config\test_data\AFIO\masks\IM005132.png,D:\Retina\Retinal-Vessel-Segmentation-Benchmark-main\Models_output\DCP_1024\test_data\AFIO\pred_masks\IM005132.png,D:\Retina\Retinal-Vessel-Segmentation-Benchmark-main\Models_output\DCP_1024\probability\AFIO\IM005132_prob.png
DCP_1024,DCP_1024,AFIO,IM005133,0.45,diagnostic_test_set_scan_equal_dataset_macro_F1,77379,7443,82681,1336497,0.48343746095214296,0.9122515385159511,0.6319696833576988,0.46195590526736835,0.6388442963722133,D:\Retina\Retinal-Vessel-Segmentation-Benchmark-main\config\test_data\AFIO\masks\IM005133.png,D:\Retina\Retinal-Vessel-Segmentation-Benchmark-main\Models_output\DCP_1024\test_data\AFIO\pred_masks\IM005133.png,D:\Retina\Retinal-Vessel-Segmentation-Benchmark-main\Models_output\DCP_1024\probability\AFIO\IM005133_prob.png
DCP_1024,DCP_1024,AFIO,IM005190,0.45,diagnostic_test_set_scan_equal_dataset_macro_F1,56782,6754,80852,1359612,0.41255794353139486,0.8936980609418282,0.5645175722026148,0.39325982768651135,0.5842992192120067,D:\Retina\Retinal-Vessel-Segmentation-Benchmark-main\config\test_data\AFIO\masks\IM005190.png,D:\Retina\Retinal-Vessel-Segmentation-Benchmark-main\Models_output\DCP_1024\test_data\AFIO\pred_masks\IM005190.png,D:\Retina\Retinal-Vessel-Segmentation-Benchmark-main\Models_output\DCP_1024\probability\AFIO\IM005190_prob.png
DCP_1024,DCP_1024,AFIO,IM005191,0.45,diagnostic_test_set_scan_equal_dataset_macro_F1,69072,6071,75481,1353376,0.477831660359868,0.9192073779327415,0.6287961546864759,0.458572339069471,0.6404024608027823,D:\Retina\Retinal-Vessel-Segmentation-Benchmark-main\config\test_data\AFIO\masks\IM005191.png,D:\Retina\Retinal-Vessel-Segmentation-Benchmark-main\Models_output\DCP_1024\test_data\AFIO\pred_masks\IM005191.png,D:\Retina\Retinal-Vessel-Segmentation-Benchmark-main\Models_output\DCP_1024\probability\AFIO\IM005191_prob.png
DCP_1024,DCP_1024,AFIO,IM005249,0.45,diagnostic_test_set_scan_equal_dataset_macro_F1,61449,11884,53918,1376749,0.5326393162689504,0.837944717930536,0.651287758346582,0.4828960086757668,0.6476109224718515,D:\Retina\Retinal-Vessel-Segmentation-Benchmark-main\config\test_data\AFIO\masks\IM005249.png,D:\Retina\Retinal-Vessel-Segmentation-Benchmark-main\Models_output\DCP_1024\test_data\AFIO\pred_masks\IM005249.png,D:\Retina\Retinal-Vessel-Segmentation-Benchmark-main\Models_output\DCP_1024\probability\AFIO\IM005249_prob.png
DCP_1024,DCP_1024,AFIO,IM005283,0.45,diagnostic_test_set_scan_equal_dataset_macro_F1,64024,6014,63190,1370772,0.5032779411071109,0.9141323281647106,0.6491594508547441,0.48055964211727265,0.6588507087369768,D:\Retina\Retinal-Vessel-Segmentation-Benchmark-main\config\test_data\AFIO\masks\IM005283.png,D:\Retina\Retinal-Vessel-Segmentation-Benchmark-main\Models_output\DCP_1024\test_data\AFIO\pred_masks\IM005283.png,D:\Retina\Retinal-Vessel-Segmentation-Benchmark-main\Models_output\DCP_1024\probability\AFIO\IM005283_prob.png
DCP_1024,DCP_1024,AFIO,IM005320,0.45,diagnostic_test_set_scan_equal_dataset_macro_F1,37573,9757,33202,1423468,0.530879547862946,0.7938516796957532,0.6362643410524533,0.4665598768191526,0.6356808045521604,D:\Retina\Retinal-Vessel-Segmentation-Benchmark-main\config\test_data\AFIO\masks\IM005320.png,D:\Retina\Retinal-Vessel-Segmentation-Benchmark-main\Models_output\DCP_1024\test_data\AFIO\pred_masks\IM005320.png,D:\Retina\Retinal-Vessel-Segmentation-Benchmark-main\Models_output\DCP_1024\probability\AFIO\IM005320_prob.png
DCP_1024,DCP_1024,AFIO,IM005321,0.45,diagnostic_test_set_scan_equal_dataset_macro_F1,45743,9244,32516,1416497,0.5845078521320232,0.8318875370542128,0.6865947195412996,0.5227592196838966,0.6840176977405513,D:\Retina\Retinal-Vessel-Segmentation-Benchmark-main\config\test_data\AFIO\masks\IM005321.png,D:\Retina\Retinal-Vessel-Segmentation-Benchmark-main\Models_output\DCP_1024\test_data\AFIO\pred_masks\IM005321.png,D:\Retina\Retinal-Vessel-Segmentation-Benchmark-main\Models_output\DCP_1024\probability\AFIO\IM005321_prob.png
DCP_1024,DCP_1024,AFIO,IM005357,0.45,diagnostic_test_set_scan_equal_dataset_macro_F1,51371,8363,49688,1394578,0.5083268189869284,0.8599959821876988,0.6389706019540653,0.469475973752993,0.6440103534288585,D:\Retina\Retinal-Vessel-Segmentation-Benchmark-main\config\test_data\AFIO\masks\IM005357.png,D:\Retina\Retinal-Vessel-Segmentation-Benchmark-main\Models_output\DCP_1024\test_data\AFIO\pred_masks\IM005357.png,D:\Retina\Retinal-Vessel-Segmentation-Benchmark-main\Models_output\DCP_1024\probability\AFIO\IM005357_prob.png
DCP_1024,DCP_1024,AFIO,IM005387,0.45,diagnostic_test_set_scan_equal_dataset_macro_F1,69319,11266,53549,1369866,0.564174561317837,0.8601973071911646,0.6814251940251558,0.5167891809682854,0.6762893723557264,D:\Retina\Retinal-Vessel-Segmentation-Benchmark-main\config\test_data\AFIO\masks\IM005387.png,D:\Retina\Retinal-Vessel-Segmentation-Benchmark-main\Models_output\DCP_1024\test_data\AFIO\pred_masks\IM005387.png,D:\Retina\Retinal-Vessel-Segmentation-Benchmark-main\Models_output\DCP_1024\probability\AFIO\IM005387_prob.png
DCP_1024,DCP_1024,AFIO,IM005456,0.45,diagnostic_test_set_scan_equal_dataset_macro_F1,56196,12250,42880,1392674,0.5672009366546893,0.8210267948455717,0.6709088955480474,0.504787740509854,0.6647153637851372,D:\Retina\Retinal-Vessel-Segmentation-Benchmark-main\config\test_data\AFIO\masks\IM005456.png,D:\Retina\Retinal-Vessel-Segmentation-Benchmark-main\Models_output\DCP_1024\test_data\AFIO\pred_masks\IM005456.png,D:\Retina\Retinal-Vessel-Segmentation-Benchmark-main\Models_output\DCP_1024\probability\AFIO\IM005456_prob.png
DCP_1024,DCP_1024,AFIO,IM005457,0.45,diagnostic_test_set_scan_equal_dataset_macro_F1,55073,8417,44868,1395642,0.5510551225222882,0.8674279414080958,0.673960264576488,0.508250429133059,0.6751469666231963,D:\Retina\Retinal-Vessel-Segmentation-Benchmark-main\config\test_data\AFIO\masks\IM005457.png,D:\Retina\Retinal-Vessel-Segmentation-Benchmark-main\Models_output\DCP_1024\test_data\AFIO\pred_masks\IM005457.png,D:\Retina\Retinal-Vessel-Segmentation-Benchmark-main\Models_output\DCP_1024\probability\AFIO\IM005457_prob.png
DCP_1024,DCP_1024,AFIO,IM005488,0.45,diagnostic_test_set_scan_equal_dataset_macro_F1,78764,7703,79302,1338231,0.49829817924158265,0.9109139903084413,0.6441993514167822,0.47514312084889215,0.6489507058584185,D:\Retina\Retinal-Vessel-Segmentation-Benchmark-main\config\test_data\AFIO\masks\IM005488.png,D:\Retina\Retinal-Vessel-Segmentation-Benchmark-main\Models_output\DCP_1024\test_data\AFIO\pred_masks\IM005488.png,D:\Retina\Retinal-Vessel-Segmentation-Benchmark-main\Models_output\DCP_1024\probability\AFIO\IM005488_prob.png
DCP_1024,DCP_1024,AFIO,IM005489,0.45,diagnostic_test_set_scan_equal_dataset_macro_F1,71342,5194,83213,1344251,0.4615961955290997,0.9321365109229643,0.6174364211501098,0.44658808505843545,0.6324546110385809,D:\Retina\Retinal-Vessel-Segmentation-Benchmark-main\config\test_data\AFIO\masks\IM005489.png,D:\Retina\Retinal-Vessel-Segmentation-Benchmark-main\Models_output\DCP_1024\test_data\AFIO\pred_masks\IM005489.png,D:\Retina\Retinal-Vessel-Segmentation-Benchmark-main\Models_output\DCP_1024\probability\AFIO\IM005489_prob.png
DCP_1024,DCP_1024,AFIO,IM005523,0.45,diagnostic_test_set_scan_equal_dataset_macro_F1,70820,8844,63401,1360935,0.5276372549750039,0.8889837316730267,0.6622250274680319,0.49501974626917833,0.6634169513780608,D:\Retina\Retinal-Vessel-Segmentation-Benchmark-main\config\test_data\AFIO\masks\IM005523.png,D:\Retina\Retinal-Vessel-Segmentation-Benchmark-main\Models_output\DCP_1024\test_data\AFIO\pred_masks\IM005523.png,D:\Retina\Retinal-Vessel-Segmentation-Benchmark-main\Models_output\DCP_1024\probability\AFIO\IM005523_prob.png
DCP_1024,DCP_1024,AFIO,IM005524,0.45,diagnostic_test_set_scan_equal_dataset_macro_F1,70945,5763,88617,1338675,0.4446234065755004,0.9248709391458518,0.6005417530791044,0.4291244518372902,0.616372732606776,D:\Retina\Retinal-Vessel-Segmentation-Benchmark-main\config\test_data\AFIO\masks\IM005524.png,D:\Retina\Retinal-Vessel-Segmentation-Benchmark-main\Models_output\DCP_1024\test_data\AFIO\pred_masks\IM005524.png,D:\Retina\Retinal-Vessel-Segmentation-Benchmark-main\Models_output\DCP_1024\probability\AFIO\IM005524_prob.png
DCP_1024,DCP_1024,AFIO,IM005558,0.45,diagnostic_test_set_scan_equal_dataset_macro_F1,77925,7902,69983,1348190,0.5268477702355518,0.9079310706421057,0.6667807559843413,0.5001283614658879,0.6688347686376593,D:\Retina\Retinal-Vessel-Segmentation-Benchmark-main\config\test_data\AFIO\masks\IM005558.png,D:\Retina\Retinal-Vessel-Segmentation-Benchmark-main\Models_output\DCP_1024\test_data\AFIO\pred_masks\IM005558.png,D:\Retina\Retinal-Vessel-Segmentation-Benchmark-main\Models_output\DCP_1024\probability\AFIO\IM005558_prob.png
DCP_1024,DCP_1024,AFIO,IM005713,0.45,diagnostic_test_set_scan_equal_dataset_macro_F1,76161,8070,70570,1349199,0.5190518704295616,0.9041920433094703,0.6595110884041532,0.491992945782004,0.6621498187823999,D:\Retina\Retinal-Vessel-Segmentation-Benchmark-main\config\test_data\AFIO\masks\IM005713.png,D:\Retina\Retinal-Vessel-Segmentation-Benchmark-main\Models_output\DCP_1024\test_data\AFIO\pred_masks\IM005713.png,D:\Retina\Retinal-Vessel-Segmentation-Benchmark-main\Models_output\DCP_1024\probability\AFIO\IM005713_prob.png
DCP_1024,DCP_1024,AFIO,IM005806,0.45,diagnostic_test_set_scan_equal_dataset_macro_F1,51279,5156,62434,1385131,0.45095107859259714,0.9086382564011695,0.602757599266521,0.4313908588446105,0.6221671062753493,D:\Retina\Retinal-Vessel-Segmentation-Benchmark-main\config\test_data\AFIO\masks\IM005806.png,D:\Retina\Retinal-Vessel-Segmentation-Benchmark-main\Models_output\DCP_1024\test_data\AFIO\pred_masks\IM005806.png,D:\Retina\Retinal-Vessel-Segmentation-Benchmark-main\Models_output\DCP_1024\probability\AFIO\IM005806_prob.png
DCP_1024,DCP_1024,AFIO,IM005833,0.45,diagnostic_test_set_scan_equal_dataset_macro_F1,68199,8474,80809,1346518,0.45768683560614193,0.8894786952382194,0.604384064232257,0.43305901626852594,0.6131735597938266,D:\Retina\Retinal-Vessel-Segmentation-Benchmark-main\config\test_data\AFIO\masks\IM005833.png,D:\Retina\Retinal-Vessel-Segmentation-Benchmark-main\Models_output\DCP_1024\test_data\AFIO\pred_masks\IM005833.png,D:\Retina\Retinal-Vessel-Segmentation-Benchmark-main\Models_output\DCP_1024\probability\AFIO\IM005833_prob.png
DCP_1024,DCP_1024,AFIO,IM005834,0.45,diagnostic_test_set_scan_equal_dataset_macro_F1,85098,5068,83563,1330271,0.5045505481409455,0.9437925603886166,0.6575666371746378,0.48983186457068195,0.6655918676538903,D:\Retina\Retinal-Vessel-Segmentation-Benchmark-main\config\test_data\AFIO\masks\IM005834.png,D:\Retina\Retinal-Vessel-Segmentation-Benchmark-main\Models_output\DCP_1024\test_data\AFIO\pred_masks\IM005834.png,D:\Retina\Retinal-Vessel-Segmentation-Benchmark-main\Models_output\DCP_1024\probability\AFIO\IM005834_prob.png
DCP_1024,DCP_1024,AFIO,IM006037,0.45,diagnostic_test_set_scan_equal_dataset_macro_F1,66520,10426,45717,1381337,0.5926744300008019,0.8645023782912692,0.7032344343836392,0.5422988187146899,0.6979580151821715,D:\Retina\Retinal-Vessel-Segmentation-Benchmark-main\config\test_data\AFIO\masks\IM006037.png,D:\Retina\Retinal-Vessel-Segmentation-Benchmark-main\Models_output\DCP_1024\test_data\AFIO\pred_masks\IM006037.png,D:\Retina\Retinal-Vessel-Segmentation-Benchmark-main\Models_output\DCP_1024\probability\AFIO\IM006037_prob.png
DCP_1024,DCP_1024,AFIO,IM006105,0.45,diagnostic_test_set_scan_equal_dataset_macro_F1,63831,6545,76082,1357542,0.45621922194506587,0.906999545299534,0.6070788296106786,0.4358314329022655,0.6208719542808209,D:\Retina\Retinal-Vessel-Segmentation-Benchmark-main\config\test_data\AFIO\masks\IM006105.png,D:\Retina\Retinal-Vessel-Segmentation-Benchmark-main\Models_output\DCP_1024\test_data\AFIO\pred_masks\IM006105.png,D:\Retina\Retinal-Vessel-Segmentation-Benchmark-main\Models_output\DCP_1024\probability\AFIO\IM006105_prob.png
DCP_1024,DCP_1024,AFIO,IM006106,0.45,diagnostic_test_set_scan_equal_dataset_macro_F1,72771,6647,76854,1347728,0.48635588972431076,0.916303608753683,0.6354352676135048,0.465668833828197,0.6443440399123859,D:\Retina\Retinal-Vessel-Segmentation-Benchmark-main\config\test_data\AFIO\masks\IM006106.png,D:\Retina\Retinal-Vessel-Segmentation-Benchmark-main\Models_output\DCP_1024\test_data\AFIO\pred_masks\IM006106.png,D:\Retina\Retinal-Vessel-Segmentation-Benchmark-main\Models_output\DCP_1024\probability\AFIO\IM006106_prob.png
DCP_1024,DCP_1024,CHASEDB1,Image_01L,0.45,diagnostic_test_set_scan_equal_dataset_macro_F1,59198,14338,7687,877817,0.8850713911938402,0.8050206701479548,0.8431502410608099,0.728832966031789,0.8318770257659176,D:\Retina\Retinal-Vessel-Segmentation-Benchmark-main\config\test_data\CHASEDB1\masks\Image_01L.png,D:\Retina\Retinal-Vessel-Segmentation-Benchmark-main\Models_output\DCP_1024\test_data\CHASEDB1\pred_masks\Image_01L.png,D:\Retina\Retinal-Vessel-Segmentation-Benchmark-main\Models_output\DCP_1024\probability\CHASEDB1\Image_01L_prob.png
DCP_1024,DCP_1024,CHASEDB1,Image_01R,0.45,diagnostic_test_set_scan_equal_dataset_macro_F1,62329,12162,10509,874040,0.855720914907054,0.8367319541958089,0.8461199085040964,0.7332823529411765,0.8333801590739509,D:\Retina\Retinal-Vessel-Segmentation-Benchmark-main\config\test_data\CHASEDB1\masks\Image_01R.png,D:\Retina\Retinal-Vessel-Segmentation-Benchmark-main\Models_output\DCP_1024\test_data\CHASEDB1\pred_masks\Image_01R.png,D:\Retina\Retinal-Vessel-Segmentation-Benchmark-main\Models_output\DCP_1024\probability\CHASEDB1\Image_01R_prob.png
DCP_1024,DCP_1024,CHASEDB1,Image_02L,0.45,diagnostic_test_set_scan_equal_dataset_macro_F1,65980,15887,11840,865333,0.8478540221022873,0.8059413438870363,0.8263665796213844,0.7041096182782502,0.8109191424479543,D:\Retina\Retinal-Vessel-Segmentation-Benchmark-main\config\test_data\CHASEDB1\masks\Image_02L.png,D:\Retina\Retinal-Vessel-Segmentation-Benchmark-main\Models_output\DCP_1024\test_data\CHASEDB1\pred_masks\Image_02L.png,D:\Retina\Retinal-Vessel-Segmentation-Benchmark-main\Models_output\DCP_1024\probability\CHASEDB1\Image_02L_prob.png
DCP_1024,DCP_1024,CHASEDB1,Image_02R,0.45,diagnostic_test_set_scan_equal_dataset_macro_F1,63145,19395,11745,864755,0.8431699826412071,0.765023019142234,0.8021978021978021,0.6697247706422018,0.7856578239658701,D:\Retina\Retinal-Vessel-Segmentation-Benchmark-main\config\test_data\CHASEDB1\masks\Image_02R.png,D:\Retina\Retinal-Vessel-Segmentation-Benchmark-main\Models_output\DCP_1024\test_data\CHASEDB1\pred_masks\Image_02R.png,D:\Retina\Retinal-Vessel-Segmentation-Benchmark-main\Models_output\DCP_1024\probability\CHASEDB1\Image_02R_prob.png
DCP_1024,DCP_1024,CHASEDB1,Image_03L,0.45,diagnostic_test_set_scan_equal_dataset_macro_F1,64865,17346,10331,866498,0.8626123729985637,0.7890063373514493,0.8241691919673203,0.7009249854120291,0.8094378392651839,D:\Retina\Retinal-Vessel-Segmentation-Benchmark-main\config\test_data\CHASEDB1\masks\Image_03L.png,D:\Retina\Retinal-Vessel-Segmentation-Benchmark-main\Models_output\DCP_1024\test_data\CHASEDB1\pred_masks\Image_03L.png,D:\Retina\Retinal-Vessel-Segmentation-Benchmark-main\Models_output\DCP_1024\probability\CHASEDB1\Image_03L_prob.png
DCP_1024,DCP_1024,CHASEDB1,Image_03R,0.45,diagnostic_test_set_scan_equal_dataset_macro_F1,63629,16750,8792,869869,0.8785987489816489,0.7916122370270842,0.8328403141361256,0.7135615839230243,0.8197268123895625,D:\Retina\Retinal-Vessel-Segmentation-Benchmark-main\config\test_data\CHASEDB1\masks\Image_03R.png,D:\Retina\Retinal-Vessel-Segmentation-Benchmark-main\Models_output\DCP_1024\test_data\CHASEDB1\pred_masks\Image_03R.png,D:\Retina\Retinal-Vessel-Segmentation-Benchmark-main\Models_output\DCP_1024\probability\CHASEDB1\Image_03R_prob.png
DCP_1024,DCP_1024,CHASEDB1,Image_04L,0.45,diagnostic_test_set_scan_equal_dataset_macro_F1,66276,16720,8892,867152,0.8817049808429118,0.7985445081690684,0.8380668167218837,0.7212693714086714,0.8247528957427689,D:\Retina\Retinal-Vessel-Segmentation-Benchmark-main\config\test_data\CHASEDB1\masks\Image_04L.png,D:\Retina\Retinal-Vessel-Segmentation-Benchmark-main\Models_output\DCP_1024\test_data\CHASEDB1\pred_masks\Image_04L.png,D:\Retina\Retinal-Vessel-Segmentation-Benchmark-main\Models_output\DCP_1024\probability\CHASEDB1\Image_04L_prob.png
DCP_1024,DCP_1024,CHASEDB1,Image_04R,0.45,diagnostic_test_set_scan_equal_dataset_macro_F1,62882,15578,10942,869638,0.851782618118769,0.8014529696660719,0.8258516981429435,0.7033623408872285,0.8112917302977573,D:\Retina\Retinal-Vessel-Segmentation-Benchmark-main\config\test_data\CHASEDB1\masks\Image_04R.png,D:\Retina\Retinal-Vessel-Segmentation-Benchmark-main\Models_output\DCP_1024\test_data\CHASEDB1\pred_masks\Image_04R.png,D:\Retina\Retinal-Vessel-Segmentation-Benchmark-main\Models_output\DCP_1024\probability\CHASEDB1\Image_04R_prob.png
DCP_1024,DCP_1024,CHASEDB1,Image_05L,0.45,diagnostic_test_set_scan_equal_dataset_macro_F1,65750,15391,10191,867708,0.8658037160427173,0.81031784178159,0.8371423842324391,0.7199010204528533,0.8231678930320693,D:\Retina\Retinal-Vessel-Segmentation-Benchmark-main\config\test_data\CHASEDB1\masks\Image_05L.png,D:\Retina\Retinal-Vessel-Segmentation-Benchmark-main\Models_output\DCP_1024\test_data\CHASEDB1\pred_masks\Image_05L.png,D:\Retina\Retinal-Vessel-Segmentation-Benchmark-main\Models_output\DCP_1024\probability\CHASEDB1\Image_05L_prob.png
DCP_1024,DCP_1024,CHASEDB1,Image_05R,0.45,diagnostic_test_set_scan_equal_dataset_macro_F1,70281,13815,11382,863562,0.8606223136548988,0.8357234589041096,0.8479901543807576,0.7360962734870861,0.8337219367560595,D:\Retina\Retinal-Vessel-Segmentation-Benchmark-main\config\test_data\CHASEDB1\masks\Image_05R.png,D:\Retina\Retinal-Vessel-Segmentation-Benchmark-main\Models_output\DCP_1024\test_data\CHASEDB1\pred_masks\Image_05R.png,D:\Retina\Retinal-Vessel-Segmentation-Benchmark-main\Models_output\DCP_1024\probability\CHASEDB1\Image_05R_prob.png
DCP_1024,DCP_1024,CHASEDB1,Image_06L,0.45,diagnostic_test_set_scan_equal_dataset_macro_F1,59935,12853,12701,873551,0.8251418029627182,0.8234186953893499,0.8242793486632193,0.7010843500333376,0.8098642271404761,D:\Retina\Retinal-Vessel-Segmentation-Benchmark-main\config\test_data\CHASEDB1\masks\Image_06L.png,D:\Retina\Retinal-Vessel-Segmentation-Benchmark-main\Models_output\DCP_1024\test_data\CHASEDB1\pred_masks\Image_06L.png,D:\Retina\Retinal-Vessel-Segmentation-Benchmark-main\Models_output\DCP_1024\probability\CHASEDB1\Image_06L_prob.png
DCP_1024,DCP_1024,CHASEDB1,Image_06R,0.45,diagnostic_test_set_scan_equal_dataset_macro_F1,62117,18824,9651,868448,0.865525025080816,0.7674355394670191,0.8135342383225612,0.6856786471211586,0.7991704698355084,D:\Retina\Retinal-Vessel-Segmentation-Benchmark-main\config\test_data\CHASEDB1\masks\Image_06R.png,D:\Retina\Retinal-Vessel-Segmentation-Benchmark-main\Models_output\DCP_1024\test_data\CHASEDB1\pred_masks\Image_06R.png,D:\Retina\Retinal-Vessel-Segmentation-Benchmark-main\Models_output\DCP_1024\probability\CHASEDB1\Image_06R_prob.png
DCP_1024,DCP_1024,CHASEDB1,Image_07L,0.45,diagnostic_test_set_scan_equal_dataset_macro_F1,65623,19399,9076,864942,0.8784990428252052,0.7718355249229611,0.8217203749037385,0.6973899551531382,0.8076081720065865,D:\Retina\Retinal-Vessel-Segmentation-Benchmark-main\config\test_data\CHASEDB1\masks\Image_07L.png,D:\Retina\Retinal-Vessel-Segmentation-Benchmark-main\Models_output\DCP_1024\test_data\CHASEDB1\pred_masks\Image_07L.png,D:\Retina\Retinal-Vessel-Segmentation-Benchmark-main\Models_output\DCP_1024\probability\CHASEDB1\Image_07L_prob.png
DCP_1024,DCP_1024,CHASEDB1,Image_07R,0.45,diagnostic_test_set_scan_equal_dataset_macro_F1,64182,18954,8786,867118,0.8795910536125425,0.7720121247113164,0.8222979552093477,0.6982224059528731,0.8086608696442703,D:\Retina\Retinal-Vessel-Segmentation-Benchmark-main\config\test_data\CHASEDB1\masks\Image_07R.png,D:\Retina\Retinal-Vessel-Segmentation-Benchmark-main\Models_output\DCP_1024\test_data\CHASEDB1\pred_masks\Image_07R.png,D:\Retina\Retinal-Vessel-Segmentation-Benchmark-main\Models_output\DCP_1024\probability\CHASEDB1\Image_07R_prob.png
DCP_1024,DCP_1024,CHASEDB1,Image_08L,0.45,diagnostic_test_set_scan_equal_dataset_macro_F1,54646,21637,7380,875377,0.8810176377648083,0.7163588217558302,0.7902016499287826,0.6531680671264478,0.7788976594903995,D:\Retina\Retinal-Vessel-Segmentation-Benchmark-main\config\test_data\CHASEDB1\masks\Image_08L.png,D:\Retina\Retinal-Vessel-Segmentation-Benchmark-main\Models_output\DCP_1024\test_data\CHASEDB1\pred_masks\Image_08L.png,D:\Retina\Retinal-Vessel-Segmentation-Benchmark-main\Models_output\DCP_1024\probability\CHASEDB1\Image_08L_prob.png
DCP_1024,DCP_1024,CHASEDB1,Image_08R,0.45,diagnostic_test_set_scan_equal_dataset_macro_F1,53832,21725,7103,876380,0.8834331664888816,0.7124687322154135,0.7887934824018991,0.6512460682313089,0.7779947928057958,D:\Retina\Retinal-Vessel-Segmentation-Benchmark-main\config\test_data\CHASEDB1\masks\Image_08R.png,D:\Retina\Retinal-Vessel-Segmentation-Benchmark-main\Models_output\DCP_1024\test_data\CHASEDB1\pred_masks\Image_08R.png,D:\Retina\Retinal-Vessel-Segmentation-Benchmark-main\Models_output\DCP_1024\probability\CHASEDB1\Image_08R_prob.png
DCP_1024,DCP_1024,CHASEDB1,Image_09L,0.45,diagnostic_test_set_scan_equal_dataset_macro_F1,43073,17944,5451,892572,0.8876638364520649,0.7059180228460921,0.786426999936097,0.6480261178311368,0.7793827821089,D:\Retina\Retinal-Vessel-Segmentation-Benchmark-main\config\test_data\CHASEDB1\masks\Image_09L.png,D:\Retina\Retinal-Vessel-Segmentation-Benchmark-main\Models_output\DCP_1024\test_data\CHASEDB1\pred_masks\Image_09L.png,D:\Retina\Retinal-Vessel-Segmentation-Benchmark-main\Models_output\DCP_1024\probability\CHASEDB1\Image_09L_prob.png
DCP_1024,DCP_1024,CHASEDB1,Image_09R,0.45,diagnostic_test_set_scan_equal_dataset_macro_F1,41465,14419,7354,895802,0.8493619287572461,0.7419833941736454,0.7920498935083045,0.6556975236408489,0.7820943312309754,D:\Retina\Retinal-Vessel-Segmentation-Benchmark-main\config\test_data\CHASEDB1\masks\Image_09R.png,D:\Retina\Retinal-Vessel-Segmentation-Benchmark-main\Models_output\DCP_1024\test_data\CHASEDB1\pred_masks\Image_09R.png,D:\Retina\Retinal-Vessel-Segmentation-Benchmark-main\Models_output\DCP_1024\probability\CHASEDB1\Image_09R_prob.png
DCP_1024,DCP_1024,CHASEDB1,Image_10L,0.45,diagnostic_test_set_scan_equal_dataset_macro_F1,53017,23598,7059,875366,0.8824988348092416,0.6919924296808719,0.7757204205104946,0.6336137868394005,0.7652894620323619,D:\Retina\Retinal-Vessel-Segmentation-Benchmark-main\config\test_data\CHASEDB1\masks\Image_10L.png,D:\Retina\Retinal-Vessel-Segmentation-Benchmark-main\Models_output\DCP_1024\test_data\CHASEDB1\pred_masks\Image_10L.png,D:\Retina\Retinal-Vessel-Segmentation-Benchmark-main\Models_output\DCP_1024\probability\CHASEDB1\Image_10L_prob.png
DCP_1024,DCP_1024,CHASEDB1,Image_10R,0.45,diagnostic_test_set_scan_equal_dataset_macro_F1,52166,27231,7205,872438,0.8786444560475654,0.6570273436024031,0.7518448057188978,0.6023648414586268,0.7419284054150979,D:\Retina\Retinal-Vessel-Segmentation-Benchmark-main\config\test_data\CHASEDB1\masks\Image_10R.png,D:\Retina\Retinal-Vessel-Segmentation-Benchmark-main\Models_output\DCP_1024\test_data\CHASEDB1\pred_masks\Image_10R.png,D:\Retina\Retinal-Vessel-Segmentation-Benchmark-main\Models_output\DCP_1024\probability\CHASEDB1\Image_10R_prob.png
DCP_1024,DCP_1024,CHASEDB1,Image_11L,0.45,diagnostic_test_set_scan_equal_dataset_macro_F1,46648,19164,4471,888757,0.9125374127036914,0.7088069045158938,0.7978722494462546,0.6637166882460908,0.792079309582793,D:\Retina\Retinal-Vessel-Segmentation-Benchmark-main\config\test_data\CHASEDB1\masks\Image_11L.png,D:\Retina\Retinal-Vessel-Segmentation-Benchmark-main\Models_output\DCP_1024\test_data\CHASEDB1\pred_masks\Image_11L.png,D:\Retina\Retinal-Vessel-Segmentation-Benchmark-main\Models_output\DCP_1024\probability\CHASEDB1\Image_11L_prob.png
DCP_1024,DCP_1024,CHASEDB1,Image_11R,0.45,diagnostic_test_set_scan_equal_dataset_macro_F1,46749,18920,4384,888987,0.9142628048422741,0.7118884100564955,0.8004828684440335,0.6673375872553639,0.794753857916107,D:\Retina\Retinal-Vessel-Segmentation-Benchmark-main\config\test_data\CHASEDB1\masks\Image_11R.png,D:\Retina\Retinal-Vessel-Segmentation-Benchmark-main\Models_output\DCP_1024\test_data\CHASEDB1\pred_masks\Image_11R.png,D:\Retina\Retinal-Vessel-Segmentation-Benchmark-main\Models_output\DCP_1024\probability\CHASEDB1\Image_11R_prob.png
DCP_1024,DCP_1024,CHASEDB1,Image_12L,0.45,diagnostic_test_set_scan_equal_dataset_macro_F1,61108,27096,7924,862912,0.8852126550005794,0.6928030474808399,0.7772774682642651,0.6356940745672437,0.7644658740018392,D:\Retina\Retinal-Vessel-Segmentation-Benchmark-main\config\test_data\CHASEDB1\masks\Image_12L.png,D:\Retina\Retinal-Vessel-Segmentation-Benchmark-main\Models_output\DCP_1024\test_data\CHASEDB1\pred_masks\Image_12L.png,D:\Retina\Retinal-Vessel-Segmentation-Benchmark-main\Models_output\DCP_1024\probability\CHASEDB1\Image_12L_prob.png
DCP_1024,DCP_1024,CHASEDB1,Image_12R,0.45,diagnostic_test_set_scan_equal_dataset_macro_F1,63539,27571,6952,860978,0.9013774808131535,0.6973877730216222,0.7863688962320778,0.6479472170667537,0.7745959280628122,D:\Retina\Retinal-Vessel-Segmentation-Benchmark-main\config\test_data\CHASEDB1\masks\Image_12R.png,D:\Retina\Retinal-Vessel-Segmentation-Benchmark-main\Models_output\DCP_1024\test_data\CHASEDB1\pred_masks\Image_12R.png,D:\Retina\Retinal-Vessel-Segmentation-Benchmark-main\Models_output\DCP_1024\probability\CHASEDB1\Image_12R_prob.png
DCP_1024,DCP_1024,CHASEDB1,Image_13L,0.45,diagnostic_test_set_scan_equal_dataset_macro_F1,52122,21487,6862,878569,0.8836633663366337,0.7080927603961472,0.7861953496790932,0.6477115979669694,0.7759820067898828,D:\Retina\Retinal-Vessel-Segmentation-Benchmark-main\config\test_data\CHASEDB1\masks\Image_13L.png,D:\Retina\Retinal-Vessel-Segmentation-Benchmark-main\Models_output\DCP_1024\test_data\CHASEDB1\pred_masks\Image_13L.png,D:\Retina\Retinal-Vessel-Segmentation-Benchmark-main\Models_output\DCP_1024\probability\CHASEDB1\Image_13L_prob.png
DCP_1024,DCP_1024,CHASEDB1,Image_13R,0.45,diagnostic_test_set_scan_equal_dataset_macro_F1,49535,20442,11090,877973,0.8170721649484536,0.7078754447890021,0.7585641873784476,0.6110377835617452,0.743216366283561,D:\Retina\Retinal-Vessel-Segmentation-Benchmark-main\config\test_data\CHASEDB1\masks\Image_13R.png,D:\Retina\Retinal-Vessel-Segmentation-Benchmark-main\Models_output\DCP_1024\test_data\CHASEDB1\pred_masks\Image_13R.png,D:\Retina\Retinal-Vessel-Segmentation-Benchmark-main\Models_output\DCP_1024\probability\CHASEDB1\Image_13R_prob.png
DCP_1024,DCP_1024,CHASEDB1,Image_14L,0.45,diagnostic_test_set_scan_equal_dataset_macro_F1,59968,18147,6045,874880,0.9084271279899414,0.767688664149011,0.8321492007104796,0.7125475285171102,0.8220066308592494,D:\Retina\Retinal-Vessel-Segmentation-Benchmark-main\config\test_data\CHASEDB1\masks\Image_14L.png,D:\Retina\Retinal-Vessel-Segmentation-Benchmark-main\Models_output\DCP_1024\test_data\CHASEDB1\pred_masks\Image_14L.png,D:\Retina\Retinal-Vessel-Segmentation-Benchmark-main\Models_output\DCP_1024\probability\CHASEDB1\Image_14L_prob.png
DCP_1024,DCP_1024,CHASEDB1,Image_14R,0.45,diagnostic_test_set_scan_equal_dataset_macro_F1,49171,21461,6938,881470,0.8763478229873995,0.6961575489862951,0.7759288627989365,0.6338919685445404,0.7660754371880129,D:\Retina\Retinal-Vessel-Segmentation-Benchmark-main\config\test_data\CHASEDB1\masks\Image_14R.png,D:\Retina\Retinal-Vessel-Segmentation-Benchmark-main\Models_output\DCP_1024\test_data\CHASEDB1\pred_masks\Image_14R.png,D:\Retina\Retinal-Vessel-Segmentation-Benchmark-main\Models_output\DCP_1024\probability\CHASEDB1\Image_14R_prob.png
DCP_1024,DCP_1024,DualModal2019,DualModal2019_A1_L4,0.45,diagnostic_test_set_scan_equal_dataset_macro_F1,68160,34046,6703,939667,0.9104631126190508,0.6668884409917226,0.7698693729563052,0.6258435941933174,0.7600384608258492,D:\Retina\Retinal-Vessel-Segmentation-Benchmark-main\config\test_data\DualModal2019\masks\DualModal2019_A1_L4.png,D:\Retina\Retinal-Vessel-Segmentation-Benchmark-main\Models_output\DCP_1024\test_data\DualModal2019\pred_masks\DualModal2019_A1_L4.png,D:\Retina\Retinal-Vessel-Segmentation-Benchmark-main\Models_output\DCP_1024\probability\DualModal2019\DualModal2019_A1_L4_prob.png
DCP_1024,DCP_1024,DualModal2019,DualModal2019_A1_R2,0.45,diagnostic_test_set_scan_equal_dataset_macro_F1,59822,42929,4997,940828,0.9229084064857527,0.5822035795272066,0.713994151697798,0.5552028807959313,0.7122282714904521,D:\Retina\Retinal-Vessel-Segmentation-Benchmark-main\config\test_data\DualModal2019\masks\DualModal2019_A1_R2.png,D:\Retina\Retinal-Vessel-Segmentation-Benchmark-main\Models_output\DCP_1024\test_data\DualModal2019\pred_masks\DualModal2019_A1_R2.png,D:\Retina\Retinal-Vessel-Segmentation-Benchmark-main\Models_output\DCP_1024\probability\DualModal2019\DualModal2019_A1_R2_prob.png
DCP_1024,DCP_1024,DualModal2019,DualModal2019_A2_R2,0.45,diagnostic_test_set_scan_equal_dataset_macro_F1,55305,37101,3935,952235,0.9335752869682646,0.598500097396273,0.7293960935336243,0.574054660009757,0.7298033421482029,D:\Retina\Retinal-Vessel-Segmentation-Benchmark-main\config\test_data\DualModal2019\masks\DualModal2019_A2_R2.png,D:\Retina\Retinal-Vessel-Segmentation-Benchmark-main\Models_output\DCP_1024\test_data\DualModal2019\pred_masks\DualModal2019_A2_R2.png,D:\Retina\Retinal-Vessel-Segmentation-Benchmark-main\Models_output\DCP_1024\probability\DualModal2019\DualModal2019_A2_R2_prob.png
DCP_1024,DCP_1024,DualModal2019,DualModal2019_A3_L1,0.45,diagnostic_test_set_scan_equal_dataset_macro_F1,64868,40005,4615,939088,0.9335808758977016,0.6185386133704576,0.7440868108926564,0.5924667543475084,0.7401466846970064,D:\Retina\Retinal-Vessel-Segmentation-Benchmark-main\config\test_data\DualModal2019\masks\DualModal2019_A3_L1.png,D:\Retina\Retinal-Vessel-Segmentation-Benchmark-main\Models_output\DCP_1024\test_data\DualModal2019\pred_masks\DualModal2019_A3_L1.png,D:\Retina\Retinal-Vessel-Segmentation-Benchmark-main\Models_output\DCP_1024\probability\DualModal2019\DualModal2019_A3_L1_prob.png
DCP_1024,DCP_1024,DualModal2019,DualModal2019_A3_R1,0.45,diagnostic_test_set_scan_equal_dataset_macro_F1,49349,43311,4227,951689,0.921102732566821,0.5325814806820635,0.6749227276457234,0.5093459390836748,0.6808077047749933,D:\Retina\Retinal-Vessel-Segmentation-Benchmark-main\config\test_data\DualModal2019\masks\DualModal2019_A3_R1.png,D:\Retina\Retinal-Vessel-Segmentation-Benchmark-main\Models_output\DCP_1024\test_data\DualModal2019\pred_masks\DualModal2019_A3_R1.png,D:\Retina\Retinal-Vessel-Segmentation-Benchmark-main\Models_output\DCP_1024\probability\DualModal2019\DualModal2019_A3_R1_prob.png
DCP_1024,DCP_1024,DualModal2019,DualModal2019_A4_L3,0.45,diagnostic_test_set_scan_equal_dataset_macro_F1,55493,39694,2431,950958,0.9580312133139977,0.5829892737453644,0.7248728046972458,0.5684709787129423,0.7299463760877578,D:\Retina\Retinal-Vessel-Segmentation-Benchmark-main\config\test_data\DualModal2019\masks\DualModal2019_A4_L3.png,D:\Retina\Retinal-Vessel-Segmentation-Benchmark-main\Models_output\DCP_1024\test_data\DualModal2019\pred_masks\DualModal2019_A4_L3.png,D:\Retina\Retinal-Vessel-Segmentation-Benchmark-main\Models_output\DCP_1024\probability\DualModal2019\DualModal2019_A4_L3_prob.png
DCP_1024,DCP_1024,DualModal2019,DualModal2019_A4_R2,0.45,diagnostic_test_set_scan_equal_dataset_macro_F1,55876,39253,2730,950717,0.9534177387980752,0.5873708332895332,0.7269131947832309,0.5709847842303722,0.7308240037784672,D:\Retina\Retinal-Vessel-Segmentation-Benchmark-main\config\test_data\DualModal2019\masks\DualModal2019_A4_R2.png,D:\Retina\Retinal-Vessel-Segmentation-Benchmark-main\Models_output\DCP_1024\test_data\DualModal2019\pred_masks\DualModal2019_A4_R2.png,D:\Retina\Retinal-Vessel-Segmentation-Benchmark-main\Models_output\DCP_1024\probability\DualModal2019\DualModal2019_A4_R2_prob.png
DCP_1024,DCP_1024,DualModal2019,DualModal2019_A5_R4,0.45,diagnostic_test_set_scan_equal_dataset_macro_F1,53517,40065,2210,952784,0.9603423834048127,0.5718727960505225,0.7168623458733231,0.5586792216469016,0.72386986624856,D:\Retina\Retinal-Vessel-Segmentation-Benchmark-main\config\test_data\DualModal2019\masks\DualModal2019_A5_R4.png,D:\Retina\Retinal-Vessel-Segmentation-Benchmark-main\Models_output\DCP_1024\test_data\DualModal2019\pred_masks\DualModal2019_A5_R4.png,D:\Retina\Retinal-Vessel-Segmentation-Benchmark-main\Models_output\DCP_1024\probability\DualModal2019\DualModal2019_A5_R4_prob.png
DCP_1024,DCP_1024,DualModal2019,DualModal2019_A6_L2,0.45,diagnostic_test_set_scan_equal_dataset_macro_F1,58207,39521,3488,947360,0.9434638139233326,0.5956020792403406,0.7302208589726702,0.5750770629149542,0.7312751183706547,D:\Retina\Retinal-Vessel-Segmentation-Benchmark-main\config\test_data\DualModal2019\masks\DualModal2019_A6_L2.png,D:\Retina\Retinal-Vessel-Segmentation-Benchmark-main\Models_output\DCP_1024\test_data\DualModal2019\pred_masks\DualModal2019_A6_L2.png,D:\Retina\Retinal-Vessel-Segmentation-Benchmark-main\Models_output\DCP_1024\probability\DualModal2019\DualModal2019_A6_L2_prob.png
DCP_1024,DCP_1024,DualModal2019,DualModal2019_A6_R3,0.45,diagnostic_test_set_scan_equal_dataset_macro_F1,57159,54918,2108,934391,0.9644321460509221,0.5099975909419417,0.6671841441777944,0.5005823882296273,0.6793389659083797,D:\Retina\Retinal-Vessel-Segmentation-Benchmark-main\config\test_data\DualModal2019\masks\DualModal2019_A6_R3.png,D:\Retina\Retinal-Vessel-Segmentation-Benchmark-main\Models_output\DCP_1024\test_data\DualModal2019\pred_masks\DualModal2019_A6_R3.png,D:\Retina\Retinal-Vessel-Segmentation-Benchmark-main\Models_output\DCP_1024\probability\DualModal2019\DualModal2019_A6_R3_prob.png
DCP_1024,DCP_1024,DualModal2019,DualModal2019_A7_L1,0.45,diagnostic_test_set_scan_equal_dataset_macro_F1,52783,42068,4663,949062,0.918828116840163,0.5564833264804799,0.6931587621555251,0.5304077818196434,0.6952755003255904,D:\Retina\Retinal-Vessel-Segmentation-Benchmark-main\config\test_data\DualModal2019\masks\DualModal2019_A7_L1.png,D:\Retina\Retinal-Vessel-Segmentation-Benchmark-main\Models_output\DCP_1024\test_data\DualModal2019\pred_masks\DualModal2019_A7_L1.png,D:\Retina\Retinal-Vessel-Segmentation-Benchmark-main\Models_output\DCP_1024\probability\DualModal2019\DualModal2019_A7_L1_prob.png
DCP_1024,DCP_1024,DualModal2019,DualModal2019_A7_R1,0.45,diagnostic_test_set_scan_equal_dataset_macro_F1,49379,41860,2876,954461,0.944962204573725,0.5412049671741251,0.6882378357283232,0.5246666312490039,0.6971134332284583,D:\Retina\Retinal-Vessel-Segmentation-Benchmark-main\config\test_data\DualModal2019\masks\DualModal2019_A7_R1.png,D:\Retina\Retinal-Vessel-Segmentation-Benchmark-main\Models_output\DCP_1024\test_data\DualModal2019\pred_masks\DualModal2019_A7_R1.png,D:\Retina\Retinal-Vessel-Segmentation-Benchmark-main\Models_output\DCP_1024\probability\DualModal2019\DualModal2019_A7_R1_prob.png
DCP_1024,DCP_1024,DualModal2019,DualModal2019_C1_L4,0.45,diagnostic_test_set_scan_equal_dataset_macro_F1,67234,34583,4106,942653,0.9424446313428652,0.6603415932506359,0.776566930589003,0.6347441065679786,0.7713838357679511,D:\Retina\Retinal-Vessel-Segmentation-Benchmark-main\config\test_data\DualModal2019\masks\DualModal2019_C1_L4.png,D:\Retina\Retinal-Vessel-Segmentation-Benchmark-main\Models_output\DCP_1024\test_data\DualModal2019\pred_masks\DualModal2019_C1_L4.png,D:\Retina\Retinal-Vessel-Segmentation-Benchmark-main\Models_output\DCP_1024\probability\DualModal2019\DualModal2019_C1_L4_prob.png
DCP_1024,DCP_1024,DualModal2019,DualModal2019_C1_R4,0.45,diagnostic_test_set_scan_equal_dataset_macro_F1,67783,33028,4257,943508,0.9409078289838978,0.6723770223487516,0.7842939873069869,0.6451345795104123,0.7783506009847958,D:\Retina\Retinal-Vessel-Segmentation-Benchmark-main\config\test_data\DualModal2019\masks\DualModal2019_C1_R4.png,D:\Retina\Retinal-Vessel-Segmentation-Benchmark-main\Models_output\DCP_1024\test_data\DualModal2019\pred_masks\DualModal2019_C1_R4.png,D:\Retina\Retinal-Vessel-Segmentation-Benchmark-main\Models_output\DCP_1024\probability\DualModal2019\DualModal2019_C1_R4_prob.png
DCP_1024,DCP_1024,DualModal2019,DualModal2019_C2_L4,0.45,diagnostic_test_set_scan_equal_dataset_macro_F1,62667,28829,4084,952996,0.9388173959940675,0.6849151875491825,0.7920150145026446,0.6556497175141243,0.7867773386556105,D:\Retina\Retinal-Vessel-Segmentation-Benchmark-main\config\test_data\DualModal2019\masks\DualModal2019_C2_L4.png,D:\Retina\Retinal-Vessel-Segmentation-Benchmark-main\Models_output\DCP_1024\test_data\DualModal2019\pred_masks\DualModal2019_C2_L4.png,D:\Retina\Retinal-Vessel-Segmentation-Benchmark-main\Models_output\DCP_1024\probability\DualModal2019\DualModal2019_C2_L4_prob.png
DCP_1024,DCP_1024,DualModal2019,DualModal2019_C2_R3,0.45,diagnostic_test_set_scan_equal_dataset_macro_F1,62385,38174,4028,943989,0.9393492237965458,0.6203820642607822,0.7472510361018614,0.5964890473959479,0.7448602688161277,D:\Retina\Retinal-Vessel-Segmentation-Benchmark-main\config\test_data\DualModal2019\masks\DualModal2019_C2_R3.png,D:\Retina\Retinal-Vessel-Segmentation-Benchmark-main\Models_output\DCP_1024\test_data\DualModal2019\pred_masks\DualModal2019_C2_R3.png,D:\Retina\Retinal-Vessel-Segmentation-Benchmark-main\Models_output\DCP_1024\probability\DualModal2019\DualModal2019_C2_R3_prob.png
DCP_1024,DCP_1024,DualModal2019,DualModal2019_C3_L1,0.45,diagnostic_test_set_scan_equal_dataset_macro_F1,60681,37558,4016,946321,0.9379260243906209,0.6176874764604688,0.7448446015613492,0.5934281942203316,0.7429425920538969,D:\Retina\Retinal-Vessel-Segmentation-Benchmark-main\config\test_data\DualModal2019\masks\DualModal2019_C3_L1.png,D:\Retina\Retinal-Vessel-Segmentation-Benchmark-main\Models_output\DCP_1024\test_data\DualModal2019\pred_masks\DualModal2019_C3_L1.png,D:\Retina\Retinal-Vessel-Segmentation-Benchmark-main\Models_output\DCP_1024\probability\DualModal2019\DualModal2019_C3_L1_prob.png
DCP_1024,DCP_1024,DualModal2019,DualModal2019_C3_R1,0.45,diagnostic_test_set_scan_equal_dataset_macro_F1,68228,34127,3919,942302,0.9456803470691783,0.6665819940403498,0.7819738455719706,0.6420008656868096,0.7767263975602896,D:\Retina\Retinal-Vessel-Segmentation-Benchmark-main\config\test_data\DualModal2019\masks\DualModal2019_C3_R1.png,D:\Retina\Retinal-Vessel-Segmentation-Benchmark-main\Models_output\DCP_1024\test_data\DualModal2019\pred_masks\DualModal2019_C3_R1.png,D:\Retina\Retinal-Vessel-Segmentation-Benchmark-main\Models_output\DCP_1024\probability\DualModal2019\DualModal2019_C3_R1_prob.png
DCP_1024,DCP_1024,DualModal2019,DualModal2019_C4_L2,0.45,diagnostic_test_set_scan_equal_dataset_macro_F1,51415,47739,5140,944282,0.9091150207762355,0.5185368215099744,0.6603985639879518,0.49298137956162386,0.664676480369546,D:\Retina\Retinal-Vessel-Segmentation-Benchmark-main\config\test_data\DualModal2019\masks\DualModal2019_C4_L2.png,D:\Retina\Retinal-Vessel-Segmentation-Benchmark-main\Models_output\DCP_1024\test_data\DualModal2019\pred_masks\DualModal2019_C4_L2.png,D:\Retina\Retinal-Vessel-Segmentation-Benchmark-main\Models_output\DCP_1024\probability\DualModal2019\DualModal2019_C4_L2_prob.png
DCP_1024,DCP_1024,DualModal2019,DualModal2019_C4_R2,0.45,diagnostic_test_set_scan_equal_dataset_macro_F1,55386,43313,6289,943588,0.8980299959464937,0.5611607007163193,0.6907104642897227,0.5275460052577438,0.6882265841787715,D:\Retina\Retinal-Vessel-Segmentation-Benchmark-main\config\test_data\DualModal2019\masks\DualModal2019_C4_R2.png,D:\Retina\Retinal-Vessel-Segmentation-Benchmark-main\Models_output\DCP_1024\test_data\DualModal2019\pred_masks\DualModal2019_C4_R2.png,D:\Retina\Retinal-Vessel-Segmentation-Benchmark-main\Models_output\DCP_1024\probability\DualModal2019\DualModal2019_C4_R2_prob.png
DCP_1024,DCP_1024,DualModal2019,DualModal2019_C5_L1,0.45,diagnostic_test_set_scan_equal_dataset_macro_F1,69199,36386,4478,938513,0.9392211952169606,0.6553866553014159,0.7720431547120974,0.6287217320988888,0.7660347795609374,D:\Retina\Retinal-Vessel-Segmentation-Benchmark-main\config\test_data\DualModal2019\masks\DualModal2019_C5_L1.png,D:\Retina\Retinal-Vessel-Segmentation-Benchmark-main\Models_output\DCP_1024\test_data\DualModal2019\pred_masks\DualModal2019_C5_L1.png,D:\Retina\Retinal-Vessel-Segmentation-Benchmark-main\Models_output\DCP_1024\probability\DualModal2019\DualModal2019_C5_L1_prob.png
DCP_1024,DCP_1024,DualModal2019,DualModal2019_C5_R1,0.45,diagnostic_test_set_scan_equal_dataset_macro_F1,66601,42256,3165,936554,0.9546340624372903,0.6118210128884684,0.7457158372661975,0.5945350020531681,0.7447029939743717,D:\Retina\Retinal-Vessel-Segmentation-Benchmark-main\config\test_data\DualModal2019\masks\DualModal2019_C5_R1.png,D:\Retina\Retinal-Vessel-Segmentation-Benchmark-main\Models_output\DCP_1024\test_data\DualModal2019\pred_masks\DualModal2019_C5_R1.png,D:\Retina\Retinal-Vessel-Segmentation-Benchmark-main\Models_output\DCP_1024\probability\DualModal2019\DualModal2019_C5_R1_prob.png
DCP_1024,DCP_1024,DualModal2019,DualModal2019_C6_L2,0.45,diagnostic_test_set_scan_equal_dataset_macro_F1,69500,32944,3289,942843,0.9548146011073102,0.6784194291515364,0.7932295857515421,0.6573160697227923,0.7884532468767244,D:\Retina\Retinal-Vessel-Segmentation-Benchmark-main\config\test_data\DualModal2019\masks\DualModal2019_C6_L2.png,D:\Retina\Retinal-Vessel-Segmentation-Benchmark-main\Models_output\DCP_1024\test_data\DualModal2019\pred_masks\DualModal2019_C6_L2.png,D:\Retina\Retinal-Vessel-Segmentation-Benchmark-main\Models_output\DCP_1024\probability\DualModal2019\DualModal2019_C6_L2_prob.png
DCP_1024,DCP_1024,DualModal2019,DualModal2019_C6_R2,0.45,diagnostic_test_set_scan_equal_dataset_macro_F1,68867,35648,3100,940961,0.9569247015993442,0.6589197722814907,0.7804421980711914,0.6399386702597222,0.7768284622021197,D:\Retina\Retinal-Vessel-Segmentation-Benchmark-main\config\test_data\DualModal2019\masks\DualModal2019_C6_R2.png,D:\Retina\Retinal-Vessel-Segmentation-Benchmark-main\Models_output\DCP_1024\test_data\DualModal2019\pred_masks\DualModal2019_C6_R2.png,D:\Retina\Retinal-Vessel-Segmentation-Benchmark-main\Models_output\DCP_1024\probability\DualModal2019\DualModal2019_C6_R2_prob.png
DCP_1024,DCP_1024,DualModal2019,DualModal2019_C7_L4,0.45,diagnostic_test_set_scan_equal_dataset_macro_F1,69159,36061,4653,938703,0.9369614696797268,0.6572799847937655,0.7725881406675901,0.6294449045716418,0.7662187842939039,D:\Retina\Retinal-Vessel-Segmentation-Benchmark-main\config\test_data\DualModal2019\masks\DualModal2019_C7_L4.png,D:\Retina\Retinal-Vessel-Segmentation-Benchmark-main\Models_output\DCP_1024\test_data\DualModal2019\pred_masks\DualModal2019_C7_L4.png,D:\Retina\Retinal-Vessel-Segmentation-Benchmark-main\Models_output\DCP_1024\probability\DualModal2019\DualModal2019_C7_L4_prob.png
DCP_1024,DCP_1024,DualModal2019,DualModal2019_C7_R3,0.45,diagnostic_test_set_scan_equal_dataset_macro_F1,69550,33569,5217,940240,0.9302232268246686,0.6744634839360351,0.7819614809484726,0.6419841973120661,0.7740858264993044,D:\Retina\Retinal-Vessel-Segmentation-Benchmark-main\config\test_data\DualModal2019\masks\DualModal2019_C7_R3.png,D:\Retina\Retinal-Vessel-Segmentation-Benchmark-main\Models_output\DCP_1024\test_data\DualModal2019\pred_masks\DualModal2019_C7_R3.png,D:\Retina\Retinal-Vessel-Segmentation-Benchmark-main\Models_output\DCP_1024\probability\DualModal2019\DualModal2019_C7_R3_prob.png
DCP_1024,DCP_1024,DualModal2019,DualModal2019_C8_L4,0.45,diagnostic_test_set_scan_equal_dataset_macro_F1,78181,35979,5642,928774,0.9326915047182754,0.6848370707778556,0.789774879661385,0.6525850987462647,0.7796123065277724,D:\Retina\Retinal-Vessel-Segmentation-Benchmark-main\config\test_data\DualModal2019\masks\DualModal2019_C8_L4.png,D:\Retina\Retinal-Vessel-Segmentation-Benchmark-main\Models_output\DCP_1024\test_data\DualModal2019\pred_masks\DualModal2019_C8_L4.png,D:\Retina\Retinal-Vessel-Segmentation-Benchmark-main\Models_output\DCP_1024\probability\DualModal2019\DualModal2019_C8_L4_prob.png
DCP_1024,DCP_1024,DualModal2019,DualModal2019_C8_R2,0.45,diagnostic_test_set_scan_equal_dataset_macro_F1,78018,40240,4406,925912,0.9465446957196932,0.6597270374942922,0.7775286273806319,0.6360301310898063,0.7698688579685871,D:\Retina\Retinal-Vessel-Segmentation-Benchmark-main\config\test_data\DualModal2019\masks\DualModal2019_C8_R2.png,D:\Retina\Retinal-Vessel-Segmentation-Benchmark-main\Models_output\DCP_1024\test_data\DualModal2019\pred_masks\DualModal2019_C8_R2.png,D:\Retina\Retinal-Vessel-Segmentation-Benchmark-main\Models_output\DCP_1024\probability\DualModal2019\DualModal2019_C8_R2_prob.png
DCP_1024,DCP_1024,DualModal2019,DualModal2019_C9_L4,0.45,diagnostic_test_set_scan_equal_dataset_macro_F1,71995,35570,4107,936904,0.9460329557698878,0.6693162273973876,0.7839731688327245,0.6447005516154453,0.7776531836034248,D:\Retina\Retinal-Vessel-Segmentation-Benchmark-main\config\test_data\DualModal2019\masks\DualModal2019_C9_L4.png,D:\Retina\Retinal-Vessel-Segmentation-Benchmark-main\Models_output\DCP_1024\test_data\DualModal2019\pred_masks\DualModal2019_C9_L4.png,D:\Retina\Retinal-Vessel-Segmentation-Benchmark-main\Models_output\DCP_1024\probability\DualModal2019\DualModal2019_C9_L4_prob.png
DCP_1024,DCP_1024,DualModal2019,DualModal2019_C9_R5,0.45,diagnostic_test_set_scan_equal_dataset_macro_F1,74402,25823,6062,942289,0.9246619606283555,0.7423497131454228,0.8235365738921572,0.700010349337172,0.8129460940793848,D:\Retina\Retinal-Vessel-Segmentation-Benchmark-main\config\test_data\DualModal2019\masks\DualModal2019_C9_R5.png,D:\Retina\Retinal-Vessel-Segmentation-Benchmark-main\Models_output\DCP_1024\test_data\DualModal2019\pred_masks\DualModal2019_C9_R5.png,D:\Retina\Retinal-Vessel-Segmentation-Benchmark-main\Models_output\DCP_1024\probability\DualModal2019\DualModal2019_C9_R5_prob.png
DCP_1024,DCP_1024,HRF,01_dr,0.45,diagnostic_test_set_scan_equal_dataset_macro_F1,347309,281729,68973,7487333,0.83431183668763,0.5521272164797675,0.6645027360042858,0.497569522543341,0.6582856744336699,D:\Retina\Retinal-Vessel-Segmentation-Benchmark-main\config\test_data\HRF\masks\01_dr.tif,D:\Retina\Retinal-Vessel-Segmentation-Benchmark-main\Models_output\DCP_1024\test_data\HRF\pred_masks\01_dr.png,D:\Retina\Retinal-Vessel-Segmentation-Benchmark-main\Models_output\DCP_1024\probability\HRF\01_dr_prob.png
DCP_1024,DCP_1024,HRF,01_g,0.45,diagnostic_test_set_scan_equal_dataset_macro_F1,457454,277967,90178,7359745,0.8353310252140124,0.622030102485515,0.713071089035293,0.5540873959391908,0.6980631017733715,D:\Retina\Retinal-Vessel-Segmentation-Benchmark-main\config\test_data\HRF\masks\01_g.tif,D:\Retina\Retinal-Vessel-Segmentation-Benchmark-main\Models_output\DCP_1024\test_data\HRF\pred_masks\01_g.png,D:\Retina\Retinal-Vessel-Segmentation-Benchmark-main\Models_output\DCP_1024\probability\HRF\01_g_prob.png
DCP_1024,DCP_1024,HRF,01_h,0.45,diagnostic_test_set_scan_equal_dataset_macro_F1,604388,102969,229500,7248487,0.7247831843125215,0.8544313550300626,0.7842854315829086,0.6451230016960966,0.7651771042405311,D:\Retina\Retinal-Vessel-Segmentation-Benchmark-main\config\test_data\HRF\masks\01_h.tif,D:\Retina\Retinal-Vessel-Segmentation-Benchmark-main\Models_output\DCP_1024\test_data\HRF\pred_masks\01_h.png,D:\Retina\Retinal-Vessel-Segmentation-Benchmark-main\Models_output\DCP_1024\probability\HRF\01_h_prob.png
DCP_1024,DCP_1024,HRF,02_dr,0.45,diagnostic_test_set_scan_equal_dataset_macro_F1,427919,251617,93959,7411849,0.8199598373566236,0.6297223399496127,0.7123589370525065,0.5532278812403442,0.6970062907066862,D:\Retina\Retinal-Vessel-Segmentation-Benchmark-main\config\test_data\HRF\masks\02_dr.tif,D:\Retina\Retinal-Vessel-Segmentation-Benchmark-main\Models_output\DCP_1024\test_data\HRF\pred_masks\02_dr.png,D:\Retina\Retinal-Vessel-Segmentation-Benchmark-main\Models_output\DCP_1024\probability\HRF\02_dr_prob.png
DCP_1024,DCP_1024,HRF,02_g,0.45,diagnostic_test_set_scan_equal_dataset_macro_F1,503215,230193,106507,7345429,0.825318751824602,0.6861324119725991,0.7493168941204499,0.5991261020460403,0.730799230211028,D:\Retina\Retinal-Vessel-Segmentation-Benchmark-main\config\test_data\HRF\masks\02_g.tif,D:\Retina\Retinal-Vessel-Segmentation-Benchmark-main\Models_output\DCP_1024\test_data\HRF\pred_masks\02_g.png,D:\Retina\Retinal-Vessel-Segmentation-Benchmark-main\Models_output\DCP_1024\probability\HRF\02_g_prob.png
DCP_1024,DCP_1024,HRF,02_h,0.45,diagnostic_test_set_scan_equal_dataset_macro_F1,623162,111814,185276,7265092,0.7708222522939298,0.8478671412399861,0.8075111408863725,0.6771645158065399,0.7886137071214839,D:\Retina\Retinal-Vessel-Segmentation-Benchmark-main\config\test_data\HRF\masks\02_h.tif,D:\Retina\Retinal-Vessel-Segmentation-Benchmark-main\Models_output\DCP_1024\test_data\HRF\pred_masks\02_h.png,D:\Retina\Retinal-Vessel-Segmentation-Benchmark-main\Models_output\DCP_1024\probability\HRF\02_h_prob.png
DCP_1024,DCP_1024,HRF,03_dr,0.45,diagnostic_test_set_scan_equal_dataset_macro_F1,401181,192831,93219,7498113,0.8114502427184466,0.6753752449445466,0.7371859185676012,0.5837644110932132,0.7221105341133444,D:\Retina\Retinal-Vessel-Segmentation-Benchmark-main\config\test_data\HRF\masks\03_dr.tif,D:\Retina\Retinal-Vessel-Segmentation-Benchmark-main\Models_output\DCP_1024\test_data\HRF\pred_masks\03_dr.png,D:\Retina\Retinal-Vessel-Segmentation-Benchmark-main\Models_output\DCP_1024\probability\HRF\03_dr_prob.png
DCP_1024,DCP_1024,HRF,03_g,0.45,diagnostic_test_set_scan_equal_dataset_macro_F1,399186,259114,73549,7453495,0.8444181200884217,0.6063891842624943,0.7058773601170609,0.545448582972717,0.6955220244112216,D:\Retina\Retinal-Vessel-Segmentation-Benchmark-main\config\test_data\HRF\masks\03_g.tif,D:\Retina\Retinal-Vessel-Segmentation-Benchmark-main\Models_output\DCP_1024\test_data\HRF\pred_masks\03_g.png,D:\Retina\Retinal-Vessel-Segmentation-Benchmark-main\Models_output\DCP_1024\probability\HRF\03_g_prob.png
DCP_1024,DCP_1024,HRF,03_h,0.45,diagnostic_test_set_scan_equal_dataset_macro_F1,615158,98194,249013,7222979,0.7118475394337463,0.862348461909408,0.779903684447073,0.6392148509141542,0.7609325496525141,D:\Retina\Retinal-Vessel-Segmentation-Benchmark-main\config\test_data\HRF\masks\03_h.tif,D:\Retina\Retinal-Vessel-Segmentation-Benchmark-main\Models_output\DCP_1024\test_data\HRF\pred_masks\03_h.png,D:\Retina\Retinal-Vessel-Segmentation-Benchmark-main\Models_output\DCP_1024\probability\HRF\03_h_prob.png
DCP_1024,DCP_1024,HRF,04_dr,0.45,diagnostic_test_set_scan_equal_dataset_macro_F1,381274,195309,80905,7527856,0.824948775258071,0.6612647268476525,0.7340930838825447,0.5798949942812645,0.7213072086747626,D:\Retina\Retinal-Vessel-Segmentation-Benchmark-main\config\test_data\HRF\masks\04_dr.tif,D:\Retina\Retinal-Vessel-Segmentation-Benchmark-main\Models_output\DCP_1024\test_data\HRF\pred_masks\04_dr.png,D:\Retina\Retinal-Vessel-Segmentation-Benchmark-main\Models_output\DCP_1024\probability\HRF\04_dr_prob.png
DCP_1024,DCP_1024,HRF,04_g,0.45,diagnostic_test_set_scan_equal_dataset_macro_F1,431268,222390,95648,7436038,0.8184758101860639,0.6597762132491303,0.7306073147468943,0.5755565816902574,0.7147212780800403,D:\Retina\Retinal-Vessel-Segmentation-Benchmark-main\config\test_data\HRF\masks\04_g.tif,D:\Retina\Retinal-Vessel-Segmentation-Benchmark-main\Models_output\DCP_1024\test_data\HRF\pred_masks\04_g.png,D:\Retina\Retinal-Vessel-Segmentation-Benchmark-main\Models_output\DCP_1024\probability\HRF\04_g_prob.png
DCP_1024,DCP_1024,HRF,04_h,0.45,diagnostic_test_set_scan_equal_dataset_macro_F1,605789,122087,165812,7291656,0.7851065511838372,0.8322695074435755,0.8080003894691281,0.6778528972079741,0.7890655995251176,D:\Retina\Retinal-Vessel-Segmentation-Benchmark-main\config\test_data\HRF\masks\04_h.tif,D:\Retina\Retinal-Vessel-Segmentation-Benchmark-main\Models_output\DCP_1024\test_data\HRF\pred_masks\04_h.png,D:\Retina\Retinal-Vessel-Segmentation-Benchmark-main\Models_output\DCP_1024\probability\HRF\04_h_prob.png
DCP_1024,DCP_1024,HRF,05_dr,0.45,diagnostic_test_set_scan_equal_dataset_macro_F1,439259,273502,69719,7402864,0.8630215844299753,0.616278107247731,0.7190717493670907,0.5613677026888866,0.7086496492555221,D:\Retina\Retinal-Vessel-Segmentation-Benchmark-main\config\test_data\HRF\masks\05_dr.tif,D:\Retina\Retinal-Vessel-Segmentation-Benchmark-main\Models_output\DCP_1024\test_data\HRF\pred_masks\05_dr.png,D:\Retina\Retinal-Vessel-Segmentation-Benchmark-main\Models_output\DCP_1024\probability\HRF\05_dr_prob.png
DCP_1024,DCP_1024,HRF,05_g,0.45,diagnostic_test_set_scan_equal_dataset_macro_F1,455691,224931,79360,7425362,0.8516776905379113,0.6695214083588247,0.7496933797164205,0.599607622285791,0.7360951914226176,D:\Retina\Retinal-Vessel-Segmentation-Benchmark-main\config\test_data\HRF\masks\05_g.tif,D:\Retina\Retinal-Vessel-Segmentation-Benchmark-main\Models_output\DCP_1024\test_data\HRF\pred_masks\05_g.png,D:\Retina\Retinal-Vessel-Segmentation-Benchmark-main\Models_output\DCP_1024\probability\HRF\05_g_prob.png
DCP_1024,DCP_1024,HRF,05_h,0.45,diagnostic_test_set_scan_equal_dataset_macro_F1,600896,152254,137890,7294304,0.8133559650561868,0.7978437230299409,0.8055251699804817,0.6743760100556653,0.7860707034456669,D:\Retina\Retinal-Vessel-Segmentation-Benchmark-main\config\test_data\HRF\masks\05_h.tif,D:\Retina\Retinal-Vessel-Segmentation-Benchmark-main\Models_output\DCP_1024\test_data\HRF\pred_masks\05_h.png,D:\Retina\Retinal-Vessel-Segmentation-Benchmark-main\Models_output\DCP_1024\probability\HRF\05_h_prob.png
DCP_1024,DCP_1024,HRF,06_dr,0.45,diagnostic_test_set_scan_equal_dataset_macro_F1,413027,185911,204939,7381467,0.6683652498681157,0.6895989234278005,0.6788160775213163,0.5137937769086565,0.653123836890889,D:\Retina\Retinal-Vessel-Segmentation-Benchmark-main\config\test_data\HRF\masks\06_dr.tif,D:\Retina\Retinal-Vessel-Segmentation-Benchmark-main\Models_output\DCP_1024\test_data\HRF\pred_masks\06_dr.png,D:\Retina\Retinal-Vessel-Segmentation-Benchmark-main\Models_output\DCP_1024\probability\HRF\06_dr_prob.png
DCP_1024,DCP_1024,HRF,06_g,0.45,diagnostic_test_set_scan_equal_dataset_macro_F1,474051,230501,85714,7395078,0.8468750279134994,0.6728403297414527,0.7498926297756022,0.5998625779168026,0.7349261511136912,D:\Retina\Retinal-Vessel-Segmentation-Benchmark-main\config\test_data\HRF\masks\06_g.tif,D:\Retina\Retinal-Vessel-Segmentation-Benchmark-main\Models_output\DCP_1024\test_data\HRF\pred_masks\06_g.png,D:\Retina\Retinal-Vessel-Segmentation-Benchmark-main\Models_output\DCP_1024\probability\HRF\06_g_prob.png
DCP_1024,DCP_1024,HRF,06_h,0.45,diagnostic_test_set_scan_equal_dataset_macro_F1,662132,146460,167738,7209014,0.797874365864533,0.8188703326275798,0.8082360164593381,0.6781846301967572,0.7869947014450149,D:\Retina\Retinal-Vessel-Segmentation-Benchmark-main\config\test_data\HRF\masks\06_h.tif,D:\Retina\Retinal-Vessel-Segmentation-Benchmark-main\Models_output\DCP_1024\test_data\HRF\pred_masks\06_h.png,D:\Retina\Retinal-Vessel-Segmentation-Benchmark-main\Models_output\DCP_1024\probability\HRF\06_h_prob.png
DCP_1024,DCP_1024,HRF,07_dr,0.45,diagnostic_test_set_scan_equal_dataset_macro_F1,536882,290928,99477,7258057,0.8436778610815593,0.6485570360348389,0.7333606981161327,0.578981480383096,0.715047444957719,D:\Retina\Retinal-Vessel-Segmentation-Benchmark-main\config\test_data\HRF\masks\07_dr.tif,D:\Retina\Retinal-Vessel-Segmentation-Benchmark-main\Models_output\DCP_1024\test_data\HRF\pred_masks\07_dr.png,D:\Retina\Retinal-Vessel-Segmentation-Benchmark-main\Models_output\DCP_1024\probability\HRF\07_dr_prob.png
DCP_1024,DCP_1024,HRF,07_g,0.45,diagnostic_test_set_scan_equal_dataset_macro_F1,427260,196417,105524,7456143,0.8019384966515511,0.6850661480221333,0.7389094833288802,0.5859289825439077,0.7217786844894581,D:\Retina\Retinal-Vessel-Segmentation-Benchmark-main\config\test_data\HRF\masks\07_g.tif,D:\Retina\Retinal-Vessel-Segmentation-Benchmark-main\Models_output\DCP_1024\test_data\HRF\pred_masks\07_g.png,D:\Retina\Retinal-Vessel-Segmentation-Benchmark-main\Models_output\DCP_1024\probability\HRF\07_g_prob.png
DCP_1024,DCP_1024,HRF,07_h,0.45,diagnostic_test_set_scan_equal_dataset_macro_F1,577766,123265,151247,7333066,0.792531820420212,0.8241661210417228,0.8080394729113229,0.6779079126763803,0.7898552227442807,D:\Retina\Retinal-Vessel-Segmentation-Benchmark-main\config\test_data\HRF\masks\07_h.tif,D:\Retina\Retinal-Vessel-Segmentation-Benchmark-main\Models_output\DCP_1024\test_data\HRF\pred_masks\07_h.png,D:\Retina\Retinal-Vessel-Segmentation-Benchmark-main\Models_output\DCP_1024\probability\HRF\07_h_prob.png
DCP_1024,DCP_1024,HRF,08_dr,0.45,diagnostic_test_set_scan_equal_dataset_macro_F1,499282,238731,116495,7330836,0.8108162532864982,0.6765219582852876,0.7376062757148449,0.5842917795971483,0.7176411377294186,D:\Retina\Retinal-Vessel-Segmentation-Benchmark-main\config\test_data\HRF\masks\08_dr.tif,D:\Retina\Retinal-Vessel-Segmentation-Benchmark-main\Models_output\DCP_1024\test_data\HRF\pred_masks\08_dr.png,D:\Retina\Retinal-Vessel-Segmentation-Benchmark-main\Models_output\DCP_1024\probability\HRF\08_dr_prob.png
DCP_1024,DCP_1024,HRF,08_g,0.45,diagnostic_test_set_scan_equal_dataset_macro_F1,446855,199346,108703,7430440,0.8043354609239719,0.6915108456966176,0.7436682396387295,0.5919361932113222,0.7258917115864902,D:\Retina\Retinal-Vessel-Segmentation-Benchmark-main\config\test_data\HRF\masks\08_g.tif,D:\Retina\Retinal-Vessel-Segmentation-Benchmark-main\Models_output\DCP_1024\test_data\HRF\pred_masks\08_g.png,D:\Retina\Retinal-Vessel-Segmentation-Benchmark-main\Models_output\DCP_1024\probability\HRF\08_g_prob.png
DCP_1024,DCP_1024,HRF,08_h,0.45,diagnostic_test_set_scan_equal_dataset_macro_F1,652265,130769,169362,7232948,0.7938699677590926,0.8329970346115239,0.812962987197919,0.6848674290946203,0.7929321360675288,D:\Retina\Retinal-Vessel-Segmentation-Benchmark-main\config\test_data\HRF\masks\08_h.tif,D:\Retina\Retinal-Vessel-Segmentation-Benchmark-main\Models_output\DCP_1024\test_data\HRF\pred_masks\08_h.png,D:\Retina\Retinal-Vessel-Segmentation-Benchmark-main\Models_output\DCP_1024\probability\HRF\08_h_prob.png
DCP_1024,DCP_1024,HRF,09_dr,0.45,diagnostic_test_set_scan_equal_dataset_macro_F1,420090,217171,134357,7413726,0.7576738624250831,0.6592118456958765,0.7050216999466312,0.5444274239325677,0.6839054501843923,D:\Retina\Retinal-Vessel-Segmentation-Benchmark-main\config\test_data\HRF\masks\09_dr.tif,D:\Retina\Retinal-Vessel-Segmentation-Benchmark-main\Models_output\DCP_1024\test_data\HRF\pred_masks\09_dr.png,D:\Retina\Retinal-Vessel-Segmentation-Benchmark-main\Models_output\DCP_1024\probability\HRF\09_dr_prob.png
DCP_1024,DCP_1024,HRF,09_g,0.45,diagnostic_test_set_scan_equal_dataset_macro_F1,444271,230194,97672,7413207,0.8197744043192734,0.6587013410629166,0.7304637917540826,0.5753784626303363,0.7140586990015872,D:\Retina\Retinal-Vessel-Segmentation-Benchmark-main\config\test_data\HRF\masks\09_g.tif,D:\Retina\Retinal-Vessel-Segmentation-Benchmark-main\Models_output\DCP_1024\test_data\HRF\pred_masks\09_g.png,D:\Retina\Retinal-Vessel-Segmentation-Benchmark-main\Models_output\DCP_1024\probability\HRF\09_g_prob.png
DCP_1024,DCP_1024,HRF,09_h,0.45,diagnostic_test_set_scan_equal_dataset_macro_F1,478520,112049,157948,7436827,0.7518366987813998,0.8102694181374234,0.7799601804998545,0.6392907575913439,0.7627818439254959,D:\Retina\Retinal-Vessel-Segmentation-Benchmark-main\config\test_data\HRF\masks\09_h.tif,D:\Retina\Retinal-Vessel-Segmentation-Benchmark-main\Models_output\DCP_1024\test_data\HRF\pred_masks\09_h.png,D:\Retina\Retinal-Vessel-Segmentation-Benchmark-main\Models_output\DCP_1024\probability\HRF\09_h_prob.png
DCP_1024,DCP_1024,HRF,10_dr,0.45,diagnostic_test_set_scan_equal_dataset_macro_F1,578491,275830,136398,7194625,0.8092039463469154,0.6771354092899508,0.7373022093919871,0.5839102712272602,0.7131410623607964,D:\Retina\Retinal-Vessel-Segmentation-Benchmark-main\config\test_data\HRF\masks\10_dr.tif,D:\Retina\Retinal-Vessel-Segmentation-Benchmark-main\Models_output\DCP_1024\test_data\HRF\pred_masks\10_dr.png,D:\Retina\Retinal-Vessel-Segmentation-Benchmark-main\Models_output\DCP_1024\probability\HRF\10_dr_prob.png
DCP_1024,DCP_1024,HRF,10_g,0.45,diagnostic_test_set_scan_equal_dataset_macro_F1,428174,212717,108424,7436029,0.7979418484601135,0.6680917659945295,0.7272662419776319,0.5714205641152252,0.7095424233084254,D:\Retina\Retinal-Vessel-Segmentation-Benchmark-main\config\test_data\HRF\masks\10_g.tif,D:\Retina\Retinal-Vessel-Segmentation-Benchmark-main\Models_output\DCP_1024\test_data\HRF\pred_masks\10_g.png,D:\Retina\Retinal-Vessel-Segmentation-Benchmark-main\Models_output\DCP_1024\probability\HRF\10_g_prob.png
DCP_1024,DCP_1024,HRF,10_h,0.45,diagnostic_test_set_scan_equal_dataset_macro_F1,526014,110666,179424,7369240,0.7456558903829961,0.8261826977445499,0.7838565610475383,0.6445428523815592,0.765802013320359,D:\Retina\Retinal-Vessel-Segmentation-Benchmark-main\config\test_data\HRF\masks\10_h.tif,D:\Retina\Retinal-Vessel-Segmentation-Benchmark-main\Models_output\DCP_1024\test_data\HRF\pred_masks\10_h.png,D:\Retina\Retinal-Vessel-Segmentation-Benchmark-main\Models_output\DCP_1024\probability\HRF\10_h_prob.png
DCP_1024,DCP_1024,HRF,11_dr,0.45,diagnostic_test_set_scan_equal_dataset_macro_F1,572629,249430,120308,7242977,0.826379598722539,0.6965789560116731,0.755947870489427,0.6076496736409488,0.7345002417153466,D:\Retina\Retinal-Vessel-Segmentation-Benchmark-main\config\test_data\HRF\masks\11_dr.tif,D:\Retina\Retinal-Vessel-Segmentation-Benchmark-main\Models_output\DCP_1024\test_data\HRF\pred_masks\11_dr.png,D:\Retina\Retinal-Vessel-Segmentation-Benchmark-main\Models_output\DCP_1024\probability\HRF\11_dr_prob.png
DCP_1024,DCP_1024,HRF,11_g,0.45,diagnostic_test_set_scan_equal_dataset_macro_F1,495345,208502,130348,7351149,0.7916741916562915,0.703768006399118,0.745137415948373,0.5938000107888444,0.7241766565720208,D:\Retina\Retinal-Vessel-Segmentation-Benchmark-main\config\test_data\HRF\masks\11_g.tif,D:\Retina\Retinal-Vessel-Segmentation-Benchmark-main\Models_output\DCP_1024\test_data\HRF\pred_masks\11_g.png,D:\Retina\Retinal-Vessel-Segmentation-Benchmark-main\Models_output\DCP_1024\probability\HRF\11_g_prob.png
DCP_1024,DCP_1024,HRF,11_h,0.45,diagnostic_test_set_scan_equal_dataset_macro_F1,637846,126810,127509,7293179,0.8333988802581809,0.834160720637777,0.8337796264209865,0.7149417428390489,0.8166431169198581,D:\Retina\Retinal-Vessel-Segmentation-Benchmark-main\config\test_data\HRF\masks\11_h.tif,D:\Retina\Retinal-Vessel-Segmentation-Benchmark-main\Models_output\DCP_1024\test_data\HRF\pred_masks\11_h.png,D:\Retina\Retinal-Vessel-Segmentation-Benchmark-main\Models_output\DCP_1024\probability\HRF\11_h_prob.png
DCP_1024,DCP_1024,HRF,12_dr,0.45,diagnostic_test_set_scan_equal_dataset_macro_F1,436684,236948,120040,7391672,0.7843814888526451,0.6482530521115386,0.7098498320811211,0.5502071384652603,0.6901480551957774,D:\Retina\Retinal-Vessel-Segmentation-Benchmark-main\config\test_data\HRF\masks\12_dr.tif,D:\Retina\Retinal-Vessel-Segmentation-Benchmark-main\Models_output\DCP_1024\test_data\HRF\pred_masks\12_dr.png,D:\Retina\Retinal-Vessel-Segmentation-Benchmark-main\Models_output\DCP_1024\probability\HRF\12_dr_prob.png
DCP_1024,DCP_1024,HRF,12_g,0.45,diagnostic_test_set_scan_equal_dataset_macro_F1,540683,234030,135741,7274890,0.7993255709436685,0.6979139371612455,0.7451853270917908,0.5938608650189905,0.7225221168030853,D:\Retina\Retinal-Vessel-Segmentation-Benchmark-main\config\test_data\HRF\masks\12_g.tif,D:\Retina\Retinal-Vessel-Segmentation-Benchmark-main\Models_output\DCP_1024\test_data\HRF\pred_masks\12_g.png,D:\Retina\Retinal-Vessel-Segmentation-Benchmark-main\Models_output\DCP_1024\probability\HRF\12_g_prob.png
DCP_1024,DCP_1024,HRF,12_h,0.45,diagnostic_test_set_scan_equal_dataset_macro_F1,708117,121833,151178,7204216,0.8240674040928901,0.8532044099042111,0.8383828278313685,0.7217376326024739,0.8199472650230439,D:\Retina\Retinal-Vessel-Segmentation-Benchmark-main\config\test_data\HRF\masks\12_h.tif,D:\Retina\Retinal-Vessel-Segmentation-Benchmark-main\Models_output\DCP_1024\test_data\HRF\pred_masks\12_h.png,D:\Retina\Retinal-Vessel-Segmentation-Benchmark-main\Models_output\DCP_1024\probability\HRF\12_h_prob.png
DCP_1024,DCP_1024,HRF,13_dr,0.45,diagnostic_test_set_scan_equal_dataset_macro_F1,456292,221379,103187,7404486,0.8155659104273798,0.6733237810087785,0.7376502445135998,0.5843469619316188,0.7202659300229166,D:\Retina\Retinal-Vessel-Segmentation-Benchmark-main\config\test_data\HRF\masks\13_dr.tif,D:\Retina\Retinal-Vessel-Segmentation-Benchmark-main\Models_output\DCP_1024\test_data\HRF\pred_masks\13_dr.png,D:\Retina\Retinal-Vessel-Segmentation-Benchmark-main\Models_output\DCP_1024\probability\HRF\13_dr_prob.png
DCP_1024,DCP_1024,HRF,13_g,0.45,diagnostic_test_set_scan_equal_dataset_macro_F1,434578,223476,122403,7404887,0.7802384641486872,0.6603986906849589,0.7153341261774353,0.5568250396882852,0.6954930289010495,D:\Retina\Retinal-Vessel-Segmentation-Benchmark-main\config\test_data\HRF\masks\13_g.tif,D:\Retina\Retinal-Vessel-Segmentation-Benchmark-main\Models_output\DCP_1024\test_data\HRF\pred_masks\13_g.png,D:\Retina\Retinal-Vessel-Segmentation-Benchmark-main\Models_output\DCP_1024\probability\HRF\13_g_prob.png
DCP_1024,DCP_1024,HRF,13_h,0.45,diagnostic_test_set_scan_equal_dataset_macro_F1,601948,162267,110580,7310549,0.8448060988480453,0.7876683917483954,0.8152373161748524,0.6881017838465012,0.7975329134935543,D:\Retina\Retinal-Vessel-Segmentation-Benchmark-main\config\test_data\HRF\masks\13_h.tif,D:\Retina\Retinal-Vessel-Segmentation-Benchmark-main\Models_output\DCP_1024\test_data\HRF\pred_masks\13_h.png,D:\Retina\Retinal-Vessel-Segmentation-Benchmark-main\Models_output\DCP_1024\probability\HRF\13_h_prob.png
DCP_1024,DCP_1024,HRF,14_dr,0.45,diagnostic_test_set_scan_equal_dataset_macro_F1,470882,205826,154054,7354582,0.7534883572077781,0.6958422244158485,0.72351887305592,0.5668073407305582,0.7003317617398173,D:\Retina\Retinal-Vessel-Segmentation-Benchmark-main\config\test_data\HRF\masks\14_dr.tif,D:\Retina\Retinal-Vessel-Segmentation-Benchmark-main\Models_output\DCP_1024\test_data\HRF\pred_masks\14_dr.png,D:\Retina\Retinal-Vessel-Segmentation-Benchmark-main\Models_output\DCP_1024\probability\HRF\14_dr_prob.png
DCP_1024,DCP_1024,HRF,14_g,0.45,diagnostic_test_set_scan_equal_dataset_macro_F1,437344,214927,140825,7392248,0.7564293485122862,0.6704943190790331,0.7108741588374891,0.5514389178611416,0.6889305346261335,D:\Retina\Retinal-Vessel-Segmentation-Benchmark-main\config\test_data\HRF\masks\14_g.tif,D:\Retina\Retinal-Vessel-Segmentation-Benchmark-main\Models_output\DCP_1024\test_data\HRF\pred_masks\14_g.png,D:\Retina\Retinal-Vessel-Segmentation-Benchmark-main\Models_output\DCP_1024\probability\HRF\14_g_prob.png
DCP_1024,DCP_1024,HRF,14_h,0.45,diagnostic_test_set_scan_equal_dataset_macro_F1,590769,149798,123285,7321492,0.8273449907149879,0.7977252564589025,0.8122651879767995,0.6838775623602191,0.7941227840308818,D:\Retina\Retinal-Vessel-Segmentation-Benchmark-main\config\test_data\HRF\masks\14_h.tif,D:\Retina\Retinal-Vessel-Segmentation-Benchmark-main\Models_output\DCP_1024\test_data\HRF\pred_masks\14_h.png,D:\Retina\Retinal-Vessel-Segmentation-Benchmark-main\Models_output\DCP_1024\probability\HRF\14_h_prob.png
DCP_1024,DCP_1024,HRF,15_dr,0.45,diagnostic_test_set_scan_equal_dataset_macro_F1,433540,226075,101503,7424226,0.8102900140736352,0.6572621908234348,0.7257976759876048,0.5696094429510273,0.7089569556904461,D:\Retina\Retinal-Vessel-Segmentation-Benchmark-main\config\test_data\HRF\masks\15_dr.tif,D:\Retina\Retinal-Vessel-Segmentation-Benchmark-main\Models_output\DCP_1024\test_data\HRF\pred_masks\15_dr.png,D:\Retina\Retinal-Vessel-Segmentation-Benchmark-main\Models_output\DCP_1024\probability\HRF\15_dr_prob.png
DCP_1024,DCP_1024,HRF,15_g,0.45,diagnostic_test_set_scan_equal_dataset_macro_F1,477606,237245,121582,7348911,0.7970887267435263,0.6681196501089038,0.7269281961950901,0.5710032961396788,0.7065356625056801,D:\Retina\Retinal-Vessel-Segmentation-Benchmark-main\config\test_data\HRF\masks\15_g.tif,D:\Retina\Retinal-Vessel-Segmentation-Benchmark-main\Models_output\DCP_1024\test_data\HRF\pred_masks\15_g.png,D:\Retina\Retinal-Vessel-Segmentation-Benchmark-main\Models_output\DCP_1024\probability\HRF\15_g_prob.png
DCP_1024,DCP_1024,HRF,15_h,0.45,diagnostic_test_set_scan_equal_dataset_macro_F1,555820,145872,85425,7398227,0.866782586998729,0.7921139189273927,0.827767795510884,0.7061466084457584,0.8133884724334242,D:\Retina\Retinal-Vessel-Segmentation-Benchmark-main\config\test_data\HRF\masks\15_h.tif,D:\Retina\Retinal-Vessel-Segmentation-Benchmark-main\Models_output\DCP_1024\test_data\HRF\pred_masks\15_h.png,D:\Retina\Retinal-Vessel-Segmentation-Benchmark-main\Models_output\DCP_1024\probability\HRF\15_h_prob.png
DCP_1024,DCP_1024,LES,111,0.45,diagnostic_test_set_scan_equal_dataset_macro_F1,96917,29737,24856,2187770,0.7958825026894303,0.7652107315994757,0.780245303449303,0.6396739489142631,0.7680925777912916,D:\Retina\Retinal-Vessel-Segmentation-Benchmark-main\config\test_data\LES\masks\111.png,D:\Retina\Retinal-Vessel-Segmentation-Benchmark-main\Models_output\DCP_1024\test_data\LES\pred_masks\111.png,D:\Retina\Retinal-Vessel-Segmentation-Benchmark-main\Models_output\DCP_1024\probability\LES\111_prob.png
DCP_1024,DCP_1024,LES,119,0.45,diagnostic_test_set_scan_equal_dataset_macro_F1,105304,56116,16889,2160971,0.861784226592358,0.6523603023169372,0.742589373547757,0.5905703021159897,0.7342992539303349,D:\Retina\Retinal-Vessel-Segmentation-Benchmark-main\config\test_data\LES\masks\119.png,D:\Retina\Retinal-Vessel-Segmentation-Benchmark-main\Models_output\DCP_1024\test_data\LES\pred_masks\119.png,D:\Retina\Retinal-Vessel-Segmentation-Benchmark-main\Models_output\DCP_1024\probability\LES\119_prob.png
DCP_1024,DCP_1024,LES,12,0.45,diagnostic_test_set_scan_equal_dataset_macro_F1,134519,28502,18009,2158250,0.8819298751704605,0.8251636292256825,0.8526029237931352,0.7430757333038723,0.8424909643092806,D:\Retina\Retinal-Vessel-Segmentation-Benchmark-main\config\test_data\LES\masks\12.png,D:\Retina\Retinal-Vessel-Segmentation-Benchmark-main\Models_output\DCP_1024\test_data\LES\pred_masks\12.png,D:\Retina\Retinal-Vessel-Segmentation-Benchmark-main\Models_output\DCP_1024\probability\LES\12_prob.png
DCP_1024,DCP_1024,LES,15,0.45,diagnostic_test_set_scan_equal_dataset_macro_F1,136041,52802,15312,2135125,0.8988325305742205,0.7203920717209534,0.7997801267504615,0.6663613430971566,0.7898722288222878,D:\Retina\Retinal-Vessel-Segmentation-Benchmark-main\config\test_data\LES\masks\15.png,D:\Retina\Retinal-Vessel-Segmentation-Benchmark-main\Models_output\DCP_1024\test_data\LES\pred_masks\15.png,D:\Retina\Retinal-Vessel-Segmentation-Benchmark-main\Models_output\DCP_1024\probability\LES\15_prob.png
DCP_1024,DCP_1024,LES,224,0.45,diagnostic_test_set_scan_equal_dataset_macro_F1,165813,32669,27037,2113761,0.8598029556650246,0.8354057294868048,0.8474287816994265,0.7352506884120629,0.8336082613425444,D:\Retina\Retinal-Vessel-Segmentation-Benchmark-main\config\test_data\LES\masks\224.png,D:\Retina\Retinal-Vessel-Segmentation-Benchmark-main\Models_output\DCP_1024\test_data\LES\pred_masks\224.png,D:\Retina\Retinal-Vessel-Segmentation-Benchmark-main\Models_output\DCP_1024\probability\LES\224_prob.png
DCP_1024,DCP_1024,LES,240,0.45,diagnostic_test_set_scan_equal_dataset_macro_F1,127417,36959,12305,2162599,0.911932265498633,0.7751557404973962,0.8379995922367133,0.7211697918848093,0.8299399120164276,D:\Retina\Retinal-Vessel-Segmentation-Benchmark-main\config\test_data\LES\masks\240.png,D:\Retina\Retinal-Vessel-Segmentation-Benchmark-main\Models_output\DCP_1024\test_data\LES\pred_masks\240.png,D:\Retina\Retinal-Vessel-Segmentation-Benchmark-main\Models_output\DCP_1024\probability\LES\240_prob.png
DCP_1024,DCP_1024,LES,275,0.45,diagnostic_test_set_scan_equal_dataset_macro_F1,130980,34813,16624,2156863,0.8873743258990271,0.7900212916106228,0.8358727109704305,0.7180251840563106,0.8257300623191146,D:\Retina\Retinal-Vessel-Segmentation-Benchmark-main\config\test_data\LES\masks\275.png,D:\Retina\Retinal-Vessel-Segmentation-Benchmark-main\Models_output\DCP_1024\test_data\LES\pred_masks\275.png,D:\Retina\Retinal-Vessel-Segmentation-Benchmark-main\Models_output\DCP_1024\probability\LES\275_prob.png
DCP_1024,DCP_1024,LES,279,0.45,diagnostic_test_set_scan_equal_dataset_macro_F1,159065,36346,22195,2121674,0.877551583360918,0.8140022823689557,0.8445832039100436,0.7309770870288503,0.8316902046106847,D:\Retina\Retinal-Vessel-Segmentation-Benchmark-main\config\test_data\LES\masks\279.png,D:\Retina\Retinal-Vessel-Segmentation-Benchmark-main\Models_output\DCP_1024\test_data\LES\pred_masks\279.png,D:\Retina\Retinal-Vessel-Segmentation-Benchmark-main\Models_output\DCP_1024\probability\LES\279_prob.png
DCP_1024,DCP_1024,LES,304,0.45,diagnostic_test_set_scan_equal_dataset_macro_F1,86245,30664,11837,2210534,0.8793152668175608,0.7377105269910785,0.8023126549483467,0.6698848896276389,0.7962262115117852,D:\Retina\Retinal-Vessel-Segmentation-Benchmark-main\config\test_data\LES\masks\304.png,D:\Retina\Retinal-Vessel-Segmentation-Benchmark-main\Models_output\DCP_1024\test_data\LES\pred_masks\304.png,D:\Retina\Retinal-Vessel-Segmentation-Benchmark-main\Models_output\DCP_1024\probability\LES\304_prob.png
DCP_1024,DCP_1024,LES,318,0.45,diagnostic_test_set_scan_equal_dataset_macro_F1,125760,40147,13322,2160051,0.9042147797702075,0.758015032518218,0.824685480459951,0.7016721624290712,0.8161778199917229,D:\Retina\Retinal-Vessel-Segmentation-Benchmark-main\config\test_data\LES\masks\318.png,D:\Retina\Retinal-Vessel-Segmentation-Benchmark-main\Models_output\DCP_1024\test_data\LES\pred_masks\318.png,D:\Retina\Retinal-Vessel-Segmentation-Benchmark-main\Models_output\DCP_1024\probability\LES\318_prob.png
DCP_1024,DCP_1024,LES,33,0.45,diagnostic_test_set_scan_equal_dataset_macro_F1,170985,30276,31852,2106167,0.8429675059284055,0.8495684707916586,0.8462551163331667,0.7334854770004247,0.8317282416187515,D:\Retina\Retinal-Vessel-Segmentation-Benchmark-main\config\test_data\LES\masks\33.png,D:\Retina\Retinal-Vessel-Segmentation-Benchmark-main\Models_output\DCP_1024\test_data\LES\pred_masks\33.png,D:\Retina\Retinal-Vessel-Segmentation-Benchmark-main\Models_output\DCP_1024\probability\LES\33_prob.png
DCP_1024,DCP_1024,LES,34,0.45,diagnostic_test_set_scan_equal_dataset_macro_F1,267950,61068,54031,3916719,0.8321919616374879,0.8143931335063735,0.8231963489959278,0.6995188605113184,0.808772961809289,D:\Retina\Retinal-Vessel-Segmentation-Benchmark-main\config\test_data\LES\masks\34.png,D:\Retina\Retinal-Vessel-Segmentation-Benchmark-main\Models_output\DCP_1024\test_data\LES\pred_masks\34.png,D:\Retina\Retinal-Vessel-Segmentation-Benchmark-main\Models_output\DCP_1024\probability\LES\34_prob.png
DCP_1024,DCP_1024,LES,367,0.45,diagnostic_test_set_scan_equal_dataset_macro_F1,121532,25532,16560,2175656,0.8800799467021986,0.8263885111244085,0.8523895692182525,0.7427516745709676,0.8432923662038739,D:\Retina\Retinal-Vessel-Segmentation-Benchmark-main\config\test_data\LES\masks\367.png,D:\Retina\Retinal-Vessel-Segmentation-Benchmark-main\Models_output\DCP_1024\test_data\LES\pred_masks\367.png,D:\Retina\Retinal-Vessel-Segmentation-Benchmark-main\Models_output\DCP_1024\probability\LES\367_prob.png
DCP_1024,DCP_1024,LES,37,0.45,diagnostic_test_set_scan_equal_dataset_macro_F1,198019,37375,24089,2079797,0.8915437534892935,0.8412236505603371,0.8656530463254806,0.7631289911092441,0.851546537581433,D:\Retina\Retinal-Vessel-Segmentation-Benchmark-main\config\test_data\LES\masks\37.png,D:\Retina\Retinal-Vessel-Segmentation-Benchmark-main\Models_output\DCP_1024\test_data\LES\pred_masks\37.png,D:\Retina\Retinal-Vessel-Segmentation-Benchmark-main\Models_output\DCP_1024\probability\LES\37_prob.png
DCP_1024,DCP_1024,LES,370,0.45,diagnostic_test_set_scan_equal_dataset_macro_F1,106329,39808,9396,2183747,0.9188075178224239,0.7275980757782081,0.8120995027915467,0.6836426996200163,0.8072402254489507,D:\Retina\Retinal-Vessel-Segmentation-Benchmark-main\config\test_data\LES\masks\370.png,D:\Retina\Retinal-Vessel-Segmentation-Benchmark-main\Models_output\DCP_1024\test_data\LES\pred_masks\370.png,D:\Retina\Retinal-Vessel-Segmentation-Benchmark-main\Models_output\DCP_1024\probability\LES\370_prob.png
DCP_1024,DCP_1024,LES,42,0.45,diagnostic_test_set_scan_equal_dataset_macro_F1,138212,37139,17451,2146478,0.8878924342971676,0.7882019492332522,0.8350825040632722,0.7168597836122031,0.8242630334443639,D:\Retina\Retinal-Vessel-Segmentation-Benchmark-main\config\test_data\LES\masks\42.png,D:\Retina\Retinal-Vessel-Segmentation-Benchmark-main\Models_output\DCP_1024\test_data\LES\pred_masks\42.png,D:\Retina\Retinal-Vessel-Segmentation-Benchmark-main\Models_output\DCP_1024\probability\LES\42_prob.png
DCP_1024,DCP_1024,LES,486,0.45,diagnostic_test_set_scan_equal_dataset_macro_F1,121190,44585,9977,2163528,0.9239366608979392,0.7310511235107827,0.8162536791696695,0.6895511857617552,0.8102687874091071,D:\Retina\Retinal-Vessel-Segmentation-Benchmark-main\config\test_data\LES\masks\486.png,D:\Retina\Retinal-Vessel-Segmentation-Benchmark-main\Models_output\DCP_1024\test_data\LES\pred_masks\486.png,D:\Retina\Retinal-Vessel-Segmentation-Benchmark-main\Models_output\DCP_1024\probability\LES\486_prob.png
DCP_1024,DCP_1024,LES,49,0.45,diagnostic_test_set_scan_equal_dataset_macro_F1,148660,31886,27030,2131704,0.8461494678126245,0.8233912687071439,0.8346152550556373,0.7161714263691371,0.8210767453761437,D:\Retina\Retinal-Vessel-Segmentation-Benchmark-main\config\test_data\LES\masks\49.png,D:\Retina\Retinal-Vessel-Segmentation-Benchmark-main\Models_output\DCP_1024\test_data\LES\pred_masks\49.png,D:\Retina\Retinal-Vessel-Segmentation-Benchmark-main\Models_output\DCP_1024\probability\LES\49_prob.png
DCP_1024,DCP_1024,LES,529,0.45,diagnostic_test_set_scan_equal_dataset_macro_F1,125757,50680,15044,2147799,0.8931541679391481,0.7127586617319497,0.7928243148677018,0.6567596785059614,0.7836584138537095,D:\Retina\Retinal-Vessel-Segmentation-Benchmark-main\config\test_data\LES\masks\529.png,D:\Retina\Retinal-Vessel-Segmentation-Benchmark-main\Models_output\DCP_1024\test_data\LES\pred_masks\529.png,D:\Retina\Retinal-Vessel-Segmentation-Benchmark-main\Models_output\DCP_1024\probability\LES\529_prob.png
DCP_1024,DCP_1024,LES,53,0.45,diagnostic_test_set_scan_equal_dataset_macro_F1,159032,29765,27231,2123252,0.8538034929105619,0.8423438931762687,0.8480349810696954,0.7361638306145499,0.8348140539604966,D:\Retina\Retinal-Vessel-Segmentation-Benchmark-main\config\test_data\LES\masks\53.png,D:\Retina\Retinal-Vessel-Segmentation-Benchmark-main\Models_output\DCP_1024\test_data\LES\pred_masks\53.png,D:\Retina\Retinal-Vessel-Segmentation-Benchmark-main\Models_output\DCP_1024\probability\LES\53_prob.png
DCP_1024,DCP_1024,LES,586,0.45,diagnostic_test_set_scan_equal_dataset_macro_F1,153270,40382,17168,2128460,0.8992712892664781,0.7914712990312519,0.8419346864786179,0.7270183094583057,0.8306409886933552,D:\Retina\Retinal-Vessel-Segmentation-Benchmark-main\config\test_data\LES\masks\586.png,D:\Retina\Retinal-Vessel-Segmentation-Benchmark-main\Models_output\DCP_1024\test_data\LES\pred_masks\586.png,D:\Retina\Retinal-Vessel-Segmentation-Benchmark-main\Models_output\DCP_1024\probability\LES\586_prob.png
DCP_1024,DCP_1024,LES,90,0.45,diagnostic_test_set_scan_equal_dataset_macro_F1,142127,46821,20896,2129436,0.8718217674806622,0.7522016639498698,0.8076063084742776,0.677298374030232,0.7945688450173353,D:\Retina\Retinal-Vessel-Segmentation-Benchmark-main\config\test_data\LES\masks\90.png,D:\Retina\Retinal-Vessel-Segmentation-Benchmark-main\Models_output\DCP_1024\test_data\LES\pred_masks\90.png,D:\Retina\Retinal-Vessel-Segmentation-Benchmark-main\Models_output\DCP_1024\probability\LES\90_prob.png
DCP_1024,DCP_1024,STARE,im0001,0.45,diagnostic_test_set_scan_equal_dataset_macro_F1,25094,3615,8705,386086,0.7424480014201603,0.8740812985474938,0.8029052281307992,0.6707114983695943,0.790370459575743,D:\Retina\Retinal-Vessel-Segmentation-Benchmark-main\config\test_data\STARE\masks\im0001.png,D:\Retina\Retinal-Vessel-Segmentation-Benchmark-main\Models_output\DCP_1024\test_data\STARE\pred_masks\im0001.png,D:\Retina\Retinal-Vessel-Segmentation-Benchmark-main\Models_output\DCP_1024\probability\STARE\im0001_prob.png
DCP_1024,DCP_1024,STARE,im0002,0.45,diagnostic_test_set_scan_equal_dataset_macro_F1,20856,3324,7349,391971,0.7394433611061868,0.862531017369727,0.7962584709363366,0.6614862507532747,0.7855482716525181,D:\Retina\Retinal-Vessel-Segmentation-Benchmark-main\config\test_data\STARE\masks\im0002.png,D:\Retina\Retinal-Vessel-Segmentation-Benchmark-main\Models_output\DCP_1024\test_data\STARE\pred_masks\im0002.png,D:\Retina\Retinal-Vessel-Segmentation-Benchmark-main\Models_output\DCP_1024\probability\STARE\im0002_prob.png
DCP_1024,DCP_1024,STARE,im0003,0.45,diagnostic_test_set_scan_equal_dataset_macro_F1,20298,3981,5047,394174,0.8008680213059776,0.8360311380205115,0.818071900693213,0.692150310304849,0.8069654146456284,D:\Retina\Retinal-Vessel-Segmentation-Benchmark-main\config\test_data\STARE\masks\im0003.png,D:\Retina\Retinal-Vessel-Segmentation-Benchmark-main\Models_output\DCP_1024\test_data\STARE\pred_masks\im0003.png,D:\Retina\Retinal-Vessel-Segmentation-Benchmark-main\Models_output\DCP_1024\probability\STARE\im0003_prob.png
DCP_1024,DCP_1024,STARE,im0004,0.45,diagnostic_test_set_scan_equal_dataset_macro_F1,21278,4835,10117,387270,0.6777512342729735,0.8148431815570788,0.740001391110802,0.5873033397736682,0.7247568059678562,D:\Retina\Retinal-Vessel-Segmentation-Benchmark-main\config\test_data\STARE\masks\im0004.png,D:\Retina\Retinal-Vessel-Segmentation-Benchmark-main\Models_output\DCP_1024\test_data\STARE\pred_masks\im0004.png,D:\Retina\Retinal-Vessel-Segmentation-Benchmark-main\Models_output\DCP_1024\probability\STARE\im0004_prob.png
DCP_1024,DCP_1024,STARE,im0005,0.45,diagnostic_test_set_scan_equal_dataset_macro_F1,27748,6468,10509,378775,0.7253051729095329,0.8109656301145662,0.7657472438011397,0.6204136389044159,0.745288566800356,D:\Retina\Retinal-Vessel-Segmentation-Benchmark-main\config\test_data\STARE\masks\im0005.png,D:\Retina\Retinal-Vessel-Segmentation-Benchmark-main\Models_output\DCP_1024\test_data\STARE\pred_masks\im0005.png,D:\Retina\Retinal-Vessel-Segmentation-Benchmark-main\Models_output\DCP_1024\probability\STARE\im0005_prob.png
DCP_1024,DCP_1024,STARE,im0044,0.45,diagnostic_test_set_scan_equal_dataset_macro_F1,23265,5807,6231,388197,0.7887510170870626,0.8002545404512933,0.7944611391886354,0.6590091493640767,0.7792172852505297,D:\Retina\Retinal-Vessel-Segmentation-Benchmark-main\config\test_data\STARE\masks\im0044.png,D:\Retina\Retinal-Vessel-Segmentation-Benchmark-main\Models_output\DCP_1024\test_data\STARE\pred_masks\im0044.png,D:\Retina\Retinal-Vessel-Segmentation-Benchmark-main\Models_output\DCP_1024\probability\STARE\im0044_prob.png
DCP_1024,DCP_1024,STARE,im0077,0.45,diagnostic_test_set_scan_equal_dataset_macro_F1,28309,8102,5632,381457,0.8340649951386229,0.7774848260141166,0.8047816693199908,0.6733344433080418,0.7876992523438431,D:\Retina\Retinal-Vessel-Segmentation-Benchmark-main\config\test_data\STARE\masks\im0077.png,D:\Retina\Retinal-Vessel-Segmentation-Benchmark-main\Models_output\DCP_1024\test_data\STARE\pred_masks\im0077.png,D:\Retina\Retinal-Vessel-Segmentation-Benchmark-main\Models_output\DCP_1024\probability\STARE\im0077_prob.png
DCP_1024,DCP_1024,STARE,im0081,0.45,diagnostic_test_set_scan_equal_dataset_macro_F1,26906,7078,4709,384807,0.8510517159576151,0.7917255178907722,0.8203173828869342,0.6953712557826998,0.8058717957841041,D:\Retina\Retinal-Vessel-Segmentation-Benchmark-main\config\test_data\STARE\masks\im0081.png,D:\Retina\Retinal-Vessel-Segmentation-Benchmark-main\Models_output\DCP_1024\test_data\STARE\pred_masks\im0081.png,D:\Retina\Retinal-Vessel-Segmentation-Benchmark-main\Models_output\DCP_1024\probability\STARE\im0081_prob.png
DCP_1024,DCP_1024,STARE,im0082,0.45,diagnostic_test_set_scan_equal_dataset_macro_F1,27188,5607,6122,384583,0.8162113479435605,0.8290288153681964,0.8225701535436049,0.698615001156307,0.8075800300290958,D:\Retina\Retinal-Vessel-Segmentation-Benchmark-main\config\test_data\STARE\masks\im0082.png,D:\Retina\Retinal-Vessel-Segmentation-Benchmark-main\Models_output\DCP_1024\test_data\STARE\pred_masks\im0082.png,D:\Retina\Retinal-Vessel-Segmentation-Benchmark-main\Models_output\DCP_1024\probability\STARE\im0082_prob.png
DCP_1024,DCP_1024,STARE,im0139,0.45,diagnostic_test_set_scan_equal_dataset_macro_F1,26735,5554,7322,383889,0.7850074874475145,0.8279909566725511,0.805926506496247,0.6749387796319204,0.789775489932029,D:\Retina\Retinal-Vessel-Segmentation-Benchmark-main\config\test_data\STARE\masks\im0139.png,D:\Retina\Retinal-Vessel-Segmentation-Benchmark-main\Models_output\DCP_1024\test_data\STARE\pred_masks\im0139.png,D:\Retina\Retinal-Vessel-Segmentation-Benchmark-main\Models_output\DCP_1024\probability\STARE\im0139_prob.png
DCP_1024,DCP_1024,STARE,im0162,0.45,diagnostic_test_set_scan_equal_dataset_macro_F1,24978,6716,5202,386604,0.827634194831014,0.7880986937590712,0.8073827455797267,0.6769839549002602,0.7924889558574856,D:\Retina\Retinal-Vessel-Segmentation-Benchmark-main\config\test_data\STARE\masks\im0162.png,D:\Retina\Retinal-Vessel-Segmentation-Benchmark-main\Models_output\DCP_1024\test_data\STARE\pred_masks\im0162.png,D:\Retina\Retinal-Vessel-Segmentation-Benchmark-main\Models_output\DCP_1024\probability\STARE\im0162_prob.png
DCP_1024,DCP_1024,STARE,im0163,0.45,diagnostic_test_set_scan_equal_dataset_macro_F1,28386,6763,4365,383986,0.8667216268205551,0.8075905431164472,0.8361119293078056,0.7183782963000456,0.8224544463429351,D:\Retina\Retinal-Vessel-Segmentation-Benchmark-main\config\test_data\STARE\masks\im0163.png,D:\Retina\Retinal-Vessel-Segmentation-Benchmark-main\Models_output\DCP_1024\test_data\STARE\pred_masks\im0163.png,D:\Retina\Retinal-Vessel-Segmentation-Benchmark-main\Models_output\DCP_1024\probability\STARE\im0163_prob.png
DCP_1024,DCP_1024,STARE,im0235,0.45,diagnostic_test_set_scan_equal_dataset_macro_F1,31118,5697,6583,380102,0.8253892469695764,0.8452532934944995,0.8352031778410006,0.7170376515046777,0.8193785059636848,D:\Retina\Retinal-Vessel-Segmentation-Benchmark-main\config\test_data\STARE\masks\im0235.png,D:\Retina\Retinal-Vessel-Segmentation-Benchmark-main\Models_output\DCP_1024\test_data\STARE\pred_masks\im0235.png,D:\Retina\Retinal-Vessel-Segmentation-Benchmark-main\Models_output\DCP_1024\probability\STARE\im0235_prob.png
DCP_1024,DCP_1024,STARE,im0236,0.45,diagnostic_test_set_scan_equal_dataset_macro_F1,31589,4920,6771,380220,0.823488008342023,0.8652387082637158,0.8438472532022601,0.7298752310536044,0.8290210918736154,D:\Retina\Retinal-Vessel-Segmentation-Benchmark-main\config\test_data\STARE\masks\im0236.png,D:\Retina\Retinal-Vessel-Segmentation-Benchmark-main\Models_output\DCP_1024\test_data\STARE\pred_masks\im0236.png,D:\Retina\Retinal-Vessel-Segmentation-Benchmark-main\Models_output\DCP_1024\probability\STARE\im0236_prob.png
DCP_1024,DCP_1024,STARE,im0239,0.45,diagnostic_test_set_scan_equal_dataset_macro_F1,29541,5938,7030,380991,0.8077711848185721,0.832633388765185,0.8200138792505205,0.6949351901950175,0.8033943294169926,D:\Retina\Retinal-Vessel-Segmentation-Benchmark-main\config\test_data\STARE\masks\im0239.png,D:\Retina\Retinal-Vessel-Segmentation-Benchmark-main\Models_output\DCP_1024\test_data\STARE\pred_masks\im0239.png,D:\Retina\Retinal-Vessel-Segmentation-Benchmark-main\Models_output\DCP_1024\probability\STARE\im0239_prob.png
DCP_1024,DCP_1024,STARE,im0240,0.45,diagnostic_test_set_scan_equal_dataset_macro_F1,33224,5287,10019,374970,0.7683093217399348,0.8627145490898704,0.8127798028231036,0.6846074593035236,0.7944834281333729,D:\Retina\Retinal-Vessel-Segmentation-Benchmark-main\config\test_data\STARE\masks\im0240.png,D:\Retina\Retinal-Vessel-Segmentation-Benchmark-main\Models_output\DCP_1024\test_data\STARE\pred_masks\im0240.png,D:\Retina\Retinal-Vessel-Segmentation-Benchmark-main\Models_output\DCP_1024\probability\STARE\im0240_prob.png
DCP_1024,DCP_1024,STARE,im0255,0.45,diagnostic_test_set_scan_equal_dataset_macro_F1,30313,4472,7590,381125,0.7997519985225444,0.8714388385798476,0.834057891261281,0.7153510324483776,0.8194137843022669,D:\Retina\Retinal-Vessel-Segmentation-Benchmark-main\config\test_data\STARE\masks\im0255.png,D:\Retina\Retinal-Vessel-Segmentation-Benchmark-main\Models_output\DCP_1024\test_data\STARE\pred_masks\im0255.png,D:\Retina\Retinal-Vessel-Segmentation-Benchmark-main\Models_output\DCP_1024\probability\STARE\im0255_prob.png
DCP_1024,DCP_1024,STARE,im0291,0.45,diagnostic_test_set_scan_equal_dataset_macro_F1,17024,2955,4394,399127,0.7948454570921655,0.8520946994344061,0.8224750585791241,0.6984778238214417,0.8139079698018019,D:\Retina\Retinal-Vessel-Segmentation-Benchmark-main\config\test_data\STARE\masks\im0291.png,D:\Retina\Retinal-Vessel-Segmentation-Benchmark-main\Models_output\DCP_1024\test_data\STARE\pred_masks\im0291.png,D:\Retina\Retinal-Vessel-Segmentation-Benchmark-main\Models_output\DCP_1024\probability\STARE\im0291_prob.png
DCP_1024,DCP_1024,STARE,im0319,0.45,diagnostic_test_set_scan_equal_dataset_macro_F1,13403,4094,4842,401161,0.7346122225267196,0.7660170314911128,0.749986010855576,0.599982094095528,0.739152510817916,D:\Retina\Retinal-Vessel-Segmentation-Benchmark-main\config\test_data\STARE\masks\im0319.png,D:\Retina\Retinal-Vessel-Segmentation-Benchmark-main\Models_output\DCP_1024\test_data\STARE\pred_masks\im0319.png,D:\Retina\Retinal-Vessel-Segmentation-Benchmark-main\Models_output\DCP_1024\probability\STARE\im0319_prob.png
DCP_1024,DCP_1024,STARE,im0324,0.45,diagnostic_test_set_scan_equal_dataset_macro_F1,21868,6250,6393,388989,0.7737871979052404,0.7777224553666691,0.7757498359318187,0.6336530381617456,0.7597615238815416,D:\Retina\Retinal-Vessel-Segmentation-Benchmark-main\config\test_data\STARE\masks\im0324.png,D:\Retina\Retinal-Vessel-Segmentation-Benchmark-main\Models_output\DCP_1024\test_data\STARE\pred_masks\im0324.png,D:\Retina\Retinal-Vessel-Segmentation-Benchmark-main\Models_output\DCP_1024\probability\STARE\im0324_prob.png
FRUnet,FRUnet,AFIO,IM000001,0.5,diagnostic_test_set_scan_equal_dataset_macro_F1,77717,12488,67051,1346744,0.5368382515473032,0.8615597804999723,0.6614972784107109,0.494206898305947,0.6554221035823579,D:\Retina\Retinal-Vessel-Segmentation-Benchmark-main\config\test_data\AFIO\masks\IM000001.png,D:\Retina\Retinal-Vessel-Segmentation-Benchmark-main\Models_output\FRUnet\test_data\AFIO\pred_masks\IM000001.png,D:\Retina\Retinal-Vessel-Segmentation-Benchmark-main\Models_output\FRUnet\probability\AFIO\IM000001_prob.png
FRUnet,FRUnet,AFIO,IM000004,0.5,diagnostic_test_set_scan_equal_dataset_macro_F1,61596,25453,25894,1391057,0.704034746828209,0.707601465841078,0.7058136003987647,0.5453724445074064,0.6876945430501734,D:\Retina\Retinal-Vessel-Segmentation-Benchmark-main\config\test_data\AFIO\masks\IM000004.png,D:\Retina\Retinal-Vessel-Segmentation-Benchmark-main\Models_output\FRUnet\test_data\AFIO\pred_masks\IM000004.png,D:\Retina\Retinal-Vessel-Segmentation-Benchmark-main\Models_output\FRUnet\probability\AFIO\IM000004_prob.png
FRUnet,FRUnet,AFIO,IM000023,0.5,diagnostic_test_set_scan_equal_dataset_macro_F1,39720,20493,23822,1419965,0.6250983601397501,0.6596582133426336,0.6419134580420993,0.4726602011066817,0.6268072389368271,D:\Retina\Retinal-Vessel-Segmentation-Benchmark-main\config\test_data\AFIO\masks\IM000023.png,D:\Retina\Retinal-Vessel-Segmentation-Benchmark-main\Models_output\FRUnet\test_data\AFIO\pred_masks\IM000023.png,D:\Retina\Retinal-Vessel-Segmentation-Benchmark-main\Models_output\FRUnet\probability\AFIO\IM000023_prob.png
FRUnet,FRUnet,AFIO,IM000024,0.5,diagnostic_test_set_scan_equal_dataset_macro_F1,44651,22353,30994,1406002,0.5902703417278076,0.6663930511611247,0.626026120056923,0.45563174758668545,0.6087114130947711,D:\Retina\Retinal-Vessel-Segmentation-Benchmark-main\config\test_data\AFIO\masks\IM000024.png,D:\Retina\Retinal-Vessel-Segmentation-Benchmark-main\Models_output\FRUnet\test_data\AFIO\pred_masks\IM000024.png,D:\Retina\Retinal-Vessel-Segmentation-Benchmark-main\Models_output\FRUnet\probability\AFIO\IM000024_prob.png
FRUnet,FRUnet,AFIO,IM000135,0.5,diagnostic_test_set_scan_equal_dataset_macro_F1,85783,20075,65464,1332678,0.567171580262749,0.8103591603846663,0.6672993524046597,0.5007121093613196,0.6494039783739141,D:\Retina\Retinal-Vessel-Segmentation-Benchmark-main\config\test_data\AFIO\masks\IM000135.png,D:\Retina\Retinal-Vessel-Segmentation-Benchmark-main\Models_output\FRUnet\test_data\AFIO\pred_masks\IM000135.png,D:\Retina\Retinal-Vessel-Segmentation-Benchmark-main\Models_output\FRUnet\probability\AFIO\IM000135_prob.png
FRUnet,FRUnet,AFIO,IM000136,0.5,diagnostic_test_set_scan_equal_dataset_macro_F1,90873,13745,69346,1330036,0.5671799224811039,0.8686172551568564,0.686256074491102,0.5223666965579086,0.6754094716861339,D:\Retina\Retinal-Vessel-Segmentation-Benchmark-main\config\test_data\AFIO\masks\IM000136.png,D:\Retina\Retinal-Vessel-Segmentation-Benchmark-main\Models_output\FRUnet\test_data\AFIO\pred_masks\IM000136.png,D:\Retina\Retinal-Vessel-Segmentation-Benchmark-main\Models_output\FRUnet\probability\AFIO\IM000136_prob.png
FRUnet,FRUnet,AFIO,IM000167,0.5,diagnostic_test_set_scan_equal_dataset_macro_F1,63067,15297,40719,1384917,0.6076638467616056,0.8047955693941096,0.6924732363436727,0.5296054012747411,0.6805945333500516,D:\Retina\Retinal-Vessel-Segmentation-Benchmark-main\config\test_data\AFIO\masks\IM000167.png,D:\Retina\Retinal-Vessel-Segmentation-Benchmark-main\Models_output\FRUnet\test_data\AFIO\pred_masks\IM000167.png,D:\Retina\Retinal-Vessel-Segmentation-Benchmark-main\Models_output\FRUnet\probability\AFIO\IM000167_prob.png
FRUnet,FRUnet,AFIO,IM000168,0.5,diagnostic_test_set_scan_equal_dataset_macro_F1,73389,21272,43959,1365380,0.6253962572860211,0.7752823232376586,0.6923196656745704,0.5294257682874044,0.6737484900262093,D:\Retina\Retinal-Vessel-Segmentation-Benchmark-main\config\test_data\AFIO\masks\IM000168.png,D:\Retina\Retinal-Vessel-Segmentation-Benchmark-main\Models_output\FRUnet\test_data\AFIO\pred_masks\IM000168.png,D:\Retina\Retinal-Vessel-Segmentation-Benchmark-main\Models_output\FRUnet\probability\AFIO\IM000168_prob.png
FRUnet,FRUnet,AFIO,IM000189,0.5,diagnostic_test_set_scan_equal_dataset_macro_F1,71238,21705,48578,1362479,0.5945616612138612,0.7664697717956167,0.6696590978524998,0.503374057560362,0.6509729626522353,D:\Retina\Retinal-Vessel-Segmentation-Benchmark-main\config\test_data\AFIO\masks\IM000189.png,D:\Retina\Retinal-Vessel-Segmentation-Benchmark-main\Models_output\FRUnet\test_data\AFIO\pred_masks\IM000189.png,D:\Retina\Retinal-Vessel-Segmentation-Benchmark-main\Models_output\FRUnet\probability\AFIO\IM000189_prob.png
FRUnet,FRUnet,AFIO,IM000209,0.5,diagnostic_test_set_scan_equal_dataset_macro_F1,53485,15313,32294,1402908,0.6235209083808392,0.7774208552574203,0.6920175705311916,0.5290725279943023,0.6801154117274002,D:\Retina\Retinal-Vessel-Segmentation-Benchmark-main\config\test_data\AFIO\masks\IM000209.png,D:\Retina\Retinal-Vessel-Segmentation-Benchmark-main\Models_output\FRUnet\test_data\AFIO\pred_masks\IM000209.png,D:\Retina\Retinal-Vessel-Segmentation-Benchmark-main\Models_output\FRUnet\probability\AFIO\IM000209_prob.png
FRUnet,FRUnet,AFIO,IM000210,0.5,diagnostic_test_set_scan_equal_dataset_macro_F1,64390,15099,48719,1375792,0.5692738862513151,0.8100491891959893,0.6686466110759198,0.5022307500311993,0.6582158206329849,D:\Retina\Retinal-Vessel-Segmentation-Benchmark-main\config\test_data\AFIO\masks\IM000210.png,D:\Retina\Retinal-Vessel-Segmentation-Benchmark-main\Models_output\FRUnet\test_data\AFIO\pred_masks\IM000210.png,D:\Retina\Retinal-Vessel-Segmentation-Benchmark-main\Models_output\FRUnet\probability\AFIO\IM000210_prob.png
FRUnet,FRUnet,AFIO,IM000333,0.5,diagnostic_test_set_scan_equal_dataset_macro_F1,67718,16294,51612,1368376,0.5674851252828291,0.8060515164500309,0.6660502994954314,0.49930690733203564,0.6540172344018207,D:\Retina\Retinal-Vessel-Segmentation-Benchmark-main\config\test_data\AFIO\masks\IM000333.png,D:\Retina\Retinal-Vessel-Segmentation-Benchmark-main\Models_output\FRUnet\test_data\AFIO\pred_masks\IM000333.png,D:\Retina\Retinal-Vessel-Segmentation-Benchmark-main\Models_output\FRUnet\probability\AFIO\IM000333_prob.png
FRUnet,FRUnet,AFIO,IM000389,0.5,diagnostic_test_set_scan_equal_dataset_macro_F1,51172,13425,47835,1391568,0.5168523437736726,0.7921730111305478,0.6255592772792842,0.45513732745125945,0.6204903977357615,D:\Retina\Retinal-Vessel-Segmentation-Benchmark-main\config\test_data\AFIO\masks\IM000389.png,D:\Retina\Retinal-Vessel-Segmentation-Benchmark-main\Models_output\FRUnet\test_data\AFIO\pred_masks\IM000389.png,D:\Retina\Retinal-Vessel-Segmentation-Benchmark-main\Models_output\FRUnet\probability\AFIO\IM000389_prob.png
FRUnet,FRUnet,AFIO,IM000390,0.5,diagnostic_test_set_scan_equal_dataset_macro_F1,63909,18868,56745,1364478,0.5296881993137401,0.772062287833577,0.6283113193171149,0.45805679391063775,0.6146686938530009,D:\Retina\Retinal-Vessel-Segmentation-Benchmark-main\config\test_data\AFIO\masks\IM000390.png,D:\Retina\Retinal-Vessel-Segmentation-Benchmark-main\Models_output\FRUnet\test_data\AFIO\pred_masks\IM000390.png,D:\Retina\Retinal-Vessel-Segmentation-Benchmark-main\Models_output\FRUnet\probability\AFIO\IM000390_prob.png
FRUnet,FRUnet,AFIO,IM000678,0.5,diagnostic_test_set_scan_equal_dataset_macro_F1,54789,16118,39289,1393804,0.5823784519228725,0.7726881690101118,0.6641694699518138,0.4971959054775128,0.6523119585632761,D:\Retina\Retinal-Vessel-Segmentation-Benchmark-main\config\test_data\AFIO\masks\IM000678.png,D:\Retina\Retinal-Vessel-Segmentation-Benchmark-main\Models_output\FRUnet\test_data\AFIO\pred_masks\IM000678.png,D:\Retina\Retinal-Vessel-Segmentation-Benchmark-main\Models_output\FRUnet\probability\AFIO\IM000678_prob.png
FRUnet,FRUnet,AFIO,IM000679,0.5,diagnostic_test_set_scan_equal_dataset_macro_F1,54621,21223,44312,1383844,0.5521009167820646,0.7201756236485417,0.6250364750510651,0.45458404074702885,0.6083338173474387,D:\Retina\Retinal-Vessel-Segmentation-Benchmark-main\config\test_data\AFIO\masks\IM000679.png,D:\Retina\Retinal-Vessel-Segmentation-Benchmark-main\Models_output\FRUnet\test_data\AFIO\pred_masks\IM000679.png,D:\Retina\Retinal-Vessel-Segmentation-Benchmark-main\Models_output\FRUnet\probability\AFIO\IM000679_prob.png
FRUnet,FRUnet,AFIO,IM000715,0.5,diagnostic_test_set_scan_equal_dataset_macro_F1,46798,28288,21367,1407547,0.6865400132032567,0.6232586633993021,0.6533706570983797,0.4851896778741978,0.636899896671943,D:\Retina\Retinal-Vessel-Segmentation-Benchmark-main\config\test_data\AFIO\masks\IM000715.png,D:\Retina\Retinal-Vessel-Segmentation-Benchmark-main\Models_output\FRUnet\test_data\AFIO\pred_masks\IM000715.png,D:\Retina\Retinal-Vessel-Segmentation-Benchmark-main\Models_output\FRUnet\probability\AFIO\IM000715_prob.png
FRUnet,FRUnet,AFIO,IM000716,0.5,diagnostic_test_set_scan_equal_dataset_macro_F1,38662,28755,23640,1412943,0.6205579275143656,0.5734755328774641,0.5960884681503865,0.42459119013365254,0.5784057182164307,D:\Retina\Retinal-Vessel-Segmentation-Benchmark-main\config\test_data\AFIO\masks\IM000716.png,D:\Retina\Retinal-Vessel-Segmentation-Benchmark-main\Models_output\FRUnet\test_data\AFIO\pred_masks\IM000716.png,D:\Retina\Retinal-Vessel-Segmentation-Benchmark-main\Models_output\FRUnet\probability\AFIO\IM000716_prob.png
FRUnet,FRUnet,AFIO,IM000938,0.5,diagnostic_test_set_scan_equal_dataset_macro_F1,41915,13702,34377,1414006,0.5494022964399937,0.7536364780552709,0.6355138769909559,0.4657532724403849,0.6276979173445493,D:\Retina\Retinal-Vessel-Segmentation-Benchmark-main\config\test_data\AFIO\masks\IM000938.png,D:\Retina\Retinal-Vessel-Segmentation-Benchmark-main\Models_output\FRUnet\test_data\AFIO\pred_masks\IM000938.png,D:\Retina\Retinal-Vessel-Segmentation-Benchmark-main\Models_output\FRUnet\probability\AFIO\IM000938_prob.png
FRUnet,FRUnet,AFIO,IM001031,0.5,diagnostic_test_set_scan_equal_dataset_macro_F1,58989,20181,33136,1391694,0.640314789687924,0.7450928381962865,0.688741644531364,0.5252524353106691,0.6722239020519593,D:\Retina\Retinal-Vessel-Segmentation-Benchmark-main\config\test_data\AFIO\masks\IM001031.png,D:\Retina\Retinal-Vessel-Segmentation-Benchmark-main\Models_output\FRUnet\test_data\AFIO\pred_masks\IM001031.png,D:\Retina\Retinal-Vessel-Segmentation-Benchmark-main\Models_output\FRUnet\probability\AFIO\IM001031_prob.png
FRUnet,FRUnet,AFIO,IM001032,0.5,diagnostic_test_set_scan_equal_dataset_macro_F1,58989,20181,33136,1391694,0.640314789687924,0.7450928381962865,0.688741644531364,0.5252524353106691,0.6722239020519593,D:\Retina\Retinal-Vessel-Segmentation-Benchmark-main\config\test_data\AFIO\masks\IM001032.png,D:\Retina\Retinal-Vessel-Segmentation-Benchmark-main\Models_output\FRUnet\test_data\AFIO\pred_masks\IM001032.png,D:\Retina\Retinal-Vessel-Segmentation-Benchmark-main\Models_output\FRUnet\probability\AFIO\IM001032_prob.png
FRUnet,FRUnet,AFIO,IM001034,0.5,diagnostic_test_set_scan_equal_dataset_macro_F1,41113,20113,34841,1407933,0.5412881480896332,0.6714957697710123,0.5994022452252514,0.4279617350390873,0.5841951057818024,D:\Retina\Retinal-Vessel-Segmentation-Benchmark-main\config\test_data\AFIO\masks\IM001034.png,D:\Retina\Retinal-Vessel-Segmentation-Benchmark-main\Models_output\FRUnet\test_data\AFIO\pred_masks\IM001034.png,D:\Retina\Retinal-Vessel-Segmentation-Benchmark-main\Models_output\FRUnet\probability\AFIO\IM001034_prob.png
FRUnet,FRUnet,AFIO,IM001069,0.5,diagnostic_test_set_scan_equal_dataset_macro_F1,55330,12391,46630,1389649,0.5426637897214593,0.8170286912479142,0.6521649448081989,0.48386109434985264,0.6471630502851411,D:\Retina\Retinal-Vessel-Segmentation-Benchmark-main\config\test_data\AFIO\masks\IM001069.png,D:\Retina\Retinal-Vessel-Segmentation-Benchmark-main\Models_output\FRUnet\test_data\AFIO\pred_masks\IM001069.png,D:\Retina\Retinal-Vessel-Segmentation-Benchmark-main\Models_output\FRUnet\probability\AFIO\IM001069_prob.png
FRUnet,FRUnet,AFIO,IM001070,0.5,diagnostic_test_set_scan_equal_dataset_macro_F1,53611,13799,55657,1380933,0.49063769813669145,0.7952974336151907,0.6068780493326843,0.4356244972250888,0.6030831664122287,D:\Retina\Retinal-Vessel-Segmentation-Benchmark-main\config\test_data\AFIO\masks\IM001070.png,D:\Retina\Retinal-Vessel-Segmentation-Benchmark-main\Models_output\FRUnet\test_data\AFIO\pred_masks\IM001070.png,D:\Retina\Retinal-Vessel-Segmentation-Benchmark-main\Models_output\FRUnet\probability\AFIO\IM001070_prob.png
FRUnet,FRUnet,AFIO,IM001096,0.5,diagnostic_test_set_scan_equal_dataset_macro_F1,75959,15881,56213,1355947,0.5746981206306934,0.8270797038327526,0.6781690266592861,0.5130527581339115,0.6658307607996733,D:\Retina\Retinal-Vessel-Segmentation-Benchmark-main\config\test_data\AFIO\masks\IM001096.png,D:\Retina\Retinal-Vessel-Segmentation-Benchmark-main\Models_output\FRUnet\test_data\AFIO\pred_masks\IM001096.png,D:\Retina\Retinal-Vessel-Segmentation-Benchmark-main\Models_output\FRUnet\probability\AFIO\IM001096_prob.png
FRUnet,FRUnet,AFIO,IM001097,0.5,diagnostic_test_set_scan_equal_dataset_macro_F1,74981,13333,44294,1371392,0.6286396981764829,0.849027334284485,0.7223985856668705,0.565433458011583,0.711470093807369,D:\Retina\Retinal-Vessel-Segmentation-Benchmark-main\config\test_data\AFIO\masks\IM001097.png,D:\Retina\Retinal-Vessel-Segmentation-Benchmark-main\Models_output\FRUnet\test_data\AFIO\pred_masks\IM001097.png,D:\Retina\Retinal-Vessel-Segmentation-Benchmark-main\Models_output\FRUnet\probability\AFIO\IM001097_prob.png
FRUnet,FRUnet,AFIO,IM001126,0.5,diagnostic_test_set_scan_equal_dataset_macro_F1,60891,21198,45342,1376569,0.5731834740617322,0.7417680809852721,0.6466690030904514,0.4778350636815218,0.6293851928677087,D:\Retina\Retinal-Vessel-Segmentation-Benchmark-main\config\test_data\AFIO\masks\IM001126.png,D:\Retina\Retinal-Vessel-Segmentation-Benchmark-main\Models_output\FRUnet\test_data\AFIO\pred_masks\IM001126.png,D:\Retina\Retinal-Vessel-Segmentation-Benchmark-main\Models_output\FRUnet\probability\AFIO\IM001126_prob.png
FRUnet,FRUnet,AFIO,IM001127,0.5,diagnostic_test_set_scan_equal_dataset_macro_F1,53333,16955,43825,1389887,0.5489306078758311,0.7587781698156157,0.6370173070721308,0.46737006300772044,0.6252686318375702,D:\Retina\Retinal-Vessel-Segmentation-Benchmark-main\config\test_data\AFIO\masks\IM001127.png,D:\Retina\Retinal-Vessel-Segmentation-Benchmark-main\Models_output\FRUnet\test_data\AFIO\pred_masks\IM001127.png,D:\Retina\Retinal-Vessel-Segmentation-Benchmark-main\Models_output\FRUnet\probability\AFIO\IM001127_prob.png
FRUnet,FRUnet,AFIO,IM001154,0.5,diagnostic_test_set_scan_equal_dataset_macro_F1,68449,14773,52556,1368222,0.5656708400479319,0.8224868424214751,0.6703227291200479,0.5041243795018339,0.6602586710696673,D:\Retina\Retinal-Vessel-Segmentation-Benchmark-main\config\test_data\AFIO\masks\IM001154.png,D:\Retina\Retinal-Vessel-Segmentation-Benchmark-main\Models_output\FRUnet\test_data\AFIO\pred_masks\IM001154.png,D:\Retina\Retinal-Vessel-Segmentation-Benchmark-main\Models_output\FRUnet\probability\AFIO\IM001154_prob.png
FRUnet,FRUnet,AFIO,IM001155,0.5,diagnostic_test_set_scan_equal_dataset_macro_F1,63817,12481,51935,1375767,0.5513252470799641,0.8364177304778632,0.6645873470450403,0.49766440775775345,0.6587033537552335,D:\Retina\Retinal-Vessel-Segmentation-Benchmark-main\config\test_data\AFIO\masks\IM001155.png,D:\Retina\Retinal-Vessel-Segmentation-Benchmark-main\Models_output\FRUnet\test_data\AFIO\pred_masks\IM001155.png,D:\Retina\Retinal-Vessel-Segmentation-Benchmark-main\Models_output\FRUnet\probability\AFIO\IM001155_prob.png
FRUnet,FRUnet,AFIO,IM001192,0.5,diagnostic_test_set_scan_equal_dataset_macro_F1,81223,18612,77183,1326982,0.512752042220623,0.8135723944508438,0.6290480597581329,0.45884034391982736,0.6152101158303909,D:\Retina\Retinal-Vessel-Segmentation-Benchmark-main\config\test_data\AFIO\masks\IM001192.png,D:\Retina\Retinal-Vessel-Segmentation-Benchmark-main\Models_output\FRUnet\test_data\AFIO\pred_masks\IM001192.png,D:\Retina\Retinal-Vessel-Segmentation-Benchmark-main\Models_output\FRUnet\probability\AFIO\IM001192_prob.png
FRUnet,FRUnet,AFIO,IM001193,0.5,diagnostic_test_set_scan_equal_dataset_macro_F1,81639,17100,85795,1319466,0.4875891396012757,0.8268161516725914,0.6134281087863909,0.4424062774339688,0.6029765933650882,D:\Retina\Retinal-Vessel-Segmentation-Benchmark-main\config\test_data\AFIO\masks\IM001193.png,D:\Retina\Retinal-Vessel-Segmentation-Benchmark-main\Models_output\FRUnet\test_data\AFIO\pred_masks\IM001193.png,D:\Retina\Retinal-Vessel-Segmentation-Benchmark-main\Models_output\FRUnet\probability\AFIO\IM001193_prob.png
FRUnet,FRUnet,AFIO,IM001218,0.5,diagnostic_test_set_scan_equal_dataset_macro_F1,96232,16035,72051,1319682,0.5718462352109245,0.857170851630488,0.686023881661023,0.522097679011274,0.671488185115013,D:\Retina\Retinal-Vessel-Segmentation-Benchmark-main\config\test_data\AFIO\masks\IM001218.png,D:\Retina\Retinal-Vessel-Segmentation-Benchmark-main\Models_output\FRUnet\test_data\AFIO\pred_masks\IM001218.png,D:\Retina\Retinal-Vessel-Segmentation-Benchmark-main\Models_output\FRUnet\probability\AFIO\IM001218_prob.png
FRUnet,FRUnet,AFIO,IM001219,0.5,diagnostic_test_set_scan_equal_dataset_macro_F1,89435,19238,62997,1332330,0.5867206360869108,0.8229735076790003,0.6850500756400681,0.5209704665928817,0.6673039155478622,D:\Retina\Retinal-Vessel-Segmentation-Benchmark-main\config\test_data\AFIO\masks\IM001219.png,D:\Retina\Retinal-Vessel-Segmentation-Benchmark-main\Models_output\FRUnet\test_data\AFIO\pred_masks\IM001219.png,D:\Retina\Retinal-Vessel-Segmentation-Benchmark-main\Models_output\FRUnet\probability\AFIO\IM001219_prob.png
FRUnet,FRUnet,AFIO,IM001246,0.5,diagnostic_test_set_scan_equal_dataset_macro_F1,69732,22124,47948,1364196,0.5925560842963971,0.7591447483016897,0.6655849114233354,0.4987840119023776,0.6466397701881291,D:\Retina\Retinal-Vessel-Segmentation-Benchmark-main\config\test_data\AFIO\masks\IM001246.png,D:\Retina\Retinal-Vessel-Segmentation-Benchmark-main\Models_output\FRUnet\test_data\AFIO\pred_masks\IM001246.png,D:\Retina\Retinal-Vessel-Segmentation-Benchmark-main\Models_output\FRUnet\probability\AFIO\IM001246_prob.png
FRUnet,FRUnet,AFIO,IM001686,0.5,diagnostic_test_set_scan_equal_dataset_macro_F1,65775,18011,40275,1379939,0.6202263083451203,0.7850356861528179,0.692966560610211,0.5301827326879519,0.6779101930815249,D:\Retina\Retinal-Vessel-Segmentation-Benchmark-main\config\test_data\AFIO\masks\IM001686.png,D:\Retina\Retinal-Vessel-Segmentation-Benchmark-main\Models_output\FRUnet\test_data\AFIO\pred_masks\IM001686.png,D:\Retina\Retinal-Vessel-Segmentation-Benchmark-main\Models_output\FRUnet\probability\AFIO\IM001686_prob.png
FRUnet,FRUnet,AFIO,IM001749,0.5,diagnostic_test_set_scan_equal_dataset_macro_F1,82909,18104,63394,1339593,0.5666937793483388,0.8207755437418947,0.6704701677206489,0.5042911798159446,0.6551185632434331,D:\Retina\Retinal-Vessel-Segmentation-Benchmark-main\config\test_data\AFIO\masks\IM001749.png,D:\Retina\Retinal-Vessel-Segmentation-Benchmark-main\Models_output\FRUnet\test_data\AFIO\pred_masks\IM001749.png,D:\Retina\Retinal-Vessel-Segmentation-Benchmark-main\Models_output\FRUnet\probability\AFIO\IM001749_prob.png
FRUnet,FRUnet,AFIO,IM001750,0.5,diagnostic_test_set_scan_equal_dataset_macro_F1,70735,17182,67775,1348308,0.5106851490867086,0.8045656698931947,0.6247929796358208,0.45432649076381576,0.6139350557867076,D:\Retina\Retinal-Vessel-Segmentation-Benchmark-main\config\test_data\AFIO\masks\IM001750.png,D:\Retina\Retinal-Vessel-Segmentation-Benchmark-main\Models_output\FRUnet\test_data\AFIO\pred_masks\IM001750.png,D:\Retina\Retinal-Vessel-Segmentation-Benchmark-main\Models_output\FRUnet\probability\AFIO\IM001750_prob.png
FRUnet,FRUnet,AFIO,IM001791,0.5,diagnostic_test_set_scan_equal_dataset_macro_F1,76430,12924,54434,1360212,0.5840414476097322,0.8553618192806142,0.6941303617324651,0.5315464433749687,0.6851313475789274,D:\Retina\Retinal-Vessel-Segmentation-Benchmark-main\config\test_data\AFIO\masks\IM001791.png,D:\Retina\Retinal-Vessel-Segmentation-Benchmark-main\Models_output\FRUnet\test_data\AFIO\pred_masks\IM001791.png,D:\Retina\Retinal-Vessel-Segmentation-Benchmark-main\Models_output\FRUnet\probability\AFIO\IM001791_prob.png
FRUnet,FRUnet,AFIO,IM001792,0.5,diagnostic_test_set_scan_equal_dataset_macro_F1,73253,18264,56369,1356114,0.5651278332381848,0.8004305211053684,0.6625063873853096,0.4953342439446601,0.6478318194665259,D:\Retina\Retinal-Vessel-Segmentation-Benchmark-main\config\test_data\AFIO\masks\IM001792.png,D:\Retina\Retinal-Vessel-Segmentation-Benchmark-main\Models_output\FRUnet\test_data\AFIO\pred_masks\IM001792.png,D:\Retina\Retinal-Vessel-Segmentation-Benchmark-main\Models_output\FRUnet\probability\AFIO\IM001792_prob.png
FRUnet,FRUnet,AFIO,IM001814,0.5,diagnostic_test_set_scan_equal_dataset_macro_F1,67244,16258,50846,1369652,0.5694300956897281,0.8052980766927739,0.6671296480019049,0.5005210349242266,0.6550965701272492,D:\Retina\Retinal-Vessel-Segmentation-Benchmark-main\config\test_data\AFIO\masks\IM001814.png,D:\Retina\Retinal-Vessel-Segmentation-Benchmark-main\Models_output\FRUnet\test_data\AFIO\pred_masks\IM001814.png,D:\Retina\Retinal-Vessel-Segmentation-Benchmark-main\Models_output\FRUnet\probability\AFIO\IM001814_prob.png
FRUnet,FRUnet,AFIO,IM001858,0.5,diagnostic_test_set_scan_equal_dataset_macro_F1,75161,15848,54497,1358494,0.5796865600271484,0.8258633761496116,0.6812164936306744,0.5165491457396946,0.6688091458812497,D:\Retina\Retinal-Vessel-Segmentation-Benchmark-main\config\test_data\AFIO\masks\IM001858.png,D:\Retina\Retinal-Vessel-Segmentation-Benchmark-main\Models_output\FRUnet\test_data\AFIO\pred_masks\IM001858.png,D:\Retina\Retinal-Vessel-Segmentation-Benchmark-main\Models_output\FRUnet\probability\AFIO\IM001858_prob.png
FRUnet,FRUnet,AFIO,IM001859,0.5,diagnostic_test_set_scan_equal_dataset_macro_F1,59897,13938,41365,1388800,0.5915052043214631,0.811227737522855,0.6841579238936133,0.5199392361111111,0.6745101822744398,D:\Retina\Retinal-Vessel-Segmentation-Benchmark-main\config\test_data\AFIO\masks\IM001859.png,D:\Retina\Retinal-Vessel-Segmentation-Benchmark-main\Models_output\FRUnet\test_data\AFIO\pred_masks\IM001859.png,D:\Retina\Retinal-Vessel-Segmentation-Benchmark-main\Models_output\FRUnet\probability\AFIO\IM001859_prob.png
FRUnet,FRUnet,AFIO,IM002094,0.5,diagnostic_test_set_scan_equal_dataset_macro_F1,38121,14264,40137,1411478,0.48711952771601624,0.7277083134485063,0.5835903951991305,0.4120209247530317,0.5779345221403552,D:\Retina\Retinal-Vessel-Segmentation-Benchmark-main\config\test_data\AFIO\masks\IM002094.png,D:\Retina\Retinal-Vessel-Segmentation-Benchmark-main\Models_output\FRUnet\test_data\AFIO\pred_masks\IM002094.png,D:\Retina\Retinal-Vessel-Segmentation-Benchmark-main\Models_output\FRUnet\probability\AFIO\IM002094_prob.png
FRUnet,FRUnet,AFIO,IM002348,0.5,diagnostic_test_set_scan_equal_dataset_macro_F1,69914,14077,49801,1370208,0.5840036753957315,0.8323987093855294,0.6864206258038545,0.5225574025352786,0.6764127612293528,D:\Retina\Retinal-Vessel-Segmentation-Benchmark-main\config\test_data\AFIO\masks\IM002348.png,D:\Retina\Retinal-Vessel-Segmentation-Benchmark-main\Models_output\FRUnet\test_data\AFIO\pred_masks\IM002348.png,D:\Retina\Retinal-Vessel-Segmentation-Benchmark-main\Models_output\FRUnet\probability\AFIO\IM002348_prob.png
FRUnet,FRUnet,AFIO,IM002350,0.5,diagnostic_test_set_scan_equal_dataset_macro_F1,79265,15915,48520,1360300,0.6202997221896154,0.8327905022063459,0.711008454241697,0.5516005567153792,0.6971256022185134,D:\Retina\Retinal-Vessel-Segmentation-Benchmark-main\config\test_data\AFIO\masks\IM002350.png,D:\Retina\Retinal-Vessel-Segmentation-Benchmark-main\Models_output\FRUnet\test_data\AFIO\pred_masks\IM002350.png,D:\Retina\Retinal-Vessel-Segmentation-Benchmark-main\Models_output\FRUnet\probability\AFIO\IM002350_prob.png
FRUnet,FRUnet,AFIO,IM002421,0.5,diagnostic_test_set_scan_equal_dataset_macro_F1,78244,17692,57876,1350188,0.574816338524831,0.8155853902601734,0.6743544661633398,0.5086989311627181,0.6596725925012777,D:\Retina\Retinal-Vessel-Segmentation-Benchmark-main\config\test_data\AFIO\masks\IM002421.png,D:\Retina\Retinal-Vessel-Segmentation-Benchmark-main\Models_output\FRUnet\test_data\AFIO\pred_masks\IM002421.png,D:\Retina\Retinal-Vessel-Segmentation-Benchmark-main\Models_output\FRUnet\probability\AFIO\IM002421_prob.png
FRUnet,FRUnet,AFIO,IM002422,0.5,diagnostic_test_set_scan_equal_dataset_macro_F1,71157,14828,48844,1369171,0.5929700585828451,0.8275513170901901,0.690891613993184,0.5277573815722137,0.6795519542980153,D:\Retina\Retinal-Vessel-Segmentation-Benchmark-main\config\test_data\AFIO\masks\IM002422.png,D:\Retina\Retinal-Vessel-Segmentation-Benchmark-main\Models_output\FRUnet\test_data\AFIO\pred_masks\IM002422.png,D:\Retina\Retinal-Vessel-Segmentation-Benchmark-main\Models_output\FRUnet\probability\AFIO\IM002422_prob.png
FRUnet,FRUnet,AFIO,IM002471,0.5,diagnostic_test_set_scan_equal_dataset_macro_F1,65143,14252,57130,1367475,0.5327668414122496,0.8204924743371749,0.6460420096396058,0.4771507049990844,0.6385268599192493,D:\Retina\Retinal-Vessel-Segmentation-Benchmark-main\config\test_data\AFIO\masks\IM002471.png,D:\Retina\Retinal-Vessel-Segmentation-Benchmark-main\Models_output\FRUnet\test_data\AFIO\pred_masks\IM002471.png,D:\Retina\Retinal-Vessel-Segmentation-Benchmark-main\Models_output\FRUnet\probability\AFIO\IM002471_prob.png
FRUnet,FRUnet,AFIO,IM002587,0.5,diagnostic_test_set_scan_equal_dataset_macro_F1,68211,14423,45344,1376022,0.6006868918145392,0.8254592540600721,0.6953600864472524,0.5329900451640126,0.6844326802189303,D:\Retina\Retinal-Vessel-Segmentation-Benchmark-main\config\test_data\AFIO\masks\IM002587.png,D:\Retina\Retinal-Vessel-Segmentation-Benchmark-main\Models_output\FRUnet\test_data\AFIO\pred_masks\IM002587.png,D:\Retina\Retinal-Vessel-Segmentation-Benchmark-main\Models_output\FRUnet\probability\AFIO\IM002587_prob.png
FRUnet,FRUnet,AFIO,IM002649,0.5,diagnostic_test_set_scan_equal_dataset_macro_F1,65602,12547,67411,1358440,0.49319991279047914,0.8394477216599061,0.621342855248577,0.4506870019236054,0.6192320956784716,D:\Retina\Retinal-Vessel-Segmentation-Benchmark-main\config\test_data\AFIO\masks\IM002649.png,D:\Retina\Retinal-Vessel-Segmentation-Benchmark-main\Models_output\FRUnet\test_data\AFIO\pred_masks\IM002649.png,D:\Retina\Retinal-Vessel-Segmentation-Benchmark-main\Models_output\FRUnet\probability\AFIO\IM002649_prob.png
FRUnet,FRUnet,AFIO,IM002742,0.5,diagnostic_test_set_scan_equal_dataset_macro_F1,50395,23870,46855,1382880,0.5182005141388175,0.6785834511546489,0.5876453954464624,0.41607496697490093,0.5689478638350072,D:\Retina\Retinal-Vessel-Segmentation-Benchmark-main\config\test_data\AFIO\masks\IM002742.png,D:\Retina\Retinal-Vessel-Segmentation-Benchmark-main\Models_output\FRUnet\test_data\AFIO\pred_masks\IM002742.png,D:\Retina\Retinal-Vessel-Segmentation-Benchmark-main\Models_output\FRUnet\probability\AFIO\IM002742_prob.png
FRUnet,FRUnet,AFIO,IM002743,0.5,diagnostic_test_set_scan_equal_dataset_macro_F1,50725,16300,54733,1382242,0.48099717423049937,0.7568071615069004,0.5881739069937327,0.4166050690714368,0.580796632944019,D:\Retina\Retinal-Vessel-Segmentation-Benchmark-main\config\test_data\AFIO\masks\IM002743.png,D:\Retina\Retinal-Vessel-Segmentation-Benchmark-main\Models_output\FRUnet\test_data\AFIO\pred_masks\IM002743.png,D:\Retina\Retinal-Vessel-Segmentation-Benchmark-main\Models_output\FRUnet\probability\AFIO\IM002743_prob.png
FRUnet,FRUnet,AFIO,IM003024,0.5,diagnostic_test_set_scan_equal_dataset_macro_F1,58873,14249,44088,1386790,0.5717990307009451,0.8051338858346325,0.6686960126758403,0.5022864943264227,0.6594554528222367,D:\Retina\Retinal-Vessel-Segmentation-Benchmark-main\config\test_data\AFIO\masks\IM003024.png,D:\Retina\Retinal-Vessel-Segmentation-Benchmark-main\Models_output\FRUnet\test_data\AFIO\pred_masks\IM003024.png,D:\Retina\Retinal-Vessel-Segmentation-Benchmark-main\Models_output\FRUnet\probability\AFIO\IM003024_prob.png
FRUnet,FRUnet,AFIO,IM003537,0.5,diagnostic_test_set_scan_equal_dataset_macro_F1,86746,12058,75190,1330006,0.5356807627704773,0.8779604064612768,0.6653831402930122,0.4985574215202823,0.6589655324532192,D:\Retina\Retinal-Vessel-Segmentation-Benchmark-main\config\test_data\AFIO\masks\IM003537.png,D:\Retina\Retinal-Vessel-Segmentation-Benchmark-main\Models_output\FRUnet\test_data\AFIO\pred_masks\IM003537.png,D:\Retina\Retinal-Vessel-Segmentation-Benchmark-main\Models_output\FRUnet\probability\AFIO\IM003537_prob.png
FRUnet,FRUnet,AFIO,IM003630,0.5,diagnostic_test_set_scan_equal_dataset_macro_F1,83001,19178,64698,1337123,0.561960473666037,0.8123097701093179,0.664332194110726,0.4973783085745789,0.6478553191915496,D:\Retina\Retinal-Vessel-Segmentation-Benchmark-main\config\test_data\AFIO\masks\IM003630.png,D:\Retina\Retinal-Vessel-Segmentation-Benchmark-main\Models_output\FRUnet\test_data\AFIO\pred_masks\IM003630.png,D:\Retina\Retinal-Vessel-Segmentation-Benchmark-main\Models_output\FRUnet\probability\AFIO\IM003630_prob.png
FRUnet,FRUnet,AFIO,IM003631,0.5,diagnostic_test_set_scan_equal_dataset_macro_F1,71500,15434,68661,1348405,0.5101276389295167,0.8224630179216417,0.629692419472027,0.4595263343937787,0.6213572141584343,D:\Retina\Retinal-Vessel-Segmentation-Benchmark-main\config\test_data\AFIO\masks\IM003631.png,D:\Retina\Retinal-Vessel-Segmentation-Benchmark-main\Models_output\FRUnet\test_data\AFIO\pred_masks\IM003631.png,D:\Retina\Retinal-Vessel-Segmentation-Benchmark-main\Models_output\FRUnet\probability\AFIO\IM003631_prob.png
FRUnet,FRUnet,AFIO,IM003705,0.5,diagnostic_test_set_scan_equal_dataset_macro_F1,34257,11487,55408,1402848,0.3820554285395639,0.7488850996852047,0.5059781846110671,0.3386685384372034,0.5155824729983819,D:\Retina\Retinal-Vessel-Segmentation-Benchmark-main\config\test_data\AFIO\masks\IM003705.png,D:\Retina\Retinal-Vessel-Segmentation-Benchmark-main\Models_output\FRUnet\test_data\AFIO\pred_masks\IM003705.png,D:\Retina\Retinal-Vessel-Segmentation-Benchmark-main\Models_output\FRUnet\probability\AFIO\IM003705_prob.png
FRUnet,FRUnet,AFIO,IM004162,0.5,diagnostic_test_set_scan_equal_dataset_macro_F1,74297,17326,61833,1350544,0.5457797693381327,0.8108990100738898,0.6524348746229467,0.48415832551350224,0.6395011495350515,D:\Retina\Retinal-Vessel-Segmentation-Benchmark-main\config\test_data\AFIO\masks\IM004162.png,D:\Retina\Retinal-Vessel-Segmentation-Benchmark-main\Models_output\FRUnet\test_data\AFIO\pred_masks\IM004162.png,D:\Retina\Retinal-Vessel-Segmentation-Benchmark-main\Models_output\FRUnet\probability\AFIO\IM004162_prob.png
FRUnet,FRUnet,AFIO,IM004163,0.5,diagnostic_test_set_scan_equal_dataset_macro_F1,70569,20516,51313,1361602,0.5789944372425789,0.7747598397101608,0.6627223936102776,0.4955757805587157,0.6454400591145345,D:\Retina\Retinal-Vessel-Segmentation-Benchmark-main\config\test_data\AFIO\masks\IM004163.png,D:\Retina\Retinal-Vessel-Segmentation-Benchmark-main\Models_output\FRUnet\test_data\AFIO\pred_masks\IM004163.png,D:\Retina\Retinal-Vessel-Segmentation-Benchmark-main\Models_output\FRUnet\probability\AFIO\IM004163_prob.png
FRUnet,FRUnet,AFIO,IM004455,0.5,diagnostic_test_set_scan_equal_dataset_macro_F1,63878,11322,57079,1371721,0.5281050290599139,0.8494414893617022,0.6512946262432643,0.4829035598999085,0.6487452172220773,D:\Retina\Retinal-Vessel-Segmentation-Benchmark-main\config\test_data\AFIO\masks\IM004455.png,D:\Retina\Retinal-Vessel-Segmentation-Benchmark-main\Models_output\FRUnet\test_data\AFIO\pred_masks\IM004455.png,D:\Retina\Retinal-Vessel-Segmentation-Benchmark-main\Models_output\FRUnet\probability\AFIO\IM004455_prob.png
FRUnet,FRUnet,AFIO,IM004512,0.5,diagnostic_test_set_scan_equal_dataset_macro_F1,58203,14592,49360,1381845,0.5411061424467521,0.7995466721615495,0.6454163386154205,0.47646842126806105,0.6371681728890828,D:\Retina\Retinal-Vessel-Segmentation-Benchmark-main\config\test_data\AFIO\masks\IM004512.png,D:\Retina\Retinal-Vessel-Segmentation-Benchmark-main\Models_output\FRUnet\test_data\AFIO\pred_masks\IM004512.png,D:\Retina\Retinal-Vessel-Segmentation-Benchmark-main\Models_output\FRUnet\probability\AFIO\IM004512_prob.png
FRUnet,FRUnet,AFIO,IM004513,0.5,diagnostic_test_set_scan_equal_dataset_macro_F1,62150,17236,38983,1385631,0.6145372924762441,0.7828836318746378,0.688570178208388,0.5250530121906918,0.6745461662457981,D:\Retina\Retinal-Vessel-Segmentation-Benchmark-main\config\test_data\AFIO\masks\IM004513.png,D:\Retina\Retinal-Vessel-Segmentation-Benchmark-main\Models_output\FRUnet\test_data\AFIO\pred_masks\IM004513.png,D:\Retina\Retinal-Vessel-Segmentation-Benchmark-main\Models_output\FRUnet\probability\AFIO\IM004513_prob.png
FRUnet,FRUnet,AFIO,IM004515,0.5,diagnostic_test_set_scan_equal_dataset_macro_F1,74565,11922,57552,1359961,0.5643861123095438,0.8621526934683825,0.6821924575945545,0.5176722970862058,0.6756722985615236,D:\Retina\Retinal-Vessel-Segmentation-Benchmark-main\config\test_data\AFIO\masks\IM004515.png,D:\Retina\Retinal-Vessel-Segmentation-Benchmark-main\Models_output\FRUnet\test_data\AFIO\pred_masks\IM004515.png,D:\Retina\Retinal-Vessel-Segmentation-Benchmark-main\Models_output\FRUnet\probability\AFIO\IM004515_prob.png
FRUnet,FRUnet,AFIO,IM004516,0.5,diagnostic_test_set_scan_equal_dataset_macro_F1,80107,16231,57383,1350279,0.5826387373627173,0.8315202723743487,0.685178849410678,0.5211194306568393,0.6718127980206771,D:\Retina\Retinal-Vessel-Segmentation-Benchmark-main\config\test_data\AFIO\masks\IM004516.png,D:\Retina\Retinal-Vessel-Segmentation-Benchmark-main\Models_output\FRUnet\test_data\AFIO\pred_masks\IM004516.png,D:\Retina\Retinal-Vessel-Segmentation-Benchmark-main\Models_output\FRUnet\probability\AFIO\IM004516_prob.png
FRUnet,FRUnet,AFIO,IM004538,0.5,diagnostic_test_set_scan_equal_dataset_macro_F1,59463,13620,47260,1383657,0.5571713688708151,0.8136365502237183,0.6614128560782175,0.4941126613097563,0.6537001253648083,D:\Retina\Retinal-Vessel-Segmentation-Benchmark-main\config\test_data\AFIO\masks\IM004538.png,D:\Retina\Retinal-Vessel-Segmentation-Benchmark-main\Models_output\FRUnet\test_data\AFIO\pred_masks\IM004538.png,D:\Retina\Retinal-Vessel-Segmentation-Benchmark-main\Models_output\FRUnet\probability\AFIO\IM004538_prob.png
FRUnet,FRUnet,AFIO,IM004539,0.5,diagnostic_test_set_scan_equal_dataset_macro_F1,60070,13424,41712,1388794,0.5901829400090389,0.8173456336571693,0.6854332595449463,0.5214138152526778,0.6764826131081549,D:\Retina\Retinal-Vessel-Segmentation-Benchmark-main\config\test_data\AFIO\masks\IM004539.png,D:\Retina\Retinal-Vessel-Segmentation-Benchmark-main\Models_output\FRUnet\test_data\AFIO\pred_masks\IM004539.png,D:\Retina\Retinal-Vessel-Segmentation-Benchmark-main\Models_output\FRUnet\probability\AFIO\IM004539_prob.png
FRUnet,FRUnet,AFIO,IM004564,0.5,diagnostic_test_set_scan_equal_dataset_macro_F1,67036,13919,35683,1387362,0.6526153876108607,0.8280649743684763,0.7299454468242648,0.574735506438725,0.7183783155714952,D:\Retina\Retinal-Vessel-Segmentation-Benchmark-main\config\test_data\AFIO\masks\IM004564.png,D:\Retina\Retinal-Vessel-Segmentation-Benchmark-main\Models_output\FRUnet\test_data\AFIO\pred_masks\IM004564.png,D:\Retina\Retinal-Vessel-Segmentation-Benchmark-main\Models_output\FRUnet\probability\AFIO\IM004564_prob.png
FRUnet,FRUnet,AFIO,IM004790,0.5,diagnostic_test_set_scan_equal_dataset_macro_F1,62101,23552,44200,1374147,0.5841995841995842,0.7250300631618274,0.6470404367713097,0.4782407799588766,0.6274271157872582,D:\Retina\Retinal-Vessel-Segmentation-Benchmark-main\config\test_data\AFIO\masks\IM004790.png,D:\Retina\Retinal-Vessel-Segmentation-Benchmark-main\Models_output\FRUnet\test_data\AFIO\pred_masks\IM004790.png,D:\Retina\Retinal-Vessel-Segmentation-Benchmark-main\Models_output\FRUnet\probability\AFIO\IM004790_prob.png
FRUnet,FRUnet,AFIO,IM004993,0.5,diagnostic_test_set_scan_equal_dataset_macro_F1,62030,12832,54246,1374892,0.5334720836630087,0.8285912746119527,0.6490598415804288,0.4804504755708399,0.6437937587631297,D:\Retina\Retinal-Vessel-Segmentation-Benchmark-main\config\test_data\AFIO\masks\IM004993.png,D:\Retina\Retinal-Vessel-Segmentation-Benchmark-main\Models_output\FRUnet\test_data\AFIO\pred_masks\IM004993.png,D:\Retina\Retinal-Vessel-Segmentation-Benchmark-main\Models_output\FRUnet\probability\AFIO\IM004993_prob.png
FRUnet,FRUnet,AFIO,IM005024,0.5,diagnostic_test_set_scan_equal_dataset_macro_F1,77817,13586,66525,1346072,0.5391154341771626,0.8513615526842664,0.66017943116503,0.4927371966972291,0.6523469742946147,D:\Retina\Retinal-Vessel-Segmentation-Benchmark-main\config\test_data\AFIO\masks\IM005024.png,D:\Retina\Retinal-Vessel-Segmentation-Benchmark-main\Models_output\FRUnet\test_data\AFIO\pred_masks\IM005024.png,D:\Retina\Retinal-Vessel-Segmentation-Benchmark-main\Models_output\FRUnet\probability\AFIO\IM005024_prob.png
FRUnet,FRUnet,AFIO,IM005025,0.5,diagnostic_test_set_scan_equal_dataset_macro_F1,71483,13986,54034,1364497,0.569508512791096,0.8363617217938668,0.6776089408775938,0.5124119194569292,0.6682233743244775,D:\Retina\Retinal-Vessel-Segmentation-Benchmark-main\config\test_data\AFIO\masks\IM005025.png,D:\Retina\Retinal-Vessel-Segmentation-Benchmark-main\Models_output\FRUnet\test_data\AFIO\pred_masks\IM005025.png,D:\Retina\Retinal-Vessel-Segmentation-Benchmark-main\Models_output\FRUnet\probability\AFIO\IM005025_prob.png
FRUnet,FRUnet,AFIO,IM005060,0.5,diagnostic_test_set_scan_equal_dataset_macro_F1,85437,17560,61582,1339421,0.5811289697250015,0.8295095973669137,0.6834522590554204,0.5191245541654768,0.6680888425543372,D:\Retina\Retinal-Vessel-Segmentation-Benchmark-main\config\test_data\AFIO\masks\IM005060.png,D:\Retina\Retinal-Vessel-Segmentation-Benchmark-main\Models_output\FRUnet\test_data\AFIO\pred_masks\IM005060.png,D:\Retina\Retinal-Vessel-Segmentation-Benchmark-main\Models_output\FRUnet\probability\AFIO\IM005060_prob.png
FRUnet,FRUnet,AFIO,IM005092,0.5,diagnostic_test_set_scan_equal_dataset_macro_F1,84056,11482,62492,1345970,0.5735731637415727,0.8798174548347254,0.6944309047198104,0.5318990065177498,0.6871129438785006,D:\Retina\Retinal-Vessel-Segmentation-Benchmark-main\config\test_data\AFIO\masks\IM005092.png,D:\Retina\Retinal-Vessel-Segmentation-Benchmark-main\Models_output\FRUnet\test_data\AFIO\pred_masks\IM005092.png,D:\Retina\Retinal-Vessel-Segmentation-Benchmark-main\Models_output\FRUnet\probability\AFIO\IM005092_prob.png
FRUnet,FRUnet,AFIO,IM005093,0.5,diagnostic_test_set_scan_equal_dataset_macro_F1,80669,14330,64825,1344176,0.5544489807139813,0.8491563069084938,0.6708636010195723,0.5047364601061167,0.6609334244301275,D:\Retina\Retinal-Vessel-Segmentation-Benchmark-main\config\test_data\AFIO\masks\IM005093.png,D:\Retina\Retinal-Vessel-Segmentation-Benchmark-main\Models_output\FRUnet\test_data\AFIO\pred_masks\IM005093.png,D:\Retina\Retinal-Vessel-Segmentation-Benchmark-main\Models_output\FRUnet\probability\AFIO\IM005093_prob.png
FRUnet,FRUnet,AFIO,IM005132,0.5,diagnostic_test_set_scan_equal_dataset_macro_F1,85360,11875,66956,1339809,0.5604138764148218,0.8778731938088137,0.6841086591518366,0.5198823321619334,0.6767604798789867,D:\Retina\Retinal-Vessel-Segmentation-Benchmark-main\config\test_data\AFIO\masks\IM005132.png,D:\Retina\Retinal-Vessel-Segmentation-Benchmark-main\Models_output\FRUnet\test_data\AFIO\pred_masks\IM005132.png,D:\Retina\Retinal-Vessel-Segmentation-Benchmark-main\Models_output\FRUnet\probability\AFIO\IM005132_prob.png
FRUnet,FRUnet,AFIO,IM005133,0.5,diagnostic_test_set_scan_equal_dataset_macro_F1,85266,13801,74794,1330139,0.532712732725228,0.8606902399386274,0.6581020117548538,0.49042626005832246,0.6494990315694954,D:\Retina\Retinal-Vessel-Segmentation-Benchmark-main\config\test_data\AFIO\masks\IM005133.png,D:\Retina\Retinal-Vessel-Segmentation-Benchmark-main\Models_output\FRUnet\test_data\AFIO\pred_masks\IM005133.png,D:\Retina\Retinal-Vessel-Segmentation-Benchmark-main\Models_output\FRUnet\probability\AFIO\IM005133_prob.png
FRUnet,FRUnet,AFIO,IM005190,0.5,diagnostic_test_set_scan_equal_dataset_macro_F1,69819,14593,67815,1351773,0.507280177863028,0.8271217362460314,0.628869693667078,0.45865056790188335,0.6221138498822066,D:\Retina\Retinal-Vessel-Segmentation-Benchmark-main\config\test_data\AFIO\masks\IM005190.png,D:\Retina\Retinal-Vessel-Segmentation-Benchmark-main\Models_output\FRUnet\test_data\AFIO\pred_masks\IM005190.png,D:\Retina\Retinal-Vessel-Segmentation-Benchmark-main\Models_output\FRUnet\probability\AFIO\IM005190_prob.png
FRUnet,FRUnet,AFIO,IM005191,0.5,diagnostic_test_set_scan_equal_dataset_macro_F1,76921,12874,67632,1346573,0.532130083775501,0.8566289882510162,0.6564681584651886,0.48861377019189844,0.6501772130212499,D:\Retina\Retinal-Vessel-Segmentation-Benchmark-main\config\test_data\AFIO\masks\IM005191.png,D:\Retina\Retinal-Vessel-Segmentation-Benchmark-main\Models_output\FRUnet\test_data\AFIO\pred_masks\IM005191.png,D:\Retina\Retinal-Vessel-Segmentation-Benchmark-main\Models_output\FRUnet\probability\AFIO\IM005191_prob.png
FRUnet,FRUnet,AFIO,IM005249,0.5,diagnostic_test_set_scan_equal_dataset_macro_F1,65927,17510,49440,1371123,0.5714545753985109,0.7901410645157424,0.6632361521900968,0.4961505753441152,0.6497052275509962,D:\Retina\Retinal-Vessel-Segmentation-Benchmark-main\config\test_data\AFIO\masks\IM005249.png,D:\Retina\Retinal-Vessel-Segmentation-Benchmark-main\Models_output\FRUnet\test_data\AFIO\pred_masks\IM005249.png,D:\Retina\Retinal-Vessel-Segmentation-Benchmark-main\Models_output\FRUnet\probability\AFIO\IM005249_prob.png
FRUnet,FRUnet,AFIO,IM005283,0.5,diagnostic_test_set_scan_equal_dataset_macro_F1,65748,9206,61466,1367580,0.5168299086578522,0.877178002508205,0.6504293458905466,0.4819527928456238,0.6523375354279886,D:\Retina\Retinal-Vessel-Segmentation-Benchmark-main\config\test_data\AFIO\masks\IM005283.png,D:\Retina\Retinal-Vessel-Segmentation-Benchmark-main\Models_output\FRUnet\test_data\AFIO\pred_masks\IM005283.png,D:\Retina\Retinal-Vessel-Segmentation-Benchmark-main\Models_output\FRUnet\probability\AFIO\IM005283_prob.png
FRUnet,FRUnet,AFIO,IM005320,0.5,diagnostic_test_set_scan_equal_dataset_macro_F1,40452,16233,30323,1416992,0.5715577534440127,0.7136279439005028,0.6347403106857054,0.46492276572269214,0.6229441062214799,D:\Retina\Retinal-Vessel-Segmentation-Benchmark-main\config\test_data\AFIO\masks\IM005320.png,D:\Retina\Retinal-Vessel-Segmentation-Benchmark-main\Models_output\FRUnet\test_data\AFIO\pred_masks\IM005320.png,D:\Retina\Retinal-Vessel-Segmentation-Benchmark-main\Models_output\FRUnet\probability\AFIO\IM005320_prob.png
FRUnet,FRUnet,AFIO,IM005321,0.5,diagnostic_test_set_scan_equal_dataset_macro_F1,47372,20920,30887,1404821,0.6053233493911243,0.6936683652550811,0.6464916650176389,0.47764143619112914,0.6300861056914795,D:\Retina\Retinal-Vessel-Segmentation-Benchmark-main\config\test_data\AFIO\masks\IM005321.png,D:\Retina\Retinal-Vessel-Segmentation-Benchmark-main\Models_output\FRUnet\test_data\AFIO\pred_masks\IM005321.png,D:\Retina\Retinal-Vessel-Segmentation-Benchmark-main\Models_output\FRUnet\probability\AFIO\IM005321_prob.png
FRUnet,FRUnet,AFIO,IM005357,0.5,diagnostic_test_set_scan_equal_dataset_macro_F1,61687,22282,39372,1380659,0.6104058025509851,0.7346401648227322,0.6667855675897701,0.5001337754680114,0.6482877120609098,D:\Retina\Retinal-Vessel-Segmentation-Benchmark-main\config\test_data\AFIO\masks\IM005357.png,D:\Retina\Retinal-Vessel-Segmentation-Benchmark-main\Models_output\FRUnet\test_data\AFIO\pred_masks\IM005357.png,D:\Retina\Retinal-Vessel-Segmentation-Benchmark-main\Models_output\FRUnet\probability\AFIO\IM005357_prob.png
FRUnet,FRUnet,AFIO,IM005387,0.5,diagnostic_test_set_scan_equal_dataset_macro_F1,67960,15429,54908,1365703,0.5531139108636911,0.8149755963016705,0.658983695098833,0.4914061765620368,0.6486319562539029,D:\Retina\Retinal-Vessel-Segmentation-Benchmark-main\config\test_data\AFIO\masks\IM005387.png,D:\Retina\Retinal-Vessel-Segmentation-Benchmark-main\Models_output\FRUnet\test_data\AFIO\pred_masks\IM005387.png,D:\Retina\Retinal-Vessel-Segmentation-Benchmark-main\Models_output\FRUnet\probability\AFIO\IM005387_prob.png
FRUnet,FRUnet,AFIO,IM005456,0.5,diagnostic_test_set_scan_equal_dataset_macro_F1,54279,14836,44797,1390088,0.547852153902055,0.7853432684656008,0.6454447622048741,0.47649940304796684,0.6365410865957744,D:\Retina\Retinal-Vessel-Segmentation-Benchmark-main\config\test_data\AFIO\masks\IM005456.png,D:\Retina\Retinal-Vessel-Segmentation-Benchmark-main\Models_output\FRUnet\test_data\AFIO\pred_masks\IM005456.png,D:\Retina\Retinal-Vessel-Segmentation-Benchmark-main\Models_output\FRUnet\probability\AFIO\IM005456_prob.png
FRUnet,FRUnet,AFIO,IM005457,0.5,diagnostic_test_set_scan_equal_dataset_macro_F1,51768,8686,48173,1395373,0.5179856115107914,0.8563205081549607,0.6455064060600393,0.4765665994642216,0.6489875188140849,D:\Retina\Retinal-Vessel-Segmentation-Benchmark-main\config\test_data\AFIO\masks\IM005457.png,D:\Retina\Retinal-Vessel-Segmentation-Benchmark-main\Models_output\FRUnet\test_data\AFIO\pred_masks\IM005457.png,D:\Retina\Retinal-Vessel-Segmentation-Benchmark-main\Models_output\FRUnet\probability\AFIO\IM005457_prob.png
FRUnet,FRUnet,AFIO,IM005488,0.5,diagnostic_test_set_scan_equal_dataset_macro_F1,88406,15739,69660,1330195,0.5592980147533309,0.8488741658264919,0.6743119091113645,0.5086504991225799,0.6615112068723281,D:\Retina\Retinal-Vessel-Segmentation-Benchmark-main\config\test_data\AFIO\masks\IM005488.png,D:\Retina\Retinal-Vessel-Segmentation-Benchmark-main\Models_output\FRUnet\test_data\AFIO\pred_masks\IM005488.png,D:\Retina\Retinal-Vessel-Segmentation-Benchmark-main\Models_output\FRUnet\probability\AFIO\IM005488_prob.png
FRUnet,FRUnet,AFIO,IM005489,0.5,diagnostic_test_set_scan_equal_dataset_macro_F1,80330,10376,74225,1339069,0.5197502507198085,0.8856084492756818,0.6550572655252976,0.4870521612068077,0.6531406249205709,D:\Retina\Retinal-Vessel-Segmentation-Benchmark-main\config\test_data\AFIO\masks\IM005489.png,D:\Retina\Retinal-Vessel-Segmentation-Benchmark-main\Models_output\FRUnet\test_data\AFIO\pred_masks\IM005489.png,D:\Retina\Retinal-Vessel-Segmentation-Benchmark-main\Models_output\FRUnet\probability\AFIO\IM005489_prob.png
FRUnet,FRUnet,AFIO,IM005523,0.5,diagnostic_test_set_scan_equal_dataset_macro_F1,76220,15832,58001,1353947,0.5678694094068737,0.8280102550732195,0.6736994692252279,0.5079538563041058,0.6616486557965969,D:\Retina\Retinal-Vessel-Segmentation-Benchmark-main\config\test_data\AFIO\masks\IM005523.png,D:\Retina\Retinal-Vessel-Segmentation-Benchmark-main\Models_output\FRUnet\test_data\AFIO\pred_masks\IM005523.png,D:\Retina\Retinal-Vessel-Segmentation-Benchmark-main\Models_output\FRUnet\probability\AFIO\IM005523_prob.png
FRUnet,FRUnet,AFIO,IM005524,0.5,diagnostic_test_set_scan_equal_dataset_macro_F1,77745,12469,81817,1331969,0.4872400696907785,0.8617842020085574,0.6225177759272308,0.4519243624695549,0.6198732907627695,D:\Retina\Retinal-Vessel-Segmentation-Benchmark-main\config\test_data\AFIO\masks\IM005524.png,D:\Retina\Retinal-Vessel-Segmentation-Benchmark-main\Models_output\FRUnet\test_data\AFIO\pred_masks\IM005524.png,D:\Retina\Retinal-Vessel-Segmentation-Benchmark-main\Models_output\FRUnet\probability\AFIO\IM005524_prob.png
FRUnet,FRUnet,AFIO,IM005558,0.5,diagnostic_test_set_scan_equal_dataset_macro_F1,83565,13596,64343,1342496,0.5649795819022636,0.8600673109581005,0.6819711999477698,0.5174175252625322,0.6722471713249535,D:\Retina\Retinal-Vessel-Segmentation-Benchmark-main\config\test_data\AFIO\masks\IM005558.png,D:\Retina\Retinal-Vessel-Segmentation-Benchmark-main\Models_output\FRUnet\test_data\AFIO\pred_masks\IM005558.png,D:\Retina\Retinal-Vessel-Segmentation-Benchmark-main\Models_output\FRUnet\probability\AFIO\IM005558_prob.png
FRUnet,FRUnet,AFIO,IM005713,0.5,diagnostic_test_set_scan_equal_dataset_macro_F1,79209,14511,67522,1342758,0.5398245769469301,0.8451664532650448,0.6588369355918668,0.49124297639572817,0.6495164385366561,D:\Retina\Retinal-Vessel-Segmentation-Benchmark-main\config\test_data\AFIO\masks\IM005713.png,D:\Retina\Retinal-Vessel-Segmentation-Benchmark-main\Models_output\FRUnet\test_data\AFIO\pred_masks\IM005713.png,D:\Retina\Retinal-Vessel-Segmentation-Benchmark-main\Models_output\FRUnet\probability\AFIO\IM005713_prob.png
FRUnet,FRUnet,AFIO,IM005806,0.5,diagnostic_test_set_scan_equal_dataset_macro_F1,60047,11591,53666,1378696,0.528057478036812,0.8382003964376449,0.647927445765062,0.47921055991827877,0.6451027459900132,D:\Retina\Retinal-Vessel-Segmentation-Benchmark-main\config\test_data\AFIO\masks\IM005806.png,D:\Retina\Retinal-Vessel-Segmentation-Benchmark-main\Models_output\FRUnet\test_data\AFIO\pred_masks\IM005806.png,D:\Retina\Retinal-Vessel-Segmentation-Benchmark-main\Models_output\FRUnet\probability\AFIO\IM005806_prob.png
FRUnet,FRUnet,AFIO,IM005833,0.5,diagnostic_test_set_scan_equal_dataset_macro_F1,76310,22128,72698,1332864,0.5121201546225705,0.7752087608443894,0.6167810350541127,0.44590267389678384,0.5989133977006977,D:\Retina\Retinal-Vessel-Segmentation-Benchmark-main\config\test_data\AFIO\masks\IM005833.png,D:\Retina\Retinal-Vessel-Segmentation-Benchmark-main\Models_output\FRUnet\test_data\AFIO\pred_masks\IM005833.png,D:\Retina\Retinal-Vessel-Segmentation-Benchmark-main\Models_output\FRUnet\probability\AFIO\IM005833_prob.png
FRUnet,FRUnet,AFIO,IM005834,0.5,diagnostic_test_set_scan_equal_dataset_macro_F1,94082,11422,74579,1323917,0.5578171598650548,0.8917387018501668,0.6863166341436726,0.5224368763292482,0.6786077046482282,D:\Retina\Retinal-Vessel-Segmentation-Benchmark-main\config\test_data\AFIO\masks\IM005834.png,D:\Retina\Retinal-Vessel-Segmentation-Benchmark-main\Models_output\FRUnet\test_data\AFIO\pred_masks\IM005834.png,D:\Retina\Retinal-Vessel-Segmentation-Benchmark-main\Models_output\FRUnet\probability\AFIO\IM005834_prob.png
FRUnet,FRUnet,AFIO,IM006037,0.5,diagnostic_test_set_scan_equal_dataset_macro_F1,67860,14357,44377,1377406,0.6046134518919786,0.8253767469014924,0.6979542719614922,0.5360443622920518,0.6870008733760022,D:\Retina\Retinal-Vessel-Segmentation-Benchmark-main\config\test_data\AFIO\masks\IM006037.png,D:\Retina\Retinal-Vessel-Segmentation-Benchmark-main\Models_output\FRUnet\test_data\AFIO\pred_masks\IM006037.png,D:\Retina\Retinal-Vessel-Segmentation-Benchmark-main\Models_output\FRUnet\probability\AFIO\IM006037_prob.png
FRUnet,FRUnet,AFIO,IM006105,0.5,diagnostic_test_set_scan_equal_dataset_macro_F1,72840,12517,67073,1351570,0.5206092357393524,0.8533570767482456,0.6466906379011853,0.47785868923440267,0.6420706232586458,D:\Retina\Retinal-Vessel-Segmentation-Benchmark-main\config\test_data\AFIO\masks\IM006105.png,D:\Retina\Retinal-Vessel-Segmentation-Benchmark-main\Models_output\FRUnet\test_data\AFIO\pred_masks\IM006105.png,D:\Retina\Retinal-Vessel-Segmentation-Benchmark-main\Models_output\FRUnet\probability\AFIO\IM006105_prob.png
FRUnet,FRUnet,AFIO,IM006106,0.5,diagnostic_test_set_scan_equal_dataset_macro_F1,83243,14315,66382,1340060,0.556344193817878,0.8532667746366264,0.6735333740588956,0.5077650359887764,0.6632734632568973,D:\Retina\Retinal-Vessel-Segmentation-Benchmark-main\config\test_data\AFIO\masks\IM006106.png,D:\Retina\Retinal-Vessel-Segmentation-Benchmark-main\Models_output\FRUnet\test_data\AFIO\pred_masks\IM006106.png,D:\Retina\Retinal-Vessel-Segmentation-Benchmark-main\Models_output\FRUnet\probability\AFIO\IM006106_prob.png
FRUnet,FRUnet,CHASEDB1,Image_01L,0.5,diagnostic_test_set_scan_equal_dataset_macro_F1,56896,17521,9989,874634,0.8506541077969649,0.764556485749224,0.8053106113147727,0.6740753027035993,0.7911854067941992,D:\Retina\Retinal-Vessel-Segmentation-Benchmark-main\config\test_data\CHASEDB1\masks\Image_01L.png,D:\Retina\Retinal-Vessel-Segmentation-Benchmark-main\Models_output\FRUnet\test_data\CHASEDB1\pred_masks\Image_01L.png,D:\Retina\Retinal-Vessel-Segmentation-Benchmark-main\Models_output\FRUnet\probability\CHASEDB1\Image_01L_prob.png
FRUnet,FRUnet,CHASEDB1,Image_01R,0.5,diagnostic_test_set_scan_equal_dataset_macro_F1,58839,13817,13999,872385,0.8078063648095775,0.8098298832856199,0.8088168584271517,0.6790029427038256,0.7931252840965249,D:\Retina\Retinal-Vessel-Segmentation-Benchmark-main\config\test_data\CHASEDB1\masks\Image_01R.png,D:\Retina\Retinal-Vessel-Segmentation-Benchmark-main\Models_output\FRUnet\test_data\CHASEDB1\pred_masks\Image_01R.png,D:\Retina\Retinal-Vessel-Segmentation-Benchmark-main\Models_output\FRUnet\probability\CHASEDB1\Image_01R_prob.png
FRUnet,FRUnet,CHASEDB1,Image_02L,0.5,diagnostic_test_set_scan_equal_dataset_macro_F1,57637,17261,20183,863959,0.740645078386019,0.7695399076076798,0.7548160662135438,0.6061884077786308,0.733772682941682,D:\Retina\Retinal-Vessel-Segmentation-Benchmark-main\config\test_data\CHASEDB1\masks\Image_02L.png,D:\Retina\Retinal-Vessel-Segmentation-Benchmark-main\Models_output\FRUnet\test_data\CHASEDB1\pred_masks\Image_02L.png,D:\Retina\Retinal-Vessel-Segmentation-Benchmark-main\Models_output\FRUnet\probability\CHASEDB1\Image_02L_prob.png
FRUnet,FRUnet,CHASEDB1,Image_02R,0.5,diagnostic_test_set_scan_equal_dataset_macro_F1,58819,19549,16071,864601,0.7854052610495393,0.7505486933442221,0.7675814639366297,0.6228253158123233,0.7476368439991822,D:\Retina\Retinal-Vessel-Segmentation-Benchmark-main\config\test_data\CHASEDB1\masks\Image_02R.png,D:\Retina\Retinal-Vessel-Segmentation-Benchmark-main\Models_output\FRUnet\test_data\CHASEDB1\pred_masks\Image_02R.png,D:\Retina\Retinal-Vessel-Segmentation-Benchmark-main\Models_output\FRUnet\probability\CHASEDB1\Image_02R_prob.png
FRUnet,FRUnet,CHASEDB1,Image_03L,0.5,diagnostic_test_set_scan_equal_dataset_macro_F1,61712,20414,13484,863430,0.8206819511676153,0.7514307283929572,0.7845310891038763,0.6454554962869993,0.7662021773037677,D:\Retina\Retinal-Vessel-Segmentation-Benchmark-main\config\test_data\CHASEDB1\masks\Image_03L.png,D:\Retina\Retinal-Vessel-Segmentation-Benchmark-main\Models_output\FRUnet\test_data\CHASEDB1\pred_masks\Image_03L.png,D:\Retina\Retinal-Vessel-Segmentation-Benchmark-main\Models_output\FRUnet\probability\CHASEDB1\Image_03L_prob.png
FRUnet,FRUnet,CHASEDB1,Image_03R,0.5,diagnostic_test_set_scan_equal_dataset_macro_F1,60143,20423,12278,866196,0.8304635395810608,0.7465059702604077,0.7862498120755358,0.6477855327215545,0.7690678870321987,D:\Retina\Retinal-Vessel-Segmentation-Benchmark-main\config\test_data\CHASEDB1\masks\Image_03R.png,D:\Retina\Retinal-Vessel-Segmentation-Benchmark-main\Models_output\FRUnet\test_data\CHASEDB1\pred_masks\Image_03R.png,D:\Retina\Retinal-Vessel-Segmentation-Benchmark-main\Models_output\FRUnet\probability\CHASEDB1\Image_03R_prob.png
FRUnet,FRUnet,CHASEDB1,Image_04L,0.5,diagnostic_test_set_scan_equal_dataset_macro_F1,62774,19251,12394,864621,0.8351160068114091,0.7653032612008533,0.7986869644322584,0.6648449994174901,0.7816357106178097,D:\Retina\Retinal-Vessel-Segmentation-Benchmark-main\config\test_data\CHASEDB1\masks\Image_04L.png,D:\Retina\Retinal-Vessel-Segmentation-Benchmark-main\Models_output\FRUnet\test_data\CHASEDB1\pred_masks\Image_04L.png,D:\Retina\Retinal-Vessel-Segmentation-Benchmark-main\Models_output\FRUnet\probability\CHASEDB1\Image_04L_prob.png
FRUnet,FRUnet,CHASEDB1,Image_04R,0.5,diagnostic_test_set_scan_equal_dataset_macro_F1,59207,19683,14617,865533,0.8020020589510186,0.7505006971732793,0.7753971476092565,0.6331825424834504,0.7564824098593771,D:\Retina\Retinal-Vessel-Segmentation-Benchmark-main\config\test_data\CHASEDB1\masks\Image_04R.png,D:\Retina\Retinal-Vessel-Segmentation-Benchmark-main\Models_output\FRUnet\test_data\CHASEDB1\pred_masks\Image_04R.png,D:\Retina\Retinal-Vessel-Segmentation-Benchmark-main\Models_output\FRUnet\probability\CHASEDB1\Image_04R_prob.png
FRUnet,FRUnet,CHASEDB1,Image_05L,0.5,diagnostic_test_set_scan_equal_dataset_macro_F1,62001,19119,13940,863980,0.8164364440815897,0.7643121301775148,0.78951490185342,0.6522301704186829,0.7712619726153378,D:\Retina\Retinal-Vessel-Segmentation-Benchmark-main\config\test_data\CHASEDB1\masks\Image_05L.png,D:\Retina\Retinal-Vessel-Segmentation-Benchmark-main\Models_output\FRUnet\test_data\CHASEDB1\pred_masks\Image_05L.png,D:\Retina\Retinal-Vessel-Segmentation-Benchmark-main\Models_output\FRUnet\probability\CHASEDB1\Image_05L_prob.png
FRUnet,FRUnet,CHASEDB1,Image_05R,0.5,diagnostic_test_set_scan_equal_dataset_macro_F1,68082,20088,13581,857289,0.8336945740420999,0.7721674038788704,0.801752309621805,0.6691039891499838,0.78321669689958,D:\Retina\Retinal-Vessel-Segmentation-Benchmark-main\config\test_data\CHASEDB1\masks\Image_05R.png,D:\Retina\Retinal-Vessel-Segmentation-Benchmark-main\Models_output\FRUnet\test_data\CHASEDB1\pred_masks\Image_05R.png,D:\Retina\Retinal-Vessel-Segmentation-Benchmark-main\Models_output\FRUnet\probability\CHASEDB1\Image_05R_prob.png
FRUnet,FRUnet,CHASEDB1,Image_06L,0.5,diagnostic_test_set_scan_equal_dataset_macro_F1,58622,15523,14014,870881,0.8070653670356297,0.7906399622361588,0.798768232945681,0.6649576333669847,0.78214327629093,D:\Retina\Retinal-Vessel-Segmentation-Benchmark-main\config\test_data\CHASEDB1\masks\Image_06L.png,D:\Retina\Retinal-Vessel-Segmentation-Benchmark-main\Models_output\FRUnet\test_data\CHASEDB1\pred_masks\Image_06L.png,D:\Retina\Retinal-Vessel-Segmentation-Benchmark-main\Models_output\FRUnet\probability\CHASEDB1\Image_06L_prob.png
FRUnet,FRUnet,CHASEDB1,Image_06R,0.5,diagnostic_test_set_scan_equal_dataset_macro_F1,58013,21199,13755,866073,0.8083407646862111,0.7323764076150078,0.7684858921711484,0.6240171243559542,0.7498317557594392,D:\Retina\Retinal-Vessel-Segmentation-Benchmark-main\config\test_data\CHASEDB1\masks\Image_06R.png,D:\Retina\Retinal-Vessel-Segmentation-Benchmark-main\Models_output\FRUnet\test_data\CHASEDB1\pred_masks\Image_06R.png,D:\Retina\Retinal-Vessel-Segmentation-Benchmark-main\Models_output\FRUnet\probability\CHASEDB1\Image_06R_prob.png
FRUnet,FRUnet,CHASEDB1,Image_07L,0.5,diagnostic_test_set_scan_equal_dataset_macro_F1,62091,22987,12608,861354,0.8312159466659527,0.7298126425162792,0.7772207514222949,0.6356182052699466,0.7589764629584411,D:\Retina\Retinal-Vessel-Segmentation-Benchmark-main\config\test_data\CHASEDB1\masks\Image_07L.png,D:\Retina\Retinal-Vessel-Segmentation-Benchmark-main\Models_output\FRUnet\test_data\CHASEDB1\pred_masks\Image_07L.png,D:\Retina\Retinal-Vessel-Segmentation-Benchmark-main\Models_output\FRUnet\probability\CHASEDB1\Image_07L_prob.png
FRUnet,FRUnet,CHASEDB1,Image_07R,0.5,diagnostic_test_set_scan_equal_dataset_macro_F1,61078,22785,11890,863287,0.8370518583488653,0.7283068814614312,0.7789021303186233,0.6378703539314695,0.761498400156354,D:\Retina\Retinal-Vessel-Segmentation-Benchmark-main\config\test_data\CHASEDB1\masks\Image_07R.png,D:\Retina\Retinal-Vessel-Segmentation-Benchmark-main\Models_output\FRUnet\test_data\CHASEDB1\pred_masks\Image_07R.png,D:\Retina\Retinal-Vessel-Segmentation-Benchmark-main\Models_output\FRUnet\probability\CHASEDB1\Image_07R_prob.png
FRUnet,FRUnet,CHASEDB1,Image_08L,0.5,diagnostic_test_set_scan_equal_dataset_macro_F1,53507,24835,8519,872179,0.862654370747751,0.6829925199765132,0.7623817394277899,0.6160071838915048,0.7498001679141627,D:\Retina\Retinal-Vessel-Segmentation-Benchmark-main\config\test_data\CHASEDB1\masks\Image_08L.png,D:\Retina\Retinal-Vessel-Segmentation-Benchmark-main\Models_output\FRUnet\test_data\CHASEDB1\pred_masks\Image_08L.png,D:\Retina\Retinal-Vessel-Segmentation-Benchmark-main\Models_output\FRUnet\probability\CHASEDB1\Image_08L_prob.png
FRUnet,FRUnet,CHASEDB1,Image_08R,0.5,diagnostic_test_set_scan_equal_dataset_macro_F1,52993,25966,7942,872139,0.869664396488061,0.6711457845210805,0.7576164810499378,0.6098088629589993,0.7461101415863243,D:\Retina\Retinal-Vessel-Segmentation-Benchmark-main\config\test_data\CHASEDB1\masks\Image_08R.png,D:\Retina\Retinal-Vessel-Segmentation-Benchmark-main\Models_output\FRUnet\test_data\CHASEDB1\pred_masks\Image_08R.png,D:\Retina\Retinal-Vessel-Segmentation-Benchmark-main\Models_output\FRUnet\probability\CHASEDB1\Image_08R_prob.png
FRUnet,FRUnet,CHASEDB1,Image_09L,0.5,diagnostic_test_set_scan_equal_dataset_macro_F1,39439,19972,9085,890544,0.8127730607534416,0.6638332968642171,0.7307916801778849,0.5757854473253913,0.7190260044545516,D:\Retina\Retinal-Vessel-Segmentation-Benchmark-main\config\test_data\CHASEDB1\masks\Image_09L.png,D:\Retina\Retinal-Vessel-Segmentation-Benchmark-main\Models_output\FRUnet\test_data\CHASEDB1\pred_masks\Image_09L.png,D:\Retina\Retinal-Vessel-Segmentation-Benchmark-main\Models_output\FRUnet\probability\CHASEDB1\Image_09L_prob.png
FRUnet,FRUnet,CHASEDB1,Image_09R,0.5,diagnostic_test_set_scan_equal_dataset_macro_F1,37916,20529,10903,889692,0.776664823122145,0.6487466849174438,0.7069659904534606,0.5467497260194959,0.6928906014670224,D:\Retina\Retinal-Vessel-Segmentation-Benchmark-main\config\test_data\CHASEDB1\masks\Image_09R.png,D:\Retina\Retinal-Vessel-Segmentation-Benchmark-main\Models_output\FRUnet\test_data\CHASEDB1\pred_masks\Image_09R.png,D:\Retina\Retinal-Vessel-Segmentation-Benchmark-main\Models_output\FRUnet\probability\CHASEDB1\Image_09R_prob.png
FRUnet,FRUnet,CHASEDB1,Image_10L,0.5,diagnostic_test_set_scan_equal_dataset_macro_F1,49304,25545,10772,873419,0.8206937878686996,0.6587128752555145,0.7308356494348711,0.5758400392427091,0.7157033743065634,D:\Retina\Retinal-Vessel-Segmentation-Benchmark-main\config\test_data\CHASEDB1\masks\Image_10L.png,D:\Retina\Retinal-Vessel-Segmentation-Benchmark-main\Models_output\FRUnet\test_data\CHASEDB1\pred_masks\Image_10L.png,D:\Retina\Retinal-Vessel-Segmentation-Benchmark-main\Models_output\FRUnet\probability\CHASEDB1\Image_10L_prob.png
FRUnet,FRUnet,CHASEDB1,Image_10R,0.5,diagnostic_test_set_scan_equal_dataset_macro_F1,49007,29838,10364,869831,0.8254366609961092,0.621561291140846,0.7091364241477108,0.5493504018652826,0.6950657095246524,D:\Retina\Retinal-Vessel-Segmentation-Benchmark-main\config\test_data\CHASEDB1\masks\Image_10R.png,D:\Retina\Retinal-Vessel-Segmentation-Benchmark-main\Models_output\FRUnet\test_data\CHASEDB1\pred_masks\Image_10R.png,D:\Retina\Retinal-Vessel-Segmentation-Benchmark-main\Models_output\FRUnet\probability\CHASEDB1\Image_10R_prob.png
FRUnet,FRUnet,CHASEDB1,Image_11L,0.5,diagnostic_test_set_scan_equal_dataset_macro_F1,44351,25335,6768,882586,0.8676030438780101,0.6364406049995694,0.7342576880096022,0.5801004525597091,0.7266554786684488,D:\Retina\Retinal-Vessel-Segmentation-Benchmark-main\config\test_data\CHASEDB1\masks\Image_11L.png,D:\Retina\Retinal-Vessel-Segmentation-Benchmark-main\Models_output\FRUnet\test_data\CHASEDB1\pred_masks\Image_11L.png,D:\Retina\Retinal-Vessel-Segmentation-Benchmark-main\Models_output\FRUnet\probability\CHASEDB1\Image_11L_prob.png
FRUnet,FRUnet,CHASEDB1,Image_11R,0.5,diagnostic_test_set_scan_equal_dataset_macro_F1,44329,26031,6804,881876,0.8669352472962666,0.630031267765776,0.7297375157416476,0.5744777357316884,0.7222980073543638,D:\Retina\Retinal-Vessel-Segmentation-Benchmark-main\config\test_data\CHASEDB1\masks\Image_11R.png,D:\Retina\Retinal-Vessel-Segmentation-Benchmark-main\Models_output\FRUnet\test_data\CHASEDB1\pred_masks\Image_11R.png,D:\Retina\Retinal-Vessel-Segmentation-Benchmark-main\Models_output\FRUnet\probability\CHASEDB1\Image_11R_prob.png
FRUnet,FRUnet,CHASEDB1,Image_12L,0.5,diagnostic_test_set_scan_equal_dataset_macro_F1,59755,28329,9277,861679,0.865613049020744,0.6783865401207938,0.7606481835077269,0.6137467774570927,0.7461542146309196,D:\Retina\Retinal-Vessel-Segmentation-Benchmark-main\config\test_data\CHASEDB1\masks\Image_12L.png,D:\Retina\Retinal-Vessel-Segmentation-Benchmark-main\Models_output\FRUnet\test_data\CHASEDB1\pred_masks\Image_12L.png,D:\Retina\Retinal-Vessel-Segmentation-Benchmark-main\Models_output\FRUnet\probability\CHASEDB1\Image_12L_prob.png
FRUnet,FRUnet,CHASEDB1,Image_12R,0.5,diagnostic_test_set_scan_equal_dataset_macro_F1,59533,30708,10958,857841,0.8445475308904683,0.6597112177391651,0.7407734614140308,0.5882765639976679,0.7239763967399906,D:\Retina\Retinal-Vessel-Segmentation-Benchmark-main\config\test_data\CHASEDB1\masks\Image_12R.png,D:\Retina\Retinal-Vessel-Segmentation-Benchmark-main\Models_output\FRUnet\test_data\CHASEDB1\pred_masks\Image_12R.png,D:\Retina\Retinal-Vessel-Segmentation-Benchmark-main\Models_output\FRUnet\probability\CHASEDB1\Image_12R_prob.png
FRUnet,FRUnet,CHASEDB1,Image_13L,0.5,diagnostic_test_set_scan_equal_dataset_macro_F1,51167,24529,7817,875527,0.8674725349247253,0.6759538152610441,0.7598307098307099,0.6126830553327027,0.7486750900211941,D:\Retina\Retinal-Vessel-Segmentation-Benchmark-main\config\test_data\CHASEDB1\masks\Image_13L.png,D:\Retina\Retinal-Vessel-Segmentation-Benchmark-main\Models_output\FRUnet\test_data\CHASEDB1\pred_masks\Image_13L.png,D:\Retina\Retinal-Vessel-Segmentation-Benchmark-main\Models_output\FRUnet\probability\CHASEDB1\Image_13L_prob.png
FRUnet,FRUnet,CHASEDB1,Image_13R,0.5,diagnostic_test_set_scan_equal_dataset_macro_F1,48712,24463,11913,873952,0.8034969072164948,0.6656918346429792,0.7281315396113602,0.5724896577660775,0.711558861254792,D:\Retina\Retinal-Vessel-Segmentation-Benchmark-main\config\test_data\CHASEDB1\masks\Image_13R.png,D:\Retina\Retinal-Vessel-Segmentation-Benchmark-main\Models_output\FRUnet\test_data\CHASEDB1\pred_masks\Image_13R.png,D:\Retina\Retinal-Vessel-Segmentation-Benchmark-main\Models_output\FRUnet\probability\CHASEDB1\Image_13R_prob.png
FRUnet,FRUnet,CHASEDB1,Image_14L,0.5,diagnostic_test_set_scan_equal_dataset_macro_F1,56414,19418,9599,873609,0.8545892475724478,0.7439339592784049,0.7954316331206599,0.6603457761234213,0.7813643225587013,D:\Retina\Retinal-Vessel-Segmentation-Benchmark-main\config\test_data\CHASEDB1\masks\Image_14L.png,D:\Retina\Retinal-Vessel-Segmentation-Benchmark-main\Models_output\FRUnet\test_data\CHASEDB1\pred_masks\Image_14L.png,D:\Retina\Retinal-Vessel-Segmentation-Benchmark-main\Models_output\FRUnet\probability\CHASEDB1\Image_14L_prob.png
FRUnet,FRUnet,CHASEDB1,Image_14R,0.5,diagnostic_test_set_scan_equal_dataset_macro_F1,46225,20295,9884,882636,0.8238428772567681,0.6949037883343355,0.7538999747204983,0.6050075912255903,0.7402687248157709,D:\Retina\Retinal-Vessel-Segmentation-Benchmark-main\config\test_data\CHASEDB1\masks\Image_14R.png,D:\Retina\Retinal-Vessel-Segmentation-Benchmark-main\Models_output\FRUnet\test_data\CHASEDB1\pred_masks\Image_14R.png,D:\Retina\Retinal-Vessel-Segmentation-Benchmark-main\Models_output\FRUnet\probability\CHASEDB1\Image_14R_prob.png
FRUnet,FRUnet,DualModal2019,DualModal2019_A1_L4,0.5,diagnostic_test_set_scan_equal_dataset_macro_F1,68517,37336,6346,936377,0.9152318234641946,0.6472844416313189,0.7582837158856992,0.6106738919241704,0.7494618419927124,D:\Retina\Retinal-Vessel-Segmentation-Benchmark-main\config\test_data\DualModal2019\masks\DualModal2019_A1_L4.png,D:\Retina\Retinal-Vessel-Segmentation-Benchmark-main\Models_output\FRUnet\test_data\DualModal2019\pred_masks\DualModal2019_A1_L4.png,D:\Retina\Retinal-Vessel-Segmentation-Benchmark-main\Models_output\FRUnet\probability\DualModal2019\DualModal2019_A1_L4_prob.png
FRUnet,FRUnet,DualModal2019,DualModal2019_A1_R2,0.5,diagnostic_test_set_scan_equal_dataset_macro_F1,60414,45622,4405,938135,0.9320415310325676,0.569749896261647,0.7071961604869625,0.5470251084289349,0.7074383790269619,D:\Retina\Retinal-Vessel-Segmentation-Benchmark-main\config\test_data\DualModal2019\masks\DualModal2019_A1_R2.png,D:\Retina\Retinal-Vessel-Segmentation-Benchmark-main\Models_output\FRUnet\test_data\DualModal2019\pred_masks\DualModal2019_A1_R2.png,D:\Retina\Retinal-Vessel-Segmentation-Benchmark-main\Models_output\FRUnet\probability\DualModal2019\DualModal2019_A1_R2_prob.png
FRUnet,FRUnet,DualModal2019,DualModal2019_A2_R2,0.5,diagnostic_test_set_scan_equal_dataset_macro_F1,53482,36280,5758,953056,0.9028021607022282,0.5958200574853502,0.7178695587978685,0.5599036850921273,0.7147425228919922,D:\Retina\Retinal-Vessel-Segmentation-Benchmark-main\config\test_data\DualModal2019\masks\DualModal2019_A2_R2.png,D:\Retina\Retinal-Vessel-Segmentation-Benchmark-main\Models_output\FRUnet\test_data\DualModal2019\pred_masks\DualModal2019_A2_R2.png,D:\Retina\Retinal-Vessel-Segmentation-Benchmark-main\Models_output\FRUnet\probability\DualModal2019\DualModal2019_A2_R2_prob.png
FRUnet,FRUnet,DualModal2019,DualModal2019_A3_L1,0.5,diagnostic_test_set_scan_equal_dataset_macro_F1,65536,47177,3947,931916,0.9431947382813062,0.5814413599141182,0.7194010845463127,0.5617692439567975,0.7187637507486163,D:\Retina\Retinal-Vessel-Segmentation-Benchmark-main\config\test_data\DualModal2019\masks\DualModal2019_A3_L1.png,D:\Retina\Retinal-Vessel-Segmentation-Benchmark-main\Models_output\FRUnet\test_data\DualModal2019\pred_masks\DualModal2019_A3_L1.png,D:\Retina\Retinal-Vessel-Segmentation-Benchmark-main\Models_output\FRUnet\probability\DualModal2019\DualModal2019_A3_L1_prob.png
FRUnet,FRUnet,DualModal2019,DualModal2019_A3_R1,0.5,diagnostic_test_set_scan_equal_dataset_macro_F1,50327,52784,3249,942216,0.9393571748544124,0.4880856552647147,0.6423889665383854,0.47317600601729976,0.6553994764442375,D:\Retina\Retinal-Vessel-Segmentation-Benchmark-main\config\test_data\DualModal2019\masks\DualModal2019_A3_R1.png,D:\Retina\Retinal-Vessel-Segmentation-Benchmark-main\Models_output\FRUnet\test_data\DualModal2019\pred_masks\DualModal2019_A3_R1.png,D:\Retina\Retinal-Vessel-Segmentation-Benchmark-main\Models_output\FRUnet\probability\DualModal2019\DualModal2019_A3_R1_prob.png
FRUnet,FRUnet,DualModal2019,DualModal2019_A4_L3,0.5,diagnostic_test_set_scan_equal_dataset_macro_F1,55603,42868,2321,947784,0.9599302534355362,0.5646637080968001,0.7110585376770356,0.5516608460988968,0.7178886177911953,D:\Retina\Retinal-Vessel-Segmentation-Benchmark-main\config\test_data\DualModal2019\masks\DualModal2019_A4_L3.png,D:\Retina\Retinal-Vessel-Segmentation-Benchmark-main\Models_output\FRUnet\test_data\DualModal2019\pred_masks\DualModal2019_A4_L3.png,D:\Retina\Retinal-Vessel-Segmentation-Benchmark-main\Models_output\FRUnet\probability\DualModal2019\DualModal2019_A4_L3_prob.png
FRUnet,FRUnet,DualModal2019,DualModal2019_A4_R2,0.5,diagnostic_test_set_scan_equal_dataset_macro_F1,55977,44020,2629,945950,0.955141111831553,0.5597867936038081,0.7058756770048487,0.5454465729931987,0.7122218442393832,D:\Retina\Retinal-Vessel-Segmentation-Benchmark-main\config\test_data\DualModal2019\masks\DualModal2019_A4_R2.png,D:\Retina\Retinal-Vessel-Segmentation-Benchmark-main\Models_output\FRUnet\test_data\DualModal2019\pred_masks\DualModal2019_A4_R2.png,D:\Retina\Retinal-Vessel-Segmentation-Benchmark-main\Models_output\FRUnet\probability\DualModal2019\DualModal2019_A4_R2_prob.png
FRUnet,FRUnet,DualModal2019,DualModal2019_A5_R4,0.5,diagnostic_test_set_scan_equal_dataset_macro_F1,53414,43771,2313,949078,0.9584940872467566,0.5496115655708186,0.6986240452024695,0.5368349112544976,0.7073514188009116,D:\Retina\Retinal-Vessel-Segmentation-Benchmark-main\config\test_data\DualModal2019\masks\DualModal2019_A5_R4.png,D:\Retina\Retinal-Vessel-Segmentation-Benchmark-main\Models_output\FRUnet\test_data\DualModal2019\pred_masks\DualModal2019_A5_R4.png,D:\Retina\Retinal-Vessel-Segmentation-Benchmark-main\Models_output\FRUnet\probability\DualModal2019\DualModal2019_A5_R4_prob.png
FRUnet,FRUnet,DualModal2019,DualModal2019_A6_L2,0.5,diagnostic_test_set_scan_equal_dataset_macro_F1,57907,43106,3788,943775,0.9386011832401329,0.5732628473562809,0.7117904466897754,0.5525424375721606,0.7137563048969691,D:\Retina\Retinal-Vessel-Segmentation-Benchmark-main\config\test_data\DualModal2019\masks\DualModal2019_A6_L2.png,D:\Retina\Retinal-Vessel-Segmentation-Benchmark-main\Models_output\FRUnet\test_data\DualModal2019\pred_masks\DualModal2019_A6_L2.png,D:\Retina\Retinal-Vessel-Segmentation-Benchmark-main\Models_output\FRUnet\probability\DualModal2019\DualModal2019_A6_L2_prob.png
FRUnet,FRUnet,DualModal2019,DualModal2019_A6_R3,0.5,diagnostic_test_set_scan_equal_dataset_macro_F1,57491,59277,1776,930032,0.9700339143199419,0.49235235681008493,0.6531769250433153,0.48497604265083005,0.6681042332251752,D:\Retina\Retinal-Vessel-Segmentation-Benchmark-main\config\test_data\DualModal2019\masks\DualModal2019_A6_R3.png,D:\Retina\Retinal-Vessel-Segmentation-Benchmark-main\Models_output\FRUnet\test_data\DualModal2019\pred_masks\DualModal2019_A6_R3.png,D:\Retina\Retinal-Vessel-Segmentation-Benchmark-main\Models_output\FRUnet\probability\DualModal2019\DualModal2019_A6_R3_prob.png
FRUnet,FRUnet,DualModal2019,DualModal2019_A7_L1,0.5,diagnostic_test_set_scan_equal_dataset_macro_F1,53719,47970,3727,943160,0.9351216794903039,0.5282675608964588,0.6751374619034152,0.5095905744858465,0.6818625073703186,D:\Retina\Retinal-Vessel-Segmentation-Benchmark-main\config\test_data\DualModal2019\masks\DualModal2019_A7_L1.png,D:\Retina\Retinal-Vessel-Segmentation-Benchmark-main\Models_output\FRUnet\test_data\DualModal2019\pred_masks\DualModal2019_A7_L1.png,D:\Retina\Retinal-Vessel-Segmentation-Benchmark-main\Models_output\FRUnet\probability\DualModal2019\DualModal2019_A7_L1_prob.png
FRUnet,FRUnet,DualModal2019,DualModal2019_A7_R1,0.5,diagnostic_test_set_scan_equal_dataset_macro_F1,49929,48025,2326,948296,0.9554875131566357,0.5097188476223533,0.6647937207490895,0.4978958915037894,0.6784101945926833,D:\Retina\Retinal-Vessel-Segmentation-Benchmark-main\config\test_data\DualModal2019\masks\DualModal2019_A7_R1.png,D:\Retina\Retinal-Vessel-Segmentation-Benchmark-main\Models_output\FRUnet\test_data\DualModal2019\pred_masks\DualModal2019_A7_R1.png,D:\Retina\Retinal-Vessel-Segmentation-Benchmark-main\Models_output\FRUnet\probability\DualModal2019\DualModal2019_A7_R1_prob.png
FRUnet,FRUnet,DualModal2019,DualModal2019_C1_L4,0.5,diagnostic_test_set_scan_equal_dataset_macro_F1,67819,38250,3521,938986,0.9506447995514438,0.6393856829045245,0.7645497128105114,0.6188429601240989,0.7611815137000394,D:\Retina\Retinal-Vessel-Segmentation-Benchmark-main\config\test_data\DualModal2019\masks\DualModal2019_C1_L4.png,D:\Retina\Retinal-Vessel-Segmentation-Benchmark-main\Models_output\FRUnet\test_data\DualModal2019\pred_masks\DualModal2019_C1_L4.png,D:\Retina\Retinal-Vessel-Segmentation-Benchmark-main\Models_output\FRUnet\probability\DualModal2019\DualModal2019_C1_L4_prob.png
FRUnet,FRUnet,DualModal2019,DualModal2019_C1_R4,0.5,diagnostic_test_set_scan_equal_dataset_macro_F1,68468,39795,3572,936741,0.9504164353137146,0.632422896095619,0.7594771024331264,0.6122233647784683,0.7561994143381617,D:\Retina\Retinal-Vessel-Segmentation-Benchmark-main\config\test_data\DualModal2019\masks\DualModal2019_C1_R4.png,D:\Retina\Retinal-Vessel-Segmentation-Benchmark-main\Models_output\FRUnet\test_data\DualModal2019\pred_masks\DualModal2019_C1_R4.png,D:\Retina\Retinal-Vessel-Segmentation-Benchmark-main\Models_output\FRUnet\probability\DualModal2019\DualModal2019_C1_R4_prob.png
FRUnet,FRUnet,DualModal2019,DualModal2019_C2_L4,0.5,diagnostic_test_set_scan_equal_dataset_macro_F1,63633,34957,3118,946868,0.9532890893020329,0.6454305710518308,0.7697183396737651,0.6256440004719392,0.7676522393739694,D:\Retina\Retinal-Vessel-Segmentation-Benchmark-main\config\test_data\DualModal2019\masks\DualModal2019_C2_L4.png,D:\Retina\Retinal-Vessel-Segmentation-Benchmark-main\Models_output\FRUnet\test_data\DualModal2019\pred_masks\DualModal2019_C2_L4.png,D:\Retina\Retinal-Vessel-Segmentation-Benchmark-main\Models_output\FRUnet\probability\DualModal2019\DualModal2019_C2_L4_prob.png
FRUnet,FRUnet,DualModal2019,DualModal2019_C2_R3,0.5,diagnostic_test_set_scan_equal_dataset_macro_F1,62437,41293,3976,940870,0.9401322030325389,0.6019184421093223,0.733935571842509,0.5796984383414109,0.732664492796458,D:\Retina\Retinal-Vessel-Segmentation-Benchmark-main\config\test_data\DualModal2019\masks\DualModal2019_C2_R3.png,D:\Retina\Retinal-Vessel-Segmentation-Benchmark-main\Models_output\FRUnet\test_data\DualModal2019\pred_masks\DualModal2019_C2_R3.png,D:\Retina\Retinal-Vessel-Segmentation-Benchmark-main\Models_output\FRUnet\probability\DualModal2019\DualModal2019_C2_R3_prob.png
FRUnet,FRUnet,DualModal2019,DualModal2019_C3_L1,0.5,diagnostic_test_set_scan_equal_dataset_macro_F1,60977,42187,3720,941692,0.9425011978917106,0.5910685898181536,0.7265177736341377,0.5704969873881965,0.7267730343115422,D:\Retina\Retinal-Vessel-Segmentation-Benchmark-main\config\test_data\DualModal2019\masks\DualModal2019_C3_L1.png,D:\Retina\Retinal-Vessel-Segmentation-Benchmark-main\Models_output\FRUnet\test_data\DualModal2019\pred_masks\DualModal2019_C3_L1.png,D:\Retina\Retinal-Vessel-Segmentation-Benchmark-main\Models_output\FRUnet\probability\DualModal2019\DualModal2019_C3_L1_prob.png
FRUnet,FRUnet,DualModal2019,DualModal2019_C3_R1,0.5,diagnostic_test_set_scan_equal_dataset_macro_F1,68829,40238,3318,936191,0.9540105617697201,0.6310708096857894,0.7596432946681823,0.6124393824798683,0.7568477553027818,D:\Retina\Retinal-Vessel-Segmentation-Benchmark-main\config\test_data\DualModal2019\masks\DualModal2019_C3_R1.png,D:\Retina\Retinal-Vessel-Segmentation-Benchmark-main\Models_output\FRUnet\test_data\DualModal2019\pred_masks\DualModal2019_C3_R1.png,D:\Retina\Retinal-Vessel-Segmentation-Benchmark-main\Models_output\FRUnet\probability\DualModal2019\DualModal2019_C3_R1_prob.png
FRUnet,FRUnet,DualModal2019,DualModal2019_C4_L2,0.5,diagnostic_test_set_scan_equal_dataset_macro_F1,52787,51855,3768,940166,0.933374591106003,0.5044532787981881,0.6549377469804029,0.48692002582787564,0.6640465813835991,D:\Retina\Retinal-Vessel-Segmentation-Benchmark-main\config\test_data\DualModal2019\masks\DualModal2019_C4_L2.png,D:\Retina\Retinal-Vessel-Segmentation-Benchmark-main\Models_output\FRUnet\test_data\DualModal2019\pred_masks\DualModal2019_C4_L2.png,D:\Retina\Retinal-Vessel-Segmentation-Benchmark-main\Models_output\FRUnet\probability\DualModal2019\DualModal2019_C4_L2_prob.png
FRUnet,FRUnet,DualModal2019,DualModal2019_C4_R2,0.5,diagnostic_test_set_scan_equal_dataset_macro_F1,51270,48116,10405,938785,0.8312930685042562,0.5158674259956131,0.6366531935105334,0.4669781676093669,0.6285761029925372,D:\Retina\Retinal-Vessel-Segmentation-Benchmark-main\config\test_data\DualModal2019\masks\DualModal2019_C4_R2.png,D:\Retina\Retinal-Vessel-Segmentation-Benchmark-main\Models_output\FRUnet\test_data\DualModal2019\pred_masks\DualModal2019_C4_R2.png,D:\Retina\Retinal-Vessel-Segmentation-Benchmark-main\Models_output\FRUnet\probability\DualModal2019\DualModal2019_C4_R2_prob.png
FRUnet,FRUnet,DualModal2019,DualModal2019_C5_L1,0.5,diagnostic_test_set_scan_equal_dataset_macro_F1,69911,44039,3766,930860,0.9488849980319503,0.6135234752084248,0.7452125760151791,0.5938954772503313,0.7421638373332892,D:\Retina\Retinal-Vessel-Segmentation-Benchmark-main\config\test_data\DualModal2019\masks\DualModal2019_C5_L1.png,D:\Retina\Retinal-Vessel-Segmentation-Benchmark-main\Models_output\FRUnet\test_data\DualModal2019\pred_masks\DualModal2019_C5_L1.png,D:\Retina\Retinal-Vessel-Segmentation-Benchmark-main\Models_output\FRUnet\probability\DualModal2019\DualModal2019_C5_L1_prob.png
FRUnet,FRUnet,DualModal2019,DualModal2019_C5_R1,0.5,diagnostic_test_set_scan_equal_dataset_macro_F1,66573,46223,3193,932587,0.9542327208095635,0.5902070995425369,0.729319354520656,0.5739595996172051,0.7295398217526027,D:\Retina\Retinal-Vessel-Segmentation-Benchmark-main\config\test_data\DualModal2019\masks\DualModal2019_C5_R1.png,D:\Retina\Retinal-Vessel-Segmentation-Benchmark-main\Models_output\FRUnet\test_data\DualModal2019\pred_masks\DualModal2019_C5_R1.png,D:\Retina\Retinal-Vessel-Segmentation-Benchmark-main\Models_output\FRUnet\probability\DualModal2019\DualModal2019_C5_R1_prob.png
FRUnet,FRUnet,DualModal2019,DualModal2019_C6_L2,0.5,diagnostic_test_set_scan_equal_dataset_macro_F1,69876,36831,2913,938956,0.9599802167909987,0.6548398886670977,0.7785800240673887,0.6374384236453202,0.7752832923761269,D:\Retina\Retinal-Vessel-Segmentation-Benchmark-main\config\test_data\DualModal2019\masks\DualModal2019_C6_L2.png,D:\Retina\Retinal-Vessel-Segmentation-Benchmark-main\Models_output\FRUnet\test_data\DualModal2019\pred_masks\DualModal2019_C6_L2.png,D:\Retina\Retinal-Vessel-Segmentation-Benchmark-main\Models_output\FRUnet\probability\DualModal2019\DualModal2019_C6_L2_prob.png
FRUnet,FRUnet,DualModal2019,DualModal2019_C6_R2,0.5,diagnostic_test_set_scan_equal_dataset_macro_F1,68741,40129,3226,936480,0.9551738991482207,0.631404427298613,0.7602537091413815,0.6132333000285469,0.7576400818682142,D:\Retina\Retinal-Vessel-Segmentation-Benchmark-main\config\test_data\DualModal2019\masks\DualModal2019_C6_R2.png,D:\Retina\Retinal-Vessel-Segmentation-Benchmark-main\Models_output\FRUnet\test_data\DualModal2019\pred_masks\DualModal2019_C6_R2.png,D:\Retina\Retinal-Vessel-Segmentation-Benchmark-main\Models_output\FRUnet\probability\DualModal2019\DualModal2019_C6_R2_prob.png
FRUnet,FRUnet,DualModal2019,DualModal2019_C7_L4,0.5,diagnostic_test_set_scan_equal_dataset_macro_F1,70156,43823,3656,930941,0.9504687584674578,0.6155168934628309,0.747171057185914,0.5963871296807923,0.7441876282088298,D:\Retina\Retinal-Vessel-Segmentation-Benchmark-main\config\test_data\DualModal2019\masks\DualModal2019_C7_L4.png,D:\Retina\Retinal-Vessel-Segmentation-Benchmark-main\Models_output\FRUnet\test_data\DualModal2019\pred_masks\DualModal2019_C7_L4.png,D:\Retina\Retinal-Vessel-Segmentation-Benchmark-main\Models_output\FRUnet\probability\DualModal2019\DualModal2019_C7_L4_prob.png
FRUnet,FRUnet,DualModal2019,DualModal2019_C7_R3,0.5,diagnostic_test_set_scan_equal_dataset_macro_F1,70302,40900,4465,932909,0.9402811400751668,0.6322008596967681,0.7560614941199878,0.6077965193183882,0.7507431692114811,D:\Retina\Retinal-Vessel-Segmentation-Benchmark-main\config\test_data\DualModal2019\masks\DualModal2019_C7_R3.png,D:\Retina\Retinal-Vessel-Segmentation-Benchmark-main\Models_output\FRUnet\test_data\DualModal2019\pred_masks\DualModal2019_C7_R3.png,D:\Retina\Retinal-Vessel-Segmentation-Benchmark-main\Models_output\FRUnet\probability\DualModal2019\DualModal2019_C7_R3_prob.png
FRUnet,FRUnet,DualModal2019,DualModal2019_C8_L4,0.5,diagnostic_test_set_scan_equal_dataset_macro_F1,79036,42744,4787,922009,0.9428915691397349,0.6490064049926096,0.7688214666128413,0.624459772294516,0.7606225942416825,D:\Retina\Retinal-Vessel-Segmentation-Benchmark-main\config\test_data\DualModal2019\masks\DualModal2019_C8_L4.png,D:\Retina\Retinal-Vessel-Segmentation-Benchmark-main\Models_output\FRUnet\test_data\DualModal2019\pred_masks\DualModal2019_C8_L4.png,D:\Retina\Retinal-Vessel-Segmentation-Benchmark-main\Models_output\FRUnet\probability\DualModal2019\DualModal2019_C8_L4_prob.png
FRUnet,FRUnet,DualModal2019,DualModal2019_C8_R2,0.5,diagnostic_test_set_scan_equal_dataset_macro_F1,78427,43028,3997,923124,0.9515068426671843,0.6457288707751843,0.7693484861118605,0.6251554379364219,0.7627237320711282,D:\Retina\Retinal-Vessel-Segmentation-Benchmark-main\config\test_data\DualModal2019\masks\DualModal2019_C8_R2.png,D:\Retina\Retinal-Vessel-Segmentation-Benchmark-main\Models_output\FRUnet\test_data\DualModal2019\pred_masks\DualModal2019_C8_R2.png,D:\Retina\Retinal-Vessel-Segmentation-Benchmark-main\Models_output\FRUnet\probability\DualModal2019\DualModal2019_C8_R2_prob.png
FRUnet,FRUnet,DualModal2019,DualModal2019_C9_L4,0.5,diagnostic_test_set_scan_equal_dataset_macro_F1,72744,39453,3358,933021,0.9558750098551944,0.6483595818070002,0.7726435084626047,0.6295184111462074,0.7682216653682917,D:\Retina\Retinal-Vessel-Segmentation-Benchmark-main\config\test_data\DualModal2019\masks\DualModal2019_C9_L4.png,D:\Retina\Retinal-Vessel-Segmentation-Benchmark-main\Models_output\FRUnet\test_data\DualModal2019\pred_masks\DualModal2019_C9_L4.png,D:\Retina\Retinal-Vessel-Segmentation-Benchmark-main\Models_output\FRUnet\probability\DualModal2019\DualModal2019_C9_L4_prob.png
FRUnet,FRUnet,DualModal2019,DualModal2019_C9_R5,0.5,diagnostic_test_set_scan_equal_dataset_macro_F1,75714,32668,4750,935444,0.9409673891429707,0.698584635825137,0.801859716382661,0.6692536152459074,0.7932142666449052,D:\Retina\Retinal-Vessel-Segmentation-Benchmark-main\config\test_data\DualModal2019\masks\DualModal2019_C9_R5.png,D:\Retina\Retinal-Vessel-Segmentation-Benchmark-main\Models_output\FRUnet\test_data\DualModal2019\pred_masks\DualModal2019_C9_R5.png,D:\Retina\Retinal-Vessel-Segmentation-Benchmark-main\Models_output\FRUnet\probability\DualModal2019\DualModal2019_C9_R5_prob.png
FRUnet,FRUnet,HRF,01_dr,0.5,diagnostic_test_set_scan_equal_dataset_macro_F1,336000,334190,80282,7434872,0.8071451564083962,0.501350363329802,0.6185157095626946,0.4477182359901502,0.6123183259079729,D:\Retina\Retinal-Vessel-Segmentation-Benchmark-main\config\test_data\HRF\masks\01_dr.tif,D:\Retina\Retinal-Vessel-Segmentation-Benchmark-main\Models_output\FRUnet\test_data\HRF\pred_masks\01_dr.png,D:\Retina\Retinal-Vessel-Segmentation-Benchmark-main\Models_output\FRUnet\probability\HRF\01_dr_prob.png
FRUnet,FRUnet,HRF,01_g,0.5,diagnostic_test_set_scan_equal_dataset_macro_F1,432788,337864,114844,7299848,0.7902898296666374,0.5615868122057687,0.6565929647936256,0.48875206663835863,0.6382933703631656,D:\Retina\Retinal-Vessel-Segmentation-Benchmark-main\config\test_data\HRF\masks\01_g.tif,D:\Retina\Retinal-Vessel-Segmentation-Benchmark-main\Models_output\FRUnet\test_data\HRF\pred_masks\01_g.png,D:\Retina\Retinal-Vessel-Segmentation-Benchmark-main\Models_output\FRUnet\probability\HRF\01_g_prob.png
FRUnet,FRUnet,HRF,01_h,0.5,diagnostic_test_set_scan_equal_dataset_macro_F1,617606,227373,216282,7124083,0.7406342338539468,0.7309128392539933,0.7357414256162043,0.581954863129805,0.7055645962943397,D:\Retina\Retinal-Vessel-Segmentation-Benchmark-main\config\test_data\HRF\masks\01_h.tif,D:\Retina\Retinal-Vessel-Segmentation-Benchmark-main\Models_output\FRUnet\test_data\HRF\pred_masks\01_h.png,D:\Retina\Retinal-Vessel-Segmentation-Benchmark-main\Models_output\FRUnet\probability\HRF\01_h_prob.png
FRUnet,FRUnet,HRF,02_dr,0.5,diagnostic_test_set_scan_equal_dataset_macro_F1,398523,316920,123355,7346546,0.7636324964838526,0.5570297004792835,0.644170752779594,0.47511200551265026,0.6248222128509678,D:\Retina\Retinal-Vessel-Segmentation-Benchmark-main\config\test_data\HRF\masks\02_dr.tif,D:\Retina\Retinal-Vessel-Segmentation-Benchmark-main\Models_output\FRUnet\test_data\HRF\pred_masks\02_dr.png,D:\Retina\Retinal-Vessel-Segmentation-Benchmark-main\Models_output\FRUnet\probability\HRF\02_dr_prob.png
FRUnet,FRUnet,HRF,02_g,0.5,diagnostic_test_set_scan_equal_dataset_macro_F1,482030,331008,127692,7244614,0.7905734088650237,0.5928751177681731,0.6775984705783126,0.5123999447237784,0.6556447121735979,D:\Retina\Retinal-Vessel-Segmentation-Benchmark-main\config\test_data\HRF\masks\02_g.tif,D:\Retina\Retinal-Vessel-Segmentation-Benchmark-main\Models_output\FRUnet\test_data\HRF\pred_masks\02_g.png,D:\Retina\Retinal-Vessel-Segmentation-Benchmark-main\Models_output\FRUnet\probability\HRF\02_g_prob.png
FRUnet,FRUnet,HRF,02_h,0.5,diagnostic_test_set_scan_equal_dataset_macro_F1,628893,251946,179545,7124960,0.7779112312879899,0.7139704304645912,0.7445706062416051,0.5930804312400036,0.71605833816491,D:\Retina\Retinal-Vessel-Segmentation-Benchmark-main\config\test_data\HRF\masks\02_h.tif,D:\Retina\Retinal-Vessel-Segmentation-Benchmark-main\Models_output\FRUnet\test_data\HRF\pred_masks\02_h.png,D:\Retina\Retinal-Vessel-Segmentation-Benchmark-main\Models_output\FRUnet\probability\HRF\02_h_prob.png
FRUnet,FRUnet,HRF,03_dr,0.5,diagnostic_test_set_scan_equal_dataset_macro_F1,386690,267585,107710,7423359,0.7821399676375405,0.5910205953154255,0.6732800835745533,0.5074771813093434,0.6565129700054625,D:\Retina\Retinal-Vessel-Segmentation-Benchmark-main\config\test_data\HRF\masks\03_dr.tif,D:\Retina\Retinal-Vessel-Segmentation-Benchmark-main\Models_output\FRUnet\test_data\HRF\pred_masks\03_dr.png,D:\Retina\Retinal-Vessel-Segmentation-Benchmark-main\Models_output\FRUnet\probability\HRF\03_dr_prob.png
FRUnet,FRUnet,HRF,03_g,0.5,diagnostic_test_set_scan_equal_dataset_macro_F1,354701,255723,118034,7456886,0.7503167736681228,0.5810731557081635,0.6549380100243825,0.4869203166139983,0.6368262319112755,D:\Retina\Retinal-Vessel-Segmentation-Benchmark-main\config\test_data\HRF\masks\03_g.tif,D:\Retina\Retinal-Vessel-Segmentation-Benchmark-main\Models_output\FRUnet\test_data\HRF\pred_masks\03_g.png,D:\Retina\Retinal-Vessel-Segmentation-Benchmark-main\Models_output\FRUnet\probability\HRF\03_g_prob.png
FRUnet,FRUnet,HRF,03_h,0.5,diagnostic_test_set_scan_equal_dataset_macro_F1,573247,192389,290924,7128784,0.6633490362439841,0.7487200183899398,0.7034538445349665,0.5425598167638374,0.6723155562381503,D:\Retina\Retinal-Vessel-Segmentation-Benchmark-main\config\test_data\HRF\masks\03_h.tif,D:\Retina\Retinal-Vessel-Segmentation-Benchmark-main\Models_output\FRUnet\test_data\HRF\pred_masks\03_h.png,D:\Retina\Retinal-Vessel-Segmentation-Benchmark-main\Models_output\FRUnet\probability\HRF\03_h_prob.png
FRUnet,FRUnet,HRF,04_dr,0.5,diagnostic_test_set_scan_equal_dataset_macro_F1,364301,253329,97878,7469836,0.7882249085311103,0.5898369574016806,0.674750812412195,0.5091501422765364,0.6601563892672306,D:\Retina\Retinal-Vessel-Segmentation-Benchmark-main\config\test_data\HRF\masks\04_dr.tif,D:\Retina\Retinal-Vessel-Segmentation-Benchmark-main\Models_output\FRUnet\test_data\HRF\pred_masks\04_dr.png,D:\Retina\Retinal-Vessel-Segmentation-Benchmark-main\Models_output\FRUnet\probability\HRF\04_dr_prob.png
FRUnet,FRUnet,HRF,04_g,0.5,diagnostic_test_set_scan_equal_dataset_macro_F1,391310,258433,135606,7399995,0.7426420909594699,0.6022535063863712,0.6651204809549751,0.4982625558827986,0.643567351799785,D:\Retina\Retinal-Vessel-Segmentation-Benchmark-main\config\test_data\HRF\masks\04_g.tif,D:\Retina\Retinal-Vessel-Segmentation-Benchmark-main\Models_output\FRUnet\test_data\HRF\pred_masks\04_g.png,D:\Retina\Retinal-Vessel-Segmentation-Benchmark-main\Models_output\FRUnet\probability\HRF\04_g_prob.png
FRUnet,FRUnet,HRF,04_h,0.5,diagnostic_test_set_scan_equal_dataset_macro_F1,560650,196099,210951,7217644,0.7266061085975782,0.7408665224532838,0.7336670265318808,0.5793634390823602,0.7062855287022234,D:\Retina\Retinal-Vessel-Segmentation-Benchmark-main\config\test_data\HRF\masks\04_h.tif,D:\Retina\Retinal-Vessel-Segmentation-Benchmark-main\Models_output\FRUnet\test_data\HRF\pred_masks\04_h.png,D:\Retina\Retinal-Vessel-Segmentation-Benchmark-main\Models_output\FRUnet\probability\HRF\04_h_prob.png
FRUnet,FRUnet,HRF,05_dr,0.5,diagnostic_test_set_scan_equal_dataset_macro_F1,410460,332676,98518,7343690,0.8064395710620106,0.5523349696421651,0.6556272032738234,0.4876825869062584,0.6413938800773592,D:\Retina\Retinal-Vessel-Segmentation-Benchmark-main\config\test_data\HRF\masks\05_dr.tif,D:\Retina\Retinal-Vessel-Segmentation-Benchmark-main\Models_output\FRUnet\test_data\HRF\pred_masks\05_dr.png,D:\Retina\Retinal-Vessel-Segmentation-Benchmark-main\Models_output\FRUnet\probability\HRF\05_dr_prob.png
FRUnet,FRUnet,HRF,05_g,0.5,diagnostic_test_set_scan_equal_dataset_macro_F1,425379,289009,109672,7361284,0.7950251471355068,0.5954453322284249,0.6809119933025942,0.5161990631750115,0.6631616264007887,D:\Retina\Retinal-Vessel-Segmentation-Benchmark-main\config\test_data\HRF\masks\05_g.tif,D:\Retina\Retinal-Vessel-Segmentation-Benchmark-main\Models_output\FRUnet\test_data\HRF\pred_masks\05_g.png,D:\Retina\Retinal-Vessel-Segmentation-Benchmark-main\Models_output\FRUnet\probability\HRF\05_g_prob.png
FRUnet,FRUnet,HRF,05_h,0.5,diagnostic_test_set_scan_equal_dataset_macro_F1,567419,228235,171367,7218323,0.7680424371874941,0.7131479261085849,0.7395779567790204,0.5867700908253285,0.7132811040385051,D:\Retina\Retinal-Vessel-Segmentation-Benchmark-main\config\test_data\HRF\masks\05_h.tif,D:\Retina\Retinal-Vessel-Segmentation-Benchmark-main\Models_output\FRUnet\test_data\HRF\pred_masks\05_h.png,D:\Retina\Retinal-Vessel-Segmentation-Benchmark-main\Models_output\FRUnet\probability\HRF\05_h_prob.png
FRUnet,FRUnet,HRF,06_dr,0.5,diagnostic_test_set_scan_equal_dataset_macro_F1,382764,275602,235202,7291776,0.6193932999550137,0.5813848224240012,0.5997875161008264,0.428354641168887,0.5663173099303763,D:\Retina\Retinal-Vessel-Segmentation-Benchmark-main\config\test_data\HRF\masks\06_dr.tif,D:\Retina\Retinal-Vessel-Segmentation-Benchmark-main\Models_output\FRUnet\test_data\HRF\pred_masks\06_dr.png,D:\Retina\Retinal-Vessel-Segmentation-Benchmark-main\Models_output\FRUnet\probability\HRF\06_dr_prob.png
FRUnet,FRUnet,HRF,06_g,0.5,diagnostic_test_set_scan_equal_dataset_macro_F1,447575,291960,112190,7333619,0.7995766080408743,0.6052113828283989,0.6889478950203957,0.5254923831048754,0.6702763753711585,D:\Retina\Retinal-Vessel-Segmentation-Benchmark-main\config\test_data\HRF\masks\06_g.tif,D:\Retina\Retinal-Vessel-Segmentation-Benchmark-main\Models_output\FRUnet\test_data\HRF\pred_masks\06_g.png,D:\Retina\Retinal-Vessel-Segmentation-Benchmark-main\Models_output\FRUnet\probability\HRF\06_g_prob.png
FRUnet,FRUnet,HRF,06_h,0.5,diagnostic_test_set_scan_equal_dataset_macro_F1,636243,284396,193627,7071078,0.7666779134081242,0.6910884722459074,0.7269234262720158,0.5709974099541761,0.6954982597484326,D:\Retina\Retinal-Vessel-Segmentation-Benchmark-main\config\test_data\HRF\masks\06_h.tif,D:\Retina\Retinal-Vessel-Segmentation-Benchmark-main\Models_output\FRUnet\test_data\HRF\pred_masks\06_h.png,D:\Retina\Retinal-Vessel-Segmentation-Benchmark-main\Models_output\FRUnet\probability\HRF\06_h_prob.png
FRUnet,FRUnet,HRF,07_dr,0.5,diagnostic_test_set_scan_equal_dataset_macro_F1,516154,401288,120205,7147697,0.8111050523368099,0.5626012325574805,0.664375940033505,0.49742735246186803,0.6433398837295536,D:\Retina\Retinal-Vessel-Segmentation-Benchmark-main\config\test_data\HRF\masks\07_dr.tif,D:\Retina\Retinal-Vessel-Segmentation-Benchmark-main\Models_output\FRUnet\test_data\HRF\pred_masks\07_dr.png,D:\Retina\Retinal-Vessel-Segmentation-Benchmark-main\Models_output\FRUnet\probability\HRF\07_dr_prob.png
FRUnet,FRUnet,HRF,07_g,0.5,diagnostic_test_set_scan_equal_dataset_macro_F1,414238,292679,118546,7359881,0.7774970719841436,0.5859782690188523,0.6682869498370978,0.5018250363735262,0.6492046796049499,D:\Retina\Retinal-Vessel-Segmentation-Benchmark-main\config\test_data\HRF\masks\07_g.tif,D:\Retina\Retinal-Vessel-Segmentation-Benchmark-main\Models_output\FRUnet\test_data\HRF\pred_masks\07_g.png,D:\Retina\Retinal-Vessel-Segmentation-Benchmark-main\Models_output\FRUnet\probability\HRF\07_g_prob.png
FRUnet,FRUnet,HRF,07_h,0.5,diagnostic_test_set_scan_equal_dataset_macro_F1,528261,195597,200752,7260734,0.724624938101241,0.7297853998988751,0.727196013961322,0.5713338596813792,0.7006328583953062,D:\Retina\Retinal-Vessel-Segmentation-Benchmark-main\config\test_data\HRF\masks\07_h.tif,D:\Retina\Retinal-Vessel-Segmentation-Benchmark-main\Models_output\FRUnet\test_data\HRF\pred_masks\07_h.png,D:\Retina\Retinal-Vessel-Segmentation-Benchmark-main\Models_output\FRUnet\probability\HRF\07_h_prob.png
FRUnet,FRUnet,HRF,08_dr,0.5,diagnostic_test_set_scan_equal_dataset_macro_F1,493602,346546,122175,7223021,0.8015921348150385,0.5875179135104768,0.6780596527980495,0.5129275721353433,0.6568718722043505,D:\Retina\Retinal-Vessel-Segmentation-Benchmark-main\config\test_data\HRF\masks\08_dr.tif,D:\Retina\Retinal-Vessel-Segmentation-Benchmark-main\Models_output\FRUnet\test_data\HRF\pred_masks\08_dr.png,D:\Retina\Retinal-Vessel-Segmentation-Benchmark-main\Models_output\FRUnet\probability\HRF\08_dr_prob.png
FRUnet,FRUnet,HRF,08_g,0.5,diagnostic_test_set_scan_equal_dataset_macro_F1,441285,344818,114273,7284968,0.7943095050381779,0.5613577355639147,0.6578189274339793,0.49011190880254474,0.63949410862042,D:\Retina\Retinal-Vessel-Segmentation-Benchmark-main\config\test_data\HRF\masks\08_g.tif,D:\Retina\Retinal-Vessel-Segmentation-Benchmark-main\Models_output\FRUnet\test_data\HRF\pred_masks\08_g.png,D:\Retina\Retinal-Vessel-Segmentation-Benchmark-main\Models_output\FRUnet\probability\HRF\08_g_prob.png
FRUnet,FRUnet,HRF,08_h,0.5,diagnostic_test_set_scan_equal_dataset_macro_F1,602924,203726,218703,7159991,0.7338171700783932,0.7474418892952334,0.740566869150642,0.5880160296015129,0.7119527018118317,D:\Retina\Retinal-Vessel-Segmentation-Benchmark-main\config\test_data\HRF\masks\08_h.tif,D:\Retina\Retinal-Vessel-Segmentation-Benchmark-main\Models_output\FRUnet\test_data\HRF\pred_masks\08_h.png,D:\Retina\Retinal-Vessel-Segmentation-Benchmark-main\Models_output\FRUnet\probability\HRF\08_h_prob.png
FRUnet,FRUnet,HRF,09_dr,0.5,diagnostic_test_set_scan_equal_dataset_macro_F1,375085,242914,179362,7387983,0.6765028938744371,0.606934639052814,0.6398333057556596,0.4704080084177681,0.6131822589003799,D:\Retina\Retinal-Vessel-Segmentation-Benchmark-main\config\test_data\HRF\masks\09_dr.tif,D:\Retina\Retinal-Vessel-Segmentation-Benchmark-main\Models_output\FRUnet\test_data\HRF\pred_masks\09_dr.png,D:\Retina\Retinal-Vessel-Segmentation-Benchmark-main\Models_output\FRUnet\probability\HRF\09_dr_prob.png
FRUnet,FRUnet,HRF,09_g,0.5,diagnostic_test_set_scan_equal_dataset_macro_F1,418318,317323,123625,7326078,0.7718856042056084,0.568644216404469,0.6548579193227217,0.48683178433686425,0.6349805318044949,D:\Retina\Retinal-Vessel-Segmentation-Benchmark-main\config\test_data\HRF\masks\09_g.tif,D:\Retina\Retinal-Vessel-Segmentation-Benchmark-main\Models_output\FRUnet\test_data\HRF\pred_masks\09_g.png,D:\Retina\Retinal-Vessel-Segmentation-Benchmark-main\Models_output\FRUnet\probability\HRF\09_g_prob.png
FRUnet,FRUnet,HRF,09_h,0.5,diagnostic_test_set_scan_equal_dataset_macro_F1,439795,193324,196673,7355552,0.6909931057020934,0.6946482414838284,0.6928158527143078,0.5300063148355251,0.6669930418668001,D:\Retina\Retinal-Vessel-Segmentation-Benchmark-main\config\test_data\HRF\masks\09_h.tif,D:\Retina\Retinal-Vessel-Segmentation-Benchmark-main\Models_output\FRUnet\test_data\HRF\pred_masks\09_h.png,D:\Retina\Retinal-Vessel-Segmentation-Benchmark-main\Models_output\FRUnet\probability\HRF\09_h_prob.png
FRUnet,FRUnet,HRF,10_dr,0.5,diagnostic_test_set_scan_equal_dataset_macro_F1,538156,355734,176733,7114721,0.7527825998161952,0.6020382821152491,0.6690241481272443,0.5026568642743524,0.638313078053065,D:\Retina\Retinal-Vessel-Segmentation-Benchmark-main\config\test_data\HRF\masks\10_dr.tif,D:\Retina\Retinal-Vessel-Segmentation-Benchmark-main\Models_output\FRUnet\test_data\HRF\pred_masks\10_dr.png,D:\Retina\Retinal-Vessel-Segmentation-Benchmark-main\Models_output\FRUnet\probability\HRF\10_dr_prob.png
FRUnet,FRUnet,HRF,10_g,0.5,diagnostic_test_set_scan_equal_dataset_macro_F1,415733,336912,120865,7311834,0.7747568943603964,0.5523626676587235,0.6449257432462306,0.4759338759716546,0.625886626575966,D:\Retina\Retinal-Vessel-Segmentation-Benchmark-main\config\test_data\HRF\masks\10_g.tif,D:\Retina\Retinal-Vessel-Segmentation-Benchmark-main\Models_output\FRUnet\test_data\HRF\pred_masks\10_g.png,D:\Retina\Retinal-Vessel-Segmentation-Benchmark-main\Models_output\FRUnet\probability\HRF\10_g_prob.png
FRUnet,FRUnet,HRF,10_h,0.5,diagnostic_test_set_scan_equal_dataset_macro_F1,486588,198368,218850,7281538,0.6897672084577241,0.71039307634359,0.6999282217846163,0.5383765985178235,0.6721708050078583,D:\Retina\Retinal-Vessel-Segmentation-Benchmark-main\config\test_data\HRF\masks\10_h.tif,D:\Retina\Retinal-Vessel-Segmentation-Benchmark-main\Models_output\FRUnet\test_data\HRF\pred_masks\10_h.png,D:\Retina\Retinal-Vessel-Segmentation-Benchmark-main\Models_output\FRUnet\probability\HRF\10_h_prob.png
FRUnet,FRUnet,HRF,11_dr,0.5,diagnostic_test_set_scan_equal_dataset_macro_F1,546469,366250,146468,7126157,0.788627248941823,0.5987264426400678,0.6806800460372583,0.5159325029480157,0.6542219559141889,D:\Retina\Retinal-Vessel-Segmentation-Benchmark-main\config\test_data\HRF\masks\11_dr.tif,D:\Retina\Retinal-Vessel-Segmentation-Benchmark-main\Models_output\FRUnet\test_data\HRF\pred_masks\11_dr.png,D:\Retina\Retinal-Vessel-Segmentation-Benchmark-main\Models_output\FRUnet\probability\HRF\11_dr_prob.png
FRUnet,FRUnet,HRF,11_g,0.5,diagnostic_test_set_scan_equal_dataset_macro_F1,474712,319754,150981,7239897,0.7586979557067124,0.5975233678974304,0.668533593773655,0.5021032379393028,0.6429863111954686,D:\Retina\Retinal-Vessel-Segmentation-Benchmark-main\config\test_data\HRF\masks\11_g.tif,D:\Retina\Retinal-Vessel-Segmentation-Benchmark-main\Models_output\FRUnet\test_data\HRF\pred_masks\11_g.png,D:\Retina\Retinal-Vessel-Segmentation-Benchmark-main\Models_output\FRUnet\probability\HRF\11_g_prob.png
FRUnet,FRUnet,HRF,11_h,0.5,diagnostic_test_set_scan_equal_dataset_macro_F1,610429,238464,154926,7181525,0.7975762881277316,0.7190882714311462,0.7563013861562783,0.6081066407390177,0.7309265847864637,D:\Retina\Retinal-Vessel-Segmentation-Benchmark-main\config\test_data\HRF\masks\11_h.tif,D:\Retina\Retinal-Vessel-Segmentation-Benchmark-main\Models_output\FRUnet\test_data\HRF\pred_masks\11_h.png,D:\Retina\Retinal-Vessel-Segmentation-Benchmark-main\Models_output\FRUnet\probability\HRF\11_h_prob.png
FRUnet,FRUnet,HRF,12_dr,0.5,diagnostic_test_set_scan_equal_dataset_macro_F1,419005,318563,137719,7310057,0.7526260768352002,0.5680899930582671,0.6474659504964876,0.4787058416268036,0.62505332669836,D:\Retina\Retinal-Vessel-Segmentation-Benchmark-main\config\test_data\HRF\masks\12_dr.tif,D:\Retina\Retinal-Vessel-Segmentation-Benchmark-main\Models_output\FRUnet\test_data\HRF\pred_masks\12_dr.png,D:\Retina\Retinal-Vessel-Segmentation-Benchmark-main\Models_output\FRUnet\probability\HRF\12_dr_prob.png
FRUnet,FRUnet,HRF,12_g,0.5,diagnostic_test_set_scan_equal_dataset_macro_F1,523797,357183,152627,7151737,0.774361938665689,0.5945617380644282,0.672653980598483,0.5067661112976208,0.6457068820989417,D:\Retina\Retinal-Vessel-Segmentation-Benchmark-main\config\test_data\HRF\masks\12_g.tif,D:\Retina\Retinal-Vessel-Segmentation-Benchmark-main\Models_output\FRUnet\test_data\HRF\pred_masks\12_g.png,D:\Retina\Retinal-Vessel-Segmentation-Benchmark-main\Models_output\FRUnet\probability\HRF\12_g_prob.png
FRUnet,FRUnet,HRF,12_h,0.5,diagnostic_test_set_scan_equal_dataset_macro_F1,690004,242049,169291,7084000,0.8029884963836633,0.7403055405647533,0.7703740423412982,0.6265108812505448,0.7429851843681144,D:\Retina\Retinal-Vessel-Segmentation-Benchmark-main\config\test_data\HRF\masks\12_h.tif,D:\Retina\Retinal-Vessel-Segmentation-Benchmark-main\Models_output\FRUnet\test_data\HRF\pred_masks\12_h.png,D:\Retina\Retinal-Vessel-Segmentation-Benchmark-main\Models_output\FRUnet\probability\HRF\12_h_prob.png
FRUnet,FRUnet,HRF,13_dr,0.5,diagnostic_test_set_scan_equal_dataset_macro_F1,425395,293894,134084,7331971,0.760341317547218,0.5914104066654711,0.6653200580558788,0.4984865937872419,0.6433648940590656,D:\Retina\Retinal-Vessel-Segmentation-Benchmark-main\config\test_data\HRF\masks\13_dr.tif,D:\Retina\Retinal-Vessel-Segmentation-Benchmark-main\Models_output\FRUnet\test_data\HRF\pred_masks\13_dr.png,D:\Retina\Retinal-Vessel-Segmentation-Benchmark-main\Models_output\FRUnet\probability\HRF\13_dr_prob.png
FRUnet,FRUnet,HRF,13_g,0.5,diagnostic_test_set_scan_equal_dataset_macro_F1,415825,319817,141156,7308546,0.7465694520998023,0.5652545667593748,0.6433817129975252,0.47425404711233377,0.6204451090446493,D:\Retina\Retinal-Vessel-Segmentation-Benchmark-main\config\test_data\HRF\masks\13_g.tif,D:\Retina\Retinal-Vessel-Segmentation-Benchmark-main\Models_output\FRUnet\test_data\HRF\pred_masks\13_g.png,D:\Retina\Retinal-Vessel-Segmentation-Benchmark-main\Models_output\FRUnet\probability\HRF\13_g_prob.png
FRUnet,FRUnet,HRF,13_h,0.5,diagnostic_test_set_scan_equal_dataset_macro_F1,579921,261390,132607,7211426,0.8138922259897154,0.6893063326165948,0.7464364068606849,0.5954515677911282,0.7230806147807053,D:\Retina\Retinal-Vessel-Segmentation-Benchmark-main\config\test_data\HRF\masks\13_h.tif,D:\Retina\Retinal-Vessel-Segmentation-Benchmark-main\Models_output\FRUnet\test_data\HRF\pred_masks\13_h.png,D:\Retina\Retinal-Vessel-Segmentation-Benchmark-main\Models_output\FRUnet\probability\HRF\13_h_prob.png
FRUnet,FRUnet,HRF,14_dr,0.5,diagnostic_test_set_scan_equal_dataset_macro_F1,473019,340252,151917,7220156,0.7569079073697147,0.5816253130875194,0.6577898730850288,0.4900796528759164,0.631973741719633,D:\Retina\Retinal-Vessel-Segmentation-Benchmark-main\config\test_data\HRF\masks\14_dr.tif,D:\Retina\Retinal-Vessel-Segmentation-Benchmark-main\Models_output\FRUnet\test_data\HRF\pred_masks\14_dr.png,D:\Retina\Retinal-Vessel-Segmentation-Benchmark-main\Models_output\FRUnet\probability\HRF\14_dr_prob.png
FRUnet,FRUnet,HRF,14_g,0.5,diagnostic_test_set_scan_equal_dataset_macro_F1,419719,312351,158450,7294824,0.7259451821180313,0.5733317852117967,0.640675479817041,0.47131900462651033,0.6149035399849381,D:\Retina\Retinal-Vessel-Segmentation-Benchmark-main\config\test_data\HRF\masks\14_g.tif,D:\Retina\Retinal-Vessel-Segmentation-Benchmark-main\Models_output\FRUnet\test_data\HRF\pred_masks\14_g.png,D:\Retina\Retinal-Vessel-Segmentation-Benchmark-main\Models_output\FRUnet\probability\HRF\14_g_prob.png
FRUnet,FRUnet,HRF,14_h,0.5,diagnostic_test_set_scan_equal_dataset_macro_F1,569938,260464,144116,7210826,0.7981721270380111,0.6863398691236293,0.7380436865796113,0.5848409162273042,0.7133957843002149,D:\Retina\Retinal-Vessel-Segmentation-Benchmark-main\config\test_data\HRF\masks\14_h.tif,D:\Retina\Retinal-Vessel-Segmentation-Benchmark-main\Models_output\FRUnet\test_data\HRF\pred_masks\14_h.png,D:\Retina\Retinal-Vessel-Segmentation-Benchmark-main\Models_output\FRUnet\probability\HRF\14_h_prob.png
FRUnet,FRUnet,HRF,15_dr,0.5,diagnostic_test_set_scan_equal_dataset_macro_F1,433129,376477,101914,7273824,0.8095218515147381,0.5349873889274536,0.6442261140267832,0.47517223977532036,0.6294849343002659,D:\Retina\Retinal-Vessel-Segmentation-Benchmark-main\config\test_data\HRF\masks\15_dr.tif,D:\Retina\Retinal-Vessel-Segmentation-Benchmark-main\Models_output\FRUnet\test_data\HRF\pred_masks\15_dr.png,D:\Retina\Retinal-Vessel-Segmentation-Benchmark-main\Models_output\FRUnet\probability\HRF\15_dr_prob.png
FRUnet,FRUnet,HRF,15_g,0.5,diagnostic_test_set_scan_equal_dataset_macro_F1,434953,287882,164235,7298274,0.7259040568235678,0.6017320688677222,0.65801124488757,0.49032545345914075,0.631525518121274,D:\Retina\Retinal-Vessel-Segmentation-Benchmark-main\config\test_data\HRF\masks\15_g.tif,D:\Retina\Retinal-Vessel-Segmentation-Benchmark-main\Models_output\FRUnet\test_data\HRF\pred_masks\15_g.png,D:\Retina\Retinal-Vessel-Segmentation-Benchmark-main\Models_output\FRUnet\probability\HRF\15_g_prob.png
FRUnet,FRUnet,HRF,15_h,0.5,diagnostic_test_set_scan_equal_dataset_macro_F1,529111,237650,112134,7306449,0.8251308002401578,0.6900598752414376,0.7515749222659562,0.602018443613856,0.7318851285203715,D:\Retina\Retinal-Vessel-Segmentation-Benchmark-main\config\test_data\HRF\masks\15_h.tif,D:\Retina\Retinal-Vessel-Segmentation-Benchmark-main\Models_output\FRUnet\test_data\HRF\pred_masks\15_h.png,D:\Retina\Retinal-Vessel-Segmentation-Benchmark-main\Models_output\FRUnet\probability\HRF\15_h_prob.png
FRUnet,FRUnet,LES,111,0.5,diagnostic_test_set_scan_equal_dataset_macro_F1,92011,37048,29762,2180459,0.7555944256937088,0.7129374937044297,0.7336464246986031,0.5793377450085316,0.7189095464188971,D:\Retina\Retinal-Vessel-Segmentation-Benchmark-main\config\test_data\LES\masks\111.png,D:\Retina\Retinal-Vessel-Segmentation-Benchmark-main\Models_output\FRUnet\test_data\LES\pred_masks\111.png,D:\Retina\Retinal-Vessel-Segmentation-Benchmark-main\Models_output\FRUnet\probability\LES\111_prob.png
FRUnet,FRUnet,LES,119,0.5,diagnostic_test_set_scan_equal_dataset_macro_F1,102997,75246,19196,2141841,0.8429042580180534,0.577845974315962,0.6856501883928691,0.521664919291528,0.6784330404780264,D:\Retina\Retinal-Vessel-Segmentation-Benchmark-main\config\test_data\LES\masks\119.png,D:\Retina\Retinal-Vessel-Segmentation-Benchmark-main\Models_output\FRUnet\test_data\LES\pred_masks\119.png,D:\Retina\Retinal-Vessel-Segmentation-Benchmark-main\Models_output\FRUnet\probability\LES\119_prob.png
FRUnet,FRUnet,LES,12,0.5,diagnostic_test_set_scan_equal_dataset_macro_F1,126140,39375,26388,2147377,0.8269956991503199,0.7621061535208289,0.7932260732039379,0.6573112457856313,0.7789193385650383,D:\Retina\Retinal-Vessel-Segmentation-Benchmark-main\config\test_data\LES\masks\12.png,D:\Retina\Retinal-Vessel-Segmentation-Benchmark-main\Models_output\FRUnet\test_data\LES\pred_masks\12.png,D:\Retina\Retinal-Vessel-Segmentation-Benchmark-main\Models_output\FRUnet\probability\LES\12_prob.png
FRUnet,FRUnet,LES,15,0.5,diagnostic_test_set_scan_equal_dataset_macro_F1,126936,47983,24417,2139944,0.8386751501456859,0.7256844596641874,0.7780992546096509,0.6367941565999117,0.7638616809574499,D:\Retina\Retinal-Vessel-Segmentation-Benchmark-main\config\test_data\LES\masks\15.png,D:\Retina\Retinal-Vessel-Segmentation-Benchmark-main\Models_output\FRUnet\test_data\LES\pred_masks\15.png,D:\Retina\Retinal-Vessel-Segmentation-Benchmark-main\Models_output\FRUnet\probability\LES\15_prob.png
FRUnet,FRUnet,LES,224,0.5,diagnostic_test_set_scan_equal_dataset_macro_F1,156909,40838,35941,2105592,0.8136323567539538,0.7934835926714439,0.8034316699821044,0.6714465441100955,0.7856025389618865,D:\Retina\Retinal-Vessel-Segmentation-Benchmark-main\config\test_data\LES\masks\224.png,D:\Retina\Retinal-Vessel-Segmentation-Benchmark-main\Models_output\FRUnet\test_data\LES\pred_masks\224.png,D:\Retina\Retinal-Vessel-Segmentation-Benchmark-main\Models_output\FRUnet\probability\LES\224_prob.png
FRUnet,FRUnet,LES,240,0.5,diagnostic_test_set_scan_equal_dataset_macro_F1,122263,42398,17459,2157160,0.8750447316814818,0.7425134063317969,0.8033497271529618,0.6713320887327037,0.7928110845089327,D:\Retina\Retinal-Vessel-Segmentation-Benchmark-main\config\test_data\LES\masks\240.png,D:\Retina\Retinal-Vessel-Segmentation-Benchmark-main\Models_output\FRUnet\test_data\LES\pred_masks\240.png,D:\Retina\Retinal-Vessel-Segmentation-Benchmark-main\Models_output\FRUnet\probability\LES\240_prob.png
FRUnet,FRUnet,LES,275,0.5,diagnostic_test_set_scan_equal_dataset_macro_F1,127123,45782,20481,2145894,0.8612435977344788,0.7352187617477806,0.7932569756231495,0.6573536864095643,0.7809607497833342,D:\Retina\Retinal-Vessel-Segmentation-Benchmark-main\config\test_data\LES\masks\275.png,D:\Retina\Retinal-Vessel-Segmentation-Benchmark-main\Models_output\FRUnet\test_data\LES\pred_masks\275.png,D:\Retina\Retinal-Vessel-Segmentation-Benchmark-main\Models_output\FRUnet\probability\LES\275_prob.png
FRUnet,FRUnet,LES,279,0.5,diagnostic_test_set_scan_equal_dataset_macro_F1,152056,46183,29204,2111837,0.8388833719518923,0.7670337320103512,0.8013512552075236,0.6685455256921514,0.7847842332860337,D:\Retina\Retinal-Vessel-Segmentation-Benchmark-main\config\test_data\LES\masks\279.png,D:\Retina\Retinal-Vessel-Segmentation-Benchmark-main\Models_output\FRUnet\test_data\LES\pred_masks\279.png,D:\Retina\Retinal-Vessel-Segmentation-Benchmark-main\Models_output\FRUnet\probability\LES\279_prob.png
FRUnet,FRUnet,LES,304,0.5,diagnostic_test_set_scan_equal_dataset_macro_F1,78734,28577,19348,2212621,0.8027364857975979,0.7336992479801698,0.7666668289571699,0.621621835005803,0.756811648919747,D:\Retina\Retinal-Vessel-Segmentation-Benchmark-main\config\test_data\LES\masks\304.png,D:\Retina\Retinal-Vessel-Segmentation-Benchmark-main\Models_output\FRUnet\test_data\LES\pred_masks\304.png,D:\Retina\Retinal-Vessel-Segmentation-Benchmark-main\Models_output\FRUnet\probability\LES\304_prob.png
FRUnet,FRUnet,LES,318,0.5,diagnostic_test_set_scan_equal_dataset_macro_F1,119628,44322,19454,2155876,0.8601256812527861,0.7296614821591949,0.7895403785738799,0.6522649451484155,0.7780680666324349,D:\Retina\Retinal-Vessel-Segmentation-Benchmark-main\config\test_data\LES\masks\318.png,D:\Retina\Retinal-Vessel-Segmentation-Benchmark-main\Models_output\FRUnet\test_data\LES\pred_masks\318.png,D:\Retina\Retinal-Vessel-Segmentation-Benchmark-main\Models_output\FRUnet\probability\LES\318_prob.png
FRUnet,FRUnet,LES,33,0.5,diagnostic_test_set_scan_equal_dataset_macro_F1,163639,41582,39198,2094861,0.8067512337492666,0.7973794104891799,0.8020379455861666,0.6695019617951141,0.783138885486067,D:\Retina\Retinal-Vessel-Segmentation-Benchmark-main\config\test_data\LES\masks\33.png,D:\Retina\Retinal-Vessel-Segmentation-Benchmark-main\Models_output\FRUnet\test_data\LES\pred_masks\33.png,D:\Retina\Retinal-Vessel-Segmentation-Benchmark-main\Models_output\FRUnet\probability\LES\33_prob.png
FRUnet,FRUnet,LES,34,0.5,diagnostic_test_set_scan_equal_dataset_macro_F1,248922,88149,73059,3889638,0.7730953068659331,0.7384853636177541,0.7553941115420331,0.606934386657889,0.7353296881443663,D:\Retina\Retinal-Vessel-Segmentation-Benchmark-main\config\test_data\LES\masks\34.png,D:\Retina\Retinal-Vessel-Segmentation-Benchmark-main\Models_output\FRUnet\test_data\LES\pred_masks\34.png,D:\Retina\Retinal-Vessel-Segmentation-Benchmark-main\Models_output\FRUnet\probability\LES\34_prob.png
FRUnet,FRUnet,LES,367,0.5,diagnostic_test_set_scan_equal_dataset_macro_F1,117057,41323,21035,2159865,0.8476740144251659,0.7390895315065034,0.7896664777786774,0.6524370872000669,0.7775842053039006,D:\Retina\Retinal-Vessel-Segmentation-Benchmark-main\config\test_data\LES\masks\367.png,D:\Retina\Retinal-Vessel-Segmentation-Benchmark-main\Models_output\FRUnet\test_data\LES\pred_masks\367.png,D:\Retina\Retinal-Vessel-Segmentation-Benchmark-main\Models_output\FRUnet\probability\LES\367_prob.png
FRUnet,FRUnet,LES,37,0.5,diagnostic_test_set_scan_equal_dataset_macro_F1,190942,50477,31166,2066695,0.8596808759702487,0.7909153794854589,0.8238657079307139,0.7004860869086706,0.8053947816364182,D:\Retina\Retinal-Vessel-Segmentation-Benchmark-main\config\test_data\LES\masks\37.png,D:\Retina\Retinal-Vessel-Segmentation-Benchmark-main\Models_output\FRUnet\test_data\LES\pred_masks\37.png,D:\Retina\Retinal-Vessel-Segmentation-Benchmark-main\Models_output\FRUnet\probability\LES\37_prob.png
FRUnet,FRUnet,LES,370,0.5,diagnostic_test_set_scan_equal_dataset_macro_F1,101763,45322,13962,2178233,0.8793519118600129,0.6918652479858585,0.7744225866595639,0.6318838599911827,0.7673462216716735,D:\Retina\Retinal-Vessel-Segmentation-Benchmark-main\config\test_data\LES\masks\370.png,D:\Retina\Retinal-Vessel-Segmentation-Benchmark-main\Models_output\FRUnet\test_data\LES\pred_masks\370.png,D:\Retina\Retinal-Vessel-Segmentation-Benchmark-main\Models_output\FRUnet\probability\LES\370_prob.png
FRUnet,FRUnet,LES,42,0.5,diagnostic_test_set_scan_equal_dataset_macro_F1,131835,42582,23828,2141035,0.8469257305846605,0.7558609539207761,0.7988063499757635,0.6650104668465787,0.7850548218977287,D:\Retina\Retinal-Vessel-Segmentation-Benchmark-main\config\test_data\LES\masks\42.png,D:\Retina\Retinal-Vessel-Segmentation-Benchmark-main\Models_output\FRUnet\test_data\LES\pred_masks\42.png,D:\Retina\Retinal-Vessel-Segmentation-Benchmark-main\Models_output\FRUnet\probability\LES\42_prob.png
FRUnet,FRUnet,LES,486,0.5,diagnostic_test_set_scan_equal_dataset_macro_F1,112087,38840,19080,2169273,0.8545365831344774,0.742657046121635,0.7946783696214738,0.6593081461351591,0.7837520466901341,D:\Retina\Retinal-Vessel-Segmentation-Benchmark-main\config\test_data\LES\masks\486.png,D:\Retina\Retinal-Vessel-Segmentation-Benchmark-main\Models_output\FRUnet\test_data\LES\pred_masks\486.png,D:\Retina\Retinal-Vessel-Segmentation-Benchmark-main\Models_output\FRUnet\probability\LES\486_prob.png
FRUnet,FRUnet,LES,49,0.5,diagnostic_test_set_scan_equal_dataset_macro_F1,143367,37584,32323,2126006,0.816022539700609,0.7922973622693437,0.8039849596653217,0.6722197736245393,0.7879142420934976,D:\Retina\Retinal-Vessel-Segmentation-Benchmark-main\config\test_data\LES\masks\49.png,D:\Retina\Retinal-Vessel-Segmentation-Benchmark-main\Models_output\FRUnet\test_data\LES\pred_masks\49.png,D:\Retina\Retinal-Vessel-Segmentation-Benchmark-main\Models_output\FRUnet\probability\LES\49_prob.png
FRUnet,FRUnet,LES,529,0.5,diagnostic_test_set_scan_equal_dataset_macro_F1,115730,39046,25071,2159433,0.8219401850839128,0.7477257455936321,0.7830785209945293,0.6434914121447675,0.769465084735219,D:\Retina\Retinal-Vessel-Segmentation-Benchmark-main\config\test_data\LES\masks\529.png,D:\Retina\Retinal-Vessel-Segmentation-Benchmark-main\Models_output\FRUnet\test_data\LES\pred_masks\529.png,D:\Retina\Retinal-Vessel-Segmentation-Benchmark-main\Models_output\FRUnet\probability\LES\529_prob.png
FRUnet,FRUnet,LES,53,0.5,diagnostic_test_set_scan_equal_dataset_macro_F1,153115,41409,33148,2111608,0.8220365826814773,0.7871265242335136,0.804202874572924,0.6725245089426894,0.7870834502985038,D:\Retina\Retinal-Vessel-Segmentation-Benchmark-main\config\test_data\LES\masks\53.png,D:\Retina\Retinal-Vessel-Segmentation-Benchmark-main\Models_output\FRUnet\test_data\LES\pred_masks\53.png,D:\Retina\Retinal-Vessel-Segmentation-Benchmark-main\Models_output\FRUnet\probability\LES\53_prob.png
FRUnet,FRUnet,LES,586,0.5,diagnostic_test_set_scan_equal_dataset_macro_F1,142039,45388,28399,2123454,0.8333763597319847,0.7578363842989537,0.7938133094882149,0.6581181136656381,0.7778053702876631,D:\Retina\Retinal-Vessel-Segmentation-Benchmark-main\config\test_data\LES\masks\586.png,D:\Retina\Retinal-Vessel-Segmentation-Benchmark-main\Models_output\FRUnet\test_data\LES\pred_masks\586.png,D:\Retina\Retinal-Vessel-Segmentation-Benchmark-main\Models_output\FRUnet\probability\LES\586_prob.png
FRUnet,FRUnet,LES,90,0.5,diagnostic_test_set_scan_equal_dataset_macro_F1,137841,52435,25182,2123822,0.8455309986934358,0.7244266223801215,0.7803078978429036,0.6397580967056224,0.7651438795027669,D:\Retina\Retinal-Vessel-Segmentation-Benchmark-main\config\test_data\LES\masks\90.png,D:\Retina\Retinal-Vessel-Segmentation-Benchmark-main\Models_output\FRUnet\test_data\LES\pred_masks\90.png,D:\Retina\Retinal-Vessel-Segmentation-Benchmark-main\Models_output\FRUnet\probability\LES\90_prob.png
FRUnet,FRUnet,STARE,im0001,0.5,diagnostic_test_set_scan_equal_dataset_macro_F1,26323,7407,7476,382294,0.778810023965206,0.7804032018974207,0.7796057989900635,0.6388147357180993,0.7605125707341838,D:\Retina\Retinal-Vessel-Segmentation-Benchmark-main\config\test_data\STARE\masks\im0001.png,D:\Retina\Retinal-Vessel-Segmentation-Benchmark-main\Models_output\FRUnet\test_data\STARE\pred_masks\im0001.png,D:\Retina\Retinal-Vessel-Segmentation-Benchmark-main\Models_output\FRUnet\probability\STARE\im0001_prob.png
FRUnet,FRUnet,STARE,im0002,0.5,diagnostic_test_set_scan_equal_dataset_macro_F1,21328,6182,6877,389113,0.7561779826271937,0.775281715739731,0.7656106972987526,0.6202343909035392,0.7491766975050893,D:\Retina\Retinal-Vessel-Segmentation-Benchmark-main\config\test_data\STARE\masks\im0002.png,D:\Retina\Retinal-Vessel-Segmentation-Benchmark-main\Models_output\FRUnet\test_data\STARE\pred_masks\im0002.png,D:\Retina\Retinal-Vessel-Segmentation-Benchmark-main\Models_output\FRUnet\probability\STARE\im0002_prob.png
FRUnet,FRUnet,STARE,im0003,0.5,diagnostic_test_set_scan_equal_dataset_macro_F1,20704,6513,4641,391642,0.8168869599526534,0.7607010324429584,0.7877934629580305,0.6498838596270953,0.7743306697840038,D:\Retina\Retinal-Vessel-Segmentation-Benchmark-main\config\test_data\STARE\masks\im0003.png,D:\Retina\Retinal-Vessel-Segmentation-Benchmark-main\Models_output\FRUnet\test_data\STARE\pred_masks\im0003.png,D:\Retina\Retinal-Vessel-Segmentation-Benchmark-main\Models_output\FRUnet\probability\STARE\im0003_prob.png
FRUnet,FRUnet,STARE,im0004,0.5,diagnostic_test_set_scan_equal_dataset_macro_F1,19921,5399,11474,386706,0.6345277910495302,0.7867693522906793,0.7024949307943225,0.5414197967059847,0.6859343488290054,D:\Retina\Retinal-Vessel-Segmentation-Benchmark-main\config\test_data\STARE\masks\im0004.png,D:\Retina\Retinal-Vessel-Segmentation-Benchmark-main\Models_output\FRUnet\test_data\STARE\pred_masks\im0004.png,D:\Retina\Retinal-Vessel-Segmentation-Benchmark-main\Models_output\FRUnet\probability\STARE\im0004_prob.png
FRUnet,FRUnet,STARE,im0005,0.5,diagnostic_test_set_scan_equal_dataset_macro_F1,28688,11160,9569,374083,0.7498758397156076,0.7199357558723148,0.7346008578196018,0.5805289677641298,0.7078319229672443,D:\Retina\Retinal-Vessel-Segmentation-Benchmark-main\config\test_data\STARE\masks\im0005.png,D:\Retina\Retinal-Vessel-Segmentation-Benchmark-main\Models_output\FRUnet\test_data\STARE\pred_masks\im0005.png,D:\Retina\Retinal-Vessel-Segmentation-Benchmark-main\Models_output\FRUnet\probability\STARE\im0005_prob.png
FRUnet,FRUnet,STARE,im0044,0.5,diagnostic_test_set_scan_equal_dataset_macro_F1,22574,9510,6922,384494,0.7653241117439653,0.703590574741304,0.7331601169210782,0.5787314772086346,0.7130111255412489,D:\Retina\Retinal-Vessel-Segmentation-Benchmark-main\config\test_data\STARE\masks\im0044.png,D:\Retina\Retinal-Vessel-Segmentation-Benchmark-main\Models_output\FRUnet\test_data\STARE\pred_masks\im0044.png,D:\Retina\Retinal-Vessel-Segmentation-Benchmark-main\Models_output\FRUnet\probability\STARE\im0044_prob.png
FRUnet,FRUnet,STARE,im0077,0.5,diagnostic_test_set_scan_equal_dataset_macro_F1,28652,12168,5289,377391,0.8441707669190655,0.7019108280254777,0.7664959002688568,0.6213971242056865,0.7479121973799997,D:\Retina\Retinal-Vessel-Segmentation-Benchmark-main\config\test_data\STARE\masks\im0077.png,D:\Retina\Retinal-Vessel-Segmentation-Benchmark-main\Models_output\FRUnet\test_data\STARE\pred_masks\im0077.png,D:\Retina\Retinal-Vessel-Segmentation-Benchmark-main\Models_output\FRUnet\probability\STARE\im0077_prob.png
FRUnet,FRUnet,STARE,im0081,0.5,diagnostic_test_set_scan_equal_dataset_macro_F1,27279,11740,4336,380145,0.8628499130159735,0.6991209410799867,0.772404224594388,0.629200784223273,0.7569011595294238,D:\Retina\Retinal-Vessel-Segmentation-Benchmark-main\config\test_data\STARE\masks\im0081.png,D:\Retina\Retinal-Vessel-Segmentation-Benchmark-main\Models_output\FRUnet\test_data\STARE\pred_masks\im0081.png,D:\Retina\Retinal-Vessel-Segmentation-Benchmark-main\Models_output\FRUnet\probability\STARE\im0081_prob.png
FRUnet,FRUnet,STARE,im0082,0.5,diagnostic_test_set_scan_equal_dataset_macro_F1,26712,8455,6598,381735,0.8019213449414591,0.7595757386185913,0.7801743651152943,0.63957859451694,0.7611858306340352,D:\Retina\Retinal-Vessel-Segmentation-Benchmark-main\config\test_data\STARE\masks\im0082.png,D:\Retina\Retinal-Vessel-Segmentation-Benchmark-main\Models_output\FRUnet\test_data\STARE\pred_masks\im0082.png,D:\Retina\Retinal-Vessel-Segmentation-Benchmark-main\Models_output\FRUnet\probability\STARE\im0082_prob.png
FRUnet,FRUnet,STARE,im0139,0.5,diagnostic_test_set_scan_equal_dataset_macro_F1,28284,10873,5773,378570,0.8304900607804563,0.7223229563041091,0.772639112738001,0.6295125751168484,0.7534323307105991,D:\Retina\Retinal-Vessel-Segmentation-Benchmark-main\config\test_data\STARE\masks\im0139.png,D:\Retina\Retinal-Vessel-Segmentation-Benchmark-main\Models_output\FRUnet\test_data\STARE\pred_masks\im0139.png,D:\Retina\Retinal-Vessel-Segmentation-Benchmark-main\Models_output\FRUnet\probability\STARE\im0139_prob.png
FRUnet,FRUnet,STARE,im0162,0.5,diagnostic_test_set_scan_equal_dataset_macro_F1,24048,10964,6132,382356,0.7968190854870776,0.6868502227807609,0.7377592342618727,0.5844837643398795,0.7183396443037087,D:\Retina\Retinal-Vessel-Segmentation-Benchmark-main\config\test_data\STARE\masks\im0162.png,D:\Retina\Retinal-Vessel-Segmentation-Benchmark-main\Models_output\FRUnet\test_data\STARE\pred_masks\im0162.png,D:\Retina\Retinal-Vessel-Segmentation-Benchmark-main\Models_output\FRUnet\probability\STARE\im0162_prob.png
FRUnet,FRUnet,STARE,im0163,0.5,diagnostic_test_set_scan_equal_dataset_macro_F1,27155,9536,5596,381213,0.8291349882446337,0.7400997519827751,0.7820915296218426,0.6421595289332419,0.7641588779364181,D:\Retina\Retinal-Vessel-Segmentation-Benchmark-main\config\test_data\STARE\masks\im0163.png,D:\Retina\Retinal-Vessel-Segmentation-Benchmark-main\Models_output\FRUnet\test_data\STARE\pred_masks\im0163.png,D:\Retina\Retinal-Vessel-Segmentation-Benchmark-main\Models_output\FRUnet\probability\STARE\im0163_prob.png
FRUnet,FRUnet,STARE,im0235,0.5,diagnostic_test_set_scan_equal_dataset_macro_F1,30942,8689,6759,377110,0.8207209357841967,0.7807524412707224,0.8002379351368127,0.666997197671912,0.7804750832782323,D:\Retina\Retinal-Vessel-Segmentation-Benchmark-main\config\test_data\STARE\masks\im0235.png,D:\Retina\Retinal-Vessel-Segmentation-Benchmark-main\Models_output\FRUnet\test_data\STARE\pred_masks\im0235.png,D:\Retina\Retinal-Vessel-Segmentation-Benchmark-main\Models_output\FRUnet\probability\STARE\im0235_prob.png
FRUnet,FRUnet,STARE,im0236,0.5,diagnostic_test_set_scan_equal_dataset_macro_F1,31521,7734,6839,377406,0.8217153284671533,0.8029805120366832,0.8122399020807833,0.6838417147568013,0.7933654992633131,D:\Retina\Retinal-Vessel-Segmentation-Benchmark-main\config\test_data\STARE\masks\im0236.png,D:\Retina\Retinal-Vessel-Segmentation-Benchmark-main\Models_output\FRUnet\test_data\STARE\pred_masks\im0236.png,D:\Retina\Retinal-Vessel-Segmentation-Benchmark-main\Models_output\FRUnet\probability\STARE\im0236_prob.png
FRUnet,FRUnet,STARE,im0239,0.5,diagnostic_test_set_scan_equal_dataset_macro_F1,28251,7653,8320,379276,0.7724973339531322,0.7868482620320856,0.7796067609520524,0.638816027496382,0.7590241502041788,D:\Retina\Retinal-Vessel-Segmentation-Benchmark-main\config\test_data\STARE\masks\im0239.png,D:\Retina\Retinal-Vessel-Segmentation-Benchmark-main\Models_output\FRUnet\test_data\STARE\pred_masks\im0239.png,D:\Retina\Retinal-Vessel-Segmentation-Benchmark-main\Models_output\FRUnet\probability\STARE\im0239_prob.png
FRUnet,FRUnet,STARE,im0240,0.5,diagnostic_test_set_scan_equal_dataset_macro_F1,33920,7481,9323,372776,0.784404412274819,0.8193038815487549,0.8014744104720948,0.6687169781562968,0.7796717084319559,D:\Retina\Retinal-Vessel-Segmentation-Benchmark-main\config\test_data\STARE\masks\im0240.png,D:\Retina\Retinal-Vessel-Segmentation-Benchmark-main\Models_output\FRUnet\test_data\STARE\pred_masks\im0240.png,D:\Retina\Retinal-Vessel-Segmentation-Benchmark-main\Models_output\FRUnet\probability\STARE\im0240_prob.png
FRUnet,FRUnet,STARE,im0255,0.5,diagnostic_test_set_scan_equal_dataset_macro_F1,30133,8177,7770,377420,0.7950030340606284,0.7865570347167842,0.7907574823192893,0.6539279513888889,0.7700821469025131,D:\Retina\Retinal-Vessel-Segmentation-Benchmark-main\config\test_data\STARE\masks\im0255.png,D:\Retina\Retinal-Vessel-Segmentation-Benchmark-main\Models_output\FRUnet\test_data\STARE\pred_masks\im0255.png,D:\Retina\Retinal-Vessel-Segmentation-Benchmark-main\Models_output\FRUnet\probability\STARE\im0255_prob.png
FRUnet,FRUnet,STARE,im0291,0.5,diagnostic_test_set_scan_equal_dataset_macro_F1,16650,4829,4768,397253,0.7773835091978709,0.7751757530611295,0.7762780614028953,0.6343582123671276,0.7643439061003301,D:\Retina\Retinal-Vessel-Segmentation-Benchmark-main\config\test_data\STARE\masks\im0291.png,D:\Retina\Retinal-Vessel-Segmentation-Benchmark-main\Models_output\FRUnet\test_data\STARE\pred_masks\im0291.png,D:\Retina\Retinal-Vessel-Segmentation-Benchmark-main\Models_output\FRUnet\probability\STARE\im0291_prob.png
FRUnet,FRUnet,STARE,im0319,0.5,diagnostic_test_set_scan_equal_dataset_macro_F1,10555,2695,7690,402560,0.5785146615511099,0.7966037735849056,0.6702651214478489,0.5040592168099332,0.666955793202317,D:\Retina\Retinal-Vessel-Segmentation-Benchmark-main\config\test_data\STARE\masks\im0319.png,D:\Retina\Retinal-Vessel-Segmentation-Benchmark-main\Models_output\FRUnet\test_data\STARE\pred_masks\im0319.png,D:\Retina\Retinal-Vessel-Segmentation-Benchmark-main\Models_output\FRUnet\probability\STARE\im0319_prob.png
FRUnet,FRUnet,STARE,im0324,0.5,diagnostic_test_set_scan_equal_dataset_macro_F1,13652,2025,14609,393214,0.483068539683663,0.8708298781654653,0.6214210933588238,0.450769332364789,0.6317340658065461,D:\Retina\Retinal-Vessel-Segmentation-Benchmark-main\config\test_data\STARE\masks\im0324.png,D:\Retina\Retinal-Vessel-Segmentation-Benchmark-main\Models_output\FRUnet\test_data\STARE\pred_masks\im0324.png,D:\Retina\Retinal-Vessel-Segmentation-Benchmark-main\Models_output\FRUnet\probability\STARE\im0324_prob.png
FSG-Net-HRF,FSG-Net-HRF,AFIO,IM000001,0.55,diagnostic_test_set_scan_equal_dataset_macro_F1,82178,8358,62590,1350874,0.5676530725022104,0.9076831315719713,0.6984836636861252,0.5366691482831133,0.6962783937309904,D:\Retina\Retinal-Vessel-Segmentation-Benchmark-main\config\test_data\AFIO\masks\IM000001.png,D:\Retina\Retinal-Vessel-Segmentation-Benchmark-main\Models_output\FSG-Net-HRF\test_data\AFIO\pred_masks\IM000001.png,D:\Retina\Retinal-Vessel-Segmentation-Benchmark-main\Models_output\FSG-Net-HRF\test_data\AFIO\probability maps\IM000001.npy
FSG-Net-HRF,FSG-Net-HRF,AFIO,IM000004,0.55,diagnostic_test_set_scan_equal_dataset_macro_F1,64035,20808,23455,1395702,0.7319122185392616,0.7547470032884268,0.7431542420778376,0.5912851576206394,0.7276453575814411,D:\Retina\Retinal-Vessel-Segmentation-Benchmark-main\config\test_data\AFIO\masks\IM000004.png,D:\Retina\Retinal-Vessel-Segmentation-Benchmark-main\Models_output\FSG-Net-HRF\test_data\AFIO\pred_masks\IM000004.png,D:\Retina\Retinal-Vessel-Segmentation-Benchmark-main\Models_output\FSG-Net-HRF\test_data\AFIO\probability maps\IM000004.npy
FSG-Net-HRF,FSG-Net-HRF,AFIO,IM000023,0.55,diagnostic_test_set_scan_equal_dataset_macro_F1,39668,15141,23874,1425317,0.6242800037770294,0.7237497491287928,0.6703449907478602,0.5041495621671771,0.6588655025389764,D:\Retina\Retinal-Vessel-Segmentation-Benchmark-main\config\test_data\AFIO\masks\IM000023.png,D:\Retina\Retinal-Vessel-Segmentation-Benchmark-main\Models_output\FSG-Net-HRF\test_data\AFIO\pred_masks\IM000023.png,D:\Retina\Retinal-Vessel-Segmentation-Benchmark-main\Models_output\FSG-Net-HRF\test_data\AFIO\probability maps\IM000023.npy
FSG-Net-HRF,FSG-Net-HRF,AFIO,IM000024,0.55,diagnostic_test_set_scan_equal_dataset_macro_F1,47368,16968,28277,1411387,0.626188115539692,0.7362596369062422,0.6767775626692194,0.5114616738470841,0.663494412844986,D:\Retina\Retinal-Vessel-Segmentation-Benchmark-main\config\test_data\AFIO\masks\IM000024.png,D:\Retina\Retinal-Vessel-Segmentation-Benchmark-main\Models_output\FSG-Net-HRF\test_data\AFIO\pred_masks\IM000024.png,D:\Retina\Retinal-Vessel-Segmentation-Benchmark-main\Models_output\FSG-Net-HRF\test_data\AFIO\probability maps\IM000024.npy
FSG-Net-HRF,FSG-Net-HRF,AFIO,IM000135,0.55,diagnostic_test_set_scan_equal_dataset_macro_F1,90251,13641,60996,1339112,0.5967126620693303,0.868700188657452,0.7074653424211901,0.5473472902818883,0.6957355291443392,D:\Retina\Retinal-Vessel-Segmentation-Benchmark-main\config\test_data\AFIO\masks\IM000135.png,D:\Retina\Retinal-Vessel-Segmentation-Benchmark-main\Models_output\FSG-Net-HRF\test_data\AFIO\pred_masks\IM000135.png,D:\Retina\Retinal-Vessel-Segmentation-Benchmark-main\Models_output\FSG-Net-HRF\test_data\AFIO\probability maps\IM000135.npy
FSG-Net-HRF,FSG-Net-HRF,AFIO,IM000136,0.55,diagnostic_test_set_scan_equal_dataset_macro_F1,93279,8612,66940,1335169,0.5821968680368745,0.9154783052477647,0.7117546068444547,0.5524992448069371,0.7068465291301247,D:\Retina\Retinal-Vessel-Segmentation-Benchmark-main\config\test_data\AFIO\masks\IM000136.png,D:\Retina\Retinal-Vessel-Segmentation-Benchmark-main\Models_output\FSG-Net-HRF\test_data\AFIO\pred_masks\IM000136.png,D:\Retina\Retinal-Vessel-Segmentation-Benchmark-main\Models_output\FSG-Net-HRF\test_data\AFIO\probability maps\IM000136.npy
FSG-Net-HRF,FSG-Net-HRF,AFIO,IM000167,0.55,diagnostic_test_set_scan_equal_dataset_macro_F1,61015,9634,42771,1390580,0.5878923939645039,0.8636357202508175,0.6995729068134262,0.5379562687356727,0.6960211288835082,D:\Retina\Retinal-Vessel-Segmentation-Benchmark-main\config\test_data\AFIO\masks\IM000167.png,D:\Retina\Retinal-Vessel-Segmentation-Benchmark-main\Models_output\FSG-Net-HRF\test_data\AFIO\pred_masks\IM000167.png,D:\Retina\Retinal-Vessel-Segmentation-Benchmark-main\Models_output\FSG-Net-HRF\test_data\AFIO\probability maps\IM000167.npy
FSG-Net-HRF,FSG-Net-HRF,AFIO,IM000168,0.55,diagnostic_test_set_scan_equal_dataset_macro_F1,73711,13622,43637,1373030,0.6281402324709411,0.8440223054286466,0.7202524904607657,0.5628082767045889,0.709103117595666,D:\Retina\Retinal-Vessel-Segmentation-Benchmark-main\config\test_data\AFIO\masks\IM000168.png,D:\Retina\Retinal-Vessel-Segmentation-Benchmark-main\Models_output\FSG-Net-HRF\test_data\AFIO\pred_masks\IM000168.png,D:\Retina\Retinal-Vessel-Segmentation-Benchmark-main\Models_output\FSG-Net-HRF\test_data\AFIO\probability maps\IM000168.npy
FSG-Net-HRF,FSG-Net-HRF,AFIO,IM000189,0.55,diagnostic_test_set_scan_equal_dataset_macro_F1,72363,16387,47453,1367797,0.603951058289377,0.8153577464788733,0.6939098414890251,0.5312878570956587,0.680389576249277,D:\Retina\Retinal-Vessel-Segmentation-Benchmark-main\config\test_data\AFIO\masks\IM000189.png,D:\Retina\Retinal-Vessel-Segmentation-Benchmark-main\Models_output\FSG-Net-HRF\test_data\AFIO\pred_masks\IM000189.png,D:\Retina\Retinal-Vessel-Segmentation-Benchmark-main\Models_output\FSG-Net-HRF\test_data\AFIO\probability maps\IM000189.npy
FSG-Net-HRF,FSG-Net-HRF,AFIO,IM000209,0.55,diagnostic_test_set_scan_equal_dataset_macro_F1,54608,10174,31171,1408047,0.6366126907518157,0.8429502022166652,0.725393694250171,0.5691119610642711,0.718994499384914,D:\Retina\Retinal-Vessel-Segmentation-Benchmark-main\config\test_data\AFIO\masks\IM000209.png,D:\Retina\Retinal-Vessel-Segmentation-Benchmark-main\Models_output\FSG-Net-HRF\test_data\AFIO\pred_masks\IM000209.png,D:\Retina\Retinal-Vessel-Segmentation-Benchmark-main\Models_output\FSG-Net-HRF\test_data\AFIO\probability maps\IM000209.npy
FSG-Net-HRF,FSG-Net-HRF,AFIO,IM000210,0.55,diagnostic_test_set_scan_equal_dataset_macro_F1,64820,9331,48289,1381560,0.5730755289145868,0.8741621825733975,0.6922994766634626,0.5294021561581183,0.6899051456815165,D:\Retina\Retinal-Vessel-Segmentation-Benchmark-main\config\test_data\AFIO\masks\IM000210.png,D:\Retina\Retinal-Vessel-Segmentation-Benchmark-main\Models_output\FSG-Net-HRF\test_data\AFIO\pred_masks\IM000210.png,D:\Retina\Retinal-Vessel-Segmentation-Benchmark-main\Models_output\FSG-Net-HRF\test_data\AFIO\probability maps\IM000210.npy
FSG-Net-HRF,FSG-Net-HRF,AFIO,IM000333,0.55,diagnostic_test_set_scan_equal_dataset_macro_F1,67443,10511,51887,1374159,0.5651805916366379,0.865164071118865,0.6837148476308267,0.5194276076123875,0.679792967078755,D:\Retina\Retinal-Vessel-Segmentation-Benchmark-main\config\test_data\AFIO\masks\IM000333.png,D:\Retina\Retinal-Vessel-Segmentation-Benchmark-main\Models_output\FSG-Net-HRF\test_data\AFIO\pred_masks\IM000333.png,D:\Retina\Retinal-Vessel-Segmentation-Benchmark-main\Models_output\FSG-Net-HRF\test_data\AFIO\probability maps\IM000333.npy
FSG-Net-HRF,FSG-Net-HRF,AFIO,IM000389,0.55,diagnostic_test_set_scan_equal_dataset_macro_F1,53782,9068,45225,1395925,0.5432141161736039,0.8557199681782021,0.6645619281217371,0.49763590099467964,0.6651857457086064,D:\Retina\Retinal-Vessel-Segmentation-Benchmark-main\config\test_data\AFIO\masks\IM000389.png,D:\Retina\Retinal-Vessel-Segmentation-Benchmark-main\Models_output\FSG-Net-HRF\test_data\AFIO\pred_masks\IM000389.png,D:\Retina\Retinal-Vessel-Segmentation-Benchmark-main\Models_output\FSG-Net-HRF\test_data\AFIO\probability maps\IM000389.npy
FSG-Net-HRF,FSG-Net-HRF,AFIO,IM000390,0.55,diagnostic_test_set_scan_equal_dataset_macro_F1,69613,12925,51041,1370421,0.576963880186318,0.8434054617267198,0.6851942989881491,0.5211373045164285,0.677017377826206,D:\Retina\Retinal-Vessel-Segmentation-Benchmark-main\config\test_data\AFIO\masks\IM000390.png,D:\Retina\Retinal-Vessel-Segmentation-Benchmark-main\Models_output\FSG-Net-HRF\test_data\AFIO\pred_masks\IM000390.png,D:\Retina\Retinal-Vessel-Segmentation-Benchmark-main\Models_output\FSG-Net-HRF\test_data\AFIO\probability maps\IM000390.npy
FSG-Net-HRF,FSG-Net-HRF,AFIO,IM000678,0.55,diagnostic_test_set_scan_equal_dataset_macro_F1,54068,10076,40010,1399846,0.5747145985246285,0.8429159391369418,0.6834447801190732,0.5191159244964187,0.6801771108179682,D:\Retina\Retinal-Vessel-Segmentation-Benchmark-main\config\test_data\AFIO\masks\IM000678.png,D:\Retina\Retinal-Vessel-Segmentation-Benchmark-main\Models_output\FSG-Net-HRF\test_data\AFIO\pred_masks\IM000678.png,D:\Retina\Retinal-Vessel-Segmentation-Benchmark-main\Models_output\FSG-Net-HRF\test_data\AFIO\probability maps\IM000678.npy
FSG-Net-HRF,FSG-Net-HRF,AFIO,IM000679,0.55,diagnostic_test_set_scan_equal_dataset_macro_F1,50600,13716,48333,1391351,0.5114572488451781,0.7867404689346352,0.619911913702381,0.4491828600342657,0.6147041636556144,D:\Retina\Retinal-Vessel-Segmentation-Benchmark-main\config\test_data\AFIO\masks\IM000679.png,D:\Retina\Retinal-Vessel-Segmentation-Benchmark-main\Models_output\FSG-Net-HRF\test_data\AFIO\pred_masks\IM000679.png,D:\Retina\Retinal-Vessel-Segmentation-Benchmark-main\Models_output\FSG-Net-HRF\test_data\AFIO\probability maps\IM000679.npy
FSG-Net-HRF,FSG-Net-HRF,AFIO,IM000715,0.55,diagnostic_test_set_scan_equal_dataset_macro_F1,45712,18033,22453,1417802,0.6706080833272207,0.7171072240960076,0.6930786142066561,0.5303139283974106,0.6794356916120572,D:\Retina\Retinal-Vessel-Segmentation-Benchmark-main\config\test_data\AFIO\masks\IM000715.png,D:\Retina\Retinal-Vessel-Segmentation-Benchmark-main\Models_output\FSG-Net-HRF\test_data\AFIO\pred_masks\IM000715.png,D:\Retina\Retinal-Vessel-Segmentation-Benchmark-main\Models_output\FSG-Net-HRF\test_data\AFIO\probability maps\IM000715.npy
FSG-Net-HRF,FSG-Net-HRF,AFIO,IM000716,0.55,diagnostic_test_set_scan_equal_dataset_macro_F1,35805,18394,26497,1423304,0.574700651664473,0.6606210446687208,0.6146728354263054,0.4437022900763359,0.600799920404645,D:\Retina\Retinal-Vessel-Segmentation-Benchmark-main\config\test_data\AFIO\masks\IM000716.png,D:\Retina\Retinal-Vessel-Segmentation-Benchmark-main\Models_output\FSG-Net-HRF\test_data\AFIO\pred_masks\IM000716.png,D:\Retina\Retinal-Vessel-Segmentation-Benchmark-main\Models_output\FSG-Net-HRF\test_data\AFIO\probability maps\IM000716.npy
FSG-Net-HRF,FSG-Net-HRF,AFIO,IM000938,0.55,diagnostic_test_set_scan_equal_dataset_macro_F1,39692,9892,36600,1417816,0.520264247889687,0.8005001613423685,0.6306523880644443,0.4605495219530307,0.6308782137660276,D:\Retina\Retinal-Vessel-Segmentation-Benchmark-main\config\test_data\AFIO\masks\IM000938.png,D:\Retina\Retinal-Vessel-Segmentation-Benchmark-main\Models_output\FSG-Net-HRF\test_data\AFIO\pred_masks\IM000938.png,D:\Retina\Retinal-Vessel-Segmentation-Benchmark-main\Models_output\FSG-Net-HRF\test_data\AFIO\probability maps\IM000938.npy
FSG-Net-HRF,FSG-Net-HRF,AFIO,IM001031,0.55,diagnostic_test_set_scan_equal_dataset_macro_F1,54978,14058,37147,1397817,0.596776119402985,0.7963671128107075,0.6822742474916388,0.5177664974619289,0.6724079470487481,D:\Retina\Retinal-Vessel-Segmentation-Benchmark-main\config\test_data\AFIO\masks\IM001031.png,D:\Retina\Retinal-Vessel-Segmentation-Benchmark-main\Models_output\FSG-Net-HRF\test_data\AFIO\pred_masks\IM001031.png,D:\Retina\Retinal-Vessel-Segmentation-Benchmark-main\Models_output\FSG-Net-HRF\test_data\AFIO\probability maps\IM001031.npy
FSG-Net-HRF,FSG-Net-HRF,AFIO,IM001032,0.55,diagnostic_test_set_scan_equal_dataset_macro_F1,54978,14058,37147,1397817,0.596776119402985,0.7963671128107075,0.6822742474916388,0.5177664974619289,0.6724079470487481,D:\Retina\Retinal-Vessel-Segmentation-Benchmark-main\config\test_data\AFIO\masks\IM001032.png,D:\Retina\Retinal-Vessel-Segmentation-Benchmark-main\Models_output\FSG-Net-HRF\test_data\AFIO\pred_masks\IM001032.png,D:\Retina\Retinal-Vessel-Segmentation-Benchmark-main\Models_output\FSG-Net-HRF\test_data\AFIO\probability maps\IM001032.npy
FSG-Net-HRF,FSG-Net-HRF,AFIO,IM001034,0.55,diagnostic_test_set_scan_equal_dataset_macro_F1,34859,9251,41095,1418795,0.45894883745424864,0.7902743142144638,0.5806736407249468,0.40911918314652895,0.5872301454642337,D:\Retina\Retinal-Vessel-Segmentation-Benchmark-main\config\test_data\AFIO\masks\IM001034.png,D:\Retina\Retinal-Vessel-Segmentation-Benchmark-main\Models_output\FSG-Net-HRF\test_data\AFIO\pred_masks\IM001034.png,D:\Retina\Retinal-Vessel-Segmentation-Benchmark-main\Models_output\FSG-Net-HRF\test_data\AFIO\probability maps\IM001034.npy
FSG-Net-HRF,FSG-Net-HRF,AFIO,IM001069,0.55,diagnostic_test_set_scan_equal_dataset_macro_F1,54901,6842,47059,1395198,0.5384562573558258,0.8891858186353109,0.6707390823625713,0.5045955037591221,0.6760462287930027,D:\Retina\Retinal-Vessel-Segmentation-Benchmark-main\config\test_data\AFIO\masks\IM001069.png,D:\Retina\Retinal-Vessel-Segmentation-Benchmark-main\Models_output\FSG-Net-HRF\test_data\AFIO\pred_masks\IM001069.png,D:\Retina\Retinal-Vessel-Segmentation-Benchmark-main\Models_output\FSG-Net-HRF\test_data\AFIO\probability maps\IM001069.npy
FSG-Net-HRF,FSG-Net-HRF,AFIO,IM001070,0.55,diagnostic_test_set_scan_equal_dataset_macro_F1,52856,8331,56412,1386401,0.4837280814145038,0.8638436269142138,0.6201754128655658,0.4494596042483354,0.6277148714579405,D:\Retina\Retinal-Vessel-Segmentation-Benchmark-main\config\test_data\AFIO\masks\IM001070.png,D:\Retina\Retinal-Vessel-Segmentation-Benchmark-main\Models_output\FSG-Net-HRF\test_data\AFIO\pred_masks\IM001070.png,D:\Retina\Retinal-Vessel-Segmentation-Benchmark-main\Models_output\FSG-Net-HRF\test_data\AFIO\probability maps\IM001070.npy
FSG-Net-HRF,FSG-Net-HRF,AFIO,IM001096,0.55,diagnostic_test_set_scan_equal_dataset_macro_F1,76985,11648,55187,1360180,0.5824607329842932,0.8685816795098891,0.6973121079685696,0.5352871645111945,0.6900433929602808,D:\Retina\Retinal-Vessel-Segmentation-Benchmark-main\config\test_data\AFIO\masks\IM001096.png,D:\Retina\Retinal-Vessel-Segmentation-Benchmark-main\Models_output\FSG-Net-HRF\test_data\AFIO\pred_masks\IM001096.png,D:\Retina\Retinal-Vessel-Segmentation-Benchmark-main\Models_output\FSG-Net-HRF\test_data\AFIO\probability maps\IM001096.npy
FSG-Net-HRF,FSG-Net-HRF,AFIO,IM001097,0.55,diagnostic_test_set_scan_equal_dataset_macro_F1,73434,11739,45841,1372986,0.6156696709285265,0.862174632806171,0.7183635936766317,0.5605049842001618,0.7098505956725111,D:\Retina\Retinal-Vessel-Segmentation-Benchmark-main\config\test_data\AFIO\masks\IM001097.png,D:\Retina\Retinal-Vessel-Segmentation-Benchmark-main\Models_output\FSG-Net-HRF\test_data\AFIO\pred_masks\IM001097.png,D:\Retina\Retinal-Vessel-Segmentation-Benchmark-main\Models_output\FSG-Net-HRF\test_data\AFIO\probability maps\IM001097.npy
FSG-Net-HRF,FSG-Net-HRF,AFIO,IM001126,0.55,diagnostic_test_set_scan_equal_dataset_macro_F1,59954,12466,46279,1385301,0.5643632392947577,0.827865230599282,0.6711782057955925,0.5050927135022198,0.664738591460518,D:\Retina\Retinal-Vessel-Segmentation-Benchmark-main\config\test_data\AFIO\masks\IM001126.png,D:\Retina\Retinal-Vessel-Segmentation-Benchmark-main\Models_output\FSG-Net-HRF\test_data\AFIO\pred_masks\IM001126.png,D:\Retina\Retinal-Vessel-Segmentation-Benchmark-main\Models_output\FSG-Net-HRF\test_data\AFIO\probability maps\IM001126.npy
FSG-Net-HRF,FSG-Net-HRF,AFIO,IM001127,0.55,diagnostic_test_set_scan_equal_dataset_macro_F1,50134,9440,47024,1397402,0.5160048580662426,0.8415416121126666,0.6397417247275604,0.47030901142610554,0.6418819354381308,D:\Retina\Retinal-Vessel-Segmentation-Benchmark-main\config\test_data\AFIO\masks\IM001127.png,D:\Retina\Retinal-Vessel-Segmentation-Benchmark-main\Models_output\FSG-Net-HRF\test_data\AFIO\pred_masks\IM001127.png,D:\Retina\Retinal-Vessel-Segmentation-Benchmark-main\Models_output\FSG-Net-HRF\test_data\AFIO\probability maps\IM001127.npy
FSG-Net-HRF,FSG-Net-HRF,AFIO,IM001154,0.55,diagnostic_test_set_scan_equal_dataset_macro_F1,71063,10978,49942,1372017,0.5872732531713566,0.8661888567911167,0.6999694650473292,0.5384254032716335,0.6938778527881367,D:\Retina\Retinal-Vessel-Segmentation-Benchmark-main\config\test_data\AFIO\masks\IM001154.png,D:\Retina\Retinal-Vessel-Segmentation-Benchmark-main\Models_output\FSG-Net-HRF\test_data\AFIO\pred_masks\IM001154.png,D:\Retina\Retinal-Vessel-Segmentation-Benchmark-main\Models_output\FSG-Net-HRF\test_data\AFIO\probability maps\IM001154.npy
FSG-Net-HRF,FSG-Net-HRF,AFIO,IM001155,0.55,diagnostic_test_set_scan_equal_dataset_macro_F1,63388,9007,52364,1379241,0.5476190476190477,0.8755853304786242,0.6738135606733033,0.5080835851521734,0.67380513423727,D:\Retina\Retinal-Vessel-Segmentation-Benchmark-main\config\test_data\AFIO\masks\IM001155.png,D:\Retina\Retinal-Vessel-Segmentation-Benchmark-main\Models_output\FSG-Net-HRF\test_data\AFIO\pred_masks\IM001155.png,D:\Retina\Retinal-Vessel-Segmentation-Benchmark-main\Models_output\FSG-Net-HRF\test_data\AFIO\probability maps\IM001155.npy
FSG-Net-HRF,FSG-Net-HRF,AFIO,IM001192,0.55,diagnostic_test_set_scan_equal_dataset_macro_F1,83675,13886,74731,1331708,0.5282312538666465,0.8576685355828662,0.6537952157895355,0.4856580688598426,0.6455054913059382,D:\Retina\Retinal-Vessel-Segmentation-Benchmark-main\config\test_data\AFIO\masks\IM001192.png,D:\Retina\Retinal-Vessel-Segmentation-Benchmark-main\Models_output\FSG-Net-HRF\test_data\AFIO\pred_masks\IM001192.png,D:\Retina\Retinal-Vessel-Segmentation-Benchmark-main\Models_output\FSG-Net-HRF\test_data\AFIO\probability maps\IM001192.npy
FSG-Net-HRF,FSG-Net-HRF,AFIO,IM001193,0.55,diagnostic_test_set_scan_equal_dataset_macro_F1,86289,12569,81145,1323997,0.5153612766821554,0.8728580388031317,0.648078049659772,0.47937534374427093,0.6421920168432456,D:\Retina\Retinal-Vessel-Segmentation-Benchmark-main\config\test_data\AFIO\masks\IM001193.png,D:\Retina\Retinal-Vessel-Segmentation-Benchmark-main\Models_output\FSG-Net-HRF\test_data\AFIO\pred_masks\IM001193.png,D:\Retina\Retinal-Vessel-Segmentation-Benchmark-main\Models_output\FSG-Net-HRF\test_data\AFIO\probability maps\IM001193.npy
FSG-Net-HRF,FSG-Net-HRF,AFIO,IM001218,0.55,diagnostic_test_set_scan_equal_dataset_macro_F1,101782,11769,66501,1323948,0.6048263936345323,0.8963549418323045,0.7222833299034184,0.5652922489058716,0.7111509816445626,D:\Retina\Retinal-Vessel-Segmentation-Benchmark-main\config\test_data\AFIO\masks\IM001218.png,D:\Retina\Retinal-Vessel-Segmentation-Benchmark-main\Models_output\FSG-Net-HRF\test_data\AFIO\pred_masks\IM001218.png,D:\Retina\Retinal-Vessel-Segmentation-Benchmark-main\Models_output\FSG-Net-HRF\test_data\AFIO\probability maps\IM001218.npy
FSG-Net-HRF,FSG-Net-HRF,AFIO,IM001219,0.55,diagnostic_test_set_scan_equal_dataset_macro_F1,96751,13991,55681,1337577,0.634715807704419,0.8736613028480612,0.7352626019287618,0.5813559423877709,0.7214778677806744,D:\Retina\Retinal-Vessel-Segmentation-Benchmark-main\config\test_data\AFIO\masks\IM001219.png,D:\Retina\Retinal-Vessel-Segmentation-Benchmark-main\Models_output\FSG-Net-HRF\test_data\AFIO\pred_masks\IM001219.png,D:\Retina\Retinal-Vessel-Segmentation-Benchmark-main\Models_output\FSG-Net-HRF\test_data\AFIO\probability maps\IM001219.npy
FSG-Net-HRF,FSG-Net-HRF,AFIO,IM001246,0.55,diagnostic_test_set_scan_equal_dataset_macro_F1,67698,14439,49982,1371881,0.5752719238613189,0.824208334855181,0.6776000040036634,0.5124016984688047,0.6676102122929514,D:\Retina\Retinal-Vessel-Segmentation-Benchmark-main\config\test_data\AFIO\masks\IM001246.png,D:\Retina\Retinal-Vessel-Segmentation-Benchmark-main\Models_output\FSG-Net-HRF\test_data\AFIO\pred_masks\IM001246.png,D:\Retina\Retinal-Vessel-Segmentation-Benchmark-main\Models_output\FSG-Net-HRF\test_data\AFIO\probability maps\IM001246.npy
FSG-Net-HRF,FSG-Net-HRF,AFIO,IM001686,0.55,diagnostic_test_set_scan_equal_dataset_macro_F1,64710,12250,41340,1385700,0.6101838755304102,0.8408264033264033,0.7071744713403638,0.5469991546914624,0.6987618294597774,D:\Retina\Retinal-Vessel-Segmentation-Benchmark-main\config\test_data\AFIO\masks\IM001686.png,D:\Retina\Retinal-Vessel-Segmentation-Benchmark-main\Models_output\FSG-Net-HRF\test_data\AFIO\pred_masks\IM001686.png,D:\Retina\Retinal-Vessel-Segmentation-Benchmark-main\Models_output\FSG-Net-HRF\test_data\AFIO\probability maps\IM001686.npy
FSG-Net-HRF,FSG-Net-HRF,AFIO,IM001749,0.55,diagnostic_test_set_scan_equal_dataset_macro_F1,85880,12322,60423,1345375,0.5870009500830469,0.8745239404492781,0.7024805218707184,0.5414026792750197,0.6932312240375123,D:\Retina\Retinal-Vessel-Segmentation-Benchmark-main\config\test_data\AFIO\masks\IM001749.png,D:\Retina\Retinal-Vessel-Segmentation-Benchmark-main\Models_output\FSG-Net-HRF\test_data\AFIO\pred_masks\IM001749.png,D:\Retina\Retinal-Vessel-Segmentation-Benchmark-main\Models_output\FSG-Net-HRF\test_data\AFIO\probability maps\IM001749.npy
FSG-Net-HRF,FSG-Net-HRF,AFIO,IM001750,0.55,diagnostic_test_set_scan_equal_dataset_macro_F1,72245,12151,66265,1353339,0.5215868890332828,0.8560239821792502,0.6482104564255785,0.4795202474429348,0.6441598521711422,D:\Retina\Retinal-Vessel-Segmentation-Benchmark-main\config\test_data\AFIO\masks\IM001750.png,D:\Retina\Retinal-Vessel-Segmentation-Benchmark-main\Models_output\FSG-Net-HRF\test_data\AFIO\pred_masks\IM001750.png,D:\Retina\Retinal-Vessel-Segmentation-Benchmark-main\Models_output\FSG-Net-HRF\test_data\AFIO\probability maps\IM001750.npy
FSG-Net-HRF,FSG-Net-HRF,AFIO,IM001791,0.55,diagnostic_test_set_scan_equal_dataset_macro_F1,78825,10373,52039,1362763,0.6023428903288911,0.8837081548913652,0.7163890176404832,0.5581044627116124,0.7097479607750301,D:\Retina\Retinal-Vessel-Segmentation-Benchmark-main\config\test_data\AFIO\masks\IM001791.png,D:\Retina\Retinal-Vessel-Segmentation-Benchmark-main\Models_output\FSG-Net-HRF\test_data\AFIO\pred_masks\IM001791.png,D:\Retina\Retinal-Vessel-Segmentation-Benchmark-main\Models_output\FSG-Net-HRF\test_data\AFIO\probability maps\IM001791.npy
FSG-Net-HRF,FSG-Net-HRF,AFIO,IM001792,0.55,diagnostic_test_set_scan_equal_dataset_macro_F1,77137,11663,52485,1362715,0.5950918825508016,0.8686599099099099,0.706311635274835,0.5459673709169409,0.6984309272516999,D:\Retina\Retinal-Vessel-Segmentation-Benchmark-main\config\test_data\AFIO\masks\IM001792.png,D:\Retina\Retinal-Vessel-Segmentation-Benchmark-main\Models_output\FSG-Net-HRF\test_data\AFIO\pred_masks\IM001792.png,D:\Retina\Retinal-Vessel-Segmentation-Benchmark-main\Models_output\FSG-Net-HRF\test_data\AFIO\probability maps\IM001792.npy
FSG-Net-HRF,FSG-Net-HRF,AFIO,IM001814,0.55,diagnostic_test_set_scan_equal_dataset_macro_F1,71253,10528,46837,1375382,0.6033787788974511,0.8712659419669605,0.7129898784716142,0.5539893327528028,0.7067279131488092,D:\Retina\Retinal-Vessel-Segmentation-Benchmark-main\config\test_data\AFIO\masks\IM001814.png,D:\Retina\Retinal-Vessel-Segmentation-Benchmark-main\Models_output\FSG-Net-HRF\test_data\AFIO\pred_masks\IM001814.png,D:\Retina\Retinal-Vessel-Segmentation-Benchmark-main\Models_output\FSG-Net-HRF\test_data\AFIO\probability maps\IM001814.npy
FSG-Net-HRF,FSG-Net-HRF,AFIO,IM001858,0.55,diagnostic_test_set_scan_equal_dataset_macro_F1,79175,10905,50483,1363437,0.6106449274244551,0.8789409413854352,0.7206309332022682,0.5632705619544262,0.7129006612676752,D:\Retina\Retinal-Vessel-Segmentation-Benchmark-main\config\test_data\AFIO\masks\IM001858.png,D:\Retina\Retinal-Vessel-Segmentation-Benchmark-main\Models_output\FSG-Net-HRF\test_data\AFIO\pred_masks\IM001858.png,D:\Retina\Retinal-Vessel-Segmentation-Benchmark-main\Models_output\FSG-Net-HRF\test_data\AFIO\probability maps\IM001858.npy
FSG-Net-HRF,FSG-Net-HRF,AFIO,IM001859,0.55,diagnostic_test_set_scan_equal_dataset_macro_F1,61699,10927,39563,1391811,0.6093006260986352,0.8495442403546939,0.7096406882591093,0.5499558780272575,0.7031247410834329,D:\Retina\Retinal-Vessel-Segmentation-Benchmark-main\config\test_data\AFIO\masks\IM001859.png,D:\Retina\Retinal-Vessel-Segmentation-Benchmark-main\Models_output\FSG-Net-HRF\test_data\AFIO\pred_masks\IM001859.png,D:\Retina\Retinal-Vessel-Segmentation-Benchmark-main\Models_output\FSG-Net-HRF\test_data\AFIO\probability maps\IM001859.npy
FSG-Net-HRF,FSG-Net-HRF,AFIO,IM002094,0.55,diagnostic_test_set_scan_equal_dataset_macro_F1,36381,8705,41877,1417037,0.4648853791305681,0.8069245442044094,0.5899111428200804,0.41835033290019896,0.5975213389187116,D:\Retina\Retinal-Vessel-Segmentation-Benchmark-main\config\test_data\AFIO\masks\IM002094.png,D:\Retina\Retinal-Vessel-Segmentation-Benchmark-main\Models_output\FSG-Net-HRF\test_data\AFIO\pred_masks\IM002094.png,D:\Retina\Retinal-Vessel-Segmentation-Benchmark-main\Models_output\FSG-Net-HRF\test_data\AFIO\probability maps\IM002094.npy
FSG-Net-HRF,FSG-Net-HRF,AFIO,IM002348,0.55,diagnostic_test_set_scan_equal_dataset_macro_F1,65847,7358,53868,1376927,0.5500313243954391,0.8994877399084762,0.6826352892390627,0.5181824620493732,0.6851695439739877,D:\Retina\Retinal-Vessel-Segmentation-Benchmark-main\config\test_data\AFIO\masks\IM002348.png,D:\Retina\Retinal-Vessel-Segmentation-Benchmark-main\Models_output\FSG-Net-HRF\test_data\AFIO\pred_masks\IM002348.png,D:\Retina\Retinal-Vessel-Segmentation-Benchmark-main\Models_output\FSG-Net-HRF\test_data\AFIO\probability maps\IM002348.npy
FSG-Net-HRF,FSG-Net-HRF,AFIO,IM002350,0.55,diagnostic_test_set_scan_equal_dataset_macro_F1,75411,9898,52374,1366317,0.5901396877567789,0.8839747271682941,0.7077721568885093,0.5477146779195688,0.7027020041308408,D:\Retina\Retinal-Vessel-Segmentation-Benchmark-main\config\test_data\AFIO\masks\IM002350.png,D:\Retina\Retinal-Vessel-Segmentation-Benchmark-main\Models_output\FSG-Net-HRF\test_data\AFIO\pred_masks\IM002350.png,D:\Retina\Retinal-Vessel-Segmentation-Benchmark-main\Models_output\FSG-Net-HRF\test_data\AFIO\probability maps\IM002350.npy
FSG-Net-HRF,FSG-Net-HRF,AFIO,IM002421,0.55,diagnostic_test_set_scan_equal_dataset_macro_F1,78512,11301,57608,1356579,0.5767851895386423,0.8741718904835603,0.6950025007413703,0.5325699866369106,0.6883516679101097,D:\Retina\Retinal-Vessel-Segmentation-Benchmark-main\config\test_data\AFIO\masks\IM002421.png,D:\Retina\Retinal-Vessel-Segmentation-Benchmark-main\Models_output\FSG-Net-HRF\test_data\AFIO\pred_masks\IM002421.png,D:\Retina\Retinal-Vessel-Segmentation-Benchmark-main\Models_output\FSG-Net-HRF\test_data\AFIO\probability maps\IM002421.npy
FSG-Net-HRF,FSG-Net-HRF,AFIO,IM002422,0.55,diagnostic_test_set_scan_equal_dataset_macro_F1,70138,9075,49863,1374924,0.5844784626794777,0.8854354714503933,0.7041472988846166,0.5433852923858812,0.7010611116480246,D:\Retina\Retinal-Vessel-Segmentation-Benchmark-main\config\test_data\AFIO\masks\IM002422.png,D:\Retina\Retinal-Vessel-Segmentation-Benchmark-main\Models_output\FSG-Net-HRF\test_data\AFIO\pred_masks\IM002422.png,D:\Retina\Retinal-Vessel-Segmentation-Benchmark-main\Models_output\FSG-Net-HRF\test_data\AFIO\probability maps\IM002422.npy
FSG-Net-HRF,FSG-Net-HRF,AFIO,IM002471,0.55,diagnostic_test_set_scan_equal_dataset_macro_F1,68651,11349,53622,1370378,0.561456740245189,0.8581375,0.6787954892645088,0.5137701875439673,0.6737401498671614,D:\Retina\Retinal-Vessel-Segmentation-Benchmark-main\config\test_data\AFIO\masks\IM002471.png,D:\Retina\Retinal-Vessel-Segmentation-Benchmark-main\Models_output\FSG-Net-HRF\test_data\AFIO\pred_masks\IM002471.png,D:\Retina\Retinal-Vessel-Segmentation-Benchmark-main\Models_output\FSG-Net-HRF\test_data\AFIO\probability maps\IM002471.npy
FSG-Net-HRF,FSG-Net-HRF,AFIO,IM002587,0.55,diagnostic_test_set_scan_equal_dataset_macro_F1,69654,8416,43901,1382029,0.6133943903835146,0.8921993083130524,0.7269823874755382,0.5710701724180338,0.7233057402527847,D:\Retina\Retinal-Vessel-Segmentation-Benchmark-main\config\test_data\AFIO\masks\IM002587.png,D:\Retina\Retinal-Vessel-Segmentation-Benchmark-main\Models_output\FSG-Net-HRF\test_data\AFIO\pred_masks\IM002587.png,D:\Retina\Retinal-Vessel-Segmentation-Benchmark-main\Models_output\FSG-Net-HRF\test_data\AFIO\probability maps\IM002587.npy
FSG-Net-HRF,FSG-Net-HRF,AFIO,IM002649,0.55,diagnostic_test_set_scan_equal_dataset_macro_F1,64204,8397,68809,1362590,0.48268966191274537,0.8843404360821476,0.6245100041825945,0.4540272965136836,0.6312975276702953,D:\Retina\Retinal-Vessel-Segmentation-Benchmark-main\config\test_data\AFIO\masks\IM002649.png,D:\Retina\Retinal-Vessel-Segmentation-Benchmark-main\Models_output\FSG-Net-HRF\test_data\AFIO\pred_masks\IM002649.png,D:\Retina\Retinal-Vessel-Segmentation-Benchmark-main\Models_output\FSG-Net-HRF\test_data\AFIO\probability maps\IM002649.npy
FSG-Net-HRF,FSG-Net-HRF,AFIO,IM002742,0.55,diagnostic_test_set_scan_equal_dataset_macro_F1,43567,12448,53683,1394302,0.4479897172236504,0.77777381058645,0.5685185789319153,0.39715400463089573,0.5703257820418512,D:\Retina\Retinal-Vessel-Segmentation-Benchmark-main\config\test_data\AFIO\masks\IM002742.png,D:\Retina\Retinal-Vessel-Segmentation-Benchmark-main\Models_output\FSG-Net-HRF\test_data\AFIO\pred_masks\IM002742.png,D:\Retina\Retinal-Vessel-Segmentation-Benchmark-main\Models_output\FSG-Net-HRF\test_data\AFIO\probability maps\IM002742.npy
FSG-Net-HRF,FSG-Net-HRF,AFIO,IM002743,0.55,diagnostic_test_set_scan_equal_dataset_macro_F1,47191,9762,58267,1388780,0.4474862030381763,0.828595508577248,0.5811305884453638,0.4095729908002083,0.5892909946096989,D:\Retina\Retinal-Vessel-Segmentation-Benchmark-main\config\test_data\AFIO\masks\IM002743.png,D:\Retina\Retinal-Vessel-Segmentation-Benchmark-main\Models_output\FSG-Net-HRF\test_data\AFIO\pred_masks\IM002743.png,D:\Retina\Retinal-Vessel-Segmentation-Benchmark-main\Models_output\FSG-Net-HRF\test_data\AFIO\probability maps\IM002743.npy
FSG-Net-HRF,FSG-Net-HRF,AFIO,IM003024,0.55,diagnostic_test_set_scan_equal_dataset_macro_F1,58555,9542,44406,1391497,0.5687104826099203,0.8598763528496116,0.6846215903377801,0.5204750095553008,0.6824861496500192,D:\Retina\Retinal-Vessel-Segmentation-Benchmark-main\config\test_data\AFIO\masks\IM003024.png,D:\Retina\Retinal-Vessel-Segmentation-Benchmark-main\Models_output\FSG-Net-HRF\test_data\AFIO\pred_masks\IM003024.png,D:\Retina\Retinal-Vessel-Segmentation-Benchmark-main\Models_output\FSG-Net-HRF\test_data\AFIO\probability maps\IM003024.npy
FSG-Net-HRF,FSG-Net-HRF,AFIO,IM003537,0.55,diagnostic_test_set_scan_equal_dataset_macro_F1,89691,9549,72245,1332515,0.5538669597865824,0.9037787182587667,0.686824210494073,0.5230253374930752,0.6826594312263943,D:\Retina\Retinal-Vessel-Segmentation-Benchmark-main\config\test_data\AFIO\masks\IM003537.png,D:\Retina\Retinal-Vessel-Segmentation-Benchmark-main\Models_output\FSG-Net-HRF\test_data\AFIO\pred_masks\IM003537.png,D:\Retina\Retinal-Vessel-Segmentation-Benchmark-main\Models_output\FSG-Net-HRF\test_data\AFIO\probability maps\IM003537.npy
FSG-Net-HRF,FSG-Net-HRF,AFIO,IM003630,0.55,diagnostic_test_set_scan_equal_dataset_macro_F1,87045,12217,60654,1344084,0.5893404830093636,0.8769216820132578,0.7049291183628184,0.5443170164336276,0.6955924044137792,D:\Retina\Retinal-Vessel-Segmentation-Benchmark-main\config\test_data\AFIO\masks\IM003630.png,D:\Retina\Retinal-Vessel-Segmentation-Benchmark-main\Models_output\FSG-Net-HRF\test_data\AFIO\pred_masks\IM003630.png,D:\Retina\Retinal-Vessel-Segmentation-Benchmark-main\Models_output\FSG-Net-HRF\test_data\AFIO\probability maps\IM003630.npy
FSG-Net-HRF,FSG-Net-HRF,AFIO,IM003631,0.55,diagnostic_test_set_scan_equal_dataset_macro_F1,76272,12164,63889,1351675,0.544174199670379,0.8624542041702474,0.6673053452145041,0.5007188577055638,0.6614191862668719,D:\Retina\Retinal-Vessel-Segmentation-Benchmark-main\config\test_data\AFIO\masks\IM003631.png,D:\Retina\Retinal-Vessel-Segmentation-Benchmark-main\Models_output\FSG-Net-HRF\test_data\AFIO\pred_masks\IM003631.png,D:\Retina\Retinal-Vessel-Segmentation-Benchmark-main\Models_output\FSG-Net-HRF\test_data\AFIO\probability maps\IM003631.npy
FSG-Net-HRF,FSG-Net-HRF,AFIO,IM003705,0.55,diagnostic_test_set_scan_equal_dataset_macro_F1,37723,10811,51942,1403524,0.4207104221268053,0.7772489388882021,0.5459229082699585,0.375442891834866,0.5534565988444381,D:\Retina\Retinal-Vessel-Segmentation-Benchmark-main\config\test_data\AFIO\masks\IM003705.png,D:\Retina\Retinal-Vessel-Segmentation-Benchmark-main\Models_output\FSG-Net-HRF\test_data\AFIO\pred_masks\IM003705.png,D:\Retina\Retinal-Vessel-Segmentation-Benchmark-main\Models_output\FSG-Net-HRF\test_data\AFIO\probability maps\IM003705.npy
FSG-Net-HRF,FSG-Net-HRF,AFIO,IM004162,0.55,diagnostic_test_set_scan_equal_dataset_macro_F1,75163,12805,60967,1355065,0.5521413354881364,0.8544357038923245,0.6708047372131836,0.5046698224057474,0.6636274336032738,D:\Retina\Retinal-Vessel-Segmentation-Benchmark-main\config\test_data\AFIO\masks\IM004162.png,D:\Retina\Retinal-Vessel-Segmentation-Benchmark-main\Models_output\FSG-Net-HRF\test_data\AFIO\pred_masks\IM004162.png,D:\Retina\Retinal-Vessel-Segmentation-Benchmark-main\Models_output\FSG-Net-HRF\test_data\AFIO\probability maps\IM004162.npy
FSG-Net-HRF,FSG-Net-HRF,AFIO,IM004163,0.55,diagnostic_test_set_scan_equal_dataset_macro_F1,68437,12833,53445,1369285,0.5615021085968396,0.8420942537221607,0.6737516736236906,0.508013213079464,0.6665393769278528,D:\Retina\Retinal-Vessel-Segmentation-Benchmark-main\config\test_data\AFIO\masks\IM004163.png,D:\Retina\Retinal-Vessel-Segmentation-Benchmark-main\Models_output\FSG-Net-HRF\test_data\AFIO\pred_masks\IM004163.png,D:\Retina\Retinal-Vessel-Segmentation-Benchmark-main\Models_output\FSG-Net-HRF\test_data\AFIO\probability maps\IM004163.npy
FSG-Net-HRF,FSG-Net-HRF,AFIO,IM004455,0.55,diagnostic_test_set_scan_equal_dataset_macro_F1,63038,7958,57919,1375085,0.5211604123779525,0.8879091779818581,0.6568066141190813,0.48898886863437147,0.6609103279454144,D:\Retina\Retinal-Vessel-Segmentation-Benchmark-main\config\test_data\AFIO\masks\IM004455.png,D:\Retina\Retinal-Vessel-Segmentation-Benchmark-main\Models_output\FSG-Net-HRF\test_data\AFIO\pred_masks\IM004455.png,D:\Retina\Retinal-Vessel-Segmentation-Benchmark-main\Models_output\FSG-Net-HRF\test_data\AFIO\probability maps\IM004455.npy
FSG-Net-HRF,FSG-Net-HRF,AFIO,IM004512,0.55,diagnostic_test_set_scan_equal_dataset_macro_F1,55358,8647,52205,1387790,0.5146565268726235,0.8649011795953441,0.6453184743075632,0.47636175888477755,0.6491053419435464,D:\Retina\Retinal-Vessel-Segmentation-Benchmark-main\config\test_data\AFIO\masks\IM004512.png,D:\Retina\Retinal-Vessel-Segmentation-Benchmark-main\Models_output\FSG-Net-HRF\test_data\AFIO\pred_masks\IM004512.png,D:\Retina\Retinal-Vessel-Segmentation-Benchmark-main\Models_output\FSG-Net-HRF\test_data\AFIO\probability maps\IM004512.npy
FSG-Net-HRF,FSG-Net-HRF,AFIO,IM004513,0.55,diagnostic_test_set_scan_equal_dataset_macro_F1,59050,10899,42083,1391968,0.58388458762224,0.8441864787202105,0.6903122479278943,0.527081548129106,0.6851587358251183,D:\Retina\Retinal-Vessel-Segmentation-Benchmark-main\config\test_data\AFIO\masks\IM004513.png,D:\Retina\Retinal-Vessel-Segmentation-Benchmark-main\Models_output\FSG-Net-HRF\test_data\AFIO\pred_masks\IM004513.png,D:\Retina\Retinal-Vessel-Segmentation-Benchmark-main\Models_output\FSG-Net-HRF\test_data\AFIO\probability maps\IM004513.npy
FSG-Net-HRF,FSG-Net-HRF,AFIO,IM004515,0.55,diagnostic_test_set_scan_equal_dataset_macro_F1,70844,6859,61273,1365024,0.5362216822967522,0.9117279899102995,0.675283576398818,0.5097570803591988,0.6793444809273985,D:\Retina\Retinal-Vessel-Segmentation-Benchmark-main\config\test_data\AFIO\masks\IM004515.png,D:\Retina\Retinal-Vessel-Segmentation-Benchmark-main\Models_output\FSG-Net-HRF\test_data\AFIO\pred_masks\IM004515.png,D:\Retina\Retinal-Vessel-Segmentation-Benchmark-main\Models_output\FSG-Net-HRF\test_data\AFIO\probability maps\IM004515.npy
FSG-Net-HRF,FSG-Net-HRF,AFIO,IM004516,0.55,diagnostic_test_set_scan_equal_dataset_macro_F1,79968,11143,57522,1355367,0.5816277547457996,0.8776986313397943,0.6996294854353218,0.5380231846225266,0.6928126628200215,D:\Retina\Retinal-Vessel-Segmentation-Benchmark-main\config\test_data\AFIO\masks\IM004516.png,D:\Retina\Retinal-Vessel-Segmentation-Benchmark-main\Models_output\FSG-Net-HRF\test_data\AFIO\pred_masks\IM004516.png,D:\Retina\Retinal-Vessel-Segmentation-Benchmark-main\Models_output\FSG-Net-HRF\test_data\AFIO\probability maps\IM004516.npy
FSG-Net-HRF,FSG-Net-HRF,AFIO,IM004538,0.55,diagnostic_test_set_scan_equal_dataset_macro_F1,56350,7749,50373,1389528,0.528002398733169,0.879108878453642,0.6597510859257004,0.49226011601090225,0.6640924667799477,D:\Retina\Retinal-Vessel-Segmentation-Benchmark-main\config\test_data\AFIO\masks\IM004538.png,D:\Retina\Retinal-Vessel-Segmentation-Benchmark-main\Models_output\FSG-Net-HRF\test_data\AFIO\pred_masks\IM004538.png,D:\Retina\Retinal-Vessel-Segmentation-Benchmark-main\Models_output\FSG-Net-HRF\test_data\AFIO\probability maps\IM004538.npy
FSG-Net-HRF,FSG-Net-HRF,AFIO,IM004539,0.55,diagnostic_test_set_scan_equal_dataset_macro_F1,56854,8123,44928,1394095,0.5585859975241202,0.8749865336965388,0.6818702438848878,0.5173013056730813,0.6829550548833675,D:\Retina\Retinal-Vessel-Segmentation-Benchmark-main\config\test_data\AFIO\masks\IM004539.png,D:\Retina\Retinal-Vessel-Segmentation-Benchmark-main\Models_output\FSG-Net-HRF\test_data\AFIO\pred_masks\IM004539.png,D:\Retina\Retinal-Vessel-Segmentation-Benchmark-main\Models_output\FSG-Net-HRF\test_data\AFIO\probability maps\IM004539.npy
FSG-Net-HRF,FSG-Net-HRF,AFIO,IM004564,0.55,diagnostic_test_set_scan_equal_dataset_macro_F1,62057,8401,40662,1392880,0.6041433425169638,0.8807658463197934,0.7166887057750164,0.5584683225341973,0.7140463102916516,D:\Retina\Retinal-Vessel-Segmentation-Benchmark-main\config\test_data\AFIO\masks\IM004564.png,D:\Retina\Retinal-Vessel-Segmentation-Benchmark-main\Models_output\FSG-Net-HRF\test_data\AFIO\pred_masks\IM004564.png,D:\Retina\Retinal-Vessel-Segmentation-Benchmark-main\Models_output\FSG-Net-HRF\test_data\AFIO\probability maps\IM004564.npy
FSG-Net-HRF,FSG-Net-HRF,AFIO,IM004790,0.55,diagnostic_test_set_scan_equal_dataset_macro_F1,55042,10683,51259,1387016,0.517793811911459,0.8374591099277292,0.6399265227349354,0.47050878752649933,0.6395692658357266,D:\Retina\Retinal-Vessel-Segmentation-Benchmark-main\config\test_data\AFIO\masks\IM004790.png,D:\Retina\Retinal-Vessel-Segmentation-Benchmark-main\Models_output\FSG-Net-HRF\test_data\AFIO\pred_masks\IM004790.png,D:\Retina\Retinal-Vessel-Segmentation-Benchmark-main\Models_output\FSG-Net-HRF\test_data\AFIO\probability maps\IM004790.npy
FSG-Net-HRF,FSG-Net-HRF,AFIO,IM004993,0.55,diagnostic_test_set_scan_equal_dataset_macro_F1,60371,7604,55905,1380120,0.5192043069937047,0.8881353438764251,0.655312589890964,0.48733451727478205,0.6604980517630861,D:\Retina\Retinal-Vessel-Segmentation-Benchmark-main\config\test_data\AFIO\masks\IM004993.png,D:\Retina\Retinal-Vessel-Segmentation-Benchmark-main\Models_output\FSG-Net-HRF\test_data\AFIO\pred_masks\IM004993.png,D:\Retina\Retinal-Vessel-Segmentation-Benchmark-main\Models_output\FSG-Net-HRF\test_data\AFIO\probability maps\IM004993.npy
FSG-Net-HRF,FSG-Net-HRF,AFIO,IM005024,0.55,diagnostic_test_set_scan_equal_dataset_macro_F1,73805,7865,70537,1351793,0.5113203364232171,0.9036978082527244,0.6531069146770968,0.48489885484898854,0.657100273491643,D:\Retina\Retinal-Vessel-Segmentation-Benchmark-main\config\test_data\AFIO\masks\IM005024.png,D:\Retina\Retinal-Vessel-Segmentation-Benchmark-main\Models_output\FSG-Net-HRF\test_data\AFIO\pred_masks\IM005024.png,D:\Retina\Retinal-Vessel-Segmentation-Benchmark-main\Models_output\FSG-Net-HRF\test_data\AFIO\probability maps\IM005024.npy
FSG-Net-HRF,FSG-Net-HRF,AFIO,IM005025,0.55,diagnostic_test_set_scan_equal_dataset_macro_F1,64804,7483,60713,1371000,0.516296597273676,0.8964820783820051,0.6552344745303432,0.4872481203007519,0.6605455010495859,D:\Retina\Retinal-Vessel-Segmentation-Benchmark-main\config\test_data\AFIO\masks\IM005025.png,D:\Retina\Retinal-Vessel-Segmentation-Benchmark-main\Models_output\FSG-Net-HRF\test_data\AFIO\pred_masks\IM005025.png,D:\Retina\Retinal-Vessel-Segmentation-Benchmark-main\Models_output\FSG-Net-HRF\test_data\AFIO\probability maps\IM005025.npy
FSG-Net-HRF,FSG-Net-HRF,AFIO,IM005060,0.55,diagnostic_test_set_scan_equal_dataset_macro_F1,88182,13838,58837,1343143,0.5998000258469993,0.8643599294256028,0.7081782371435799,0.548201197336765,0.6963366938843223,D:\Retina\Retinal-Vessel-Segmentation-Benchmark-main\config\test_data\AFIO\masks\IM005060.png,D:\Retina\Retinal-Vessel-Segmentation-Benchmark-main\Models_output\FSG-Net-HRF\test_data\AFIO\pred_masks\IM005060.png,D:\Retina\Retinal-Vessel-Segmentation-Benchmark-main\Models_output\FSG-Net-HRF\test_data\AFIO\probability maps\IM005060.npy
FSG-Net-HRF,FSG-Net-HRF,AFIO,IM005092,0.55,diagnostic_test_set_scan_equal_dataset_macro_F1,84689,8633,61859,1348819,0.5778925676228949,0.9074923383553717,0.7061241505815651,0.5457433577564264,0.7025664825736692,D:\Retina\Retinal-Vessel-Segmentation-Benchmark-main\config\test_data\AFIO\masks\IM005092.png,D:\Retina\Retinal-Vessel-Segmentation-Benchmark-main\Models_output\FSG-Net-HRF\test_data\AFIO\pred_masks\IM005092.png,D:\Retina\Retinal-Vessel-Segmentation-Benchmark-main\Models_output\FSG-Net-HRF\test_data\AFIO\probability maps\IM005092.npy
FSG-Net-HRF,FSG-Net-HRF,AFIO,IM005093,0.55,diagnostic_test_set_scan_equal_dataset_macro_F1,82483,9417,63011,1349089,0.5669168488047617,0.8975299238302503,0.6949038307623613,0.5324541188166109,0.6910973223066715,D:\Retina\Retinal-Vessel-Segmentation-Benchmark-main\config\test_data\AFIO\masks\IM005093.png,D:\Retina\Retinal-Vessel-Segmentation-Benchmark-main\Models_output\FSG-Net-HRF\test_data\AFIO\pred_masks\IM005093.png,D:\Retina\Retinal-Vessel-Segmentation-Benchmark-main\Models_output\FSG-Net-HRF\test_data\AFIO\probability maps\IM005093.npy
FSG-Net-HRF,FSG-Net-HRF,AFIO,IM005132,0.55,diagnostic_test_set_scan_equal_dataset_macro_F1,88685,8712,63631,1342972,0.5822434937892277,0.9105516597020442,0.7102954191411742,0.5507427279727749,0.7058657231305111,D:\Retina\Retinal-Vessel-Segmentation-Benchmark-main\config\test_data\AFIO\masks\IM005132.png,D:\Retina\Retinal-Vessel-Segmentation-Benchmark-main\Models_output\FSG-Net-HRF\test_data\AFIO\pred_masks\IM005132.png,D:\Retina\Retinal-Vessel-Segmentation-Benchmark-main\Models_output\FSG-Net-HRF\test_data\AFIO\probability maps\IM005132.npy
FSG-Net-HRF,FSG-Net-HRF,AFIO,IM005133,0.55,diagnostic_test_set_scan_equal_dataset_macro_F1,90944,11329,69116,1332611,0.568186929901287,0.889227850947953,0.6933477679133011,0.5306291535629475,0.6856758401180921,D:\Retina\Retinal-Vessel-Segmentation-Benchmark-main\config\test_data\AFIO\masks\IM005133.png,D:\Retina\Retinal-Vessel-Segmentation-Benchmark-main\Models_output\FSG-Net-HRF\test_data\AFIO\pred_masks\IM005133.png,D:\Retina\Retinal-Vessel-Segmentation-Benchmark-main\Models_output\FSG-Net-HRF\test_data\AFIO\probability maps\IM005133.npy
FSG-Net-HRF,FSG-Net-HRF,AFIO,IM005190,0.55,diagnostic_test_set_scan_equal_dataset_macro_F1,67545,9857,70089,1356509,0.4907580975631021,0.8726518694607375,0.628220391004297,0.45796014672081686,0.631038062444493,D:\Retina\Retinal-Vessel-Segmentation-Benchmark-main\config\test_data\AFIO\masks\IM005190.png,D:\Retina\Retinal-Vessel-Segmentation-Benchmark-main\Models_output\FSG-Net-HRF\test_data\AFIO\pred_masks\IM005190.png,D:\Retina\Retinal-Vessel-Segmentation-Benchmark-main\Models_output\FSG-Net-HRF\test_data\AFIO\probability maps\IM005190.npy
FSG-Net-HRF,FSG-Net-HRF,AFIO,IM005191,0.55,diagnostic_test_set_scan_equal_dataset_macro_F1,80743,10592,63810,1348855,0.5585702130014597,0.8840313132972026,0.6845876008953402,0.5204357214218956,0.679725728493159,D:\Retina\Retinal-Vessel-Segmentation-Benchmark-main\config\test_data\AFIO\masks\IM005191.png,D:\Retina\Retinal-Vessel-Segmentation-Benchmark-main\Models_output\FSG-Net-HRF\test_data\AFIO\pred_masks\IM005191.png,D:\Retina\Retinal-Vessel-Segmentation-Benchmark-main\Models_output\FSG-Net-HRF\test_data\AFIO\probability maps\IM005191.npy
FSG-Net-HRF,FSG-Net-HRF,AFIO,IM005249,0.55,diagnostic_test_set_scan_equal_dataset_macro_F1,61306,10218,54061,1378415,0.5313997937018384,0.857138862479727,0.6560615545959944,0.48816339530994945,0.6552856069317272,D:\Retina\Retinal-Vessel-Segmentation-Benchmark-main\config\test_data\AFIO\masks\IM005249.png,D:\Retina\Retinal-Vessel-Segmentation-Benchmark-main\Models_output\FSG-Net-HRF\test_data\AFIO\pred_masks\IM005249.png,D:\Retina\Retinal-Vessel-Segmentation-Benchmark-main\Models_output\FSG-Net-HRF\test_data\AFIO\probability maps\IM005249.npy
FSG-Net-HRF,FSG-Net-HRF,AFIO,IM005283,0.55,diagnostic_test_set_scan_equal_dataset_macro_F1,68306,6880,58908,1369906,0.5369377584228151,0.9084936025323863,0.6749604743083004,0.5093889361194386,0.6792153394313946,D:\Retina\Retinal-Vessel-Segmentation-Benchmark-main\config\test_data\AFIO\masks\IM005283.png,D:\Retina\Retinal-Vessel-Segmentation-Benchmark-main\Models_output\FSG-Net-HRF\test_data\AFIO\pred_masks\IM005283.png,D:\Retina\Retinal-Vessel-Segmentation-Benchmark-main\Models_output\FSG-Net-HRF\test_data\AFIO\probability maps\IM005283.npy
FSG-Net-HRF,FSG-Net-HRF,AFIO,IM005320,0.55,diagnostic_test_set_scan_equal_dataset_macro_F1,32660,4935,38115,1428290,0.46146238078417523,0.8687325442213061,0.6027498385161946,0.43138290846651695,0.6212819009516213,D:\Retina\Retinal-Vessel-Segmentation-Benchmark-main\config\test_data\AFIO\masks\IM005320.png,D:\Retina\Retinal-Vessel-Segmentation-Benchmark-main\Models_output\FSG-Net-HRF\test_data\AFIO\pred_masks\IM005320.png,D:\Retina\Retinal-Vessel-Segmentation-Benchmark-main\Models_output\FSG-Net-HRF\test_data\AFIO\probability maps\IM005320.npy
FSG-Net-HRF,FSG-Net-HRF,AFIO,IM005321,0.55,diagnostic_test_set_scan_equal_dataset_macro_F1,43907,11558,34352,1414183,0.5610472916853013,0.7916163346254395,0.656680924890072,0.4888495496398232,0.6516163369534546,D:\Retina\Retinal-Vessel-Segmentation-Benchmark-main\config\test_data\AFIO\masks\IM005321.png,D:\Retina\Retinal-Vessel-Segmentation-Benchmark-main\Models_output\FSG-Net-HRF\test_data\AFIO\pred_masks\IM005321.png,D:\Retina\Retinal-Vessel-Segmentation-Benchmark-main\Models_output\FSG-Net-HRF\test_data\AFIO\probability maps\IM005321.npy
FSG-Net-HRF,FSG-Net-HRF,AFIO,IM005357,0.55,diagnostic_test_set_scan_equal_dataset_macro_F1,61031,11194,40028,1391747,0.6039145449687806,0.845012114918657,0.7044043304632857,0.5436914826329808,0.6977909997941721,D:\Retina\Retinal-Vessel-Segmentation-Benchmark-main\config\test_data\AFIO\masks\IM005357.png,D:\Retina\Retinal-Vessel-Segmentation-Benchmark-main\Models_output\FSG-Net-HRF\test_data\AFIO\pred_masks\IM005357.png,D:\Retina\Retinal-Vessel-Segmentation-Benchmark-main\Models_output\FSG-Net-HRF\test_data\AFIO\probability maps\IM005357.npy
FSG-Net-HRF,FSG-Net-HRF,AFIO,IM005387,0.55,diagnostic_test_set_scan_equal_dataset_macro_F1,71156,9756,51712,1371376,0.5791255656476869,0.8794245600158197,0.6983609775247817,0.5365243093256122,0.6944765508696051,D:\Retina\Retinal-Vessel-Segmentation-Benchmark-main\config\test_data\AFIO\masks\IM005387.png,D:\Retina\Retinal-Vessel-Segmentation-Benchmark-main\Models_output\FSG-Net-HRF\test_data\AFIO\pred_masks\IM005387.png,D:\Retina\Retinal-Vessel-Segmentation-Benchmark-main\Models_output\FSG-Net-HRF\test_data\AFIO\probability maps\IM005387.npy
FSG-Net-HRF,FSG-Net-HRF,AFIO,IM005456,0.55,diagnostic_test_set_scan_equal_dataset_macro_F1,51620,7643,47456,1397281,0.5210141709394808,0.8710325160724229,0.6520187698545525,0.48370018459693215,0.657378442694222,D:\Retina\Retinal-Vessel-Segmentation-Benchmark-main\config\test_data\AFIO\masks\IM005456.png,D:\Retina\Retinal-Vessel-Segmentation-Benchmark-main\Models_output\FSG-Net-HRF\test_data\AFIO\pred_masks\IM005456.png,D:\Retina\Retinal-Vessel-Segmentation-Benchmark-main\Models_output\FSG-Net-HRF\test_data\AFIO\probability maps\IM005456.npy
FSG-Net-HRF,FSG-Net-HRF,AFIO,IM005457,0.55,diagnostic_test_set_scan_equal_dataset_macro_F1,49640,5698,50301,1398361,0.4966930488988503,0.8970327803679208,0.6393652715434798,0.4699022141443974,0.6517699915520135,D:\Retina\Retinal-Vessel-Segmentation-Benchmark-main\config\test_data\AFIO\masks\IM005457.png,D:\Retina\Retinal-Vessel-Segmentation-Benchmark-main\Models_output\FSG-Net-HRF\test_data\AFIO\pred_masks\IM005457.png,D:\Retina\Retinal-Vessel-Segmentation-Benchmark-main\Models_output\FSG-Net-HRF\test_data\AFIO\probability maps\IM005457.npy
FSG-Net-HRF,FSG-Net-HRF,AFIO,IM005488,0.55,diagnostic_test_set_scan_equal_dataset_macro_F1,91452,11357,66614,1334577,0.5785684460921388,0.8895330175373751,0.7011173933876379,0.5397850350896868,0.6928530058181805,D:\Retina\Retinal-Vessel-Segmentation-Benchmark-main\config\test_data\AFIO\masks\IM005488.png,D:\Retina\Retinal-Vessel-Segmentation-Benchmark-main\Models_output\FSG-Net-HRF\test_data\AFIO\pred_masks\IM005488.png,D:\Retina\Retinal-Vessel-Segmentation-Benchmark-main\Models_output\FSG-Net-HRF\test_data\AFIO\probability maps\IM005488.npy
FSG-Net-HRF,FSG-Net-HRF,AFIO,IM005489,0.55,diagnostic_test_set_scan_equal_dataset_macro_F1,80499,7417,74056,1342028,0.5208437125942221,0.9156353792256244,0.6639886831827311,0.49699330748524434,0.6670228742264498,D:\Retina\Retinal-Vessel-Segmentation-Benchmark-main\config\test_data\AFIO\masks\IM005489.png,D:\Retina\Retinal-Vessel-Segmentation-Benchmark-main\Models_output\FSG-Net-HRF\test_data\AFIO\pred_masks\IM005489.png,D:\Retina\Retinal-Vessel-Segmentation-Benchmark-main\Models_output\FSG-Net-HRF\test_data\AFIO\probability maps\IM005489.npy
FSG-Net-HRF,FSG-Net-HRF,AFIO,IM005523,0.55,diagnostic_test_set_scan_equal_dataset_macro_F1,74819,10265,59402,1359514,0.5574314004514942,0.8793545202388228,0.6823282642894599,0.5178287169691181,0.6786510453094989,D:\Retina\Retinal-Vessel-Segmentation-Benchmark-main\config\test_data\AFIO\masks\IM005523.png,D:\Retina\Retinal-Vessel-Segmentation-Benchmark-main\Models_output\FSG-Net-HRF\test_data\AFIO\pred_masks\IM005523.png,D:\Retina\Retinal-Vessel-Segmentation-Benchmark-main\Models_output\FSG-Net-HRF\test_data\AFIO\probability maps\IM005523.npy
FSG-Net-HRF,FSG-Net-HRF,AFIO,IM005524,0.55,diagnostic_test_set_scan_equal_dataset_macro_F1,78113,7420,81449,1337018,0.4895463832240759,0.9132498567804239,0.6374099838838002,0.4677929357655316,0.6436185540566252,D:\Retina\Retinal-Vessel-Segmentation-Benchmark-main\config\test_data\AFIO\masks\IM005524.png,D:\Retina\Retinal-Vessel-Segmentation-Benchmark-main\Models_output\FSG-Net-HRF\test_data\AFIO\pred_masks\IM005524.png,D:\Retina\Retinal-Vessel-Segmentation-Benchmark-main\Models_output\FSG-Net-HRF\test_data\AFIO\probability maps\IM005524.npy
FSG-Net-HRF,FSG-Net-HRF,AFIO,IM005558,0.55,diagnostic_test_set_scan_equal_dataset_macro_F1,84370,8775,63538,1347317,0.5704221543121399,0.9057920446615492,0.7000120305492982,0.5384757759297435,0.6967245102283045,D:\Retina\Retinal-Vessel-Segmentation-Benchmark-main\config\test_data\AFIO\masks\IM005558.png,D:\Retina\Retinal-Vessel-Segmentation-Benchmark-main\Models_output\FSG-Net-HRF\test_data\AFIO\pred_masks\IM005558.png,D:\Retina\Retinal-Vessel-Segmentation-Benchmark-main\Models_output\FSG-Net-HRF\test_data\AFIO\probability maps\IM005558.npy
FSG-Net-HRF,FSG-Net-HRF,AFIO,IM005713,0.55,diagnostic_test_set_scan_equal_dataset_macro_F1,81802,7821,64929,1349448,0.5574963709100327,0.9127344543253406,0.6921989896511166,0.5292846420622186,0.6915623966812117,D:\Retina\Retinal-Vessel-Segmentation-Benchmark-main\config\test_data\AFIO\masks\IM005713.png,D:\Retina\Retinal-Vessel-Segmentation-Benchmark-main\Models_output\FSG-Net-HRF\test_data\AFIO\pred_masks\IM005713.png,D:\Retina\Retinal-Vessel-Segmentation-Benchmark-main\Models_output\FSG-Net-HRF\test_data\AFIO\probability maps\IM005713.npy
FSG-Net-HRF,FSG-Net-HRF,AFIO,IM005806,0.55,diagnostic_test_set_scan_equal_dataset_macro_F1,57908,7102,55805,1383185,0.5092469638475812,0.890755268420243,0.6480195609966259,0.47931134379009227,0.6553726697691049,D:\Retina\Retinal-Vessel-Segmentation-Benchmark-main\config\test_data\AFIO\masks\IM005806.png,D:\Retina\Retinal-Vessel-Segmentation-Benchmark-main\Models_output\FSG-Net-HRF\test_data\AFIO\pred_masks\IM005806.png,D:\Retina\Retinal-Vessel-Segmentation-Benchmark-main\Models_output\FSG-Net-HRF\test_data\AFIO\probability maps\IM005806.npy
FSG-Net-HRF,FSG-Net-HRF,AFIO,IM005833,0.55,diagnostic_test_set_scan_equal_dataset_macro_F1,80268,17268,68740,1337724,0.5386824868463438,0.8229576771653543,0.6511454344863391,0.4827395414852414,0.6380597379968932,D:\Retina\Retinal-Vessel-Segmentation-Benchmark-main\config\test_data\AFIO\masks\IM005833.png,D:\Retina\Retinal-Vessel-Segmentation-Benchmark-main\Models_output\FSG-Net-HRF\test_data\AFIO\pred_masks\IM005833.png,D:\Retina\Retinal-Vessel-Segmentation-Benchmark-main\Models_output\FSG-Net-HRF\test_data\AFIO\probability maps\IM005833.npy
FSG-Net-HRF,FSG-Net-HRF,AFIO,IM005834,0.55,diagnostic_test_set_scan_equal_dataset_macro_F1,94961,7742,73700,1327597,0.5630287974101896,0.9246175866333018,0.6998791291401955,0.5383185093224038,0.6970785592234958,D:\Retina\Retinal-Vessel-Segmentation-Benchmark-main\config\test_data\AFIO\masks\IM005834.png,D:\Retina\Retinal-Vessel-Segmentation-Benchmark-main\Models_output\FSG-Net-HRF\test_data\AFIO\pred_masks\IM005834.png,D:\Retina\Retinal-Vessel-Segmentation-Benchmark-main\Models_output\FSG-Net-HRF\test_data\AFIO\probability maps\IM005834.npy
FSG-Net-HRF,FSG-Net-HRF,AFIO,IM006037,0.55,diagnostic_test_set_scan_equal_dataset_macro_F1,66837,10563,45400,1381200,0.5954988105526698,0.8635271317829457,0.7048940871243482,0.5442752442996742,0.6992609922445898,D:\Retina\Retinal-Vessel-Segmentation-Benchmark-main\config\test_data\AFIO\masks\IM006037.png,D:\Retina\Retinal-Vessel-Segmentation-Benchmark-main\Models_output\FSG-Net-HRF\test_data\AFIO\pred_masks\IM006037.png,D:\Retina\Retinal-Vessel-Segmentation-Benchmark-main\Models_output\FSG-Net-HRF\test_data\AFIO\probability maps\IM006037.npy
FSG-Net-HRF,FSG-Net-HRF,AFIO,IM006105,0.55,diagnostic_test_set_scan_equal_dataset_macro_F1,69158,6983,70755,1357104,0.4942928820052461,0.9082885698900723,0.6401918039008766,0.470795664960244,0.6481286587608034,D:\Retina\Retinal-Vessel-Segmentation-Benchmark-main\config\test_data\AFIO\masks\IM006105.png,D:\Retina\Retinal-Vessel-Segmentation-Benchmark-main\Models_output\FSG-Net-HRF\test_data\AFIO\pred_masks\IM006105.png,D:\Retina\Retinal-Vessel-Segmentation-Benchmark-main\Models_output\FSG-Net-HRF\test_data\AFIO\probability maps\IM006105.npy
FSG-Net-HRF,FSG-Net-HRF,AFIO,IM006106,0.55,diagnostic_test_set_scan_equal_dataset_macro_F1,82299,8764,67326,1345611,0.5500350877192982,0.9037589361211469,0.6838645881805492,0.5196004773058736,0.6821659231816435,D:\Retina\Retinal-Vessel-Segmentation-Benchmark-main\config\test_data\AFIO\masks\IM006106.png,D:\Retina\Retinal-Vessel-Segmentation-Benchmark-main\Models_output\FSG-Net-HRF\test_data\AFIO\pred_masks\IM006106.png,D:\Retina\Retinal-Vessel-Segmentation-Benchmark-main\Models_output\FSG-Net-HRF\test_data\AFIO\probability maps\IM006106.npy
FSG-Net-HRF,FSG-Net-HRF,CHASEDB1,Image_01L,0.55,diagnostic_test_set_scan_equal_dataset_macro_F1,60152,15206,6733,876949,0.8993346789265156,0.7982165131771013,0.8457639391745112,0.7327478042659975,0.8351865016486104,D:\Retina\Retinal-Vessel-Segmentation-Benchmark-main\config\test_data\CHASEDB1\masks\Image_01L.png,D:\Retina\Retinal-Vessel-Segmentation-Benchmark-main\Models_output\FSG-Net-HRF\test_data\CHASEDB1\pred_masks\Image_01L.png,D:\Retina\Retinal-Vessel-Segmentation-Benchmark-main\Models_output\FSG-Net-HRF\test_data\CHASEDB1\probability maps\Image_01L.npy
FSG-Net-HRF,FSG-Net-HRF,CHASEDB1,Image_01R,0.55,diagnostic_test_set_scan_equal_dataset_macro_F1,60399,12539,12439,873663,0.829223756830226,0.8280868682991034,0.8286549226210075,0.7074387715661127,0.8145616353343762,D:\Retina\Retinal-Vessel-Segmentation-Benchmark-main\config\test_data\CHASEDB1\masks\Image_01R.png,D:\Retina\Retinal-Vessel-Segmentation-Benchmark-main\Models_output\FSG-Net-HRF\test_data\CHASEDB1\pred_masks\Image_01R.png,D:\Retina\Retinal-Vessel-Segmentation-Benchmark-main\Models_output\FSG-Net-HRF\test_data\CHASEDB1\probability maps\Image_01R.npy
FSG-Net-HRF,FSG-Net-HRF,CHASEDB1,Image_02L,0.55,diagnostic_test_set_scan_equal_dataset_macro_F1,54318,13610,23502,867610,0.6979953739398612,0.7996407961370863,0.7453687186102038,0.5940938422837143,0.7264943725969879,D:\Retina\Retinal-Vessel-Segmentation-Benchmark-main\config\test_data\CHASEDB1\masks\Image_02L.png,D:\Retina\Retinal-Vessel-Segmentation-Benchmark-main\Models_output\FSG-Net-HRF\test_data\CHASEDB1\pred_masks\Image_02L.png,D:\Retina\Retinal-Vessel-Segmentation-Benchmark-main\Models_output\FSG-Net-HRF\test_data\CHASEDB1\probability maps\Image_02L.npy
FSG-Net-HRF,FSG-Net-HRF,CHASEDB1,Image_02R,0.55,diagnostic_test_set_scan_equal_dataset_macro_F1,59149,17211,15741,866939,0.7898117238616638,0.774607124148769,0.7821355371900827,0.6422188684161952,0.7635295984695579,D:\Retina\Retinal-Vessel-Segmentation-Benchmark-main\config\test_data\CHASEDB1\masks\Image_02R.png,D:\Retina\Retinal-Vessel-Segmentation-Benchmark-main\Models_output\FSG-Net-HRF\test_data\CHASEDB1\pred_masks\Image_02R.png,D:\Retina\Retinal-Vessel-Segmentation-Benchmark-main\Models_output\FSG-Net-HRF\test_data\CHASEDB1\probability maps\Image_02R.npy
FSG-Net-HRF,FSG-Net-HRF,CHASEDB1,Image_03L,0.55,diagnostic_test_set_scan_equal_dataset_macro_F1,57947,15657,17249,868187,0.7706127985531145,0.7872805825770338,0.7788575268817204,0.6378105290964525,0.760312452188645,D:\Retina\Retinal-Vessel-Segmentation-Benchmark-main\config\test_data\CHASEDB1\masks\Image_03L.png,D:\Retina\Retinal-Vessel-Segmentation-Benchmark-main\Models_output\FSG-Net-HRF\test_data\CHASEDB1\pred_masks\Image_03L.png,D:\Retina\Retinal-Vessel-Segmentation-Benchmark-main\Models_output\FSG-Net-HRF\test_data\CHASEDB1\probability maps\Image_03L.npy
FSG-Net-HRF,FSG-Net-HRF,CHASEDB1,Image_03R,0.55,diagnostic_test_set_scan_equal_dataset_macro_F1,60543,16698,11878,869921,0.8359867994090112,0.783819474113489,0.8090630888268231,0.6793500824739954,0.7934063145664113,D:\Retina\Retinal-Vessel-Segmentation-Benchmark-main\config\test_data\CHASEDB1\masks\Image_03R.png,D:\Retina\Retinal-Vessel-Segmentation-Benchmark-main\Models_output\FSG-Net-HRF\test_data\CHASEDB1\pred_masks\Image_03R.png,D:\Retina\Retinal-Vessel-Segmentation-Benchmark-main\Models_output\FSG-Net-HRF\test_data\CHASEDB1\probability maps\Image_03R.npy
FSG-Net-HRF,FSG-Net-HRF,CHASEDB1,Image_04L,0.55,diagnostic_test_set_scan_equal_dataset_macro_F1,65110,15811,10058,868061,0.8661930608769689,0.8046119054386377,0.834267629365298,0.7156596577232108,0.8202679891463127,D:\Retina\Retinal-Vessel-Segmentation-Benchmark-main\config\test_data\CHASEDB1\masks\Image_04L.png,D:\Retina\Retinal-Vessel-Segmentation-Benchmark-main\Models_output\FSG-Net-HRF\test_data\CHASEDB1\pred_masks\Image_04L.png,D:\Retina\Retinal-Vessel-Segmentation-Benchmark-main\Models_output\FSG-Net-HRF\test_data\CHASEDB1\probability maps\Image_04L.npy
FSG-Net-HRF,FSG-Net-HRF,CHASEDB1,Image_04R,0.55,diagnostic_test_set_scan_equal_dataset_macro_F1,61139,18042,12685,867174,0.8281724100563502,0.7721423068665463,0.7991764975000816,0.6655236975594888,0.7823577020579016,D:\Retina\Retinal-Vessel-Segmentation-Benchmark-main\config\test_data\CHASEDB1\masks\Image_04R.png,D:\Retina\Retinal-Vessel-Segmentation-Benchmark-main\Models_output\FSG-Net-HRF\test_data\CHASEDB1\pred_masks\Image_04R.png,D:\Retina\Retinal-Vessel-Segmentation-Benchmark-main\Models_output\FSG-Net-HRF\test_data\CHASEDB1\probability maps\Image_04R.npy
FSG-Net-HRF,FSG-Net-HRF,CHASEDB1,Image_05L,0.55,diagnostic_test_set_scan_equal_dataset_macro_F1,65848,17624,10093,865475,0.867094191543435,0.7888633314165229,0.8261308676205831,0.7037674344038903,0.8114864173798426,D:\Retina\Retinal-Vessel-Segmentation-Benchmark-main\config\test_data\CHASEDB1\masks\Image_05L.png,D:\Retina\Retinal-Vessel-Segmentation-Benchmark-main\Models_output\FSG-Net-HRF\test_data\CHASEDB1\pred_masks\Image_05L.png,D:\Retina\Retinal-Vessel-Segmentation-Benchmark-main\Models_output\FSG-Net-HRF\test_data\CHASEDB1\probability maps\Image_05L.npy
FSG-Net-HRF,FSG-Net-HRF,CHASEDB1,Image_05R,0.55,diagnostic_test_set_scan_equal_dataset_macro_F1,67292,15572,14371,861805,0.82402067031581,0.8120776211623866,0.8180055553191876,0.6920553298709312,0.8009564654729951,D:\Retina\Retinal-Vessel-Segmentation-Benchmark-main\config\test_data\CHASEDB1\masks\Image_05R.png,D:\Retina\Retinal-Vessel-Segmentation-Benchmark-main\Models_output\FSG-Net-HRF\test_data\CHASEDB1\pred_masks\Image_05R.png,D:\Retina\Retinal-Vessel-Segmentation-Benchmark-main\Models_output\FSG-Net-HRF\test_data\CHASEDB1\probability maps\Image_05R.npy
FSG-Net-HRF,FSG-Net-HRF,CHASEDB1,Image_06L,0.55,diagnostic_test_set_scan_equal_dataset_macro_F1,59892,15117,12744,871287,0.8245498100115645,0.7984641842978842,0.811297368688408,0.6825065809715907,0.7956855928002448,D:\Retina\Retinal-Vessel-Segmentation-Benchmark-main\config\test_data\CHASEDB1\masks\Image_06L.png,D:\Retina\Retinal-Vessel-Segmentation-Benchmark-main\Models_output\FSG-Net-HRF\test_data\CHASEDB1\pred_masks\Image_06L.png,D:\Retina\Retinal-Vessel-Segmentation-Benchmark-main\Models_output\FSG-Net-HRF\test_data\CHASEDB1\probability maps\Image_06L.npy
FSG-Net-HRF,FSG-Net-HRF,CHASEDB1,Image_06R,0.55,diagnostic_test_set_scan_equal_dataset_macro_F1,58563,16629,13205,870643,0.8160043473414335,0.7788461538461539,0.7969923788786064,0.6624998585924862,0.7804060159619145,D:\Retina\Retinal-Vessel-Segmentation-Benchmark-main\config\test_data\CHASEDB1\masks\Image_06R.png,D:\Retina\Retinal-Vessel-Segmentation-Benchmark-main\Models_output\FSG-Net-HRF\test_data\CHASEDB1\pred_masks\Image_06R.png,D:\Retina\Retinal-Vessel-Segmentation-Benchmark-main\Models_output\FSG-Net-HRF\test_data\CHASEDB1\probability maps\Image_06R.npy
FSG-Net-HRF,FSG-Net-HRF,CHASEDB1,Image_07L,0.55,diagnostic_test_set_scan_equal_dataset_macro_F1,65973,19630,8726,864711,0.8831845138489136,0.7706856068128454,0.8231088819852528,0.6993925516013103,0.8092890811382192,D:\Retina\Retinal-Vessel-Segmentation-Benchmark-main\config\test_data\CHASEDB1\masks\Image_07L.png,D:\Retina\Retinal-Vessel-Segmentation-Benchmark-main\Models_output\FSG-Net-HRF\test_data\CHASEDB1\pred_masks\Image_07L.png,D:\Retina\Retinal-Vessel-Segmentation-Benchmark-main\Models_output\FSG-Net-HRF\test_data\CHASEDB1\probability maps\Image_07L.npy
FSG-Net-HRF,FSG-Net-HRF,CHASEDB1,Image_07R,0.55,diagnostic_test_set_scan_equal_dataset_macro_F1,63733,18714,9235,867358,0.8734376713079706,0.7730178175070045,0.820165363703632,0.6951528108025566,0.8061497082557353,D:\Retina\Retinal-Vessel-Segmentation-Benchmark-main\config\test_data\CHASEDB1\masks\Image_07R.png,D:\Retina\Retinal-Vessel-Segmentation-Benchmark-main\Models_output\FSG-Net-HRF\test_data\CHASEDB1\pred_masks\Image_07R.png,D:\Retina\Retinal-Vessel-Segmentation-Benchmark-main\Models_output\FSG-Net-HRF\test_data\CHASEDB1\probability maps\Image_07R.npy
FSG-Net-HRF,FSG-Net-HRF,CHASEDB1,Image_08L,0.55,diagnostic_test_set_scan_equal_dataset_macro_F1,52130,23131,9896,873883,0.8404540031599652,0.6926562230105898,0.7594309730710119,0.6121634158084479,0.7450921217587149,D:\Retina\Retinal-Vessel-Segmentation-Benchmark-main\config\test_data\CHASEDB1\masks\Image_08L.png,D:\Retina\Retinal-Vessel-Segmentation-Benchmark-main\Models_output\FSG-Net-HRF\test_data\CHASEDB1\pred_masks\Image_08L.png,D:\Retina\Retinal-Vessel-Segmentation-Benchmark-main\Models_output\FSG-Net-HRF\test_data\CHASEDB1\probability maps\Image_08L.npy
FSG-Net-HRF,FSG-Net-HRF,CHASEDB1,Image_08R,0.55,diagnostic_test_set_scan_equal_dataset_macro_F1,54040,22253,6895,875852,0.8868466398621482,0.7083218643912286,0.7875943684962253,0.6496129249410972,0.7771028074339247,D:\Retina\Retinal-Vessel-Segmentation-Benchmark-main\config\test_data\CHASEDB1\masks\Image_08R.png,D:\Retina\Retinal-Vessel-Segmentation-Benchmark-main\Models_output\FSG-Net-HRF\test_data\CHASEDB1\pred_masks\Image_08R.png,D:\Retina\Retinal-Vessel-Segmentation-Benchmark-main\Models_output\FSG-Net-HRF\test_data\CHASEDB1\probability maps\Image_08R.npy
FSG-Net-HRF,FSG-Net-HRF,CHASEDB1,Image_09L,0.55,diagnostic_test_set_scan_equal_dataset_macro_F1,42858,13677,5666,896839,0.8832330393207485,0.7580790660652693,0.8158844078089453,0.6890242922139516,0.8079124649447919,D:\Retina\Retinal-Vessel-Segmentation-Benchmark-main\config\test_data\CHASEDB1\masks\Image_09L.png,D:\Retina\Retinal-Vessel-Segmentation-Benchmark-main\Models_output\FSG-Net-HRF\test_data\CHASEDB1\pred_masks\Image_09L.png,D:\Retina\Retinal-Vessel-Segmentation-Benchmark-main\Models_output\FSG-Net-HRF\test_data\CHASEDB1\probability maps\Image_09L.npy
FSG-Net-HRF,FSG-Net-HRF,CHASEDB1,Image_09R,0.55,diagnostic_test_set_scan_equal_dataset_macro_F1,40243,10501,8576,899720,0.824330690919519,0.7930592779441904,0.8083926759940941,0.6784052596089009,0.7980723562473531,D:\Retina\Retinal-Vessel-Segmentation-Benchmark-main\config\test_data\CHASEDB1\masks\Image_09R.png,D:\Retina\Retinal-Vessel-Segmentation-Benchmark-main\Models_output\FSG-Net-HRF\test_data\CHASEDB1\pred_masks\Image_09R.png,D:\Retina\Retinal-Vessel-Segmentation-Benchmark-main\Models_output\FSG-Net-HRF\test_data\CHASEDB1\probability maps\Image_09R.npy
FSG-Net-HRF,FSG-Net-HRF,CHASEDB1,Image_10L,0.55,diagnostic_test_set_scan_equal_dataset_macro_F1,46053,22251,14023,876713,0.7665789999334177,0.6742357695010541,0.7174482006543077,0.5593912082305926,0.6989189591120718,D:\Retina\Retinal-Vessel-Segmentation-Benchmark-main\config\test_data\CHASEDB1\masks\Image_10L.png,D:\Retina\Retinal-Vessel-Segmentation-Benchmark-main\Models_output\FSG-Net-HRF\test_data\CHASEDB1\pred_masks\Image_10L.png,D:\Retina\Retinal-Vessel-Segmentation-Benchmark-main\Models_output\FSG-Net-HRF\test_data\CHASEDB1\probability maps\Image_10L.npy
FSG-Net-HRF,FSG-Net-HRF,CHASEDB1,Image_10R,0.55,diagnostic_test_set_scan_equal_dataset_macro_F1,46702,25371,12669,874298,0.7866129928753095,0.6479819072329444,0.7105991905298074,0.5511080691982724,0.6932567088373925,D:\Retina\Retinal-Vessel-Segmentation-Benchmark-main\config\test_data\CHASEDB1\masks\Image_10R.png,D:\Retina\Retinal-Vessel-Segmentation-Benchmark-main\Models_output\FSG-Net-HRF\test_data\CHASEDB1\pred_masks\Image_10R.png,D:\Retina\Retinal-Vessel-Segmentation-Benchmark-main\Models_output\FSG-Net-HRF\test_data\CHASEDB1\probability maps\Image_10R.npy
FSG-Net-HRF,FSG-Net-HRF,CHASEDB1,Image_11L,0.55,diagnostic_test_set_scan_equal_dataset_macro_F1,47142,17832,3977,890089,0.9222011385199241,0.7255517591652045,0.8121419896117767,0.6837029194645473,0.8067463608986557,D:\Retina\Retinal-Vessel-Segmentation-Benchmark-main\config\test_data\CHASEDB1\masks\Image_11L.png,D:\Retina\Retinal-Vessel-Segmentation-Benchmark-main\Models_output\FSG-Net-HRF\test_data\CHASEDB1\pred_masks\Image_11L.png,D:\Retina\Retinal-Vessel-Segmentation-Benchmark-main\Models_output\FSG-Net-HRF\test_data\CHASEDB1\probability maps\Image_11L.npy
FSG-Net-HRF,FSG-Net-HRF,CHASEDB1,Image_11R,0.55,diagnostic_test_set_scan_equal_dataset_macro_F1,47114,17418,4019,890489,0.9214010521580975,0.730087398499969,0.814663035490425,0.687283920001167,0.8091001760076597,D:\Retina\Retinal-Vessel-Segmentation-Benchmark-main\config\test_data\CHASEDB1\masks\Image_11R.png,D:\Retina\Retinal-Vessel-Segmentation-Benchmark-main\Models_output\FSG-Net-HRF\test_data\CHASEDB1\pred_masks\Image_11R.png,D:\Retina\Retinal-Vessel-Segmentation-Benchmark-main\Models_output\FSG-Net-HRF\test_data\CHASEDB1\probability maps\Image_11R.npy
FSG-Net-HRF,FSG-Net-HRF,CHASEDB1,Image_12L,0.55,diagnostic_test_set_scan_equal_dataset_macro_F1,59072,26926,9960,863082,0.8557190868003245,0.6868996953417521,0.762071857059924,0.6156026594968632,0.7467226537715692,D:\Retina\Retinal-Vessel-Segmentation-Benchmark-main\config\test_data\CHASEDB1\masks\Image_12L.png,D:\Retina\Retinal-Vessel-Segmentation-Benchmark-main\Models_output\FSG-Net-HRF\test_data\CHASEDB1\pred_masks\Image_12L.png,D:\Retina\Retinal-Vessel-Segmentation-Benchmark-main\Models_output\FSG-Net-HRF\test_data\CHASEDB1\probability maps\Image_12L.npy
FSG-Net-HRF,FSG-Net-HRF,CHASEDB1,Image_12R,0.55,diagnostic_test_set_scan_equal_dataset_macro_F1,61567,27295,8924,861254,0.8734022783050318,0.6928383335959127,0.772712154775875,0.6296095555601007,0.7584204016204888,D:\Retina\Retinal-Vessel-Segmentation-Benchmark-main\config\test_data\CHASEDB1\masks\Image_12R.png,D:\Retina\Retinal-Vessel-Segmentation-Benchmark-main\Models_output\FSG-Net-HRF\test_data\CHASEDB1\pred_masks\Image_12R.png,D:\Retina\Retinal-Vessel-Segmentation-Benchmark-main\Models_output\FSG-Net-HRF\test_data\CHASEDB1\probability maps\Image_12R.npy
FSG-Net-HRF,FSG-Net-HRF,CHASEDB1,Image_13L,0.55,diagnostic_test_set_scan_equal_dataset_macro_F1,52415,23321,6569,876735,0.8886308151363081,0.6920751029893314,0.7781324228028504,0.636838588178118,0.7685383877375082,D:\Retina\Retinal-Vessel-Segmentation-Benchmark-main\config\test_data\CHASEDB1\masks\Image_13L.png,D:\Retina\Retinal-Vessel-Segmentation-Benchmark-main\Models_output\FSG-Net-HRF\test_data\CHASEDB1\pred_masks\Image_13L.png,D:\Retina\Retinal-Vessel-Segmentation-Benchmark-main\Models_output\FSG-Net-HRF\test_data\CHASEDB1\probability maps\Image_13L.npy
FSG-Net-HRF,FSG-Net-HRF,CHASEDB1,Image_13R,0.55,diagnostic_test_set_scan_equal_dataset_macro_F1,50898,22786,9727,875629,0.8395546391752577,0.6907605450301286,0.7579238919208691,0.6102072868086943,0.7439534183361272,D:\Retina\Retinal-Vessel-Segmentation-Benchmark-main\config\test_data\CHASEDB1\masks\Image_13R.png,D:\Retina\Retinal-Vessel-Segmentation-Benchmark-main\Models_output\FSG-Net-HRF\test_data\CHASEDB1\pred_masks\Image_13R.png,D:\Retina\Retinal-Vessel-Segmentation-Benchmark-main\Models_output\FSG-Net-HRF\test_data\CHASEDB1\probability maps\Image_13R.npy
FSG-Net-HRF,FSG-Net-HRF,CHASEDB1,Image_14L,0.55,diagnostic_test_set_scan_equal_dataset_macro_F1,59677,18553,6336,874474,0.9040189053671247,0.762840342579573,0.8274508988304459,0.7056855000827755,0.8169579348297155,D:\Retina\Retinal-Vessel-Segmentation-Benchmark-main\config\test_data\CHASEDB1\masks\Image_14L.png,D:\Retina\Retinal-Vessel-Segmentation-Benchmark-main\Models_output\FSG-Net-HRF\test_data\CHASEDB1\pred_masks\Image_14L.png,D:\Retina\Retinal-Vessel-Segmentation-Benchmark-main\Models_output\FSG-Net-HRF\test_data\CHASEDB1\probability maps\Image_14L.npy
FSG-Net-HRF,FSG-Net-HRF,CHASEDB1,Image_14R,0.55,diagnostic_test_set_scan_equal_dataset_macro_F1,46603,21070,9506,881861,0.830579764387175,0.6886498308040134,0.7529850866846552,0.6038300573990334,0.7397972794190145,D:\Retina\Retinal-Vessel-Segmentation-Benchmark-main\config\test_data\CHASEDB1\masks\Image_14R.png,D:\Retina\Retinal-Vessel-Segmentation-Benchmark-main\Models_output\FSG-Net-HRF\test_data\CHASEDB1\pred_masks\Image_14R.png,D:\Retina\Retinal-Vessel-Segmentation-Benchmark-main\Models_output\FSG-Net-HRF\test_data\CHASEDB1\probability maps\Image_14R.npy
FSG-Net-HRF,FSG-Net-HRF,DualModal2019,DualModal2019_A1_L4,0.55,diagnostic_test_set_scan_equal_dataset_macro_F1,67189,37711,7674,936002,0.8974927534295981,0.6405052430886559,0.7475286905536735,0.5968429655160161,0.7369254714605207,D:\Retina\Retinal-Vessel-Segmentation-Benchmark-main\config\test_data\DualModal2019\masks\DualModal2019_A1_L4.png,D:\Retina\Retinal-Vessel-Segmentation-Benchmark-main\Models_output\FSG-Net-HRF\test_data\DualModal2019\pred_masks\DualModal2019_A1_L4.png,D:\Retina\Retinal-Vessel-Segmentation-Benchmark-main\Models_output\FSG-Net-HRF\test_data\DualModal2019\probability maps\DualModal2019_A1_L4.npy
FSG-Net-HRF,FSG-Net-HRF,DualModal2019,DualModal2019_A1_R2,0.55,diagnostic_test_set_scan_equal_dataset_macro_F1,60136,44154,4683,939603,0.9277526651136241,0.576622878511842,0.7112099296903182,0.5518431171024015,0.7104255131600967,D:\Retina\Retinal-Vessel-Segmentation-Benchmark-main\config\test_data\DualModal2019\masks\DualModal2019_A1_R2.png,D:\Retina\Retinal-Vessel-Segmentation-Benchmark-main\Models_output\FSG-Net-HRF\test_data\DualModal2019\pred_masks\DualModal2019_A1_R2.png,D:\Retina\Retinal-Vessel-Segmentation-Benchmark-main\Models_output\FSG-Net-HRF\test_data\DualModal2019\probability maps\DualModal2019_A1_R2.npy
FSG-Net-HRF,FSG-Net-HRF,DualModal2019,DualModal2019_A2_R2,0.55,diagnostic_test_set_scan_equal_dataset_macro_F1,54367,35686,4873,953650,0.9177413909520594,0.6037222524513343,0.7283261773827306,0.5727303373153825,0.7264997918447617,D:\Retina\Retinal-Vessel-Segmentation-Benchmark-main\config\test_data\DualModal2019\masks\DualModal2019_A2_R2.png,D:\Retina\Retinal-Vessel-Segmentation-Benchmark-main\Models_output\FSG-Net-HRF\test_data\DualModal2019\pred_masks\DualModal2019_A2_R2.png,D:\Retina\Retinal-Vessel-Segmentation-Benchmark-main\Models_output\FSG-Net-HRF\test_data\DualModal2019\probability maps\DualModal2019_A2_R2.npy
FSG-Net-HRF,FSG-Net-HRF,DualModal2019,DualModal2019_A3_L1,0.55,diagnostic_test_set_scan_equal_dataset_macro_F1,65696,44946,3787,934147,0.9454974598103133,0.5937709007429367,0.7294489937543374,0.5741201968032579,0.728367482565201,D:\Retina\Retinal-Vessel-Segmentation-Benchmark-main\config\test_data\DualModal2019\masks\DualModal2019_A3_L1.png,D:\Retina\Retinal-Vessel-Segmentation-Benchmark-main\Models_output\FSG-Net-HRF\test_data\DualModal2019\pred_masks\DualModal2019_A3_L1.png,D:\Retina\Retinal-Vessel-Segmentation-Benchmark-main\Models_output\FSG-Net-HRF\test_data\DualModal2019\probability maps\DualModal2019_A3_L1.npy
FSG-Net-HRF,FSG-Net-HRF,DualModal2019,DualModal2019_A3_R1,0.55,diagnostic_test_set_scan_equal_dataset_macro_F1,50447,51063,3129,943937,0.9415969837240555,0.49696581617574626,0.6505680719084895,0.4821051424421105,0.6629449832722264,D:\Retina\Retinal-Vessel-Segmentation-Benchmark-main\config\test_data\DualModal2019\masks\DualModal2019_A3_R1.png,D:\Retina\Retinal-Vessel-Segmentation-Benchmark-main\Models_output\FSG-Net-HRF\test_data\DualModal2019\pred_masks\DualModal2019_A3_R1.png,D:\Retina\Retinal-Vessel-Segmentation-Benchmark-main\Models_output\FSG-Net-HRF\test_data\DualModal2019\probability maps\DualModal2019_A3_R1.npy
FSG-Net-HRF,FSG-Net-HRF,DualModal2019,DualModal2019_A4_L3,0.55,diagnostic_test_set_scan_equal_dataset_macro_F1,54903,45083,3021,945569,0.947845452662109,0.5491068749624948,0.6953707808245203,0.5330026114730066,0.7018588000802963,D:\Retina\Retinal-Vessel-Segmentation-Benchmark-main\config\test_data\DualModal2019\masks\DualModal2019_A4_L3.png,D:\Retina\Retinal-Vessel-Segmentation-Benchmark-main\Models_output\FSG-Net-HRF\test_data\DualModal2019\pred_masks\DualModal2019_A4_L3.png,D:\Retina\Retinal-Vessel-Segmentation-Benchmark-main\Models_output\FSG-Net-HRF\test_data\DualModal2019\probability maps\DualModal2019_A4_L3.npy
FSG-Net-HRF,FSG-Net-HRF,DualModal2019,DualModal2019_A4_R2,0.55,diagnostic_test_set_scan_equal_dataset_macro_F1,57248,47137,1358,942833,0.9768283110944271,0.5484312880203094,0.7024682344423924,0.5413880824262599,0.7129329757457192,D:\Retina\Retinal-Vessel-Segmentation-Benchmark-main\config\test_data\DualModal2019\masks\DualModal2019_A4_R2.png,D:\Retina\Retinal-Vessel-Segmentation-Benchmark-main\Models_output\FSG-Net-HRF\test_data\DualModal2019\pred_masks\DualModal2019_A4_R2.png,D:\Retina\Retinal-Vessel-Segmentation-Benchmark-main\Models_output\FSG-Net-HRF\test_data\DualModal2019\probability maps\DualModal2019_A4_R2.npy
FSG-Net-HRF,FSG-Net-HRF,DualModal2019,DualModal2019_A5_R4,0.55,diagnostic_test_set_scan_equal_dataset_macro_F1,53440,44840,2287,948009,0.958960647441994,0.5437525437525438,0.6939944288246638,0.5313870355086658,0.7033353782942072,D:\Retina\Retinal-Vessel-Segmentation-Benchmark-main\config\test_data\DualModal2019\masks\DualModal2019_A5_R4.png,D:\Retina\Retinal-Vessel-Segmentation-Benchmark-main\Models_output\FSG-Net-HRF\test_data\DualModal2019\pred_masks\DualModal2019_A5_R4.png,D:\Retina\Retinal-Vessel-Segmentation-Benchmark-main\Models_output\FSG-Net-HRF\test_data\DualModal2019\probability maps\DualModal2019_A5_R4.npy
FSG-Net-HRF,FSG-Net-HRF,DualModal2019,DualModal2019_A6_L2,0.55,diagnostic_test_set_scan_equal_dataset_macro_F1,57982,44781,3713,942100,0.9398168409109328,0.5642303163590008,0.7051283610405089,0.544554641421541,0.7079259482028086,D:\Retina\Retinal-Vessel-Segmentation-Benchmark-main\config\test_data\DualModal2019\masks\DualModal2019_A6_L2.png,D:\Retina\Retinal-Vessel-Segmentation-Benchmark-main\Models_output\FSG-Net-HRF\test_data\DualModal2019\pred_masks\DualModal2019_A6_L2.png,D:\Retina\Retinal-Vessel-Segmentation-Benchmark-main\Models_output\FSG-Net-HRF\test_data\DualModal2019\probability maps\DualModal2019_A6_L2.npy
FSG-Net-HRF,FSG-Net-HRF,DualModal2019,DualModal2019_A6_R3,0.55,diagnostic_test_set_scan_equal_dataset_macro_F1,56763,58759,2504,930550,0.9577505188384767,0.4913609528920898,0.649503115184594,0.480936403843221,0.662575611267554,D:\Retina\Retinal-Vessel-Segmentation-Benchmark-main\config\test_data\DualModal2019\masks\DualModal2019_A6_R3.png,D:\Retina\Retinal-Vessel-Segmentation-Benchmark-main\Models_output\FSG-Net-HRF\test_data\DualModal2019\pred_masks\DualModal2019_A6_R3.png,D:\Retina\Retinal-Vessel-Segmentation-Benchmark-main\Models_output\FSG-Net-HRF\test_data\DualModal2019\probability maps\DualModal2019_A6_R3.npy
FSG-Net-HRF,FSG-Net-HRF,DualModal2019,DualModal2019_A7_L1,0.55,diagnostic_test_set_scan_equal_dataset_macro_F1,53869,49455,3577,941675,0.9377328273509035,0.5213599938058922,0.6701374634571127,0.5039148370922629,0.6778805559518162,D:\Retina\Retinal-Vessel-Segmentation-Benchmark-main\config\test_data\DualModal2019\masks\DualModal2019_A7_L1.png,D:\Retina\Retinal-Vessel-Segmentation-Benchmark-main\Models_output\FSG-Net-HRF\test_data\DualModal2019\pred_masks\DualModal2019_A7_L1.png,D:\Retina\Retinal-Vessel-Segmentation-Benchmark-main\Models_output\FSG-Net-HRF\test_data\DualModal2019\probability maps\DualModal2019_A7_L1.npy
FSG-Net-HRF,FSG-Net-HRF,DualModal2019,DualModal2019_A7_R1,0.55,diagnostic_test_set_scan_equal_dataset_macro_F1,49758,45206,2497,951115,0.9522150990335853,0.52396697695969,0.6759725307195402,0.5105426786099055,0.6875905879488065,D:\Retina\Retinal-Vessel-Segmentation-Benchmark-main\config\test_data\DualModal2019\masks\DualModal2019_A7_R1.png,D:\Retina\Retinal-Vessel-Segmentation-Benchmark-main\Models_output\FSG-Net-HRF\test_data\DualModal2019\pred_masks\DualModal2019_A7_R1.png,D:\Retina\Retinal-Vessel-Segmentation-Benchmark-main\Models_output\FSG-Net-HRF\test_data\DualModal2019\probability maps\DualModal2019_A7_R1.npy
FSG-Net-HRF,FSG-Net-HRF,DualModal2019,DualModal2019_C1_L4,0.55,diagnostic_test_set_scan_equal_dataset_macro_F1,68643,38587,2697,938649,0.9621951219512195,0.6401473468245826,0.7688077504620037,0.6244416749297261,0.7668287185418953,D:\Retina\Retinal-Vessel-Segmentation-Benchmark-main\config\test_data\DualModal2019\masks\DualModal2019_C1_L4.png,D:\Retina\Retinal-Vessel-Segmentation-Benchmark-main\Models_output\FSG-Net-HRF\test_data\DualModal2019\pred_masks\DualModal2019_C1_L4.png,D:\Retina\Retinal-Vessel-Segmentation-Benchmark-main\Models_output\FSG-Net-HRF\test_data\DualModal2019\probability maps\DualModal2019_C1_L4.npy
FSG-Net-HRF,FSG-Net-HRF,DualModal2019,DualModal2019_C1_R4,0.55,diagnostic_test_set_scan_equal_dataset_macro_F1,69161,40276,2879,936260,0.9600360910605219,0.6319709056352056,0.7622012706844393,0.6157715730617187,0.7601535412927226,D:\Retina\Retinal-Vessel-Segmentation-Benchmark-main\config\test_data\DualModal2019\masks\DualModal2019_C1_R4.png,D:\Retina\Retinal-Vessel-Segmentation-Benchmark-main\Models_output\FSG-Net-HRF\test_data\DualModal2019\pred_masks\DualModal2019_C1_R4.png,D:\Retina\Retinal-Vessel-Segmentation-Benchmark-main\Models_output\FSG-Net-HRF\test_data\DualModal2019\probability maps\DualModal2019_C1_R4.npy
FSG-Net-HRF,FSG-Net-HRF,DualModal2019,DualModal2019_C2_L4,0.55,diagnostic_test_set_scan_equal_dataset_macro_F1,64390,37188,2361,944637,0.9646297433746311,0.6338971037035579,0.7650493973112179,0.6194979747736653,0.7649547246146078,D:\Retina\Retinal-Vessel-Segmentation-Benchmark-main\config\test_data\DualModal2019\masks\DualModal2019_C2_L4.png,D:\Retina\Retinal-Vessel-Segmentation-Benchmark-main\Models_output\FSG-Net-HRF\test_data\DualModal2019\pred_masks\DualModal2019_C2_L4.png,D:\Retina\Retinal-Vessel-Segmentation-Benchmark-main\Models_output\FSG-Net-HRF\test_data\DualModal2019\probability maps\DualModal2019_C2_L4.npy
FSG-Net-HRF,FSG-Net-HRF,DualModal2019,DualModal2019_C2_R3,0.55,diagnostic_test_set_scan_equal_dataset_macro_F1,63278,43734,3135,938429,0.9527953864454248,0.5913168616603746,0.7297448464754216,0.5744868221558462,0.7307869296578071,D:\Retina\Retinal-Vessel-Segmentation-Benchmark-main\config\test_data\DualModal2019\masks\DualModal2019_C2_R3.png,D:\Retina\Retinal-Vessel-Segmentation-Benchmark-main\Models_output\FSG-Net-HRF\test_data\DualModal2019\pred_masks\DualModal2019_C2_R3.png,D:\Retina\Retinal-Vessel-Segmentation-Benchmark-main\Models_output\FSG-Net-HRF\test_data\DualModal2019\probability maps\DualModal2019_C2_R3.npy
FSG-Net-HRF,FSG-Net-HRF,DualModal2019,DualModal2019_C3_L1,0.55,diagnostic_test_set_scan_equal_dataset_macro_F1,60585,41943,4112,941936,0.9364421843362134,0.5909117509363296,0.7245926147406189,0.5681264066016504,0.724071145627839,D:\Retina\Retinal-Vessel-Segmentation-Benchmark-main\config\test_data\DualModal2019\masks\DualModal2019_C3_L1.png,D:\Retina\Retinal-Vessel-Segmentation-Benchmark-main\Models_output\FSG-Net-HRF\test_data\DualModal2019\pred_masks\DualModal2019_C3_L1.png,D:\Retina\Retinal-Vessel-Segmentation-Benchmark-main\Models_output\FSG-Net-HRF\test_data\DualModal2019\probability maps\DualModal2019_C3_L1.npy
FSG-Net-HRF,FSG-Net-HRF,DualModal2019,DualModal2019_C3_R1,0.55,diagnostic_test_set_scan_equal_dataset_macro_F1,69272,42216,2875,934213,0.9601508032212012,0.6213404133180253,0.7544531271271817,0.6057203815919484,0.7529300594221294,D:\Retina\Retinal-Vessel-Segmentation-Benchmark-main\config\test_data\DualModal2019\masks\DualModal2019_C3_R1.png,D:\Retina\Retinal-Vessel-Segmentation-Benchmark-main\Models_output\FSG-Net-HRF\test_data\DualModal2019\pred_masks\DualModal2019_C3_R1.png,D:\Retina\Retinal-Vessel-Segmentation-Benchmark-main\Models_output\FSG-Net-HRF\test_data\DualModal2019\probability maps\DualModal2019_C3_R1.npy
FSG-Net-HRF,FSG-Net-HRF,DualModal2019,DualModal2019_C4_L2,0.55,diagnostic_test_set_scan_equal_dataset_macro_F1,50696,41816,5859,950205,0.8964017328264521,0.5479937737806987,0.6801773699074912,0.5153551351516199,0.6803589475524321,D:\Retina\Retinal-Vessel-Segmentation-Benchmark-main\config\test_data\DualModal2019\masks\DualModal2019_C4_L2.png,D:\Retina\Retinal-Vessel-Segmentation-Benchmark-main\Models_output\FSG-Net-HRF\test_data\DualModal2019\pred_masks\DualModal2019_C4_L2.png,D:\Retina\Retinal-Vessel-Segmentation-Benchmark-main\Models_output\FSG-Net-HRF\test_data\DualModal2019\probability maps\DualModal2019_C4_L2.npy
FSG-Net-HRF,FSG-Net-HRF,DualModal2019,DualModal2019_C4_R2,0.55,diagnostic_test_set_scan_equal_dataset_macro_F1,53724,35593,7951,951308,0.8710822861775436,0.601498035088505,0.7116138603369714,0.552329645926718,0.7038038136998997,D:\Retina\Retinal-Vessel-Segmentation-Benchmark-main\config\test_data\DualModal2019\masks\DualModal2019_C4_R2.png,D:\Retina\Retinal-Vessel-Segmentation-Benchmark-main\Models_output\FSG-Net-HRF\test_data\DualModal2019\pred_masks\DualModal2019_C4_R2.png,D:\Retina\Retinal-Vessel-Segmentation-Benchmark-main\Models_output\FSG-Net-HRF\test_data\DualModal2019\probability maps\DualModal2019_C4_R2.npy
FSG-Net-HRF,FSG-Net-HRF,DualModal2019,DualModal2019_C5_L1,0.55,diagnostic_test_set_scan_equal_dataset_macro_F1,70573,46333,3104,928566,0.9578701630088087,0.6036730364566404,0.7406012078726855,0.5880593283893009,0.7392680880972051,D:\Retina\Retinal-Vessel-Segmentation-Benchmark-main\config\test_data\DualModal2019\masks\DualModal2019_C5_L1.png,D:\Retina\Retinal-Vessel-Segmentation-Benchmark-main\Models_output\FSG-Net-HRF\test_data\DualModal2019\pred_masks\DualModal2019_C5_L1.png,D:\Retina\Retinal-Vessel-Segmentation-Benchmark-main\Models_output\FSG-Net-HRF\test_data\DualModal2019\probability maps\DualModal2019_C5_L1.npy
FSG-Net-HRF,FSG-Net-HRF,DualModal2019,DualModal2019_C5_R1,0.55,diagnostic_test_set_scan_equal_dataset_macro_F1,66969,48770,2797,930040,0.9599088381159877,0.5786208624577713,0.722018274440042,0.5649676047782952,0.7237846726301739,D:\Retina\Retinal-Vessel-Segmentation-Benchmark-main\config\test_data\DualModal2019\masks\DualModal2019_C5_R1.png,D:\Retina\Retinal-Vessel-Segmentation-Benchmark-main\Models_output\FSG-Net-HRF\test_data\DualModal2019\pred_masks\DualModal2019_C5_R1.png,D:\Retina\Retinal-Vessel-Segmentation-Benchmark-main\Models_output\FSG-Net-HRF\test_data\DualModal2019\probability maps\DualModal2019_C5_R1.npy
FSG-Net-HRF,FSG-Net-HRF,DualModal2019,DualModal2019_C6_L2,0.55,diagnostic_test_set_scan_equal_dataset_macro_F1,70142,39296,2647,936491,0.9636346151204166,0.6409291105466108,0.7698310349179869,0.6257929250122675,0.7675988717266095,D:\Retina\Retinal-Vessel-Segmentation-Benchmark-main\config\test_data\DualModal2019\masks\DualModal2019_C6_L2.png,D:\Retina\Retinal-Vessel-Segmentation-Benchmark-main\Models_output\FSG-Net-HRF\test_data\DualModal2019\pred_masks\DualModal2019_C6_L2.png,D:\Retina\Retinal-Vessel-Segmentation-Benchmark-main\Models_output\FSG-Net-HRF\test_data\DualModal2019\probability maps\DualModal2019_C6_L2.npy
FSG-Net-HRF,FSG-Net-HRF,DualModal2019,DualModal2019_C6_R2,0.55,diagnostic_test_set_scan_equal_dataset_macro_F1,68009,39925,3958,936684,0.9450025706226465,0.6300980228658254,0.756071394822708,0.6078093161262647,0.7522504402430545,D:\Retina\Retinal-Vessel-Segmentation-Benchmark-main\config\test_data\DualModal2019\masks\DualModal2019_C6_R2.png,D:\Retina\Retinal-Vessel-Segmentation-Benchmark-main\Models_output\FSG-Net-HRF\test_data\DualModal2019\pred_masks\DualModal2019_C6_R2.png,D:\Retina\Retinal-Vessel-Segmentation-Benchmark-main\Models_output\FSG-Net-HRF\test_data\DualModal2019\probability maps\DualModal2019_C6_R2.npy
FSG-Net-HRF,FSG-Net-HRF,DualModal2019,DualModal2019_C7_L4,0.55,diagnostic_test_set_scan_equal_dataset_macro_F1,71522,45289,2290,929475,0.9689752343792337,0.6122882262800592,0.7504026271751048,0.6005155288368695,0.7500513538944117,D:\Retina\Retinal-Vessel-Segmentation-Benchmark-main\config\test_data\DualModal2019\masks\DualModal2019_C7_L4.png,D:\Retina\Retinal-Vessel-Segmentation-Benchmark-main\Models_output\FSG-Net-HRF\test_data\DualModal2019\pred_masks\DualModal2019_C7_L4.png,D:\Retina\Retinal-Vessel-Segmentation-Benchmark-main\Models_output\FSG-Net-HRF\test_data\DualModal2019\probability maps\DualModal2019_C7_L4.npy
FSG-Net-HRF,FSG-Net-HRF,DualModal2019,DualModal2019_C7_R3,0.55,diagnostic_test_set_scan_equal_dataset_macro_F1,71345,42863,3422,930946,0.9542311447563765,0.6246935416082936,0.7550734224103717,0.6065204454645924,0.7518457899759805,D:\Retina\Retinal-Vessel-Segmentation-Benchmark-main\config\test_data\DualModal2019\masks\DualModal2019_C7_R3.png,D:\Retina\Retinal-Vessel-Segmentation-Benchmark-main\Models_output\FSG-Net-HRF\test_data\DualModal2019\pred_masks\DualModal2019_C7_R3.png,D:\Retina\Retinal-Vessel-Segmentation-Benchmark-main\Models_output\FSG-Net-HRF\test_data\DualModal2019\probability maps\DualModal2019_C7_R3.npy
FSG-Net-HRF,FSG-Net-HRF,DualModal2019,DualModal2019_C8_L4,0.55,diagnostic_test_set_scan_equal_dataset_macro_F1,80059,44068,3764,920685,0.9550958567457619,0.6449765159876578,0.7699831690310172,0.6259940105245874,0.763446365870596,D:\Retina\Retinal-Vessel-Segmentation-Benchmark-main\config\test_data\DualModal2019\masks\DualModal2019_C8_L4.png,D:\Retina\Retinal-Vessel-Segmentation-Benchmark-main\Models_output\FSG-Net-HRF\test_data\DualModal2019\pred_masks\DualModal2019_C8_L4.png,D:\Retina\Retinal-Vessel-Segmentation-Benchmark-main\Models_output\FSG-Net-HRF\test_data\DualModal2019\probability maps\DualModal2019_C8_L4.npy
FSG-Net-HRF,FSG-Net-HRF,DualModal2019,DualModal2019_C8_R2,0.55,diagnostic_test_set_scan_equal_dataset_macro_F1,78983,44163,3441,921989,0.9582524507425022,0.6413769022136326,0.7684292455124776,0.6239424269474748,0.7628174374189328,D:\Retina\Retinal-Vessel-Segmentation-Benchmark-main\config\test_data\DualModal2019\masks\DualModal2019_C8_R2.png,D:\Retina\Retinal-Vessel-Segmentation-Benchmark-main\Models_output\FSG-Net-HRF\test_data\DualModal2019\pred_masks\DualModal2019_C8_R2.png,D:\Retina\Retinal-Vessel-Segmentation-Benchmark-main\Models_output\FSG-Net-HRF\test_data\DualModal2019\probability maps\DualModal2019_C8_R2.npy
FSG-Net-HRF,FSG-Net-HRF,DualModal2019,DualModal2019_C9_L4,0.55,diagnostic_test_set_scan_equal_dataset_macro_F1,71869,40227,4233,932247,0.9443772831200231,0.641137953182986,0.7637594448400089,0.6178081131961936,0.7582040118848259,D:\Retina\Retinal-Vessel-Segmentation-Benchmark-main\config\test_data\DualModal2019\masks\DualModal2019_C9_L4.png,D:\Retina\Retinal-Vessel-Segmentation-Benchmark-main\Models_output\FSG-Net-HRF\test_data\DualModal2019\pred_masks\DualModal2019_C9_L4.png,D:\Retina\Retinal-Vessel-Segmentation-Benchmark-main\Models_output\FSG-Net-HRF\test_data\DualModal2019\probability maps\DualModal2019_C9_L4.npy
FSG-Net-HRF,FSG-Net-HRF,DualModal2019,DualModal2019_C9_R5,0.55,diagnostic_test_set_scan_equal_dataset_macro_F1,75246,35704,5218,932408,0.935151123483794,0.6781973862100045,0.7862120848004848,0.6477343158184699,0.7773069677803616,D:\Retina\Retinal-Vessel-Segmentation-Benchmark-main\config\test_data\DualModal2019\masks\DualModal2019_C9_R5.png,D:\Retina\Retinal-Vessel-Segmentation-Benchmark-main\Models_output\FSG-Net-HRF\test_data\DualModal2019\pred_masks\DualModal2019_C9_R5.png,D:\Retina\Retinal-Vessel-Segmentation-Benchmark-main\Models_output\FSG-Net-HRF\test_data\DualModal2019\probability maps\DualModal2019_C9_R5.npy
FSG-Net-HRF,FSG-Net-HRF,HRF,01_dr,0.55,diagnostic_test_set_scan_equal_dataset_macro_F1,334587,191253,81695,7577809,0.8037508227595717,0.6362905066179827,0.7102838061312653,0.5507287645979244,0.6981727447341368,D:\Retina\Retinal-Vessel-Segmentation-Benchmark-main\config\test_data\HRF\masks\01_dr.tif,D:\Retina\Retinal-Vessel-Segmentation-Benchmark-main\Models_output\FSG-Net-HRF\test_data\HRF\pred_masks\01_dr.png,D:\Retina\Retinal-Vessel-Segmentation-Benchmark-main\Models_output\FSG-Net-HRF\test_data\HRF\probability maps\01_dr.npy
FSG-Net-HRF,FSG-Net-HRF,HRF,01_g,0.55,diagnostic_test_set_scan_equal_dataset_macro_F1,444269,183386,103363,7454326,0.8112546381511672,0.7078235654937824,0.7560178918000454,0.6077401650848543,0.7392314356823542,D:\Retina\Retinal-Vessel-Segmentation-Benchmark-main\config\test_data\HRF\masks\01_g.tif,D:\Retina\Retinal-Vessel-Segmentation-Benchmark-main\Models_output\FSG-Net-HRF\test_data\HRF\pred_masks\01_g.png,D:\Retina\Retinal-Vessel-Segmentation-Benchmark-main\Models_output\FSG-Net-HRF\test_data\HRF\probability maps\01_g.npy
FSG-Net-HRF,FSG-Net-HRF,HRF,01_h,0.55,diagnostic_test_set_scan_equal_dataset_macro_F1,641129,89488,192759,7261968,0.7688430580605549,0.8775172217454562,0.8195934177263735,0.6943314532758053,0.8027613103709293,D:\Retina\Retinal-Vessel-Segmentation-Benchmark-main\config\test_data\HRF\masks\01_h.tif,D:\Retina\Retinal-Vessel-Segmentation-Benchmark-main\Models_output\FSG-Net-HRF\test_data\HRF\pred_masks\01_h.png,D:\Retina\Retinal-Vessel-Segmentation-Benchmark-main\Models_output\FSG-Net-HRF\test_data\HRF\probability maps\01_h.npy
FSG-Net-HRF,FSG-Net-HRF,HRF,02_dr,0.55,diagnostic_test_set_scan_equal_dataset_macro_F1,418893,148359,102985,7515107,0.8026646074369872,0.7384601552749043,0.7692249777345221,0.6249923534510927,0.7535586879856078,D:\Retina\Retinal-Vessel-Segmentation-Benchmark-main\config\test_data\HRF\masks\02_dr.tif,D:\Retina\Retinal-Vessel-Segmentation-Benchmark-main\Models_output\FSG-Net-HRF\test_data\HRF\pred_masks\02_dr.png,D:\Retina\Retinal-Vessel-Segmentation-Benchmark-main\Models_output\FSG-Net-HRF\test_data\HRF\probability maps\02_dr.npy
FSG-Net-HRF,FSG-Net-HRF,HRF,02_g,0.55,diagnostic_test_set_scan_equal_dataset_macro_F1,506972,167255,102750,7408367,0.831480576393832,0.7519307295614088,0.7897073793429491,0.6524929309361795,0.7730085549655131,D:\Retina\Retinal-Vessel-Segmentation-Benchmark-main\config\test_data\HRF\masks\02_g.tif,D:\Retina\Retinal-Vessel-Segmentation-Benchmark-main\Models_output\FSG-Net-HRF\test_data\HRF\pred_masks\02_g.png,D:\Retina\Retinal-Vessel-Segmentation-Benchmark-main\Models_output\FSG-Net-HRF\test_data\HRF\probability maps\02_g.npy
FSG-Net-HRF,FSG-Net-HRF,HRF,02_h,0.55,diagnostic_test_set_scan_equal_dataset_macro_F1,667191,79444,141247,7297462,0.825284066310589,0.8935972730986359,0.8580831896637651,0.7514410698718974,0.8440273066050195,D:\Retina\Retinal-Vessel-Segmentation-Benchmark-main\config\test_data\HRF\masks\02_h.tif,D:\Retina\Retinal-Vessel-Segmentation-Benchmark-main\Models_output\FSG-Net-HRF\test_data\HRF\pred_masks\02_h.png,D:\Retina\Retinal-Vessel-Segmentation-Benchmark-main\Models_output\FSG-Net-HRF\test_data\HRF\probability maps\02_h.npy
FSG-Net-HRF,FSG-Net-HRF,HRF,03_dr,0.55,diagnostic_test_set_scan_equal_dataset_macro_F1,385402,112554,108998,7578390,0.7795347896440129,0.7739679811067645,0.7767414113483467,0.6349772799915644,0.7623403908277504,D:\Retina\Retinal-Vessel-Segmentation-Benchmark-main\config\test_data\HRF\masks\03_dr.tif,D:\Retina\Retinal-Vessel-Segmentation-Benchmark-main\Models_output\FSG-Net-HRF\test_data\HRF\pred_masks\03_dr.png,D:\Retina\Retinal-Vessel-Segmentation-Benchmark-main\Models_output\FSG-Net-HRF\test_data\HRF\probability maps\03_dr.npy
FSG-Net-HRF,FSG-Net-HRF,HRF,03_g,0.55,diagnostic_test_set_scan_equal_dataset_macro_F1,377757,124552,94978,7588057,0.799088284133817,0.7520410743187959,0.7748511862028791,0.6324547495592571,0.7610017535302427,D:\Retina\Retinal-Vessel-Segmentation-Benchmark-main\config\test_data\HRF\masks\03_g.tif,D:\Retina\Retinal-Vessel-Segmentation-Benchmark-main\Models_output\FSG-Net-HRF\test_data\HRF\pred_masks\03_g.png,D:\Retina\Retinal-Vessel-Segmentation-Benchmark-main\Models_output\FSG-Net-HRF\test_data\HRF\probability maps\03_g.npy
FSG-Net-HRF,FSG-Net-HRF,HRF,03_h,0.55,diagnostic_test_set_scan_equal_dataset_macro_F1,646667,79705,217504,7241468,0.7483090730885438,0.8902697240532399,0.8131399151107515,0.6851185960867741,0.7968697211266728,D:\Retina\Retinal-Vessel-Segmentation-Benchmark-main\config\test_data\HRF\masks\03_h.tif,D:\Retina\Retinal-Vessel-Segmentation-Benchmark-main\Models_output\FSG-Net-HRF\test_data\HRF\pred_masks\03_h.png,D:\Retina\Retinal-Vessel-Segmentation-Benchmark-main\Models_output\FSG-Net-HRF\test_data\HRF\probability maps\03_h.npy
FSG-Net-HRF,FSG-Net-HRF,HRF,04_dr,0.55,diagnostic_test_set_scan_equal_dataset_macro_F1,368273,115356,93906,7607809,0.7968189813903271,0.7614783232601849,0.7787479065518583,0.6376635182283324,0.7654105256108586,D:\Retina\Retinal-Vessel-Segmentation-Benchmark-main\config\test_data\HRF\masks\04_dr.tif,D:\Retina\Retinal-Vessel-Segmentation-Benchmark-main\Models_output\FSG-Net-HRF\test_data\HRF\pred_masks\04_dr.png,D:\Retina\Retinal-Vessel-Segmentation-Benchmark-main\Models_output\FSG-Net-HRF\test_data\HRF\probability maps\04_dr.npy
FSG-Net-HRF,FSG-Net-HRF,HRF,04_g,0.55,diagnostic_test_set_scan_equal_dataset_macro_F1,415325,114407,111591,7544021,0.7882186154908942,0.7840285276328408,0.7861179882042081,0.6476065882558398,0.7713636616976143,D:\Retina\Retinal-Vessel-Segmentation-Benchmark-main\config\test_data\HRF\masks\04_g.tif,D:\Retina\Retinal-Vessel-Segmentation-Benchmark-main\Models_output\FSG-Net-HRF\test_data\HRF\pred_masks\04_g.png,D:\Retina\Retinal-Vessel-Segmentation-Benchmark-main\Models_output\FSG-Net-HRF\test_data\HRF\probability maps\04_g.npy
FSG-Net-HRF,FSG-Net-HRF,HRF,04_h,0.55,diagnostic_test_set_scan_equal_dataset_macro_F1,634745,78568,136856,7335175,0.8226337187225004,0.8898548042724582,0.8549249316795451,0.7466103798186008,0.8412616483969665,D:\Retina\Retinal-Vessel-Segmentation-Benchmark-main\config\test_data\HRF\masks\04_h.tif,D:\Retina\Retinal-Vessel-Segmentation-Benchmark-main\Models_output\FSG-Net-HRF\test_data\HRF\pred_masks\04_h.png,D:\Retina\Retinal-Vessel-Segmentation-Benchmark-main\Models_output\FSG-Net-HRF\test_data\HRF\probability maps\04_h.npy
FSG-Net-HRF,FSG-Net-HRF,HRF,05_dr,0.55,diagnostic_test_set_scan_equal_dataset_macro_F1,446079,219956,62899,7456410,0.8764209847969854,0.6697530910537735,0.759275003765916,0.6119607536484785,0.7488011840490867,D:\Retina\Retinal-Vessel-Segmentation-Benchmark-main\config\test_data\HRF\masks\05_dr.tif,D:\Retina\Retinal-Vessel-Segmentation-Benchmark-main\Models_output\FSG-Net-HRF\test_data\HRF\pred_masks\05_dr.png,D:\Retina\Retinal-Vessel-Segmentation-Benchmark-main\Models_output\FSG-Net-HRF\test_data\HRF\probability maps\05_dr.npy
FSG-Net-HRF,FSG-Net-HRF,HRF,05_g,0.55,diagnostic_test_set_scan_equal_dataset_macro_F1,450964,139625,84087,7510668,0.84284301870289,0.7635834734476937,0.8012579510323016,0.6684156543288927,0.7877278939476885,D:\Retina\Retinal-Vessel-Segmentation-Benchmark-main\config\test_data\HRF\masks\05_g.tif,D:\Retina\Retinal-Vessel-Segmentation-Benchmark-main\Models_output\FSG-Net-HRF\test_data\HRF\pred_masks\05_g.png,D:\Retina\Retinal-Vessel-Segmentation-Benchmark-main\Models_output\FSG-Net-HRF\test_data\HRF\probability maps\05_g.npy
FSG-Net-HRF,FSG-Net-HRF,HRF,05_h,0.55,diagnostic_test_set_scan_equal_dataset_macro_F1,591263,62512,147523,7384046,0.8003170065485811,0.9043830063859891,0.8491735730068557,0.7378815372058835,0.83707193370483,D:\Retina\Retinal-Vessel-Segmentation-Benchmark-main\config\test_data\HRF\masks\05_h.tif,D:\Retina\Retinal-Vessel-Segmentation-Benchmark-main\Models_output\FSG-Net-HRF\test_data\HRF\pred_masks\05_h.png,D:\Retina\Retinal-Vessel-Segmentation-Benchmark-main\Models_output\FSG-Net-HRF\test_data\HRF\probability maps\05_h.npy
FSG-Net-HRF,FSG-Net-HRF,HRF,06_dr,0.55,diagnostic_test_set_scan_equal_dataset_macro_F1,428042,146952,189924,7420426,0.6926627031260619,0.7444286375162176,0.7176133315450645,0.5595920085551654,0.6959743602636237,D:\Retina\Retinal-Vessel-Segmentation-Benchmark-main\config\test_data\HRF\masks\06_dr.tif,D:\Retina\Retinal-Vessel-Segmentation-Benchmark-main\Models_output\FSG-Net-HRF\test_data\HRF\pred_masks\06_dr.png,D:\Retina\Retinal-Vessel-Segmentation-Benchmark-main\Models_output\FSG-Net-HRF\test_data\HRF\probability maps\06_dr.npy
FSG-Net-HRF,FSG-Net-HRF,HRF,06_g,0.55,diagnostic_test_set_scan_equal_dataset_macro_F1,468127,145773,91638,7479806,0.8362920153993194,0.7625460172666558,0.7977182586172374,0.6635035958375027,0.7830987853005471,D:\Retina\Retinal-Vessel-Segmentation-Benchmark-main\config\test_data\HRF\masks\06_g.tif,D:\Retina\Retinal-Vessel-Segmentation-Benchmark-main\Models_output\FSG-Net-HRF\test_data\HRF\pred_masks\06_g.png,D:\Retina\Retinal-Vessel-Segmentation-Benchmark-main\Models_output\FSG-Net-HRF\test_data\HRF\probability maps\06_g.npy
FSG-Net-HRF,FSG-Net-HRF,HRF,06_h,0.55,diagnostic_test_set_scan_equal_dataset_macro_F1,677733,75501,152137,7279973,0.8166736958800777,0.8997642166976,0.8562078044146184,0.7485693710092327,0.8420633401084087,D:\Retina\Retinal-Vessel-Segmentation-Benchmark-main\config\test_data\HRF\masks\06_h.tif,D:\Retina\Retinal-Vessel-Segmentation-Benchmark-main\Models_output\FSG-Net-HRF\test_data\HRF\pred_masks\06_h.png,D:\Retina\Retinal-Vessel-Segmentation-Benchmark-main\Models_output\FSG-Net-HRF\test_data\HRF\probability maps\06_h.npy
FSG-Net-HRF,FSG-Net-HRF,HRF,07_dr,0.55,diagnostic_test_set_scan_equal_dataset_macro_F1,553849,230801,82510,7318184,0.8703404839092399,0.7058548397374625,0.7795151191864372,0.6386929747682089,0.7638002828733048,D:\Retina\Retinal-Vessel-Segmentation-Benchmark-main\config\test_data\HRF\masks\07_dr.tif,D:\Retina\Retinal-Vessel-Segmentation-Benchmark-main\Models_output\FSG-Net-HRF\test_data\HRF\pred_masks\07_dr.png,D:\Retina\Retinal-Vessel-Segmentation-Benchmark-main\Models_output\FSG-Net-HRF\test_data\HRF\probability maps\07_dr.npy
FSG-Net-HRF,FSG-Net-HRF,HRF,07_g,0.55,diagnostic_test_set_scan_equal_dataset_macro_F1,437445,135523,95339,7517037,0.821055061713565,0.7634719565490569,0.7912171987932195,0.6545569625935386,0.7767049246128847,D:\Retina\Retinal-Vessel-Segmentation-Benchmark-main\config\test_data\HRF\masks\07_g.tif,D:\Retina\Retinal-Vessel-Segmentation-Benchmark-main\Models_output\FSG-Net-HRF\test_data\HRF\pred_masks\07_g.png,D:\Retina\Retinal-Vessel-Segmentation-Benchmark-main\Models_output\FSG-Net-HRF\test_data\HRF\probability maps\07_g.npy
FSG-Net-HRF,FSG-Net-HRF,HRF,07_h,0.55,diagnostic_test_set_scan_equal_dataset_macro_F1,581171,57976,147842,7398355,0.7972025190222946,0.9092916027142426,0.8495658402526022,0.7384741082785147,0.8380652196252071,D:\Retina\Retinal-Vessel-Segmentation-Benchmark-main\config\test_data\HRF\masks\07_h.tif,D:\Retina\Retinal-Vessel-Segmentation-Benchmark-main\Models_output\FSG-Net-HRF\test_data\HRF\pred_masks\07_h.png,D:\Retina\Retinal-Vessel-Segmentation-Benchmark-main\Models_output\FSG-Net-HRF\test_data\HRF\probability maps\07_h.npy
FSG-Net-HRF,FSG-Net-HRF,HRF,08_dr,0.55,diagnostic_test_set_scan_equal_dataset_macro_F1,501713,182698,114064,7386869,0.8147641110337022,0.7330580601422245,0.771754546265617,0.6283390212592755,0.7533615416329036,D:\Retina\Retinal-Vessel-Segmentation-Benchmark-main\config\test_data\HRF\masks\08_dr.tif,D:\Retina\Retinal-Vessel-Segmentation-Benchmark-main\Models_output\FSG-Net-HRF\test_data\HRF\pred_masks\08_dr.png,D:\Retina\Retinal-Vessel-Segmentation-Benchmark-main\Models_output\FSG-Net-HRF\test_data\HRF\probability maps\08_dr.npy
FSG-Net-HRF,FSG-Net-HRF,HRF,08_g,0.55,diagnostic_test_set_scan_equal_dataset_macro_F1,462091,147490,93467,7482296,0.8317601402553829,0.7580469207537637,0.7931946317134694,0.6572680670452089,0.7783547327110014,D:\Retina\Retinal-Vessel-Segmentation-Benchmark-main\config\test_data\HRF\masks\08_g.tif,D:\Retina\Retinal-Vessel-Segmentation-Benchmark-main\Models_output\FSG-Net-HRF\test_data\HRF\pred_masks\08_g.png,D:\Retina\Retinal-Vessel-Segmentation-Benchmark-main\Models_output\FSG-Net-HRF\test_data\HRF\probability maps\08_g.npy
FSG-Net-HRF,FSG-Net-HRF,HRF,08_h,0.55,diagnostic_test_set_scan_equal_dataset_macro_F1,648669,53580,172958,7310137,0.7894932858827668,0.9237022765429356,0.8513409227522449,0.7411606625632564,0.8393188764891053,D:\Retina\Retinal-Vessel-Segmentation-Benchmark-main\config\test_data\HRF\masks\08_h.tif,D:\Retina\Retinal-Vessel-Segmentation-Benchmark-main\Models_output\FSG-Net-HRF\test_data\HRF\pred_masks\08_h.png,D:\Retina\Retinal-Vessel-Segmentation-Benchmark-main\Models_output\FSG-Net-HRF\test_data\HRF\probability maps\08_h.npy
FSG-Net-HRF,FSG-Net-HRF,HRF,09_dr,0.55,diagnostic_test_set_scan_equal_dataset_macro_F1,378387,105682,176060,7525215,0.6824583774463565,0.7816798844792788,0.7287071166934357,0.5732016015051603,0.7122872679778111,D:\Retina\Retinal-Vessel-Segmentation-Benchmark-main\config\test_data\HRF\masks\09_dr.tif,D:\Retina\Retinal-Vessel-Segmentation-Benchmark-main\Models_output\FSG-Net-HRF\test_data\HRF\pred_masks\09_dr.png,D:\Retina\Retinal-Vessel-Segmentation-Benchmark-main\Models_output\FSG-Net-HRF\test_data\HRF\probability maps\09_dr.npy
FSG-Net-HRF,FSG-Net-HRF,HRF,09_g,0.55,diagnostic_test_set_scan_equal_dataset_macro_F1,449060,158803,92883,7484598,0.828611127000441,0.7387519885237298,0.7811056821759496,0.6408313425977459,0.7660856346280027,D:\Retina\Retinal-Vessel-Segmentation-Benchmark-main\config\test_data\HRF\masks\09_g.tif,D:\Retina\Retinal-Vessel-Segmentation-Benchmark-main\Models_output\FSG-Net-HRF\test_data\HRF\pred_masks\09_g.png,D:\Retina\Retinal-Vessel-Segmentation-Benchmark-main\Models_output\FSG-Net-HRF\test_data\HRF\probability maps\09_g.npy
FSG-Net-HRF,FSG-Net-HRF,HRF,09_h,0.55,diagnostic_test_set_scan_equal_dataset_macro_F1,464339,50286,172129,7498590,0.7295559242569932,0.9022861306776779,0.8067792958518556,0.6761358506830685,0.7975187408311508,D:\Retina\Retinal-Vessel-Segmentation-Benchmark-main\config\test_data\HRF\masks\09_h.tif,D:\Retina\Retinal-Vessel-Segmentation-Benchmark-main\Models_output\FSG-Net-HRF\test_data\HRF\pred_masks\09_h.png,D:\Retina\Retinal-Vessel-Segmentation-Benchmark-main\Models_output\FSG-Net-HRF\test_data\HRF\probability maps\09_h.npy
FSG-Net-HRF,FSG-Net-HRF,HRF,10_dr,0.55,diagnostic_test_set_scan_equal_dataset_macro_F1,594443,214969,120446,7255486,0.8315178999816755,0.7344133766240184,0.7799548776783588,0.6392836325546482,0.7592338344918498,D:\Retina\Retinal-Vessel-Segmentation-Benchmark-main\config\test_data\HRF\masks\10_dr.tif,D:\Retina\Retinal-Vessel-Segmentation-Benchmark-main\Models_output\FSG-Net-HRF\test_data\HRF\pred_masks\10_dr.png,D:\Retina\Retinal-Vessel-Segmentation-Benchmark-main\Models_output\FSG-Net-HRF\test_data\HRF\probability maps\10_dr.npy
FSG-Net-HRF,FSG-Net-HRF,HRF,10_g,0.55,diagnostic_test_set_scan_equal_dataset_macro_F1,438570,149060,98028,7499686,0.8173157559290195,0.746336980753195,0.7802154011463865,0.6396337532705809,0.7649538713020544,D:\Retina\Retinal-Vessel-Segmentation-Benchmark-main\config\test_data\HRF\masks\10_g.tif,D:\Retina\Retinal-Vessel-Segmentation-Benchmark-main\Models_output\FSG-Net-HRF\test_data\HRF\pred_masks\10_g.png,D:\Retina\Retinal-Vessel-Segmentation-Benchmark-main\Models_output\FSG-Net-HRF\test_data\HRF\probability maps\10_g.npy
FSG-Net-HRF,FSG-Net-HRF,HRF,10_h,0.55,diagnostic_test_set_scan_equal_dataset_macro_F1,512051,45956,193387,7433950,0.7258625137857615,0.9176426102181514,0.810563182409998,0.6814680447275331,0.8013715537008438,D:\Retina\Retinal-Vessel-Segmentation-Benchmark-main\config\test_data\HRF\masks\10_h.tif,D:\Retina\Retinal-Vessel-Segmentation-Benchmark-main\Models_output\FSG-Net-HRF\test_data\HRF\pred_masks\10_h.png,D:\Retina\Retinal-Vessel-Segmentation-Benchmark-main\Models_output\FSG-Net-HRF\test_data\HRF\probability maps\10_h.npy
FSG-Net-HRF,FSG-Net-HRF,HRF,11_dr,0.55,diagnostic_test_set_scan_equal_dataset_macro_F1,579737,184611,113200,7307796,0.8366373855054644,0.7584725805523138,0.7956398370943227,0.6606328086896671,0.7768472949580487,D:\Retina\Retinal-Vessel-Segmentation-Benchmark-main\config\test_data\HRF\masks\11_dr.tif,D:\Retina\Retinal-Vessel-Segmentation-Benchmark-main\Models_output\FSG-Net-HRF\test_data\HRF\pred_masks\11_dr.png,D:\Retina\Retinal-Vessel-Segmentation-Benchmark-main\Models_output\FSG-Net-HRF\test_data\HRF\probability maps\11_dr.npy
FSG-Net-HRF,FSG-Net-HRF,HRF,11_g,0.55,diagnostic_test_set_scan_equal_dataset_macro_F1,506653,139125,119040,7420526,0.8097469525789804,0.7845621870054414,0.7969556521540798,0.6624491055388341,0.7799767700680463,D:\Retina\Retinal-Vessel-Segmentation-Benchmark-main\config\test_data\HRF\masks\11_g.tif,D:\Retina\Retinal-Vessel-Segmentation-Benchmark-main\Models_output\FSG-Net-HRF\test_data\HRF\pred_masks\11_g.png,D:\Retina\Retinal-Vessel-Segmentation-Benchmark-main\Models_output\FSG-Net-HRF\test_data\HRF\probability maps\11_g.npy
FSG-Net-HRF,FSG-Net-HRF,HRF,11_h,0.55,diagnostic_test_set_scan_equal_dataset_macro_F1,648275,97885,117080,7322104,0.8470252366548856,0.8688149994639219,0.8577817620069929,0.7509788703025809,0.8434000590673931,D:\Retina\Retinal-Vessel-Segmentation-Benchmark-main\config\test_data\HRF\masks\11_h.tif,D:\Retina\Retinal-Vessel-Segmentation-Benchmark-main\Models_output\FSG-Net-HRF\test_data\HRF\pred_masks\11_h.png,D:\Retina\Retinal-Vessel-Segmentation-Benchmark-main\Models_output\FSG-Net-HRF\test_data\HRF\probability maps\11_h.npy
FSG-Net-HRF,FSG-Net-HRF,HRF,12_dr,0.55,diagnostic_test_set_scan_equal_dataset_macro_F1,421040,132418,135684,7496202,0.7562813889826916,0.7607442660509017,0.7585062629370678,0.6109626172835206,0.7409417599150667,D:\Retina\Retinal-Vessel-Segmentation-Benchmark-main\config\test_data\HRF\masks\12_dr.tif,D:\Retina\Retinal-Vessel-Segmentation-Benchmark-main\Models_output\FSG-Net-HRF\test_data\HRF\pred_masks\12_dr.png,D:\Retina\Retinal-Vessel-Segmentation-Benchmark-main\Models_output\FSG-Net-HRF\test_data\HRF\probability maps\12_dr.npy
FSG-Net-HRF,FSG-Net-HRF,HRF,12_g,0.55,diagnostic_test_set_scan_equal_dataset_macro_F1,546104,155553,130320,7353367,0.807339775052334,0.7783062094442156,0.7925571864063143,0.6563931454835891,0.7736512008164984,D:\Retina\Retinal-Vessel-Segmentation-Benchmark-main\config\test_data\HRF\masks\12_g.tif,D:\Retina\Retinal-Vessel-Segmentation-Benchmark-main\Models_output\FSG-Net-HRF\test_data\HRF\pred_masks\12_g.png,D:\Retina\Retinal-Vessel-Segmentation-Benchmark-main\Models_output\FSG-Net-HRF\test_data\HRF\probability maps\12_g.npy
FSG-Net-HRF,FSG-Net-HRF,HRF,12_h,0.55,diagnostic_test_set_scan_equal_dataset_macro_F1,723901,93282,135394,7232767,0.842435950401201,0.8858493140459358,0.8635973749730089,0.7599396164299579,0.8483782243506449,D:\Retina\Retinal-Vessel-Segmentation-Benchmark-main\config\test_data\HRF\masks\12_h.tif,D:\Retina\Retinal-Vessel-Segmentation-Benchmark-main\Models_output\FSG-Net-HRF\test_data\HRF\pred_masks\12_h.png,D:\Retina\Retinal-Vessel-Segmentation-Benchmark-main\Models_output\FSG-Net-HRF\test_data\HRF\probability maps\12_h.npy
FSG-Net-HRF,FSG-Net-HRF,HRF,13_dr,0.55,diagnostic_test_set_scan_equal_dataset_macro_F1,447191,139816,112288,7486049,0.7992989906681037,0.7618154468345352,0.7801072145669463,0.6394883418299859,0.7638126625968626,D:\Retina\Retinal-Vessel-Segmentation-Benchmark-main\config\test_data\HRF\masks\13_dr.tif,D:\Retina\Retinal-Vessel-Segmentation-Benchmark-main\Models_output\FSG-Net-HRF\test_data\HRF\pred_masks\13_dr.png,D:\Retina\Retinal-Vessel-Segmentation-Benchmark-main\Models_output\FSG-Net-HRF\test_data\HRF\probability maps\13_dr.npy
FSG-Net-HRF,FSG-Net-HRF,HRF,13_g,0.55,diagnostic_test_set_scan_equal_dataset_macro_F1,434595,151152,122386,7477211,0.7802689858361417,0.74195002279141,0.7606272008736987,0.6137194566557412,0.7429486347209994,D:\Retina\Retinal-Vessel-Segmentation-Benchmark-main\config\test_data\HRF\masks\13_g.tif,D:\Retina\Retinal-Vessel-Segmentation-Benchmark-main\Models_output\FSG-Net-HRF\test_data\HRF\pred_masks\13_g.png,D:\Retina\Retinal-Vessel-Segmentation-Benchmark-main\Models_output\FSG-Net-HRF\test_data\HRF\probability maps\13_g.npy
FSG-Net-HRF,FSG-Net-HRF,HRF,13_h,0.55,diagnostic_test_set_scan_equal_dataset_macro_F1,622705,132507,89823,7340309,0.8739375856106707,0.8245433070449092,0.848522217831496,0.7368984716609371,0.8340431680042826,D:\Retina\Retinal-Vessel-Segmentation-Benchmark-main\config\test_data\HRF\masks\13_h.tif,D:\Retina\Retinal-Vessel-Segmentation-Benchmark-main\Models_output\FSG-Net-HRF\test_data\HRF\pred_masks\13_h.png,D:\Retina\Retinal-Vessel-Segmentation-Benchmark-main\Models_output\FSG-Net-HRF\test_data\HRF\probability maps\13_h.npy
FSG-Net-HRF,FSG-Net-HRF,HRF,14_dr,0.55,diagnostic_test_set_scan_equal_dataset_macro_F1,478568,163288,146368,7397120,0.7657872166109809,0.7456002592481803,0.7555589236433448,0.6071472068853524,0.7351381938408306,D:\Retina\Retinal-Vessel-Segmentation-Benchmark-main\config\test_data\HRF\masks\14_dr.tif,D:\Retina\Retinal-Vessel-Segmentation-Benchmark-main\Models_output\FSG-Net-HRF\test_data\HRF\pred_masks\14_dr.png,D:\Retina\Retinal-Vessel-Segmentation-Benchmark-main\Models_output\FSG-Net-HRF\test_data\HRF\probability maps\14_dr.npy
FSG-Net-HRF,FSG-Net-HRF,HRF,14_g,0.55,diagnostic_test_set_scan_equal_dataset_macro_F1,436232,147181,141937,7459994,0.7545060354325466,0.7477241679564905,0.7510997932130492,0.601408974977597,0.7320993209674711,D:\Retina\Retinal-Vessel-Segmentation-Benchmark-main\config\test_data\HRF\masks\14_g.tif,D:\Retina\Retinal-Vessel-Segmentation-Benchmark-main\Models_output\FSG-Net-HRF\test_data\HRF\pred_masks\14_g.png,D:\Retina\Retinal-Vessel-Segmentation-Benchmark-main\Models_output\FSG-Net-HRF\test_data\HRF\probability maps\14_g.npy
FSG-Net-HRF,FSG-Net-HRF,HRF,14_h,0.55,diagnostic_test_set_scan_equal_dataset_macro_F1,610815,141602,103239,7329688,0.8554184977606736,0.8118038268672824,0.8330406806544419,0.7138558018643006,0.8169626807537264,D:\Retina\Retinal-Vessel-Segmentation-Benchmark-main\config\test_data\HRF\masks\14_h.tif,D:\Retina\Retinal-Vessel-Segmentation-Benchmark-main\Models_output\FSG-Net-HRF\test_data\HRF\pred_masks\14_h.png,D:\Retina\Retinal-Vessel-Segmentation-Benchmark-main\Models_output\FSG-Net-HRF\test_data\HRF\probability maps\14_h.npy
FSG-Net-HRF,FSG-Net-HRF,HRF,15_dr,0.55,diagnostic_test_set_scan_equal_dataset_macro_F1,447321,195971,87722,7454330,0.8360468224049282,0.695362292706889,0.7592424904632383,0.6119185131885299,0.7443902149394077,D:\Retina\Retinal-Vessel-Segmentation-Benchmark-main\config\test_data\HRF\masks\15_dr.tif,D:\Retina\Retinal-Vessel-Segmentation-Benchmark-main\Models_output\FSG-Net-HRF\test_data\HRF\pred_masks\15_dr.png,D:\Retina\Retinal-Vessel-Segmentation-Benchmark-main\Models_output\FSG-Net-HRF\test_data\HRF\probability maps\15_dr.npy
FSG-Net-HRF,FSG-Net-HRF,HRF,15_g,0.55,diagnostic_test_set_scan_equal_dataset_macro_F1,464889,143128,134299,7443028,0.7758650039720422,0.764598687207759,0.7701906469903621,0.6262683277741555,0.751919412022131,D:\Retina\Retinal-Vessel-Segmentation-Benchmark-main\config\test_data\HRF\masks\15_g.tif,D:\Retina\Retinal-Vessel-Segmentation-Benchmark-main\Models_output\FSG-Net-HRF\test_data\HRF\pred_masks\15_g.png,D:\Retina\Retinal-Vessel-Segmentation-Benchmark-main\Models_output\FSG-Net-HRF\test_data\HRF\probability maps\15_g.npy
FSG-Net-HRF,FSG-Net-HRF,HRF,15_h,0.55,diagnostic_test_set_scan_equal_dataset_macro_F1,545968,99405,95277,7444694,0.8514187245124718,0.8459727940276398,0.848687022877031,0.7371471005198137,0.8357857703946245,D:\Retina\Retinal-Vessel-Segmentation-Benchmark-main\config\test_data\HRF\masks\15_h.tif,D:\Retina\Retinal-Vessel-Segmentation-Benchmark-main\Models_output\FSG-Net-HRF\test_data\HRF\pred_masks\15_h.png,D:\Retina\Retinal-Vessel-Segmentation-Benchmark-main\Models_output\FSG-Net-HRF\test_data\HRF\probability maps\15_h.npy
FSG-Net-HRF,FSG-Net-HRF,LES,111,0.55,diagnostic_test_set_scan_equal_dataset_macro_F1,96140,33975,25633,2183532,0.7895017778982205,0.7388848326480422,0.7633551419678588,0.6172791945963993,0.7503648484443377,D:\Retina\Retinal-Vessel-Segmentation-Benchmark-main\config\test_data\LES\masks\111.png,D:\Retina\Retinal-Vessel-Segmentation-Benchmark-main\Models_output\FSG-Net-HRF\test_data\LES\pred_masks\111.png,D:\Retina\Retinal-Vessel-Segmentation-Benchmark-main\Models_output\FSG-Net-HRF\test_data\LES\probability maps\111.npy
FSG-Net-HRF,FSG-Net-HRF,LES,119,0.55,diagnostic_test_set_scan_equal_dataset_macro_F1,104472,59138,17721,2157949,0.8549753259188333,0.6385428763523012,0.7310770005913165,0.5761397665043484,0.7226060458260458,D:\Retina\Retinal-Vessel-Segmentation-Benchmark-main\config\test_data\LES\masks\119.png,D:\Retina\Retinal-Vessel-Segmentation-Benchmark-main\Models_output\FSG-Net-HRF\test_data\LES\pred_masks\119.png,D:\Retina\Retinal-Vessel-Segmentation-Benchmark-main\Models_output\FSG-Net-HRF\test_data\LES\probability maps\119.npy
FSG-Net-HRF,FSG-Net-HRF,LES,12,0.55,diagnostic_test_set_scan_equal_dataset_macro_F1,133768,28191,18760,2158561,0.8770061890275884,0.825937428608475,0.850706070521198,0.7401988722823831,0.8403922833868323,D:\Retina\Retinal-Vessel-Segmentation-Benchmark-main\config\test_data\LES\masks\12.png,D:\Retina\Retinal-Vessel-Segmentation-Benchmark-main\Models_output\FSG-Net-HRF\test_data\LES\pred_masks\12.png,D:\Retina\Retinal-Vessel-Segmentation-Benchmark-main\Models_output\FSG-Net-HRF\test_data\LES\probability maps\12.npy
FSG-Net-HRF,FSG-Net-HRF,LES,15,0.55,diagnostic_test_set_scan_equal_dataset_macro_F1,131877,32245,19476,2155682,0.8713206873996551,0.8035303006300192,0.8360535700134718,0.7182921382585867,0.8249973873955433,D:\Retina\Retinal-Vessel-Segmentation-Benchmark-main\config\test_data\LES\masks\15.png,D:\Retina\Retinal-Vessel-Segmentation-Benchmark-main\Models_output\FSG-Net-HRF\test_data\LES\pred_masks\15.png,D:\Retina\Retinal-Vessel-Segmentation-Benchmark-main\Models_output\FSG-Net-HRF\test_data\LES\probability maps\15.npy
FSG-Net-HRF,FSG-Net-HRF,LES,224,0.55,diagnostic_test_set_scan_equal_dataset_macro_F1,166464,27149,26386,2119281,0.8631786362457868,0.8597769777855826,0.8614744490416933,0.7566579848090219,0.8490035440305246,D:\Retina\Retinal-Vessel-Segmentation-Benchmark-main\config\test_data\LES\masks\224.png,D:\Retina\Retinal-Vessel-Segmentation-Benchmark-main\Models_output\FSG-Net-HRF\test_data\LES\pred_masks\224.png,D:\Retina\Retinal-Vessel-Segmentation-Benchmark-main\Models_output\FSG-Net-HRF\test_data\LES\probability maps\224.npy
FSG-Net-HRF,FSG-Net-HRF,LES,240,0.55,diagnostic_test_set_scan_equal_dataset_macro_F1,127569,31524,12153,2168034,0.9130201399922704,0.8018517470913239,0.8538326389237488,0.7449458673487264,0.8459344704088136,D:\Retina\Retinal-Vessel-Segmentation-Benchmark-main\config\test_data\LES\masks\240.png,D:\Retina\Retinal-Vessel-Segmentation-Benchmark-main\Models_output\FSG-Net-HRF\test_data\LES\pred_masks\240.png,D:\Retina\Retinal-Vessel-Segmentation-Benchmark-main\Models_output\FSG-Net-HRF\test_data\LES\probability maps\240.npy
FSG-Net-HRF,FSG-Net-HRF,LES,275,0.55,diagnostic_test_set_scan_equal_dataset_macro_F1,126433,34061,21171,2157615,0.8565689276713369,0.7877739977818485,0.8207323643775681,0.6959678529160818,0.8089299773310775,D:\Retina\Retinal-Vessel-Segmentation-Benchmark-main\config\test_data\LES\masks\275.png,D:\Retina\Retinal-Vessel-Segmentation-Benchmark-main\Models_output\FSG-Net-HRF\test_data\LES\pred_masks\275.png,D:\Retina\Retinal-Vessel-Segmentation-Benchmark-main\Models_output\FSG-Net-HRF\test_data\LES\probability maps\275.npy
FSG-Net-HRF,FSG-Net-HRF,LES,279,0.55,diagnostic_test_set_scan_equal_dataset_macro_F1,162007,31552,19253,2126468,0.8937824120048549,0.8369902717001018,0.8644545767423742,0.7612681615698362,0.8532064336578639,D:\Retina\Retinal-Vessel-Segmentation-Benchmark-main\config\test_data\LES\masks\279.png,D:\Retina\Retinal-Vessel-Segmentation-Benchmark-main\Models_output\FSG-Net-HRF\test_data\LES\pred_masks\279.png,D:\Retina\Retinal-Vessel-Segmentation-Benchmark-main\Models_output\FSG-Net-HRF\test_data\LES\probability maps\279.npy
FSG-Net-HRF,FSG-Net-HRF,LES,304,0.55,diagnostic_test_set_scan_equal_dataset_macro_F1,85293,25399,12789,2215799,0.8696091025876308,0.7705434900444477,0.8170845028595515,0.6907378463083389,0.8101937547614263,D:\Retina\Retinal-Vessel-Segmentation-Benchmark-main\config\test_data\LES\masks\304.png,D:\Retina\Retinal-Vessel-Segmentation-Benchmark-main\Models_output\FSG-Net-HRF\test_data\LES\pred_masks\304.png,D:\Retina\Retinal-Vessel-Segmentation-Benchmark-main\Models_output\FSG-Net-HRF\test_data\LES\probability maps\304.npy
FSG-Net-HRF,FSG-Net-HRF,LES,318,0.55,diagnostic_test_set_scan_equal_dataset_macro_F1,125704,34284,13378,2165914,0.9038121396010986,0.7857089281696127,0.8406326278128866,0.7250787351614504,0.8321283544477299,D:\Retina\Retinal-Vessel-Segmentation-Benchmark-main\config\test_data\LES\masks\318.png,D:\Retina\Retinal-Vessel-Segmentation-Benchmark-main\Models_output\FSG-Net-HRF\test_data\LES\pred_masks\318.png,D:\Retina\Retinal-Vessel-Segmentation-Benchmark-main\Models_output\FSG-Net-HRF\test_data\LES\probability maps\318.npy
FSG-Net-HRF,FSG-Net-HRF,LES,33,0.55,diagnostic_test_set_scan_equal_dataset_macro_F1,175343,35330,27494,2101113,0.8644527379127083,0.8322993454310709,0.8480713888418661,0.73621870368271,0.83352732885687,D:\Retina\Retinal-Vessel-Segmentation-Benchmark-main\config\test_data\LES\masks\33.png,D:\Retina\Retinal-Vessel-Segmentation-Benchmark-main\Models_output\FSG-Net-HRF\test_data\LES\pred_masks\33.png,D:\Retina\Retinal-Vessel-Segmentation-Benchmark-main\Models_output\FSG-Net-HRF\test_data\LES\probability maps\33.npy
FSG-Net-HRF,FSG-Net-HRF,LES,34,0.55,diagnostic_test_set_scan_equal_dataset_macro_F1,278337,67309,43644,3910478,0.864451629133396,0.8052660814822101,0.8338098968435967,0.7149862570320327,0.8204467047176848,D:\Retina\Retinal-Vessel-Segmentation-Benchmark-main\config\test_data\LES\masks\34.png,D:\Retina\Retinal-Vessel-Segmentation-Benchmark-main\Models_output\FSG-Net-HRF\test_data\LES\pred_masks\34.png,D:\Retina\Retinal-Vessel-Segmentation-Benchmark-main\Models_output\FSG-Net-HRF\test_data\LES\probability maps\34.npy
FSG-Net-HRF,FSG-Net-HRF,LES,367,0.55,diagnostic_test_set_scan_equal_dataset_macro_F1,123655,27192,14437,2173996,0.8954537554673696,0.8197378801036812,0.8559246069239529,0.7481365407419956,0.8473990176771428,D:\Retina\Retinal-Vessel-Segmentation-Benchmark-main\config\test_data\LES\masks\367.png,D:\Retina\Retinal-Vessel-Segmentation-Benchmark-main\Models_output\FSG-Net-HRF\test_data\LES\pred_masks\367.png,D:\Retina\Retinal-Vessel-Segmentation-Benchmark-main\Models_output\FSG-Net-HRF\test_data\LES\probability maps\367.npy
FSG-Net-HRF,FSG-Net-HRF,LES,37,0.55,diagnostic_test_set_scan_equal_dataset_macro_F1,201473,42713,20635,2074459,0.9070947466998037,0.8250800619200118,0.8641457964288624,0.7607893633813029,0.8503203592756672,D:\Retina\Retinal-Vessel-Segmentation-Benchmark-main\config\test_data\LES\masks\37.png,D:\Retina\Retinal-Vessel-Segmentation-Benchmark-main\Models_output\FSG-Net-HRF\test_data\LES\pred_masks\37.png,D:\Retina\Retinal-Vessel-Segmentation-Benchmark-main\Models_output\FSG-Net-HRF\test_data\LES\probability maps\37.npy
FSG-Net-HRF,FSG-Net-HRF,LES,370,0.55,diagnostic_test_set_scan_equal_dataset_macro_F1,104564,30808,11161,2192747,0.9035558435947288,0.7724197027450285,0.8328574216338706,0.7135867006066893,0.8262666808273562,D:\Retina\Retinal-Vessel-Segmentation-Benchmark-main\config\test_data\LES\masks\370.png,D:\Retina\Retinal-Vessel-Segmentation-Benchmark-main\Models_output\FSG-Net-HRF\test_data\LES\pred_masks\370.png,D:\Retina\Retinal-Vessel-Segmentation-Benchmark-main\Models_output\FSG-Net-HRF\test_data\LES\probability maps\370.npy
FSG-Net-HRF,FSG-Net-HRF,LES,42,0.55,diagnostic_test_set_scan_equal_dataset_macro_F1,136672,30026,18991,2153591,0.8779992676487026,0.8198778629617632,0.8479437649095268,0.7360263666668462,0.8372716322255425,D:\Retina\Retinal-Vessel-Segmentation-Benchmark-main\config\test_data\LES\masks\42.png,D:\Retina\Retinal-Vessel-Segmentation-Benchmark-main\Models_output\FSG-Net-HRF\test_data\LES\pred_masks\42.png,D:\Retina\Retinal-Vessel-Segmentation-Benchmark-main\Models_output\FSG-Net-HRF\test_data\LES\probability maps\42.npy
FSG-Net-HRF,FSG-Net-HRF,LES,486,0.55,diagnostic_test_set_scan_equal_dataset_macro_F1,117170,29554,13997,2178559,0.8932887082879077,0.7985741937242714,0.8432802789582966,0.7290273206363823,0.8348962641108336,D:\Retina\Retinal-Vessel-Segmentation-Benchmark-main\config\test_data\LES\masks\486.png,D:\Retina\Retinal-Vessel-Segmentation-Benchmark-main\Models_output\FSG-Net-HRF\test_data\LES\pred_masks\486.png,D:\Retina\Retinal-Vessel-Segmentation-Benchmark-main\Models_output\FSG-Net-HRF\test_data\LES\probability maps\486.npy
FSG-Net-HRF,FSG-Net-HRF,LES,49,0.55,diagnostic_test_set_scan_equal_dataset_macro_F1,150156,27141,25534,2136449,0.8546644658204793,0.8469178835513291,0.8507735412352295,0.7403010387958449,0.8386064035427574,D:\Retina\Retinal-Vessel-Segmentation-Benchmark-main\config\test_data\LES\masks\49.png,D:\Retina\Retinal-Vessel-Segmentation-Benchmark-main\Models_output\FSG-Net-HRF\test_data\LES\pred_masks\49.png,D:\Retina\Retinal-Vessel-Segmentation-Benchmark-main\Models_output\FSG-Net-HRF\test_data\LES\probability maps\49.npy
FSG-Net-HRF,FSG-Net-HRF,LES,529,0.55,diagnostic_test_set_scan_equal_dataset_macro_F1,118462,29672,22339,2168807,0.8413434563674974,0.7996948708601671,0.8199906553377057,0.6949018319616597,0.8084459675849227,D:\Retina\Retinal-Vessel-Segmentation-Benchmark-main\config\test_data\LES\masks\529.png,D:\Retina\Retinal-Vessel-Segmentation-Benchmark-main\Models_output\FSG-Net-HRF\test_data\LES\pred_masks\529.png,D:\Retina\Retinal-Vessel-Segmentation-Benchmark-main\Models_output\FSG-Net-HRF\test_data\LES\probability maps\529.npy
FSG-Net-HRF,FSG-Net-HRF,LES,53,0.55,diagnostic_test_set_scan_equal_dataset_macro_F1,159075,24002,27188,2129015,0.8540343492803187,0.868896693740885,0.8614014187469541,0.7565453118683566,0.849560457715706,D:\Retina\Retinal-Vessel-Segmentation-Benchmark-main\config\test_data\LES\masks\53.png,D:\Retina\Retinal-Vessel-Segmentation-Benchmark-main\Models_output\FSG-Net-HRF\test_data\LES\pred_masks\53.png,D:\Retina\Retinal-Vessel-Segmentation-Benchmark-main\Models_output\FSG-Net-HRF\test_data\LES\probability maps\53.npy
FSG-Net-HRF,FSG-Net-HRF,LES,586,0.55,diagnostic_test_set_scan_equal_dataset_macro_F1,153856,34459,16582,2134383,0.9027094896677971,0.8170140456150599,0.8577266252825761,0.7508943517962684,0.8471769919430242,D:\Retina\Retinal-Vessel-Segmentation-Benchmark-main\config\test_data\LES\masks\586.png,D:\Retina\Retinal-Vessel-Segmentation-Benchmark-main\Models_output\FSG-Net-HRF\test_data\LES\pred_masks\586.png,D:\Retina\Retinal-Vessel-Segmentation-Benchmark-main\Models_output\FSG-Net-HRF\test_data\LES\probability maps\586.npy
FSG-Net-HRF,FSG-Net-HRF,LES,90,0.55,diagnostic_test_set_scan_equal_dataset_macro_F1,141102,40795,21921,2135462,0.8655343111094753,0.7757247233324354,0.8181723298156093,0.6922941055255178,0.8051526999979421,D:\Retina\Retinal-Vessel-Segmentation-Benchmark-main\config\test_data\LES\masks\90.png,D:\Retina\Retinal-Vessel-Segmentation-Benchmark-main\Models_output\FSG-Net-HRF\test_data\LES\pred_masks\90.png,D:\Retina\Retinal-Vessel-Segmentation-Benchmark-main\Models_output\FSG-Net-HRF\test_data\LES\probability maps\90.npy
FSG-Net-HRF,FSG-Net-HRF,STARE,im0001,0.55,diagnostic_test_set_scan_equal_dataset_macro_F1,24114,2432,9685,387269,0.7134530607414421,0.9083854441347096,0.799204573701218,0.6655626397284093,0.7906748105045949,D:\Retina\Retinal-Vessel-Segmentation-Benchmark-main\config\test_data\STARE\masks\im0001.png,D:\Retina\Retinal-Vessel-Segmentation-Benchmark-main\Models_output\FSG-Net-HRF\test_data\STARE\pred_masks\im0001.png,D:\Retina\Retinal-Vessel-Segmentation-Benchmark-main\Models_output\FSG-Net-HRF\test_data\STARE\probability maps\im0001.npy
FSG-Net-HRF,FSG-Net-HRF,STARE,im0002,0.55,diagnostic_test_set_scan_equal_dataset_macro_F1,19097,1624,9108,393671,0.6770785321751462,0.921625404179335,0.7806483260434125,0.6402158972811693,0.7778230094501803,D:\Retina\Retinal-Vessel-Segmentation-Benchmark-main\config\test_data\STARE\masks\im0002.png,D:\Retina\Retinal-Vessel-Segmentation-Benchmark-main\Models_output\FSG-Net-HRF\test_data\STARE\pred_masks\im0002.png,D:\Retina\Retinal-Vessel-Segmentation-Benchmark-main\Models_output\FSG-Net-HRF\test_data\STARE\probability maps\im0002.npy
FSG-Net-HRF,FSG-Net-HRF,STARE,im0003,0.55,diagnostic_test_set_scan_equal_dataset_macro_F1,19482,2316,5863,395839,0.7686723219569935,0.8937517203413157,0.8265065863436777,0.7043129315642963,0.8189439722904851,D:\Retina\Retinal-Vessel-Segmentation-Benchmark-main\config\test_data\STARE\masks\im0003.png,D:\Retina\Retinal-Vessel-Segmentation-Benchmark-main\Models_output\FSG-Net-HRF\test_data\STARE\pred_masks\im0003.png,D:\Retina\Retinal-Vessel-Segmentation-Benchmark-main\Models_output\FSG-Net-HRF\test_data\STARE\probability maps\im0003.npy
FSG-Net-HRF,FSG-Net-HRF,STARE,im0004,0.55,diagnostic_test_set_scan_equal_dataset_macro_F1,16587,2687,14808,389418,0.5283325370281892,0.8605893950399502,0.6547198484280329,0.48667918549380906,0.6554972269198028,D:\Retina\Retinal-Vessel-Segmentation-Benchmark-main\config\test_data\STARE\masks\im0004.png,D:\Retina\Retinal-Vessel-Segmentation-Benchmark-main\Models_output\FSG-Net-HRF\test_data\STARE\pred_masks\im0004.png,D:\Retina\Retinal-Vessel-Segmentation-Benchmark-main\Models_output\FSG-Net-HRF\test_data\STARE\probability maps\im0004.npy
FSG-Net-HRF,FSG-Net-HRF,STARE,im0005,0.55,diagnostic_test_set_scan_equal_dataset_macro_F1,29212,5986,9045,379257,0.7635726795096323,0.8299335189499404,0.7953713157715608,0.6602626404176932,0.7767846177532353,D:\Retina\Retinal-Vessel-Segmentation-Benchmark-main\config\test_data\STARE\masks\im0005.png,D:\Retina\Retinal-Vessel-Segmentation-Benchmark-main\Models_output\FSG-Net-HRF\test_data\STARE\pred_masks\im0005.png,D:\Retina\Retinal-Vessel-Segmentation-Benchmark-main\Models_output\FSG-Net-HRF\test_data\STARE\probability maps\im0005.npy
FSG-Net-HRF,FSG-Net-HRF,STARE,im0044,0.55,diagnostic_test_set_scan_equal_dataset_macro_F1,24331,5843,5165,388161,0.824891510713317,0.8063564658315105,0.8155186861069214,0.6885027872888311,0.8015990844721127,D:\Retina\Retinal-Vessel-Segmentation-Benchmark-main\config\test_data\STARE\masks\im0044.png,D:\Retina\Retinal-Vessel-Segmentation-Benchmark-main\Models_output\FSG-Net-HRF\test_data\STARE\pred_masks\im0044.png,D:\Retina\Retinal-Vessel-Segmentation-Benchmark-main\Models_output\FSG-Net-HRF\test_data\STARE\probability maps\im0044.npy
FSG-Net-HRF,FSG-Net-HRF,STARE,im0077,0.55,diagnostic_test_set_scan_equal_dataset_macro_F1,30754,8815,3187,380744,0.9061017648272002,0.7772245950112462,0.836729696639913,0.7192908597623725,0.8242109759276521,D:\Retina\Retinal-Vessel-Segmentation-Benchmark-main\config\test_data\STARE\masks\im0077.png,D:\Retina\Retinal-Vessel-Segmentation-Benchmark-main\Models_output\FSG-Net-HRF\test_data\STARE\pred_masks\im0077.png,D:\Retina\Retinal-Vessel-Segmentation-Benchmark-main\Models_output\FSG-Net-HRF\test_data\STARE\probability maps\im0077.npy
FSG-Net-HRF,FSG-Net-HRF,STARE,im0081,0.55,diagnostic_test_set_scan_equal_dataset_macro_F1,27984,7009,3631,384876,0.8851494543729242,0.7997027977023976,0.8402594282969014,0.7245236122618062,0.8279179009782445,D:\Retina\Retinal-Vessel-Segmentation-Benchmark-main\config\test_data\STARE\masks\im0081.png,D:\Retina\Retinal-Vessel-Segmentation-Benchmark-main\Models_output\FSG-Net-HRF\test_data\STARE\pred_masks\im0081.png,D:\Retina\Retinal-Vessel-Segmentation-Benchmark-main\Models_output\FSG-Net-HRF\test_data\STARE\probability maps\im0081.npy
FSG-Net-HRF,FSG-Net-HRF,STARE,im0082,0.55,diagnostic_test_set_scan_equal_dataset_macro_F1,28736,4364,4574,385826,0.8626838787151005,0.8681570996978852,0.8654118355669327,0.7627541540585019,0.8539666735216412,D:\Retina\Retinal-Vessel-Segmentation-Benchmark-main\config\test_data\STARE\masks\im0082.png,D:\Retina\Retinal-Vessel-Segmentation-Benchmark-main\Models_output\FSG-Net-HRF\test_data\STARE\pred_masks\im0082.png,D:\Retina\Retinal-Vessel-Segmentation-Benchmark-main\Models_output\FSG-Net-HRF\test_data\STARE\probability maps\im0082.npy
FSG-Net-HRF,FSG-Net-HRF,STARE,im0139,0.55,diagnostic_test_set_scan_equal_dataset_macro_F1,26853,4064,7204,385379,0.7884722670816572,0.8685512824659573,0.8265767845599779,0.7044148894310223,0.81331895706472,D:\Retina\Retinal-Vessel-Segmentation-Benchmark-main\config\test_data\STARE\masks\im0139.png,D:\Retina\Retinal-Vessel-Segmentation-Benchmark-main\Models_output\FSG-Net-HRF\test_data\STARE\pred_masks\im0139.png,D:\Retina\Retinal-Vessel-Segmentation-Benchmark-main\Models_output\FSG-Net-HRF\test_data\STARE\probability maps\im0139.npy
FSG-Net-HRF,FSG-Net-HRF,STARE,im0162,0.55,diagnostic_test_set_scan_equal_dataset_macro_F1,25048,4340,5132,388980,0.8299536116633532,0.8523206751054853,0.8409884501745905,0.7256083429895712,0.8290465483210696,D:\Retina\Retinal-Vessel-Segmentation-Benchmark-main\config\test_data\STARE\masks\im0162.png,D:\Retina\Retinal-Vessel-Segmentation-Benchmark-main\Models_output\FSG-Net-HRF\test_data\STARE\pred_masks\im0162.png,D:\Retina\Retinal-Vessel-Segmentation-Benchmark-main\Models_output\FSG-Net-HRF\test_data\STARE\probability maps\im0162.npy
FSG-Net-HRF,FSG-Net-HRF,STARE,im0163,0.55,diagnostic_test_set_scan_equal_dataset_macro_F1,28765,4362,3986,386387,0.8782937925559525,0.8683249313249012,0.8732809132031938,0.7750653409856385,0.8626106197368013,D:\Retina\Retinal-Vessel-Segmentation-Benchmark-main\config\test_data\STARE\masks\im0163.png,D:\Retina\Retinal-Vessel-Segmentation-Benchmark-main\Models_output\FSG-Net-HRF\test_data\STARE\pred_masks\im0163.png,D:\Retina\Retinal-Vessel-Segmentation-Benchmark-main\Models_output\FSG-Net-HRF\test_data\STARE\probability maps\im0163.npy
FSG-Net-HRF,FSG-Net-HRF,STARE,im0235,0.55,diagnostic_test_set_scan_equal_dataset_macro_F1,32198,5132,5503,380667,0.8540357019707701,0.8625234395928207,0.8582585864509336,0.7517101300399225,0.8444949240876682,D:\Retina\Retinal-Vessel-Segmentation-Benchmark-main\config\test_data\STARE\masks\im0235.png,D:\Retina\Retinal-Vessel-Segmentation-Benchmark-main\Models_output\FSG-Net-HRF\test_data\STARE\pred_masks\im0235.png,D:\Retina\Retinal-Vessel-Segmentation-Benchmark-main\Models_output\FSG-Net-HRF\test_data\STARE\probability maps\im0235.npy
FSG-Net-HRF,FSG-Net-HRF,STARE,im0236,0.55,diagnostic_test_set_scan_equal_dataset_macro_F1,31909,4001,6451,381139,0.831830031282586,0.8885825675299359,0.8592702302410126,0.753263615117679,0.8463136029972432,D:\Retina\Retinal-Vessel-Segmentation-Benchmark-main\config\test_data\STARE\masks\im0236.png,D:\Retina\Retinal-Vessel-Segmentation-Benchmark-main\Models_output\FSG-Net-HRF\test_data\STARE\pred_masks\im0236.png,D:\Retina\Retinal-Vessel-Segmentation-Benchmark-main\Models_output\FSG-Net-HRF\test_data\STARE\probability maps\im0236.npy
FSG-Net-HRF,FSG-Net-HRF,STARE,im0239,0.55,diagnostic_test_set_scan_equal_dataset_macro_F1,29168,3298,7403,383631,0.7975718465450767,0.8984168052732089,0.8449961614786274,0.7315959768240989,0.8330402868607609,D:\Retina\Retinal-Vessel-Segmentation-Benchmark-main\config\test_data\STARE\masks\im0239.png,D:\Retina\Retinal-Vessel-Segmentation-Benchmark-main\Models_output\FSG-Net-HRF\test_data\STARE\pred_masks\im0239.png,D:\Retina\Retinal-Vessel-Segmentation-Benchmark-main\Models_output\FSG-Net-HRF\test_data\STARE\probability maps\im0239.npy
FSG-Net-HRF,FSG-Net-HRF,STARE,im0240,0.55,diagnostic_test_set_scan_equal_dataset_macro_F1,33552,4441,9691,375816,0.7758943644057997,0.8831100465875292,0.8260377172682061,0.7036322456169785,0.8097377482166814,D:\Retina\Retinal-Vessel-Segmentation-Benchmark-main\config\test_data\STARE\masks\im0240.png,D:\Retina\Retinal-Vessel-Segmentation-Benchmark-main\Models_output\FSG-Net-HRF\test_data\STARE\pred_masks\im0240.png,D:\Retina\Retinal-Vessel-Segmentation-Benchmark-main\Models_output\FSG-Net-HRF\test_data\STARE\probability maps\im0240.npy
FSG-Net-HRF,FSG-Net-HRF,STARE,im0255,0.55,diagnostic_test_set_scan_equal_dataset_macro_F1,30724,3643,7179,381954,0.8105954673772524,0.8939971484272703,0.8502559845025597,0.7395176430944014,0.8375223527583912,D:\Retina\Retinal-Vessel-Segmentation-Benchmark-main\config\test_data\STARE\masks\im0255.png,D:\Retina\Retinal-Vessel-Segmentation-Benchmark-main\Models_output\FSG-Net-HRF\test_data\STARE\pred_masks\im0255.png,D:\Retina\Retinal-Vessel-Segmentation-Benchmark-main\Models_output\FSG-Net-HRF\test_data\STARE\probability maps\im0255.npy
FSG-Net-HRF,FSG-Net-HRF,STARE,im0291,0.55,diagnostic_test_set_scan_equal_dataset_macro_F1,16365,1987,5053,400095,0.7640769446260155,0.8917284219703574,0.8229821473472466,0.6992095706045717,0.8169911145980574,D:\Retina\Retinal-Vessel-Segmentation-Benchmark-main\config\test_data\STARE\masks\im0291.png,D:\Retina\Retinal-Vessel-Segmentation-Benchmark-main\Models_output\FSG-Net-HRF\test_data\STARE\pred_masks\im0291.png,D:\Retina\Retinal-Vessel-Segmentation-Benchmark-main\Models_output\FSG-Net-HRF\test_data\STARE\probability maps\im0291.npy
FSG-Net-HRF,FSG-Net-HRF,STARE,im0319,0.55,diagnostic_test_set_scan_equal_dataset_macro_F1,12126,1455,6119,403800,0.6646204439572485,0.892865032030042,0.7620184754603155,0.6155329949238578,0.7618026327749647,D:\Retina\Retinal-Vessel-Segmentation-Benchmark-main\config\test_data\STARE\masks\im0319.png,D:\Retina\Retinal-Vessel-Segmentation-Benchmark-main\Models_output\FSG-Net-HRF\test_data\STARE\pred_masks\im0319.png,D:\Retina\Retinal-Vessel-Segmentation-Benchmark-main\Models_output\FSG-Net-HRF\test_data\STARE\probability maps\im0319.npy
FSG-Net-HRF,FSG-Net-HRF,STARE,im0324,0.55,diagnostic_test_set_scan_equal_dataset_macro_F1,18630,2495,9631,392744,0.6592123420968826,0.8818934911242604,0.754464828088932,0.6057354662504877,0.7484387724302706,D:\Retina\Retinal-Vessel-Segmentation-Benchmark-main\config\test_data\STARE\masks\im0324.png,D:\Retina\Retinal-Vessel-Segmentation-Benchmark-main\Models_output\FSG-Net-HRF\test_data\STARE\pred_masks\im0324.png,D:\Retina\Retinal-Vessel-Segmentation-Benchmark-main\Models_output\FSG-Net-HRF\test_data\STARE\probability maps\im0324.npy
GAVE,gave,AFIO,IM000001,0.1,diagnostic_test_set_scan_equal_dataset_macro_F1,79805,11552,64963,1347680,0.5512613284703802,0.8735510141532669,0.6759555320275279,0.5105232855680655,0.6702020009095788,D:\Retina\Retinal-Vessel-Segmentation-Benchmark-main\config\test_data\AFIO\masks\IM000001.png,D:\Retina\Retinal-Vessel-Segmentation-Benchmark-main\Models_output\gave\test_data\AFIO\pred_masks\IM000001.png,D:\Retina\Retinal-Vessel-Segmentation-Benchmark-main\Models_output\gave\test_data\AFIO\probability maps\IM000001.png
GAVE,gave,AFIO,IM000004,0.1,diagnostic_test_set_scan_equal_dataset_macro_F1,62054,24804,25436,1391706,0.7092696308149503,0.7144304496995095,0.7118406864432056,0.5526029885835396,0.6941163019716423,D:\Retina\Retinal-Vessel-Segmentation-Benchmark-main\config\test_data\AFIO\masks\IM000004.png,D:\Retina\Retinal-Vessel-Segmentation-Benchmark-main\Models_output\gave\test_data\AFIO\pred_masks\IM000004.png,D:\Retina\Retinal-Vessel-Segmentation-Benchmark-main\Models_output\gave\test_data\AFIO\probability maps\IM000004.png
GAVE,gave,AFIO,IM000023,0.1,diagnostic_test_set_scan_equal_dataset_macro_F1,41472,23395,22070,1417063,0.6526706745144943,0.6393389550927282,0.6459360325210849,0.477035094378688,0.630185696502283,D:\Retina\Retinal-Vessel-Segmentation-Benchmark-main\config\test_data\AFIO\masks\IM000023.png,D:\Retina\Retinal-Vessel-Segmentation-Benchmark-main\Models_output\gave\test_data\AFIO\pred_masks\IM000023.png,D:\Retina\Retinal-Vessel-Segmentation-Benchmark-main\Models_output\gave\test_data\AFIO\probability maps\IM000023.png
GAVE,gave,AFIO,IM000024,0.1,diagnostic_test_set_scan_equal_dataset_macro_F1,45429,18648,30216,1409707,0.6005552250644458,0.7089751392855471,0.6502769785717353,0.481785498393306,0.6357627576465485,D:\Retina\Retinal-Vessel-Segmentation-Benchmark-main\config\test_data\AFIO\masks\IM000024.png,D:\Retina\Retinal-Vessel-Segmentation-Benchmark-main\Models_output\gave\test_data\AFIO\pred_masks\IM000024.png,D:\Retina\Retinal-Vessel-Segmentation-Benchmark-main\Models_output\gave\test_data\AFIO\probability maps\IM000024.png
GAVE,gave,AFIO,IM000135,0.1,diagnostic_test_set_scan_equal_dataset_macro_F1,89270,16990,61977,1335763,0.5902265830066051,0.8401091661961227,0.6933403752131011,0.5306204937082806,0.6780037577393305,D:\Retina\Retinal-Vessel-Segmentation-Benchmark-main\config\test_data\AFIO\masks\IM000135.png,D:\Retina\Retinal-Vessel-Segmentation-Benchmark-main\Models_output\gave\test_data\AFIO\pred_masks\IM000135.png,D:\Retina\Retinal-Vessel-Segmentation-Benchmark-main\Models_output\gave\test_data\AFIO\probability maps\IM000135.png
GAVE,gave,AFIO,IM000136,0.1,diagnostic_test_set_scan_equal_dataset_macro_F1,91236,12812,68983,1330969,0.5694455713741816,0.8768645240658158,0.6904834882902519,0.5272812386219811,0.6807176826146637,D:\Retina\Retinal-Vessel-Segmentation-Benchmark-main\config\test_data\AFIO\masks\IM000136.png,D:\Retina\Retinal-Vessel-Segmentation-Benchmark-main\Models_output\gave\test_data\AFIO\pred_masks\IM000136.png,D:\Retina\Retinal-Vessel-Segmentation-Benchmark-main\Models_output\gave\test_data\AFIO\probability maps\IM000136.png
GAVE,gave,AFIO,IM000167,0.1,diagnostic_test_set_scan_equal_dataset_macro_F1,59542,13820,44244,1386394,0.5736997282870522,0.8116190943540252,0.6722288707747195,0.5062836930088601,0.6634591190511002,D:\Retina\Retinal-Vessel-Segmentation-Benchmark-main\config\test_data\AFIO\masks\IM000167.png,D:\Retina\Retinal-Vessel-Segmentation-Benchmark-main\Models_output\gave\test_data\AFIO\pred_masks\IM000167.png,D:\Retina\Retinal-Vessel-Segmentation-Benchmark-main\Models_output\gave\test_data\AFIO\probability maps\IM000167.png
GAVE,gave,AFIO,IM000168,0.1,diagnostic_test_set_scan_equal_dataset_macro_F1,75664,19574,41684,1367078,0.6447830384838259,0.7944727944727945,0.71184367738233,0.5526065935350053,0.6945408001015796,D:\Retina\Retinal-Vessel-Segmentation-Benchmark-main\config\test_data\AFIO\masks\IM000168.png,D:\Retina\Retinal-Vessel-Segmentation-Benchmark-main\Models_output\gave\test_data\AFIO\pred_masks\IM000168.png,D:\Retina\Retinal-Vessel-Segmentation-Benchmark-main\Models_output\gave\test_data\AFIO\probability maps\IM000168.png
GAVE,gave,AFIO,IM000189,0.1,diagnostic_test_set_scan_equal_dataset_macro_F1,62764,15084,57052,1369100,0.5238365493757094,0.8062377967320933,0.6350574712643678,0.4652631578947368,0.6269220351608465,D:\Retina\Retinal-Vessel-Segmentation-Benchmark-main\config\test_data\AFIO\masks\IM000189.png,D:\Retina\Retinal-Vessel-Segmentation-Benchmark-main\Models_output\gave\test_data\AFIO\pred_masks\IM000189.png,D:\Retina\Retinal-Vessel-Segmentation-Benchmark-main\Models_output\gave\test_data\AFIO\probability maps\IM000189.png
GAVE,gave,AFIO,IM000209,0.1,diagnostic_test_set_scan_equal_dataset_macro_F1,49844,9633,35935,1408588,0.5810746219937281,0.8380382332666408,0.6862917882910172,0.5224080828407328,0.6833624731105536,D:\Retina\Retinal-Vessel-Segmentation-Benchmark-main\config\test_data\AFIO\masks\IM000209.png,D:\Retina\Retinal-Vessel-Segmentation-Benchmark-main\Models_output\gave\test_data\AFIO\pred_masks\IM000209.png,D:\Retina\Retinal-Vessel-Segmentation-Benchmark-main\Models_output\gave\test_data\AFIO\probability maps\IM000209.png
GAVE,gave,AFIO,IM000210,0.1,diagnostic_test_set_scan_equal_dataset_macro_F1,51295,6065,61814,1384826,0.4535006056105173,0.8942642956764296,0.6018102998199086,0.43042106499739874,0.6184322753878361,D:\Retina\Retinal-Vessel-Segmentation-Benchmark-main\config\test_data\AFIO\masks\IM000210.png,D:\Retina\Retinal-Vessel-Segmentation-Benchmark-main\Models_output\gave\test_data\AFIO\pred_masks\IM000210.png,D:\Retina\Retinal-Vessel-Segmentation-Benchmark-main\Models_output\gave\test_data\AFIO\probability maps\IM000210.png
GAVE,gave,AFIO,IM000333,0.1,diagnostic_test_set_scan_equal_dataset_macro_F1,61521,8386,57809,1376284,0.5155535070812034,0.8800406254023202,0.6502005421772697,0.48170158789814904,0.6540949026601522,D:\Retina\Retinal-Vessel-Segmentation-Benchmark-main\config\test_data\AFIO\masks\IM000333.png,D:\Retina\Retinal-Vessel-Segmentation-Benchmark-main\Models_output\gave\test_data\AFIO\pred_masks\IM000333.png,D:\Retina\Retinal-Vessel-Segmentation-Benchmark-main\Models_output\gave\test_data\AFIO\probability maps\IM000333.png
GAVE,gave,AFIO,IM000389,0.1,diagnostic_test_set_scan_equal_dataset_macro_F1,49053,11665,49954,1393328,0.49544981667962873,0.8078823413155901,0.6142181875097824,0.4432286395836345,0.6137563381378173,D:\Retina\Retinal-Vessel-Segmentation-Benchmark-main\config\test_data\AFIO\masks\IM000389.png,D:\Retina\Retinal-Vessel-Segmentation-Benchmark-main\Models_output\gave\test_data\AFIO\pred_masks\IM000389.png,D:\Retina\Retinal-Vessel-Segmentation-Benchmark-main\Models_output\gave\test_data\AFIO\probability maps\IM000389.png
GAVE,gave,AFIO,IM000390,0.1,diagnostic_test_set_scan_equal_dataset_macro_F1,63918,15825,56736,1367521,0.5297627927793526,0.8015499793085287,0.6379137412236711,0.4683357879234168,0.6283424510647068,D:\Retina\Retinal-Vessel-Segmentation-Benchmark-main\config\test_data\AFIO\masks\IM000390.png,D:\Retina\Retinal-Vessel-Segmentation-Benchmark-main\Models_output\gave\test_data\AFIO\pred_masks\IM000390.png,D:\Retina\Retinal-Vessel-Segmentation-Benchmark-main\Models_output\gave\test_data\AFIO\probability maps\IM000390.png
GAVE,gave,AFIO,IM000678,0.1,diagnostic_test_set_scan_equal_dataset_macro_F1,52409,12654,41669,1397268,0.5570802950743,0.8055115810829504,0.65864861977743,0.49103361690964287,0.6524055926174973,D:\Retina\Retinal-Vessel-Segmentation-Benchmark-main\config\test_data\AFIO\masks\IM000678.png,D:\Retina\Retinal-Vessel-Segmentation-Benchmark-main\Models_output\gave\test_data\AFIO\pred_masks\IM000678.png,D:\Retina\Retinal-Vessel-Segmentation-Benchmark-main\Models_output\gave\test_data\AFIO\probability maps\IM000678.png
GAVE,gave,AFIO,IM000679,0.1,diagnostic_test_set_scan_equal_dataset_macro_F1,43131,12585,55802,1392482,0.435961711461292,0.7741223346973939,0.557792161604666,0.386762675083843,0.5604476802752651,D:\Retina\Retinal-Vessel-Segmentation-Benchmark-main\config\test_data\AFIO\masks\IM000679.png,D:\Retina\Retinal-Vessel-Segmentation-Benchmark-main\Models_output\gave\test_data\AFIO\pred_masks\IM000679.png,D:\Retina\Retinal-Vessel-Segmentation-Benchmark-main\Models_output\gave\test_data\AFIO\probability maps\IM000679.png
GAVE,gave,AFIO,IM000715,0.1,diagnostic_test_set_scan_equal_dataset_macro_F1,42555,14901,25610,1420934,0.6242939925181544,0.7406537176274018,0.6775141099020068,0.5123034695302531,0.666205882729338,D:\Retina\Retinal-Vessel-Segmentation-Benchmark-main\config\test_data\AFIO\masks\IM000715.png,D:\Retina\Retinal-Vessel-Segmentation-Benchmark-main\Models_output\gave\test_data\AFIO\pred_masks\IM000715.png,D:\Retina\Retinal-Vessel-Segmentation-Benchmark-main\Models_output\gave\test_data\AFIO\probability maps\IM000715.png
GAVE,gave,AFIO,IM000716,0.1,diagnostic_test_set_scan_equal_dataset_macro_F1,30938,18947,31364,1422751,0.4965811691438477,0.6201864287862083,0.5515434052073771,0.3807800711393371,0.5379544246337022,D:\Retina\Retinal-Vessel-Segmentation-Benchmark-main\config\test_data\AFIO\masks\IM000716.png,D:\Retina\Retinal-Vessel-Segmentation-Benchmark-main\Models_output\gave\test_data\AFIO\pred_masks\IM000716.png,D:\Retina\Retinal-Vessel-Segmentation-Benchmark-main\Models_output\gave\test_data\AFIO\probability maps\IM000716.png
GAVE,gave,AFIO,IM000938,0.1,diagnostic_test_set_scan_equal_dataset_macro_F1,40039,17965,36253,1409743,0.5248125622607875,0.6902799806909868,0.5962798594150235,0.42478542707703404,0.5837289449320048,D:\Retina\Retinal-Vessel-Segmentation-Benchmark-main\config\test_data\AFIO\masks\IM000938.png,D:\Retina\Retinal-Vessel-Segmentation-Benchmark-main\Models_output\gave\test_data\AFIO\pred_masks\IM000938.png,D:\Retina\Retinal-Vessel-Segmentation-Benchmark-main\Models_output\gave\test_data\AFIO\probability maps\IM000938.png
GAVE,gave,AFIO,IM001031,0.1,diagnostic_test_set_scan_equal_dataset_macro_F1,49063,18618,43062,1393257,0.5325698778833107,0.7249154120063238,0.6140320138167528,0.4430347742069476,0.6007806012224597,D:\Retina\Retinal-Vessel-Segmentation-Benchmark-main\config\test_data\AFIO\masks\IM001031.png,D:\Retina\Retinal-Vessel-Segmentation-Benchmark-main\Models_output\gave\test_data\AFIO\pred_masks\IM001031.png,D:\Retina\Retinal-Vessel-Segmentation-Benchmark-main\Models_output\gave\test_data\AFIO\probability maps\IM001031.png
GAVE,gave,AFIO,IM001032,0.1,diagnostic_test_set_scan_equal_dataset_macro_F1,49063,18618,43062,1393257,0.5325698778833107,0.7249154120063238,0.6140320138167528,0.4430347742069476,0.6007806012224597,D:\Retina\Retinal-Vessel-Segmentation-Benchmark-main\config\test_data\AFIO\masks\IM001032.png,D:\Retina\Retinal-Vessel-Segmentation-Benchmark-main\Models_output\gave\test_data\AFIO\pred_masks\IM001032.png,D:\Retina\Retinal-Vessel-Segmentation-Benchmark-main\Models_output\gave\test_data\AFIO\probability maps\IM001032.png
GAVE,gave,AFIO,IM001034,0.1,diagnostic_test_set_scan_equal_dataset_macro_F1,37507,18290,38447,1409756,0.4938120441319746,0.6722045988135563,0.5693619023764525,0.3979775900853105,0.5572823220738036,D:\Retina\Retinal-Vessel-Segmentation-Benchmark-main\config\test_data\AFIO\masks\IM001034.png,D:\Retina\Retinal-Vessel-Segmentation-Benchmark-main\Models_output\gave\test_data\AFIO\pred_masks\IM001034.png,D:\Retina\Retinal-Vessel-Segmentation-Benchmark-main\Models_output\gave\test_data\AFIO\probability maps\IM001034.png
GAVE,gave,AFIO,IM001069,0.1,diagnostic_test_set_scan_equal_dataset_macro_F1,52926,8415,49034,1393625,0.519085916045508,0.8628160610358487,0.6482017868843424,0.4795107587768969,0.6521181266882123,D:\Retina\Retinal-Vessel-Segmentation-Benchmark-main\config\test_data\AFIO\masks\IM001069.png,D:\Retina\Retinal-Vessel-Segmentation-Benchmark-main\Models_output\gave\test_data\AFIO\pred_masks\IM001069.png,D:\Retina\Retinal-Vessel-Segmentation-Benchmark-main\Models_output\gave\test_data\AFIO\probability maps\IM001069.png
GAVE,gave,AFIO,IM001070,0.1,diagnostic_test_set_scan_equal_dataset_macro_F1,45573,8264,63695,1386468,0.41707544752352016,0.8464996192209818,0.5588179393642132,0.38774971922540247,0.5744386460655907,D:\Retina\Retinal-Vessel-Segmentation-Benchmark-main\config\test_data\AFIO\masks\IM001070.png,D:\Retina\Retinal-Vessel-Segmentation-Benchmark-main\Models_output\gave\test_data\AFIO\pred_masks\IM001070.png,D:\Retina\Retinal-Vessel-Segmentation-Benchmark-main\Models_output\gave\test_data\AFIO\probability maps\IM001070.png
GAVE,gave,AFIO,IM001096,0.1,diagnostic_test_set_scan_equal_dataset_macro_F1,75517,18229,56655,1353599,0.5713539932814817,0.8055490367589017,0.6685346010499384,0.502104374306022,0.6535517669177939,D:\Retina\Retinal-Vessel-Segmentation-Benchmark-main\config\test_data\AFIO\masks\IM001096.png,D:\Retina\Retinal-Vessel-Segmentation-Benchmark-main\Models_output\gave\test_data\AFIO\pred_masks\IM001096.png,D:\Retina\Retinal-Vessel-Segmentation-Benchmark-main\Models_output\gave\test_data\AFIO\probability maps\IM001096.png
GAVE,gave,AFIO,IM001097,0.1,diagnostic_test_set_scan_equal_dataset_macro_F1,69304,15696,49971,1369029,0.5810438063299098,0.8153411764705882,0.6785362868681922,0.5134732646272162,0.6666665623485836,D:\Retina\Retinal-Vessel-Segmentation-Benchmark-main\config\test_data\AFIO\masks\IM001097.png,D:\Retina\Retinal-Vessel-Segmentation-Benchmark-main\Models_output\gave\test_data\AFIO\pred_masks\IM001097.png,D:\Retina\Retinal-Vessel-Segmentation-Benchmark-main\Models_output\gave\test_data\AFIO\probability maps\IM001097.png
GAVE,gave,AFIO,IM001126,0.1,diagnostic_test_set_scan_equal_dataset_macro_F1,62596,19419,43637,1378348,0.5892331008255438,0.7632262391026032,0.6650376099613277,0.4981695476395123,0.6491987918755557,D:\Retina\Retinal-Vessel-Segmentation-Benchmark-main\config\test_data\AFIO\masks\IM001126.png,D:\Retina\Retinal-Vessel-Segmentation-Benchmark-main\Models_output\gave\test_data\AFIO\pred_masks\IM001126.png,D:\Retina\Retinal-Vessel-Segmentation-Benchmark-main\Models_output\gave\test_data\AFIO\probability maps\IM001126.png
GAVE,gave,AFIO,IM001127,0.1,diagnostic_test_set_scan_equal_dataset_macro_F1,52731,14366,44427,1392476,0.5427345149138517,0.7858920667093909,0.6420626464947795,0.4728219934722571,0.634066825965823,D:\Retina\Retinal-Vessel-Segmentation-Benchmark-main\config\test_data\AFIO\masks\IM001127.png,D:\Retina\Retinal-Vessel-Segmentation-Benchmark-main\Models_output\gave\test_data\AFIO\pred_masks\IM001127.png,D:\Retina\Retinal-Vessel-Segmentation-Benchmark-main\Models_output\gave\test_data\AFIO\probability maps\IM001127.png
GAVE,gave,AFIO,IM001154,0.1,diagnostic_test_set_scan_equal_dataset_macro_F1,69579,20680,51426,1362315,0.575009297136482,0.7708815741366511,0.6586924416843382,0.49108233052193245,0.6413770559906667,D:\Retina\Retinal-Vessel-Segmentation-Benchmark-main\config\test_data\AFIO\masks\IM001154.png,D:\Retina\Retinal-Vessel-Segmentation-Benchmark-main\Models_output\gave\test_data\AFIO\pred_masks\IM001154.png,D:\Retina\Retinal-Vessel-Segmentation-Benchmark-main\Models_output\gave\test_data\AFIO\probability maps\IM001154.png
GAVE,gave,AFIO,IM001155,0.1,diagnostic_test_set_scan_equal_dataset_macro_F1,68497,13336,47255,1374912,0.5917565139263252,0.8370339594051299,0.6933421059290937,0.5306225210708974,0.6840585369646496,D:\Retina\Retinal-Vessel-Segmentation-Benchmark-main\config\test_data\AFIO\masks\IM001155.png,D:\Retina\Retinal-Vessel-Segmentation-Benchmark-main\Models_output\gave\test_data\AFIO\pred_masks\IM001155.png,D:\Retina\Retinal-Vessel-Segmentation-Benchmark-main\Models_output\gave\test_data\AFIO\probability maps\IM001155.png
GAVE,gave,AFIO,IM001192,0.1,diagnostic_test_set_scan_equal_dataset_macro_F1,81162,15554,77244,1330040,0.5123669557971289,0.8391786260804831,0.6362602989942067,0.46655553000689814,0.6267204067453647,D:\Retina\Retinal-Vessel-Segmentation-Benchmark-main\config\test_data\AFIO\masks\IM001192.png,D:\Retina\Retinal-Vessel-Segmentation-Benchmark-main\Models_output\gave\test_data\AFIO\pred_masks\IM001192.png,D:\Retina\Retinal-Vessel-Segmentation-Benchmark-main\Models_output\gave\test_data\AFIO\probability maps\IM001192.png
GAVE,gave,AFIO,IM001193,0.1,diagnostic_test_set_scan_equal_dataset_macro_F1,81708,13066,85726,1323500,0.48800124228054037,0.8621351847553126,0.623230412496949,0.4526759002770083,0.6190343958931246,D:\Retina\Retinal-Vessel-Segmentation-Benchmark-main\config\test_data\AFIO\masks\IM001193.png,D:\Retina\Retinal-Vessel-Segmentation-Benchmark-main\Models_output\gave\test_data\AFIO\pred_masks\IM001193.png,D:\Retina\Retinal-Vessel-Segmentation-Benchmark-main\Models_output\gave\test_data\AFIO\probability maps\IM001193.png
GAVE,gave,AFIO,IM001218,0.1,diagnostic_test_set_scan_equal_dataset_macro_F1,98863,15213,69420,1320504,0.5874806130149807,0.8666415372208002,0.7002645568230514,0.5387746871866417,0.6859239070039667,D:\Retina\Retinal-Vessel-Segmentation-Benchmark-main\config\test_data\AFIO\masks\IM001218.png,D:\Retina\Retinal-Vessel-Segmentation-Benchmark-main\Models_output\gave\test_data\AFIO\pred_masks\IM001218.png,D:\Retina\Retinal-Vessel-Segmentation-Benchmark-main\Models_output\gave\test_data\AFIO\probability maps\IM001218.png
GAVE,gave,AFIO,IM001219,0.1,diagnostic_test_set_scan_equal_dataset_macro_F1,96956,18203,55476,1333365,0.6360606696756587,0.8419315902361083,0.7246581536748246,0.5682069915316319,0.7066197602172495,D:\Retina\Retinal-Vessel-Segmentation-Benchmark-main\config\test_data\AFIO\masks\IM001219.png,D:\Retina\Retinal-Vessel-Segmentation-Benchmark-main\Models_output\gave\test_data\AFIO\pred_masks\IM001219.png,D:\Retina\Retinal-Vessel-Segmentation-Benchmark-main\Models_output\gave\test_data\AFIO\probability maps\IM001219.png
GAVE,gave,AFIO,IM001246,0.1,diagnostic_test_set_scan_equal_dataset_macro_F1,67469,17781,50211,1368539,0.573325968728756,0.791425219941349,0.6649485044103879,0.4980695550748924,0.6509662945812333,D:\Retina\Retinal-Vessel-Segmentation-Benchmark-main\config\test_data\AFIO\masks\IM001246.png,D:\Retina\Retinal-Vessel-Segmentation-Benchmark-main\Models_output\gave\test_data\AFIO\pred_masks\IM001246.png,D:\Retina\Retinal-Vessel-Segmentation-Benchmark-main\Models_output\gave\test_data\AFIO\probability maps\IM001246.png
GAVE,gave,AFIO,IM001686,0.1,diagnostic_test_set_scan_equal_dataset_macro_F1,63438,20535,42612,1377415,0.5981895332390382,0.7554571112143189,0.667687595712098,0.5011494252873563,0.6506148993411867,D:\Retina\Retinal-Vessel-Segmentation-Benchmark-main\config\test_data\AFIO\masks\IM001686.png,D:\Retina\Retinal-Vessel-Segmentation-Benchmark-main\Models_output\gave\test_data\AFIO\pred_masks\IM001686.png,D:\Retina\Retinal-Vessel-Segmentation-Benchmark-main\Models_output\gave\test_data\AFIO\probability maps\IM001686.png
GAVE,gave,AFIO,IM001749,0.1,diagnostic_test_set_scan_equal_dataset_macro_F1,82238,14933,64065,1342764,0.5621074072302004,0.8463224624630805,0.6755382504908122,0.5100473839589174,0.6643183803393754,D:\Retina\Retinal-Vessel-Segmentation-Benchmark-main\config\test_data\AFIO\masks\IM001749.png,D:\Retina\Retinal-Vessel-Segmentation-Benchmark-main\Models_output\gave\test_data\AFIO\pred_masks\IM001749.png,D:\Retina\Retinal-Vessel-Segmentation-Benchmark-main\Models_output\gave\test_data\AFIO\probability maps\IM001749.png
GAVE,gave,AFIO,IM001750,0.1,diagnostic_test_set_scan_equal_dataset_macro_F1,67411,11160,71099,1354330,0.4866868818135875,0.8579628616156089,0.6210677120521834,0.45039754125743303,0.6218355289397206,D:\Retina\Retinal-Vessel-Segmentation-Benchmark-main\config\test_data\AFIO\masks\IM001750.png,D:\Retina\Retinal-Vessel-Segmentation-Benchmark-main\Models_output\gave\test_data\AFIO\pred_masks\IM001750.png,D:\Retina\Retinal-Vessel-Segmentation-Benchmark-main\Models_output\gave\test_data\AFIO\probability maps\IM001750.png
GAVE,gave,AFIO,IM001791,0.1,diagnostic_test_set_scan_equal_dataset_macro_F1,73260,9876,57604,1363260,0.5598178261401149,0.8812066974595842,0.6846728971962616,0.5205343186016769,0.6815959465608044,D:\Retina\Retinal-Vessel-Segmentation-Benchmark-main\config\test_data\AFIO\masks\IM001791.png,D:\Retina\Retinal-Vessel-Segmentation-Benchmark-main\Models_output\gave\test_data\AFIO\pred_masks\IM001791.png,D:\Retina\Retinal-Vessel-Segmentation-Benchmark-main\Models_output\gave\test_data\AFIO\probability maps\IM001791.png
GAVE,gave,AFIO,IM001792,0.1,diagnostic_test_set_scan_equal_dataset_macro_F1,74653,12469,54969,1361909,0.5759284689327429,0.8568788595303138,0.6888587458014985,0.5253886593802564,0.6809810995966091,D:\Retina\Retinal-Vessel-Segmentation-Benchmark-main\config\test_data\AFIO\masks\IM001792.png,D:\Retina\Retinal-Vessel-Segmentation-Benchmark-main\Models_output\gave\test_data\AFIO\pred_masks\IM001792.png,D:\Retina\Retinal-Vessel-Segmentation-Benchmark-main\Models_output\gave\test_data\AFIO\probability maps\IM001792.png
GAVE,gave,AFIO,IM001814,0.1,diagnostic_test_set_scan_equal_dataset_macro_F1,70943,13126,47147,1372784,0.600753662460835,0.8438663478809073,0.7018534915586248,0.5406581514449458,0.6923371478052848,D:\Retina\Retinal-Vessel-Segmentation-Benchmark-main\config\test_data\AFIO\masks\IM001814.png,D:\Retina\Retinal-Vessel-Segmentation-Benchmark-main\Models_output\gave\test_data\AFIO\pred_masks\IM001814.png,D:\Retina\Retinal-Vessel-Segmentation-Benchmark-main\Models_output\gave\test_data\AFIO\probability maps\IM001814.png
GAVE,gave,AFIO,IM001858,0.1,diagnostic_test_set_scan_equal_dataset_macro_F1,73196,11682,56462,1362660,0.5645313054342964,0.8623671622799783,0.682365663571615,0.5178717985000707,0.6762991228962505,D:\Retina\Retinal-Vessel-Segmentation-Benchmark-main\config\test_data\AFIO\masks\IM001858.png,D:\Retina\Retinal-Vessel-Segmentation-Benchmark-main\Models_output\gave\test_data\AFIO\pred_masks\IM001858.png,D:\Retina\Retinal-Vessel-Segmentation-Benchmark-main\Models_output\gave\test_data\AFIO\probability maps\IM001858.png
GAVE,gave,AFIO,IM001859,0.1,diagnostic_test_set_scan_equal_dataset_macro_F1,57646,9781,43616,1392957,0.569275740159191,0.8549394159609652,0.6834589095910226,0.5191322280557982,0.6809278914693293,D:\Retina\Retinal-Vessel-Segmentation-Benchmark-main\config\test_data\AFIO\masks\IM001859.png,D:\Retina\Retinal-Vessel-Segmentation-Benchmark-main\Models_output\gave\test_data\AFIO\pred_masks\IM001859.png,D:\Retina\Retinal-Vessel-Segmentation-Benchmark-main\Models_output\gave\test_data\AFIO\probability maps\IM001859.png
GAVE,gave,AFIO,IM002094,0.1,diagnostic_test_set_scan_equal_dataset_macro_F1,31878,9730,46380,1416012,0.407344935980986,0.7661507402422612,0.5318939482422038,0.36229940446424513,0.5423619138137626,D:\Retina\Retinal-Vessel-Segmentation-Benchmark-main\config\test_data\AFIO\masks\IM002094.png,D:\Retina\Retinal-Vessel-Segmentation-Benchmark-main\Models_output\gave\test_data\AFIO\pred_masks\IM002094.png,D:\Retina\Retinal-Vessel-Segmentation-Benchmark-main\Models_output\gave\test_data\AFIO\probability maps\IM002094.png
GAVE,gave,AFIO,IM002348,0.1,diagnostic_test_set_scan_equal_dataset_macro_F1,66133,13504,53582,1370781,0.5524203316209331,0.8304305787510831,0.6634796741442273,0.496423182879319,0.6559204297187281,D:\Retina\Retinal-Vessel-Segmentation-Benchmark-main\config\test_data\AFIO\masks\IM002348.png,D:\Retina\Retinal-Vessel-Segmentation-Benchmark-main\Models_output\gave\test_data\AFIO\pred_masks\IM002348.png,D:\Retina\Retinal-Vessel-Segmentation-Benchmark-main\Models_output\gave\test_data\AFIO\probability maps\IM002348.png
GAVE,gave,AFIO,IM002350,0.1,diagnostic_test_set_scan_equal_dataset_macro_F1,81026,17877,46759,1358338,0.6340806823962124,0.819247141138287,0.7148680124223602,0.5562603836278508,0.6986830815963371,D:\Retina\Retinal-Vessel-Segmentation-Benchmark-main\config\test_data\AFIO\masks\IM002350.png,D:\Retina\Retinal-Vessel-Segmentation-Benchmark-main\Models_output\gave\test_data\AFIO\pred_masks\IM002350.png,D:\Retina\Retinal-Vessel-Segmentation-Benchmark-main\Models_output\gave\test_data\AFIO\probability maps\IM002350.png
GAVE,gave,AFIO,IM002421,0.1,diagnostic_test_set_scan_equal_dataset_macro_F1,81726,15855,54394,1352025,0.600396708786365,0.8375195991022842,0.6994065066045931,0.5377594999177496,0.6858308866677638,D:\Retina\Retinal-Vessel-Segmentation-Benchmark-main\config\test_data\AFIO\masks\IM002421.png,D:\Retina\Retinal-Vessel-Segmentation-Benchmark-main\Models_output\gave\test_data\AFIO\pred_masks\IM002421.png,D:\Retina\Retinal-Vessel-Segmentation-Benchmark-main\Models_output\gave\test_data\AFIO\probability maps\IM002421.png
GAVE,gave,AFIO,IM002422,0.1,diagnostic_test_set_scan_equal_dataset_macro_F1,76166,17264,43835,1366735,0.6347113774051882,0.8152199507652789,0.7137294957152429,0.5548828907587513,0.6985152980059911,D:\Retina\Retinal-Vessel-Segmentation-Benchmark-main\config\test_data\AFIO\masks\IM002422.png,D:\Retina\Retinal-Vessel-Segmentation-Benchmark-main\Models_output\gave\test_data\AFIO\pred_masks\IM002422.png,D:\Retina\Retinal-Vessel-Segmentation-Benchmark-main\Models_output\gave\test_data\AFIO\probability maps\IM002422.png
GAVE,gave,AFIO,IM002471,0.1,diagnostic_test_set_scan_equal_dataset_macro_F1,67726,15956,54547,1365771,0.5538917013568,0.8093257809325781,0.6576776480299095,0.48995507455020293,0.6466098139880538,D:\Retina\Retinal-Vessel-Segmentation-Benchmark-main\config\test_data\AFIO\masks\IM002471.png,D:\Retina\Retinal-Vessel-Segmentation-Benchmark-main\Models_output\gave\test_data\AFIO\pred_masks\IM002471.png,D:\Retina\Retinal-Vessel-Segmentation-Benchmark-main\Models_output\gave\test_data\AFIO\probability maps\IM002471.png
GAVE,gave,AFIO,IM002587,0.1,diagnostic_test_set_scan_equal_dataset_macro_F1,68613,10424,44942,1380021,0.6042270265510106,0.8681124030517353,0.7125218077594084,0.5534243702562531,0.706546906076795,D:\Retina\Retinal-Vessel-Segmentation-Benchmark-main\config\test_data\AFIO\masks\IM002587.png,D:\Retina\Retinal-Vessel-Segmentation-Benchmark-main\Models_output\gave\test_data\AFIO\pred_masks\IM002587.png,D:\Retina\Retinal-Vessel-Segmentation-Benchmark-main\Models_output\gave\test_data\AFIO\probability maps\IM002587.png
GAVE,gave,AFIO,IM002649,0.1,diagnostic_test_set_scan_equal_dataset_macro_F1,60169,9262,72844,1361725,0.4523542811604881,0.8666013740260115,0.5944261129003576,0.4229063433491478,0.6029344022110763,D:\Retina\Retinal-Vessel-Segmentation-Benchmark-main\config\test_data\AFIO\masks\IM002649.png,D:\Retina\Retinal-Vessel-Segmentation-Benchmark-main\Models_output\gave\test_data\AFIO\pred_masks\IM002649.png,D:\Retina\Retinal-Vessel-Segmentation-Benchmark-main\Models_output\gave\test_data\AFIO\probability maps\IM002649.png
GAVE,gave,AFIO,IM002742,0.1,diagnostic_test_set_scan_equal_dataset_macro_F1,39069,9263,58181,1397487,0.40173778920308484,0.8083464371430936,0.5367284417029579,0.3668002966774009,0.5510234966713428,D:\Retina\Retinal-Vessel-Segmentation-Benchmark-main\config\test_data\AFIO\masks\IM002742.png,D:\Retina\Retinal-Vessel-Segmentation-Benchmark-main\Models_output\gave\test_data\AFIO\pred_masks\IM002742.png,D:\Retina\Retinal-Vessel-Segmentation-Benchmark-main\Models_output\gave\test_data\AFIO\probability maps\IM002742.png
GAVE,gave,AFIO,IM002743,0.1,diagnostic_test_set_scan_equal_dataset_macro_F1,42807,10543,62651,1387999,0.40591515105539644,0.8023805060918463,0.539103823484963,0.3690226808389583,0.5499494782176247,D:\Retina\Retinal-Vessel-Segmentation-Benchmark-main\config\test_data\AFIO\masks\IM002743.png,D:\Retina\Retinal-Vessel-Segmentation-Benchmark-main\Models_output\gave\test_data\AFIO\pred_masks\IM002743.png,D:\Retina\Retinal-Vessel-Segmentation-Benchmark-main\Models_output\gave\test_data\AFIO\probability maps\IM002743.png
GAVE,gave,AFIO,IM003024,0.1,diagnostic_test_set_scan_equal_dataset_macro_F1,60922,11492,42039,1389547,0.5916997698157554,0.8413014058055073,0.6947626514611547,0.5322883629087922,0.6883040712992449,D:\Retina\Retinal-Vessel-Segmentation-Benchmark-main\config\test_data\AFIO\masks\IM003024.png,D:\Retina\Retinal-Vessel-Segmentation-Benchmark-main\Models_output\gave\test_data\AFIO\pred_masks\IM003024.png,D:\Retina\Retinal-Vessel-Segmentation-Benchmark-main\Models_output\gave\test_data\AFIO\probability maps\IM003024.png
GAVE,gave,AFIO,IM003537,0.1,diagnostic_test_set_scan_equal_dataset_macro_F1,86267,15399,75669,1326665,0.532722804070744,0.848533433006118,0.6545246242441256,0.48646347308765897,0.6435609596109642,D:\Retina\Retinal-Vessel-Segmentation-Benchmark-main\config\test_data\AFIO\masks\IM003537.png,D:\Retina\Retinal-Vessel-Segmentation-Benchmark-main\Models_output\gave\test_data\AFIO\pred_masks\IM003537.png,D:\Retina\Retinal-Vessel-Segmentation-Benchmark-main\Models_output\gave\test_data\AFIO\probability maps\IM003537.png
GAVE,gave,AFIO,IM003630,0.1,diagnostic_test_set_scan_equal_dataset_macro_F1,79879,13931,67820,1342370,0.5408228897961395,0.8514977081334613,0.6614991573812984,0.49420899585472994,0.6528765049584419,D:\Retina\Retinal-Vessel-Segmentation-Benchmark-main\config\test_data\AFIO\masks\IM003630.png,D:\Retina\Retinal-Vessel-Segmentation-Benchmark-main\Models_output\gave\test_data\AFIO\pred_masks\IM003630.png,D:\Retina\Retinal-Vessel-Segmentation-Benchmark-main\Models_output\gave\test_data\AFIO\probability maps\IM003630.png
GAVE,gave,AFIO,IM003631,0.1,diagnostic_test_set_scan_equal_dataset_macro_F1,69488,15886,70673,1347953,0.49577271851656307,0.8139246140511163,0.6162059103908485,0.44530173601543127,0.6082129028076745,D:\Retina\Retinal-Vessel-Segmentation-Benchmark-main\config\test_data\AFIO\masks\IM003631.png,D:\Retina\Retinal-Vessel-Segmentation-Benchmark-main\Models_output\gave\test_data\AFIO\pred_masks\IM003631.png,D:\Retina\Retinal-Vessel-Segmentation-Benchmark-main\Models_output\gave\test_data\AFIO\probability maps\IM003631.png
GAVE,gave,AFIO,IM003705,0.1,diagnostic_test_set_scan_equal_dataset_macro_F1,34275,12759,55390,1401576,0.3822561757653488,0.7287281541012884,0.5014667261647854,0.33463836600796687,0.5077375564198637,D:\Retina\Retinal-Vessel-Segmentation-Benchmark-main\config\test_data\AFIO\masks\IM003705.png,D:\Retina\Retinal-Vessel-Segmentation-Benchmark-main\Models_output\gave\test_data\AFIO\pred_masks\IM003705.png,D:\Retina\Retinal-Vessel-Segmentation-Benchmark-main\Models_output\gave\test_data\AFIO\probability maps\IM003705.png
GAVE,gave,AFIO,IM004162,0.1,diagnostic_test_set_scan_equal_dataset_macro_F1,61937,14170,74193,1353700,0.4549842062734151,0.8138147607972985,0.5836588342277736,0.41208915502328675,0.5820135730355311,D:\Retina\Retinal-Vessel-Segmentation-Benchmark-main\config\test_data\AFIO\masks\IM004162.png,D:\Retina\Retinal-Vessel-Segmentation-Benchmark-main\Models_output\gave\test_data\AFIO\pred_masks\IM004162.png,D:\Retina\Retinal-Vessel-Segmentation-Benchmark-main\Models_output\gave\test_data\AFIO\probability maps\IM004162.png
GAVE,gave,AFIO,IM004163,0.1,diagnostic_test_set_scan_equal_dataset_macro_F1,64897,13007,56985,1369111,0.5324576229467846,0.8330380981721093,0.6496651417016207,0.48111410122396936,0.6440633076874387,D:\Retina\Retinal-Vessel-Segmentation-Benchmark-main\config\test_data\AFIO\masks\IM004163.png,D:\Retina\Retinal-Vessel-Segmentation-Benchmark-main\Models_output\gave\test_data\AFIO\pred_masks\IM004163.png,D:\Retina\Retinal-Vessel-Segmentation-Benchmark-main\Models_output\gave\test_data\AFIO\probability maps\IM004163.png
GAVE,gave,AFIO,IM004455,0.1,diagnostic_test_set_scan_equal_dataset_macro_F1,58592,11418,62365,1371625,0.48440354836842847,0.8369090129981431,0.613634816486618,0.44262134088762983,0.6146417588833178,D:\Retina\Retinal-Vessel-Segmentation-Benchmark-main\config\test_data\AFIO\masks\IM004455.png,D:\Retina\Retinal-Vessel-Segmentation-Benchmark-main\Models_output\gave\test_data\AFIO\pred_masks\IM004455.png,D:\Retina\Retinal-Vessel-Segmentation-Benchmark-main\Models_output\gave\test_data\AFIO\probability maps\IM004455.png
GAVE,gave,AFIO,IM004512,0.1,diagnostic_test_set_scan_equal_dataset_macro_F1,53710,11484,53853,1384953,0.4993352732817047,0.8238488204435991,0.6217982484067216,0.45116634606499956,0.6214658726971902,D:\Retina\Retinal-Vessel-Segmentation-Benchmark-main\config\test_data\AFIO\masks\IM004512.png,D:\Retina\Retinal-Vessel-Segmentation-Benchmark-main\Models_output\gave\test_data\AFIO\pred_masks\IM004512.png,D:\Retina\Retinal-Vessel-Segmentation-Benchmark-main\Models_output\gave\test_data\AFIO\probability maps\IM004512.png
GAVE,gave,AFIO,IM004513,0.1,diagnostic_test_set_scan_equal_dataset_macro_F1,53439,12522,47694,1390345,0.5284031918364925,0.8101605494155637,0.6396279938238356,0.47018608948132506,0.6353195590117297,D:\Retina\Retinal-Vessel-Segmentation-Benchmark-main\config\test_data\AFIO\masks\IM004513.png,D:\Retina\Retinal-Vessel-Segmentation-Benchmark-main\Models_output\gave\test_data\AFIO\pred_masks\IM004513.png,D:\Retina\Retinal-Vessel-Segmentation-Benchmark-main\Models_output\gave\test_data\AFIO\probability maps\IM004513.png
GAVE,gave,AFIO,IM004515,0.1,diagnostic_test_set_scan_equal_dataset_macro_F1,72417,11924,59700,1359959,0.5481277958173437,0.8586215482386976,0.6691090188396824,0.5027526884706438,0.6636918686283987,D:\Retina\Retinal-Vessel-Segmentation-Benchmark-main\config\test_data\AFIO\masks\IM004515.png,D:\Retina\Retinal-Vessel-Segmentation-Benchmark-main\Models_output\gave\test_data\AFIO\pred_masks\IM004515.png,D:\Retina\Retinal-Vessel-Segmentation-Benchmark-main\Models_output\gave\test_data\AFIO\probability maps\IM004515.png
GAVE,gave,AFIO,IM004516,0.1,diagnostic_test_set_scan_equal_dataset_macro_F1,80358,14877,57132,1351633,0.5844643246781585,0.8437864230587494,0.6905833064776024,0.5273976648486877,0.6787603657676392,D:\Retina\Retinal-Vessel-Segmentation-Benchmark-main\config\test_data\AFIO\masks\IM004516.png,D:\Retina\Retinal-Vessel-Segmentation-Benchmark-main\Models_output\gave\test_data\AFIO\pred_masks\IM004516.png,D:\Retina\Retinal-Vessel-Segmentation-Benchmark-main\Models_output\gave\test_data\AFIO\probability maps\IM004516.png
GAVE,gave,AFIO,IM004538,0.1,diagnostic_test_set_scan_equal_dataset_macro_F1,54451,9548,52272,1387729,0.5102086710456041,0.8508101689088892,0.6378908400791932,0.46831110079039484,0.6403158429384511,D:\Retina\Retinal-Vessel-Segmentation-Benchmark-main\config\test_data\AFIO\masks\IM004538.png,D:\Retina\Retinal-Vessel-Segmentation-Benchmark-main\Models_output\gave\test_data\AFIO\pred_masks\IM004538.png,D:\Retina\Retinal-Vessel-Segmentation-Benchmark-main\Models_output\gave\test_data\AFIO\probability maps\IM004538.png
GAVE,gave,AFIO,IM004539,0.1,diagnostic_test_set_scan_equal_dataset_macro_F1,47561,8415,54221,1393803,0.4672830166434144,0.8496677147348863,0.6029614979905932,0.4315997713186384,0.6120977424952156,D:\Retina\Retinal-Vessel-Segmentation-Benchmark-main\config\test_data\AFIO\masks\IM004539.png,D:\Retina\Retinal-Vessel-Segmentation-Benchmark-main\Models_output\gave\test_data\AFIO\pred_masks\IM004539.png,D:\Retina\Retinal-Vessel-Segmentation-Benchmark-main\Models_output\gave\test_data\AFIO\probability maps\IM004539.png
GAVE,gave,AFIO,IM004564,0.1,diagnostic_test_set_scan_equal_dataset_macro_F1,58704,8371,44015,1392910,0.5715008907797,0.8751994036526276,0.6914731969327538,0.5284364029165541,0.6911049696536677,D:\Retina\Retinal-Vessel-Segmentation-Benchmark-main\config\test_data\AFIO\masks\IM004564.png,D:\Retina\Retinal-Vessel-Segmentation-Benchmark-main\Models_output\gave\test_data\AFIO\pred_masks\IM004564.png,D:\Retina\Retinal-Vessel-Segmentation-Benchmark-main\Models_output\gave\test_data\AFIO\probability maps\IM004564.png
GAVE,gave,AFIO,IM004790,0.1,diagnostic_test_set_scan_equal_dataset_macro_F1,54415,16757,51886,1380942,0.5118954666465979,0.7645562861799584,0.6132200391045398,0.44218986169123503,0.6034102043041225,D:\Retina\Retinal-Vessel-Segmentation-Benchmark-main\config\test_data\AFIO\masks\IM004790.png,D:\Retina\Retinal-Vessel-Segmentation-Benchmark-main\Models_output\gave\test_data\AFIO\pred_masks\IM004790.png,D:\Retina\Retinal-Vessel-Segmentation-Benchmark-main\Models_output\gave\test_data\AFIO\probability maps\IM004790.png
GAVE,gave,AFIO,IM004993,0.1,diagnostic_test_set_scan_equal_dataset_macro_F1,57529,8217,58747,1379507,0.49476246172898963,0.875019012563502,0.6321104042368505,0.46210630316563983,0.638575098599151,D:\Retina\Retinal-Vessel-Segmentation-Benchmark-main\config\test_data\AFIO\masks\IM004993.png,D:\Retina\Retinal-Vessel-Segmentation-Benchmark-main\Models_output\gave\test_data\AFIO\pred_masks\IM004993.png,D:\Retina\Retinal-Vessel-Segmentation-Benchmark-main\Models_output\gave\test_data\AFIO\probability maps\IM004993.png
GAVE,gave,AFIO,IM005024,0.1,diagnostic_test_set_scan_equal_dataset_macro_F1,71112,8059,73230,1351599,0.4926632580953569,0.8982076770534666,0.6363119818534045,0.4666111114756465,0.6420077339376182,D:\Retina\Retinal-Vessel-Segmentation-Benchmark-main\config\test_data\AFIO\masks\IM005024.png,D:\Retina\Retinal-Vessel-Segmentation-Benchmark-main\Models_output\gave\test_data\AFIO\pred_masks\IM005024.png,D:\Retina\Retinal-Vessel-Segmentation-Benchmark-main\Models_output\gave\test_data\AFIO\probability maps\IM005024.png
GAVE,gave,AFIO,IM005025,0.1,diagnostic_test_set_scan_equal_dataset_macro_F1,62473,9112,63044,1369371,0.49772540771369617,0.8727107634280925,0.6339154346480502,0.4640382087068908,0.637954861619305,D:\Retina\Retinal-Vessel-Segmentation-Benchmark-main\config\test_data\AFIO\masks\IM005025.png,D:\Retina\Retinal-Vessel-Segmentation-Benchmark-main\Models_output\gave\test_data\AFIO\pred_masks\IM005025.png,D:\Retina\Retinal-Vessel-Segmentation-Benchmark-main\Models_output\gave\test_data\AFIO\probability maps\IM005025.png
GAVE,gave,AFIO,IM005060,0.1,diagnostic_test_set_scan_equal_dataset_macro_F1,79530,14585,67489,1342396,0.5409504893925275,0.8450300164692132,0.659633232974197,0.49212890770030443,0.6501207209390493,D:\Retina\Retinal-Vessel-Segmentation-Benchmark-main\config\test_data\AFIO\masks\IM005060.png,D:\Retina\Retinal-Vessel-Segmentation-Benchmark-main\Models_output\gave\test_data\AFIO\pred_masks\IM005060.png,D:\Retina\Retinal-Vessel-Segmentation-Benchmark-main\Models_output\gave\test_data\AFIO\probability maps\IM005060.png
GAVE,gave,AFIO,IM005092,0.1,diagnostic_test_set_scan_equal_dataset_macro_F1,78047,9538,68501,1347914,0.5325695335316756,0.891100074213621,0.6666894457423772,0.5000256268979921,0.6655036313937487,D:\Retina\Retinal-Vessel-Segmentation-Benchmark-main\config\test_data\AFIO\masks\IM005092.png,D:\Retina\Retinal-Vessel-Segmentation-Benchmark-main\Models_output\gave\test_data\AFIO\pred_masks\IM005092.png,D:\Retina\Retinal-Vessel-Segmentation-Benchmark-main\Models_output\gave\test_data\AFIO\probability maps\IM005092.png
GAVE,gave,AFIO,IM005093,0.1,diagnostic_test_set_scan_equal_dataset_macro_F1,72998,9215,72496,1349291,0.5017251570511498,0.8879131037670441,0.6411572766757281,0.4718406815375964,0.6436060051518508,D:\Retina\Retinal-Vessel-Segmentation-Benchmark-main\config\test_data\AFIO\masks\IM005093.png,D:\Retina\Retinal-Vessel-Segmentation-Benchmark-main\Models_output\gave\test_data\AFIO\pred_masks\IM005093.png,D:\Retina\Retinal-Vessel-Segmentation-Benchmark-main\Models_output\gave\test_data\AFIO\probability maps\IM005093.png
GAVE,gave,AFIO,IM005132,0.1,diagnostic_test_set_scan_equal_dataset_macro_F1,85114,12479,67202,1339205,0.5587988129940387,0.8721322225979322,0.6811599422189677,0.5164841166297521,0.6730787143034376,D:\Retina\Retinal-Vessel-Segmentation-Benchmark-main\config\test_data\AFIO\masks\IM005132.png,D:\Retina\Retinal-Vessel-Segmentation-Benchmark-main\Models_output\gave\test_data\AFIO\pred_masks\IM005132.png,D:\Retina\Retinal-Vessel-Segmentation-Benchmark-main\Models_output\gave\test_data\AFIO\probability maps\IM005132.png
GAVE,gave,AFIO,IM005133,0.1,diagnostic_test_set_scan_equal_dataset_macro_F1,77918,11106,82142,1332834,0.48680494814444586,0.8752471243709562,0.6256363315186846,0.4552189102976058,0.6253491724395083,D:\Retina\Retinal-Vessel-Segmentation-Benchmark-main\config\test_data\AFIO\masks\IM005133.png,D:\Retina\Retinal-Vessel-Segmentation-Benchmark-main\Models_output\gave\test_data\AFIO\pred_masks\IM005133.png,D:\Retina\Retinal-Vessel-Segmentation-Benchmark-main\Models_output\gave\test_data\AFIO\probability maps\IM005133.png
GAVE,gave,AFIO,IM005190,0.1,diagnostic_test_set_scan_equal_dataset_macro_F1,67478,11378,70156,1354988,0.4902712992429196,0.8557116769808258,0.6233821423622339,0.45283601320699,0.6234423673415412,D:\Retina\Retinal-Vessel-Segmentation-Benchmark-main\config\test_data\AFIO\masks\IM005190.png,D:\Retina\Retinal-Vessel-Segmentation-Benchmark-main\Models_output\gave\test_data\AFIO\pred_masks\IM005190.png,D:\Retina\Retinal-Vessel-Segmentation-Benchmark-main\Models_output\gave\test_data\AFIO\probability maps\IM005190.png
GAVE,gave,AFIO,IM005191,0.1,diagnostic_test_set_scan_equal_dataset_macro_F1,76721,10440,67832,1349007,0.5307465082011442,0.8802216587694037,0.6622042690558188,0.4949965482312104,0.6598277741165764,D:\Retina\Retinal-Vessel-Segmentation-Benchmark-main\config\test_data\AFIO\masks\IM005191.png,D:\Retina\Retinal-Vessel-Segmentation-Benchmark-main\Models_output\gave\test_data\AFIO\pred_masks\IM005191.png,D:\Retina\Retinal-Vessel-Segmentation-Benchmark-main\Models_output\gave\test_data\AFIO\probability maps\IM005191.png
GAVE,gave,AFIO,IM005249,0.1,diagnostic_test_set_scan_equal_dataset_macro_F1,65175,20813,50192,1367820,0.5649362469336986,0.7579545983160441,0.6473641081671674,0.47859450726978997,0.6303726900807601,D:\Retina\Retinal-Vessel-Segmentation-Benchmark-main\config\test_data\AFIO\masks\IM005249.png,D:\Retina\Retinal-Vessel-Segmentation-Benchmark-main\Models_output\gave\test_data\AFIO\pred_masks\IM005249.png,D:\Retina\Retinal-Vessel-Segmentation-Benchmark-main\Models_output\gave\test_data\AFIO\probability maps\IM005249.png
GAVE,gave,AFIO,IM005283,0.1,diagnostic_test_set_scan_equal_dataset_macro_F1,64224,12032,62990,1364754,0.5048500951153175,0.8422156945027277,0.6312871676414213,0.46122689341165996,0.6292413621087721,D:\Retina\Retinal-Vessel-Segmentation-Benchmark-main\config\test_data\AFIO\masks\IM005283.png,D:\Retina\Retinal-Vessel-Segmentation-Benchmark-main\Models_output\gave\test_data\AFIO\pred_masks\IM005283.png,D:\Retina\Retinal-Vessel-Segmentation-Benchmark-main\Models_output\gave\test_data\AFIO\probability maps\IM005283.png
GAVE,gave,AFIO,IM005320,0.1,diagnostic_test_set_scan_equal_dataset_macro_F1,29041,4672,41734,1428553,0.4103285058283292,0.8614184439237089,0.555872444682643,0.3849192148130476,0.5823245557716175,D:\Retina\Retinal-Vessel-Segmentation-Benchmark-main\config\test_data\AFIO\masks\IM005320.png,D:\Retina\Retinal-Vessel-Segmentation-Benchmark-main\Models_output\gave\test_data\AFIO\pred_masks\IM005320.png,D:\Retina\Retinal-Vessel-Segmentation-Benchmark-main\Models_output\gave\test_data\AFIO\probability maps\IM005320.png
GAVE,gave,AFIO,IM005321,0.1,diagnostic_test_set_scan_equal_dataset_macro_F1,34437,8344,43822,1417397,0.4400388453724172,0.8049601458591431,0.569018506278916,0.39764211401452604,0.5800702750244147,D:\Retina\Retinal-Vessel-Segmentation-Benchmark-main\config\test_data\AFIO\masks\IM005321.png,D:\Retina\Retinal-Vessel-Segmentation-Benchmark-main\Models_output\gave\test_data\AFIO\pred_masks\IM005321.png,D:\Retina\Retinal-Vessel-Segmentation-Benchmark-main\Models_output\gave\test_data\AFIO\probability maps\IM005321.png
GAVE,gave,AFIO,IM005357,0.1,diagnostic_test_set_scan_equal_dataset_macro_F1,48807,6654,52252,1396287,0.48295550124184883,0.8800238005084654,0.6236519294658829,0.4531207932190172,0.6352859920895552,D:\Retina\Retinal-Vessel-Segmentation-Benchmark-main\config\test_data\AFIO\masks\IM005357.png,D:\Retina\Retinal-Vessel-Segmentation-Benchmark-main\Models_output\gave\test_data\AFIO\pred_masks\IM005357.png,D:\Retina\Retinal-Vessel-Segmentation-Benchmark-main\Models_output\gave\test_data\AFIO\probability maps\IM005357.png
GAVE,gave,AFIO,IM005387,0.1,diagnostic_test_set_scan_equal_dataset_macro_F1,67890,14810,54978,1366322,0.5525441937689227,0.820918984280532,0.6605113636363635,0.4931071049840933,0.651024411810609,D:\Retina\Retinal-Vessel-Segmentation-Benchmark-main\config\test_data\AFIO\masks\IM005387.png,D:\Retina\Retinal-Vessel-Segmentation-Benchmark-main\Models_output\gave\test_data\AFIO\pred_masks\IM005387.png,D:\Retina\Retinal-Vessel-Segmentation-Benchmark-main\Models_output\gave\test_data\AFIO\probability maps\IM005387.png
GAVE,gave,AFIO,IM005456,0.1,diagnostic_test_set_scan_equal_dataset_macro_F1,56555,17509,42521,1387415,0.5708244176187977,0.7635963491034781,0.6532863578606908,0.485096710554531,0.6401245474450905,D:\Retina\Retinal-Vessel-Segmentation-Benchmark-main\config\test_data\AFIO\masks\IM005456.png,D:\Retina\Retinal-Vessel-Segmentation-Benchmark-main\Models_output\gave\test_data\AFIO\pred_masks\IM005456.png,D:\Retina\Retinal-Vessel-Segmentation-Benchmark-main\Models_output\gave\test_data\AFIO\probability maps\IM005456.png
GAVE,gave,AFIO,IM005457,0.1,diagnostic_test_set_scan_equal_dataset_macro_F1,54939,11102,45002,1392957,0.5497143314555588,0.8318923093229963,0.6619874444216842,0.4947542843763227,0.6586114387523245,D:\Retina\Retinal-Vessel-Segmentation-Benchmark-main\config\test_data\AFIO\masks\IM005457.png,D:\Retina\Retinal-Vessel-Segmentation-Benchmark-main\Models_output\gave\test_data\AFIO\pred_masks\IM005457.png,D:\Retina\Retinal-Vessel-Segmentation-Benchmark-main\Models_output\gave\test_data\AFIO\probability maps\IM005457.png
GAVE,gave,AFIO,IM005488,0.1,diagnostic_test_set_scan_equal_dataset_macro_F1,87868,14663,70198,1331271,0.5558943732364962,0.856989593391267,0.6743592596998431,0.5087043866403441,0.663144748935238,D:\Retina\Retinal-Vessel-Segmentation-Benchmark-main\config\test_data\AFIO\masks\IM005488.png,D:\Retina\Retinal-Vessel-Segmentation-Benchmark-main\Models_output\gave\test_data\AFIO\pred_masks\IM005488.png,D:\Retina\Retinal-Vessel-Segmentation-Benchmark-main\Models_output\gave\test_data\AFIO\probability maps\IM005488.png
GAVE,gave,AFIO,IM005489,0.1,diagnostic_test_set_scan_equal_dataset_macro_F1,77292,9878,77263,1339567,0.500093817734787,0.8866811976597453,0.6395035681042507,0.47005163197168454,0.6403601721975488,D:\Retina\Retinal-Vessel-Segmentation-Benchmark-main\config\test_data\AFIO\masks\IM005489.png,D:\Retina\Retinal-Vessel-Segmentation-Benchmark-main\Models_output\gave\test_data\AFIO\pred_masks\IM005489.png,D:\Retina\Retinal-Vessel-Segmentation-Benchmark-main\Models_output\gave\test_data\AFIO\probability maps\IM005489.png
GAVE,gave,AFIO,IM005523,0.1,diagnostic_test_set_scan_equal_dataset_macro_F1,75422,11535,58799,1358244,0.5619239910297197,0.8673482295847372,0.6820027308321803,0.5174538269436593,0.6761010621814836,D:\Retina\Retinal-Vessel-Segmentation-Benchmark-main\config\test_data\AFIO\masks\IM005523.png,D:\Retina\Retinal-Vessel-Segmentation-Benchmark-main\Models_output\gave\test_data\AFIO\pred_masks\IM005523.png,D:\Retina\Retinal-Vessel-Segmentation-Benchmark-main\Models_output\gave\test_data\AFIO\probability maps\IM005523.png
GAVE,gave,AFIO,IM005524,0.1,diagnostic_test_set_scan_equal_dataset_macro_F1,75260,8333,84302,1336105,0.47166618618468054,0.9003146196451856,0.6190290144146737,0.44825635069537506,0.6256531714981961,D:\Retina\Retinal-Vessel-Segmentation-Benchmark-main\config\test_data\AFIO\masks\IM005524.png,D:\Retina\Retinal-Vessel-Segmentation-Benchmark-main\Models_output\gave\test_data\AFIO\pred_masks\IM005524.png,D:\Retina\Retinal-Vessel-Segmentation-Benchmark-main\Models_output\gave\test_data\AFIO\probability maps\IM005524.png
GAVE,gave,AFIO,IM005558,0.1,diagnostic_test_set_scan_equal_dataset_macro_F1,82233,13826,65675,1342266,0.5559739838277848,0.856067625105404,0.6741321572179844,0.5084459668344319,0.6646539381032783,D:\Retina\Retinal-Vessel-Segmentation-Benchmark-main\config\test_data\AFIO\masks\IM005558.png,D:\Retina\Retinal-Vessel-Segmentation-Benchmark-main\Models_output\gave\test_data\AFIO\pred_masks\IM005558.png,D:\Retina\Retinal-Vessel-Segmentation-Benchmark-main\Models_output\gave\test_data\AFIO\probability maps\IM005558.png
GAVE,gave,AFIO,IM005713,0.1,diagnostic_test_set_scan_equal_dataset_macro_F1,79078,10763,67653,1346506,0.5389317867389986,0.8801994634966218,0.6685322016130395,0.502101667365106,0.6648192143476049,D:\Retina\Retinal-Vessel-Segmentation-Benchmark-main\config\test_data\AFIO\masks\IM005713.png,D:\Retina\Retinal-Vessel-Segmentation-Benchmark-main\Models_output\gave\test_data\AFIO\pred_masks\IM005713.png,D:\Retina\Retinal-Vessel-Segmentation-Benchmark-main\Models_output\gave\test_data\AFIO\probability maps\IM005713.png
GAVE,gave,AFIO,IM005806,0.1,diagnostic_test_set_scan_equal_dataset_macro_F1,50139,5444,63574,1384843,0.44092583961376447,0.9020563841462318,0.5923235043946697,0.42078098642966844,0.6123940561787349,D:\Retina\Retinal-Vessel-Segmentation-Benchmark-main\config\test_data\AFIO\masks\IM005806.png,D:\Retina\Retinal-Vessel-Segmentation-Benchmark-main\Models_output\gave\test_data\AFIO\pred_masks\IM005806.png,D:\Retina\Retinal-Vessel-Segmentation-Benchmark-main\Models_output\gave\test_data\AFIO\probability maps\IM005806.png
GAVE,gave,AFIO,IM005833,0.1,diagnostic_test_set_scan_equal_dataset_macro_F1,75085,12738,73923,1342254,0.5038991195103618,0.8549582683351742,0.6340808424572796,0.4642154983739938,0.6300500952160952,D:\Retina\Retinal-Vessel-Segmentation-Benchmark-main\config\test_data\AFIO\masks\IM005833.png,D:\Retina\Retinal-Vessel-Segmentation-Benchmark-main\Models_output\gave\test_data\AFIO\pred_masks\IM005833.png,D:\Retina\Retinal-Vessel-Segmentation-Benchmark-main\Models_output\gave\test_data\AFIO\probability maps\IM005833.png
GAVE,gave,AFIO,IM005834,0.1,diagnostic_test_set_scan_equal_dataset_macro_F1,88316,9080,80345,1326259,0.5236302405416783,0.906772352047312,0.6638878135136456,0.49688029211043033,0.6626660581997519,D:\Retina\Retinal-Vessel-Segmentation-Benchmark-main\config\test_data\AFIO\masks\IM005834.png,D:\Retina\Retinal-Vessel-Segmentation-Benchmark-main\Models_output\gave\test_data\AFIO\pred_masks\IM005834.png,D:\Retina\Retinal-Vessel-Segmentation-Benchmark-main\Models_output\gave\test_data\AFIO\probability maps\IM005834.png
GAVE,gave,AFIO,IM006037,0.1,diagnostic_test_set_scan_equal_dataset_macro_F1,67378,16228,44859,1375535,0.6003189678982866,0.8058990981508504,0.6880817797929974,0.5244852683610322,0.6751360094865139,D:\Retina\Retinal-Vessel-Segmentation-Benchmark-main\config\test_data\AFIO\masks\IM006037.png,D:\Retina\Retinal-Vessel-Segmentation-Benchmark-main\Models_output\gave\test_data\AFIO\pred_masks\IM006037.png,D:\Retina\Retinal-Vessel-Segmentation-Benchmark-main\Models_output\gave\test_data\AFIO\probability maps\IM006037.png
GAVE,gave,AFIO,IM006105,0.1,diagnostic_test_set_scan_equal_dataset_macro_F1,65137,10069,74776,1354018,0.4655535940191405,0.8661144057654975,0.6055903941539335,0.43429878252056914,0.6106152619514289,D:\Retina\Retinal-Vessel-Segmentation-Benchmark-main\config\test_data\AFIO\masks\IM006105.png,D:\Retina\Retinal-Vessel-Segmentation-Benchmark-main\Models_output\gave\test_data\AFIO\pred_masks\IM006105.png,D:\Retina\Retinal-Vessel-Segmentation-Benchmark-main\Models_output\gave\test_data\AFIO\probability maps\IM006105.png
GAVE,gave,AFIO,IM006106,0.1,diagnostic_test_set_scan_equal_dataset_macro_F1,74431,8639,75194,1345736,0.4974502923976608,0.896003370651258,0.6397301188250714,0.4702964666632968,0.6434399320843525,D:\Retina\Retinal-Vessel-Segmentation-Benchmark-main\config\test_data\AFIO\masks\IM006106.png,D:\Retina\Retinal-Vessel-Segmentation-Benchmark-main\Models_output\gave\test_data\AFIO\pred_masks\IM006106.png,D:\Retina\Retinal-Vessel-Segmentation-Benchmark-main\Models_output\gave\test_data\AFIO\probability maps\IM006106.png
GAVE,gave,CHASEDB1,Image_01L,0.1,diagnostic_test_set_scan_equal_dataset_macro_F1,56095,13410,10790,878745,0.8386783284742468,0.807064239982735,0.8225676369235282,0.6986113705710194,0.8091634581476049,D:\Retina\Retinal-Vessel-Segmentation-Benchmark-main\config\test_data\CHASEDB1\masks\Image_01L.png,D:\Retina\Retinal-Vessel-Segmentation-Benchmark-main\Models_output\gave\test_data\CHASEDB1\pred_masks\Image_01L.png,D:\Retina\Retinal-Vessel-Segmentation-Benchmark-main\Models_output\gave\test_data\CHASEDB1\probability maps\Image_01L.png
GAVE,gave,CHASEDB1,Image_01R,0.1,diagnostic_test_set_scan_equal_dataset_macro_F1,54940,10874,17898,875328,0.7542766138554051,0.8347767952107454,0.7924876669647751,0.6562977828746177,0.7775227853473367,D:\Retina\Retinal-Vessel-Segmentation-Benchmark-main\config\test_data\CHASEDB1\masks\Image_01R.png,D:\Retina\Retinal-Vessel-Segmentation-Benchmark-main\Models_output\gave\test_data\CHASEDB1\pred_masks\Image_01R.png,D:\Retina\Retinal-Vessel-Segmentation-Benchmark-main\Models_output\gave\test_data\CHASEDB1\probability maps\Image_01R.png
GAVE,gave,CHASEDB1,Image_02L,0.1,diagnostic_test_set_scan_equal_dataset_macro_F1,57904,14153,19916,867067,0.7440760729889488,0.8035860499326922,0.7726869366213628,0.6295760712382982,0.7541063646426079,D:\Retina\Retinal-Vessel-Segmentation-Benchmark-main\config\test_data\CHASEDB1\masks\Image_02L.png,D:\Retina\Retinal-Vessel-Segmentation-Benchmark-main\Models_output\gave\test_data\CHASEDB1\pred_masks\Image_02L.png,D:\Retina\Retinal-Vessel-Segmentation-Benchmark-main\Models_output\gave\test_data\CHASEDB1\probability maps\Image_02L.png
GAVE,gave,CHASEDB1,Image_02R,0.1,diagnostic_test_set_scan_equal_dataset_macro_F1,56037,16907,18853,867243,0.7482574442515689,0.7682194560210572,0.758107066033524,0.610444785777313,0.7379853400459926,D:\Retina\Retinal-Vessel-Segmentation-Benchmark-main\config\test_data\CHASEDB1\masks\Image_02R.png,D:\Retina\Retinal-Vessel-Segmentation-Benchmark-main\Models_output\gave\test_data\CHASEDB1\pred_masks\Image_02R.png,D:\Retina\Retinal-Vessel-Segmentation-Benchmark-main\Models_output\gave\test_data\CHASEDB1\probability maps\Image_02R.png
GAVE,gave,CHASEDB1,Image_03L,0.1,diagnostic_test_set_scan_equal_dataset_macro_F1,52801,9224,22395,874620,0.7021783073567743,0.851285771866183,0.7695760852930674,0.6254560530679933,0.7560423662874144,D:\Retina\Retinal-Vessel-Segmentation-Benchmark-main\config\test_data\CHASEDB1\masks\Image_03L.png,D:\Retina\Retinal-Vessel-Segmentation-Benchmark-main\Models_output\gave\test_data\CHASEDB1\pred_masks\Image_03L.png,D:\Retina\Retinal-Vessel-Segmentation-Benchmark-main\Models_output\gave\test_data\CHASEDB1\probability maps\Image_03L.png
GAVE,gave,CHASEDB1,Image_03R,0.1,diagnostic_test_set_scan_equal_dataset_macro_F1,57029,12111,15392,874508,0.7874649618204664,0.8248336708128435,0.8057162636601889,0.67464392182842,0.7904913668267971,D:\Retina\Retinal-Vessel-Segmentation-Benchmark-main\config\test_data\CHASEDB1\masks\Image_03R.png,D:\Retina\Retinal-Vessel-Segmentation-Benchmark-main\Models_output\gave\test_data\CHASEDB1\pred_masks\Image_03R.png,D:\Retina\Retinal-Vessel-Segmentation-Benchmark-main\Models_output\gave\test_data\CHASEDB1\probability maps\Image_03R.png
GAVE,gave,CHASEDB1,Image_04L,0.1,diagnostic_test_set_scan_equal_dataset_macro_F1,57822,14844,17346,869028,0.7692369093231162,0.7957228965403352,0.7822557733674256,0.6423810158645514,0.7642059989039416,D:\Retina\Retinal-Vessel-Segmentation-Benchmark-main\config\test_data\CHASEDB1\masks\Image_04L.png,D:\Retina\Retinal-Vessel-Segmentation-Benchmark-main\Models_output\gave\test_data\CHASEDB1\pred_masks\Image_04L.png,D:\Retina\Retinal-Vessel-Segmentation-Benchmark-main\Models_output\gave\test_data\CHASEDB1\probability maps\Image_04L.png
GAVE,gave,CHASEDB1,Image_04R,0.1,diagnostic_test_set_scan_equal_dataset_macro_F1,49387,12333,24437,872883,0.6689829865626354,0.8001782242384964,0.7287227763678215,0.5732209803033996,0.711560380440731,D:\Retina\Retinal-Vessel-Segmentation-Benchmark-main\config\test_data\CHASEDB1\masks\Image_04R.png,D:\Retina\Retinal-Vessel-Segmentation-Benchmark-main\Models_output\gave\test_data\CHASEDB1\pred_masks\Image_04R.png,D:\Retina\Retinal-Vessel-Segmentation-Benchmark-main\Models_output\gave\test_data\CHASEDB1\probability maps\Image_04R.png
GAVE,gave,CHASEDB1,Image_05L,0.1,diagnostic_test_set_scan_equal_dataset_macro_F1,48382,10311,27559,872788,0.6370998538338973,0.8243231731211559,0.7187188971582216,0.5609377173862635,0.7045620205968287,D:\Retina\Retinal-Vessel-Segmentation-Benchmark-main\config\test_data\CHASEDB1\masks\Image_05L.png,D:\Retina\Retinal-Vessel-Segmentation-Benchmark-main\Models_output\gave\test_data\CHASEDB1\pred_masks\Image_05L.png,D:\Retina\Retinal-Vessel-Segmentation-Benchmark-main\Models_output\gave\test_data\CHASEDB1\probability maps\Image_05L.png
GAVE,gave,CHASEDB1,Image_05R,0.1,diagnostic_test_set_scan_equal_dataset_macro_F1,61237,14403,20426,862974,0.7498744841605133,0.8095848757271285,0.778586549525438,0.6374471717360981,0.7594984308278536,D:\Retina\Retinal-Vessel-Segmentation-Benchmark-main\config\test_data\CHASEDB1\masks\Image_05R.png,D:\Retina\Retinal-Vessel-Segmentation-Benchmark-main\Models_output\gave\test_data\CHASEDB1\pred_masks\Image_05R.png,D:\Retina\Retinal-Vessel-Segmentation-Benchmark-main\Models_output\gave\test_data\CHASEDB1\probability maps\Image_05R.png
GAVE,gave,CHASEDB1,Image_06L,0.1,diagnostic_test_set_scan_equal_dataset_macro_F1,52834,12038,19802,874366,0.7273803623547552,0.8144345788629918,0.7684498356459261,0.6239695774381746,0.7520209461754762,D:\Retina\Retinal-Vessel-Segmentation-Benchmark-main\config\test_data\CHASEDB1\masks\Image_06L.png,D:\Retina\Retinal-Vessel-Segmentation-Benchmark-main\Models_output\gave\test_data\CHASEDB1\pred_masks\Image_06L.png,D:\Retina\Retinal-Vessel-Segmentation-Benchmark-main\Models_output\gave\test_data\CHASEDB1\probability maps\Image_06L.png
GAVE,gave,CHASEDB1,Image_06R,0.1,diagnostic_test_set_scan_equal_dataset_macro_F1,57097,16796,14671,870476,0.7955774161186044,0.7726983611438161,0.7839710011602281,0.6446976198003703,0.7663168915554563,D:\Retina\Retinal-Vessel-Segmentation-Benchmark-main\config\test_data\CHASEDB1\masks\Image_06R.png,D:\Retina\Retinal-Vessel-Segmentation-Benchmark-main\Models_output\gave\test_data\CHASEDB1\pred_masks\Image_06R.png,D:\Retina\Retinal-Vessel-Segmentation-Benchmark-main\Models_output\gave\test_data\CHASEDB1\probability maps\Image_06R.png
GAVE,gave,CHASEDB1,Image_07L,0.1,diagnostic_test_set_scan_equal_dataset_macro_F1,57644,16646,17055,867695,0.7716836905447195,0.7759321577601292,0.7738020927719497,0.6310580765230719,0.7547556952653648,D:\Retina\Retinal-Vessel-Segmentation-Benchmark-main\config\test_data\CHASEDB1\masks\Image_07L.png,D:\Retina\Retinal-Vessel-Segmentation-Benchmark-main\Models_output\gave\test_data\CHASEDB1\pred_masks\Image_07L.png,D:\Retina\Retinal-Vessel-Segmentation-Benchmark-main\Models_output\gave\test_data\CHASEDB1\probability maps\Image_07L.png
GAVE,gave,CHASEDB1,Image_07R,0.1,diagnostic_test_set_scan_equal_dataset_macro_F1,56755,14391,16213,871681,0.7778067097905932,0.7977258032777669,0.7876403402861623,0.6496754770544535,0.7704635696001048,D:\Retina\Retinal-Vessel-Segmentation-Benchmark-main\config\test_data\CHASEDB1\masks\Image_07R.png,D:\Retina\Retinal-Vessel-Segmentation-Benchmark-main\Models_output\gave\test_data\CHASEDB1\pred_masks\Image_07R.png,D:\Retina\Retinal-Vessel-Segmentation-Benchmark-main\Models_output\gave\test_data\CHASEDB1\probability maps\Image_07R.png
GAVE,gave,CHASEDB1,Image_08L,0.1,diagnostic_test_set_scan_equal_dataset_macro_F1,52102,28055,9924,868959,0.8400025795634088,0.64999937622416,0.7328864913526932,0.5783905596074644,0.7187071433408772,D:\Retina\Retinal-Vessel-Segmentation-Benchmark-main\config\test_data\CHASEDB1\masks\Image_08L.png,D:\Retina\Retinal-Vessel-Segmentation-Benchmark-main\Models_output\gave\test_data\CHASEDB1\pred_masks\Image_08L.png,D:\Retina\Retinal-Vessel-Segmentation-Benchmark-main\Models_output\gave\test_data\CHASEDB1\probability maps\Image_08L.png
GAVE,gave,CHASEDB1,Image_08R,0.1,diagnostic_test_set_scan_equal_dataset_macro_F1,53387,25950,7548,872155,0.8761303027816526,0.6729142770712278,0.7611925402075967,0.6144558899695,0.7502318707691197,D:\Retina\Retinal-Vessel-Segmentation-Benchmark-main\config\test_data\CHASEDB1\masks\Image_08R.png,D:\Retina\Retinal-Vessel-Segmentation-Benchmark-main\Models_output\gave\test_data\CHASEDB1\pred_masks\Image_08R.png,D:\Retina\Retinal-Vessel-Segmentation-Benchmark-main\Models_output\gave\test_data\CHASEDB1\probability maps\Image_08R.png
GAVE,gave,CHASEDB1,Image_09L,0.1,diagnostic_test_set_scan_equal_dataset_macro_F1,35864,11300,12660,899216,0.7390981782210865,0.7604104825714528,0.7496028760137111,0.5994918427387002,0.7365405285469523,D:\Retina\Retinal-Vessel-Segmentation-Benchmark-main\config\test_data\CHASEDB1\masks\Image_09L.png,D:\Retina\Retinal-Vessel-Segmentation-Benchmark-main\Models_output\gave\test_data\CHASEDB1\pred_masks\Image_09L.png,D:\Retina\Retinal-Vessel-Segmentation-Benchmark-main\Models_output\gave\test_data\CHASEDB1\probability maps\Image_09L.png
GAVE,gave,CHASEDB1,Image_09R,0.1,diagnostic_test_set_scan_equal_dataset_macro_F1,33420,10833,15399,899388,0.6845695323542064,0.7552030370822317,0.7181536874677669,0.5602494467913901,0.7047535945506277,D:\Retina\Retinal-Vessel-Segmentation-Benchmark-main\config\test_data\CHASEDB1\masks\Image_09R.png,D:\Retina\Retinal-Vessel-Segmentation-Benchmark-main\Models_output\gave\test_data\CHASEDB1\pred_masks\Image_09R.png,D:\Retina\Retinal-Vessel-Segmentation-Benchmark-main\Models_output\gave\test_data\CHASEDB1\probability maps\Image_09R.png
GAVE,gave,CHASEDB1,Image_10L,0.1,diagnostic_test_set_scan_equal_dataset_macro_F1,47911,24307,12165,874657,0.7975064917770823,0.6634218615857542,0.7243110042783498,0.5677802400957539,0.7075140539109916,D:\Retina\Retinal-Vessel-Segmentation-Benchmark-main\config\test_data\CHASEDB1\masks\Image_10L.png,D:\Retina\Retinal-Vessel-Segmentation-Benchmark-main\Models_output\gave\test_data\CHASEDB1\pred_masks\Image_10L.png,D:\Retina\Retinal-Vessel-Segmentation-Benchmark-main\Models_output\gave\test_data\CHASEDB1\probability maps\Image_10L.png
GAVE,gave,CHASEDB1,Image_10R,0.1,diagnostic_test_set_scan_equal_dataset_macro_F1,49107,27704,10264,871965,0.8271209849926732,0.6393224928721146,0.7211966339163766,0.5639621016365203,0.7069974792817894,D:\Retina\Retinal-Vessel-Segmentation-Benchmark-main\config\test_data\CHASEDB1\masks\Image_10R.png,D:\Retina\Retinal-Vessel-Segmentation-Benchmark-main\Models_output\gave\test_data\CHASEDB1\pred_masks\Image_10R.png,D:\Retina\Retinal-Vessel-Segmentation-Benchmark-main\Models_output\gave\test_data\CHASEDB1\probability maps\Image_10R.png
GAVE,gave,CHASEDB1,Image_11L,0.1,diagnostic_test_set_scan_equal_dataset_macro_F1,41194,18330,9925,889591,0.8058451847649601,0.6920569854176467,0.7446291224930632,0.5931546890523982,0.731471229752038,D:\Retina\Retinal-Vessel-Segmentation-Benchmark-main\config\test_data\CHASEDB1\masks\Image_11L.png,D:\Retina\Retinal-Vessel-Segmentation-Benchmark-main\Models_output\gave\test_data\CHASEDB1\pred_masks\Image_11L.png,D:\Retina\Retinal-Vessel-Segmentation-Benchmark-main\Models_output\gave\test_data\CHASEDB1\probability maps\Image_11L.png
GAVE,gave,CHASEDB1,Image_11R,0.1,diagnostic_test_set_scan_equal_dataset_macro_F1,42554,17425,8579,890482,0.8322218528152074,0.7094816519115024,0.7659658722730218,0.6207007205577759,0.7543681737054658,D:\Retina\Retinal-Vessel-Segmentation-Benchmark-main\config\test_data\CHASEDB1\masks\Image_11R.png,D:\Retina\Retinal-Vessel-Segmentation-Benchmark-main\Models_output\gave\test_data\CHASEDB1\pred_masks\Image_11R.png,D:\Retina\Retinal-Vessel-Segmentation-Benchmark-main\Models_output\gave\test_data\CHASEDB1\probability maps\Image_11R.png
GAVE,gave,CHASEDB1,Image_12L,0.1,diagnostic_test_set_scan_equal_dataset_macro_F1,53427,22748,15605,867260,0.7739454166183799,0.7013718411552347,0.7358736149083722,0.582120287644367,0.7153103547042617,D:\Retina\Retinal-Vessel-Segmentation-Benchmark-main\config\test_data\CHASEDB1\masks\Image_12L.png,D:\Retina\Retinal-Vessel-Segmentation-Benchmark-main\Models_output\gave\test_data\CHASEDB1\pred_masks\Image_12L.png,D:\Retina\Retinal-Vessel-Segmentation-Benchmark-main\Models_output\gave\test_data\CHASEDB1\probability maps\Image_12L.png
GAVE,gave,CHASEDB1,Image_12R,0.1,diagnostic_test_set_scan_equal_dataset_macro_F1,54167,21727,16324,866822,0.7684243378587338,0.713719134582444,0.7400621648392938,0.5873799041401896,0.7191909423741643,D:\Retina\Retinal-Vessel-Segmentation-Benchmark-main\config\test_data\CHASEDB1\masks\Image_12R.png,D:\Retina\Retinal-Vessel-Segmentation-Benchmark-main\Models_output\gave\test_data\CHASEDB1\pred_masks\Image_12R.png,D:\Retina\Retinal-Vessel-Segmentation-Benchmark-main\Models_output\gave\test_data\CHASEDB1\probability maps\Image_12R.png
GAVE,gave,CHASEDB1,Image_13L,0.1,diagnostic_test_set_scan_equal_dataset_macro_F1,51599,31301,7385,868755,0.8747965549979656,0.6224246079613993,0.7273406444701306,0.5715124328515258,0.7181702242045842,D:\Retina\Retinal-Vessel-Segmentation-Benchmark-main\config\test_data\CHASEDB1\masks\Image_13L.png,D:\Retina\Retinal-Vessel-Segmentation-Benchmark-main\Models_output\gave\test_data\CHASEDB1\pred_masks\Image_13L.png,D:\Retina\Retinal-Vessel-Segmentation-Benchmark-main\Models_output\gave\test_data\CHASEDB1\probability maps\Image_13L.png
GAVE,gave,CHASEDB1,Image_13R,0.1,diagnostic_test_set_scan_equal_dataset_macro_F1,46692,25069,13933,873346,0.7701773195876289,0.6506598291551121,0.7053918088015351,0.5448689523187155,0.6865214694312854,D:\Retina\Retinal-Vessel-Segmentation-Benchmark-main\config\test_data\CHASEDB1\masks\Image_13R.png,D:\Retina\Retinal-Vessel-Segmentation-Benchmark-main\Models_output\gave\test_data\CHASEDB1\pred_masks\Image_13R.png,D:\Retina\Retinal-Vessel-Segmentation-Benchmark-main\Models_output\gave\test_data\CHASEDB1\probability maps\Image_13R.png
GAVE,gave,CHASEDB1,Image_14L,0.1,diagnostic_test_set_scan_equal_dataset_macro_F1,45613,14838,20400,878189,0.6909699604623332,0.7545450033911764,0.7213594382591092,0.5641612348641328,0.7025108490617956,D:\Retina\Retinal-Vessel-Segmentation-Benchmark-main\config\test_data\CHASEDB1\masks\Image_14L.png,D:\Retina\Retinal-Vessel-Segmentation-Benchmark-main\Models_output\gave\test_data\CHASEDB1\pred_masks\Image_14L.png,D:\Retina\Retinal-Vessel-Segmentation-Benchmark-main\Models_output\gave\test_data\CHASEDB1\probability maps\Image_14L.png
GAVE,gave,CHASEDB1,Image_14R,0.1,diagnostic_test_set_scan_equal_dataset_macro_F1,36790,10732,19319,892199,0.655688035787485,0.7741677538824123,0.7100192027482124,0.5504106760820454,0.6962514135997597,D:\Retina\Retinal-Vessel-Segmentation-Benchmark-main\config\test_data\CHASEDB1\masks\Image_14R.png,D:\Retina\Retinal-Vessel-Segmentation-Benchmark-main\Models_output\gave\test_data\CHASEDB1\pred_masks\Image_14R.png,D:\Retina\Retinal-Vessel-Segmentation-Benchmark-main\Models_output\gave\test_data\CHASEDB1\probability maps\Image_14R.png
GAVE,gave,DualModal2019,DualModal2019_A1_L4,0.1,diagnostic_test_set_scan_equal_dataset_macro_F1,67243,43882,7620,929831,0.8982140710364266,0.605111361079865,0.7230896616986043,0.5662806855025475,0.7136626948431312,D:\Retina\Retinal-Vessel-Segmentation-Benchmark-main\config\test_data\DualModal2019\masks\DualModal2019_A1_L4.png,D:\Retina\Retinal-Vessel-Segmentation-Benchmark-main\Models_output\gave\test_data\DualModal2019\pred_masks\DualModal2019_A1_L4.png,D:\Retina\Retinal-Vessel-Segmentation-Benchmark-main\Models_output\gave\test_data\DualModal2019\probability maps\DualModal2019_A1_L4.png
GAVE,gave,DualModal2019,DualModal2019_A1_R2,0.1,diagnostic_test_set_scan_equal_dataset_macro_F1,57570,45879,7249,937878,0.8881655070272605,0.5565061044572688,0.6842655763425012,0.520063596451607,0.679604004691631,D:\Retina\Retinal-Vessel-Segmentation-Benchmark-main\config\test_data\DualModal2019\masks\DualModal2019_A1_R2.png,D:\Retina\Retinal-Vessel-Segmentation-Benchmark-main\Models_output\gave\test_data\DualModal2019\pred_masks\DualModal2019_A1_R2.png,D:\Retina\Retinal-Vessel-Segmentation-Benchmark-main\Models_output\gave\test_data\DualModal2019\probability maps\DualModal2019_A1_R2.png
GAVE,gave,DualModal2019,DualModal2019_A2_R2,0.1,diagnostic_test_set_scan_equal_dataset_macro_F1,53367,44318,5873,945018,0.9008609047940581,0.5463172442033065,0.68015931177314,0.5153344019776357,0.6799969533420857,D:\Retina\Retinal-Vessel-Segmentation-Benchmark-main\config\test_data\DualModal2019\masks\DualModal2019_A2_R2.png,D:\Retina\Retinal-Vessel-Segmentation-Benchmark-main\Models_output\gave\test_data\DualModal2019\pred_masks\DualModal2019_A2_R2.png,D:\Retina\Retinal-Vessel-Segmentation-Benchmark-main\Models_output\gave\test_data\DualModal2019\probability maps\DualModal2019_A2_R2.png
GAVE,gave,DualModal2019,DualModal2019_A3_L1,0.1,diagnostic_test_set_scan_equal_dataset_macro_F1,64788,46453,4695,932640,0.932429515133198,0.582411161352379,0.7169828025054779,0.5588255589290643,0.7148371257532354,D:\Retina\Retinal-Vessel-Segmentation-Benchmark-main\config\test_data\DualModal2019\masks\DualModal2019_A3_L1.png,D:\Retina\Retinal-Vessel-Segmentation-Benchmark-main\Models_output\gave\test_data\DualModal2019\pred_masks\DualModal2019_A3_L1.png,D:\Retina\Retinal-Vessel-Segmentation-Benchmark-main\Models_output\gave\test_data\DualModal2019\probability maps\DualModal2019_A3_L1.png
GAVE,gave,DualModal2019,DualModal2019_A3_R1,0.1,diagnostic_test_set_scan_equal_dataset_macro_F1,48688,52332,4888,942668,0.9087651187098701,0.4819639675311819,0.6298739941525007,0.4597197567700268,0.6389261118987031,D:\Retina\Retinal-Vessel-Segmentation-Benchmark-main\config\test_data\DualModal2019\masks\DualModal2019_A3_R1.png,D:\Retina\Retinal-Vessel-Segmentation-Benchmark-main\Models_output\gave\test_data\DualModal2019\pred_masks\DualModal2019_A3_R1.png,D:\Retina\Retinal-Vessel-Segmentation-Benchmark-main\Models_output\gave\test_data\DualModal2019\probability maps\DualModal2019_A3_R1.png
GAVE,gave,DualModal2019,DualModal2019_A4_L3,0.1,diagnostic_test_set_scan_equal_dataset_macro_F1,55167,55455,2757,935197,0.9524031489538015,0.49869826978358733,0.6546224769499128,0.4865715873309872,0.6666412816572489,D:\Retina\Retinal-Vessel-Segmentation-Benchmark-main\config\test_data\DualModal2019\masks\DualModal2019_A4_L3.png,D:\Retina\Retinal-Vessel-Segmentation-Benchmark-main\Models_output\gave\test_data\DualModal2019\pred_masks\DualModal2019_A4_L3.png,D:\Retina\Retinal-Vessel-Segmentation-Benchmark-main\Models_output\gave\test_data\DualModal2019\probability maps\DualModal2019_A4_L3.png
GAVE,gave,DualModal2019,DualModal2019_A4_R2,0.1,diagnostic_test_set_scan_equal_dataset_macro_F1,55266,55191,3340,934779,0.943009248199843,0.5003394986284255,0.6537917817618284,0.48565427911104864,0.6639064976474927,D:\Retina\Retinal-Vessel-Segmentation-Benchmark-main\config\test_data\DualModal2019\masks\DualModal2019_A4_R2.png,D:\Retina\Retinal-Vessel-Segmentation-Benchmark-main\Models_output\gave\test_data\DualModal2019\pred_masks\DualModal2019_A4_R2.png,D:\Retina\Retinal-Vessel-Segmentation-Benchmark-main\Models_output\gave\test_data\DualModal2019\probability maps\DualModal2019_A4_R2.png
GAVE,gave,DualModal2019,DualModal2019_A5_R4,0.1,diagnostic_test_set_scan_equal_dataset_macro_F1,52697,47204,3030,945645,0.9456277926319379,0.5274922172951222,0.6772174672938032,0.5119643256161894,0.6861951636188037,D:\Retina\Retinal-Vessel-Segmentation-Benchmark-main\config\test_data\DualModal2019\masks\DualModal2019_A5_R4.png,D:\Retina\Retinal-Vessel-Segmentation-Benchmark-main\Models_output\gave\test_data\DualModal2019\pred_masks\DualModal2019_A5_R4.png,D:\Retina\Retinal-Vessel-Segmentation-Benchmark-main\Models_output\gave\test_data\DualModal2019\probability maps\DualModal2019_A5_R4.png
GAVE,gave,DualModal2019,DualModal2019_A6_L2,0.1,diagnostic_test_set_scan_equal_dataset_macro_F1,58064,54584,3631,932297,0.9411459599643407,0.5154463461401889,0.6660892608249256,0.4993506996104198,0.6731748997840727,D:\Retina\Retinal-Vessel-Segmentation-Benchmark-main\config\test_data\DualModal2019\masks\DualModal2019_A6_L2.png,D:\Retina\Retinal-Vessel-Segmentation-Benchmark-main\Models_output\gave\test_data\DualModal2019\pred_masks\DualModal2019_A6_L2.png,D:\Retina\Retinal-Vessel-Segmentation-Benchmark-main\Models_output\gave\test_data\DualModal2019\probability maps\DualModal2019_A6_L2.png
GAVE,gave,DualModal2019,DualModal2019_A6_R3,0.1,diagnostic_test_set_scan_equal_dataset_macro_F1,54458,56827,4809,932482,0.9188587240791671,0.4893561576133351,0.6386087527557578,0.46908539631677776,0.6458485148263462,D:\Retina\Retinal-Vessel-Segmentation-Benchmark-main\config\test_data\DualModal2019\masks\DualModal2019_A6_R3.png,D:\Retina\Retinal-Vessel-Segmentation-Benchmark-main\Models_output\gave\test_data\DualModal2019\pred_masks\DualModal2019_A6_R3.png,D:\Retina\Retinal-Vessel-Segmentation-Benchmark-main\Models_output\gave\test_data\DualModal2019\probability maps\DualModal2019_A6_R3.png
GAVE,gave,DualModal2019,DualModal2019_A7_L1,0.1,diagnostic_test_set_scan_equal_dataset_macro_F1,52417,51500,5029,939630,0.9124569160603001,0.5044121751012828,0.6496780550683863,0.4811282653791787,0.6553348165710299,D:\Retina\Retinal-Vessel-Segmentation-Benchmark-main\config\test_data\DualModal2019\masks\DualModal2019_A7_L1.png,D:\Retina\Retinal-Vessel-Segmentation-Benchmark-main\Models_output\gave\test_data\DualModal2019\pred_masks\DualModal2019_A7_L1.png,D:\Retina\Retinal-Vessel-Segmentation-Benchmark-main\Models_output\gave\test_data\DualModal2019\probability maps\DualModal2019_A7_L1.png
GAVE,gave,DualModal2019,DualModal2019_A7_R1,0.1,diagnostic_test_set_scan_equal_dataset_macro_F1,48525,48838,3730,947483,0.9286192708831691,0.4983926132103571,0.6486519001724391,0.48000356107742376,0.6594978546794621,D:\Retina\Retinal-Vessel-Segmentation-Benchmark-main\config\test_data\DualModal2019\masks\DualModal2019_A7_R1.png,D:\Retina\Retinal-Vessel-Segmentation-Benchmark-main\Models_output\gave\test_data\DualModal2019\pred_masks\DualModal2019_A7_R1.png,D:\Retina\Retinal-Vessel-Segmentation-Benchmark-main\Models_output\gave\test_data\DualModal2019\probability maps\DualModal2019_A7_R1.png
GAVE,gave,DualModal2019,DualModal2019_C1_L4,0.1,diagnostic_test_set_scan_equal_dataset_macro_F1,65536,44145,5804,933091,0.9186431174656574,0.5975146105524202,0.7240706879312345,0.5674849547560289,0.7186872781807492,D:\Retina\Retinal-Vessel-Segmentation-Benchmark-main\config\test_data\DualModal2019\masks\DualModal2019_C1_L4.png,D:\Retina\Retinal-Vessel-Segmentation-Benchmark-main\Models_output\gave\test_data\DualModal2019\pred_masks\DualModal2019_C1_L4.png,D:\Retina\Retinal-Vessel-Segmentation-Benchmark-main\Models_output\gave\test_data\DualModal2019\probability maps\DualModal2019_C1_L4.png
GAVE,gave,DualModal2019,DualModal2019_C1_R4,0.1,diagnostic_test_set_scan_equal_dataset_macro_F1,66505,40871,5535,935665,0.9231676846196557,0.6193655938012219,0.741349712400232,0.5890037286004021,0.7353047950256149,D:\Retina\Retinal-Vessel-Segmentation-Benchmark-main\config\test_data\DualModal2019\masks\DualModal2019_C1_R4.png,D:\Retina\Retinal-Vessel-Segmentation-Benchmark-main\Models_output\gave\test_data\DualModal2019\pred_masks\DualModal2019_C1_R4.png,D:\Retina\Retinal-Vessel-Segmentation-Benchmark-main\Models_output\gave\test_data\DualModal2019\probability maps\DualModal2019_C1_R4.png
GAVE,gave,DualModal2019,DualModal2019_C2_L4,0.1,diagnostic_test_set_scan_equal_dataset_macro_F1,61558,39504,5193,942321,0.922203412682956,0.6091112386455839,0.7336499556053463,0.5793421486047715,0.7296457623678997,D:\Retina\Retinal-Vessel-Segmentation-Benchmark-main\config\test_data\DualModal2019\masks\DualModal2019_C2_L4.png,D:\Retina\Retinal-Vessel-Segmentation-Benchmark-main\Models_output\gave\test_data\DualModal2019\pred_masks\DualModal2019_C2_L4.png,D:\Retina\Retinal-Vessel-Segmentation-Benchmark-main\Models_output\gave\test_data\DualModal2019\probability maps\DualModal2019_C2_L4.png
GAVE,gave,DualModal2019,DualModal2019_C2_R3,0.1,diagnostic_test_set_scan_equal_dataset_macro_F1,59987,44105,6426,938058,0.9032418351828708,0.5762882834415709,0.7036391894665845,0.5427803615700609,0.6991487820272284,D:\Retina\Retinal-Vessel-Segmentation-Benchmark-main\config\test_data\DualModal2019\masks\DualModal2019_C2_R3.png,D:\Retina\Retinal-Vessel-Segmentation-Benchmark-main\Models_output\gave\test_data\DualModal2019\pred_masks\DualModal2019_C2_R3.png,D:\Retina\Retinal-Vessel-Segmentation-Benchmark-main\Models_output\gave\test_data\DualModal2019\probability maps\DualModal2019_C2_R3.png
GAVE,gave,DualModal2019,DualModal2019_C3_L1,0.1,diagnostic_test_set_scan_equal_dataset_macro_F1,58424,41085,6273,942794,0.903040326444812,0.5871227728145193,0.7115939734236264,0.5523056852772683,0.7070965895501345,D:\Retina\Retinal-Vessel-Segmentation-Benchmark-main\config\test_data\DualModal2019\masks\DualModal2019_C3_L1.png,D:\Retina\Retinal-Vessel-Segmentation-Benchmark-main\Models_output\gave\test_data\DualModal2019\pred_masks\DualModal2019_C3_L1.png,D:\Retina\Retinal-Vessel-Segmentation-Benchmark-main\Models_output\gave\test_data\DualModal2019\probability maps\DualModal2019_C3_L1.png
GAVE,gave,DualModal2019,DualModal2019_C3_R1,0.1,diagnostic_test_set_scan_equal_dataset_macro_F1,67553,45233,4594,931196,0.9363244486950254,0.598948451048889,0.7305672865307976,0.5755069006645084,0.7271139056850078,D:\Retina\Retinal-Vessel-Segmentation-Benchmark-main\config\test_data\DualModal2019\masks\DualModal2019_C3_R1.png,D:\Retina\Retinal-Vessel-Segmentation-Benchmark-main\Models_output\gave\test_data\DualModal2019\pred_masks\DualModal2019_C3_R1.png,D:\Retina\Retinal-Vessel-Segmentation-Benchmark-main\Models_output\gave\test_data\DualModal2019\probability maps\DualModal2019_C3_R1.png
GAVE,gave,DualModal2019,DualModal2019_C4_L2,0.1,diagnostic_test_set_scan_equal_dataset_macro_F1,48645,52138,7910,939883,0.86013615064981,0.4826706885089747,0.6183503031689738,0.44754492009605035,0.6189142101517756,D:\Retina\Retinal-Vessel-Segmentation-Benchmark-main\config\test_data\DualModal2019\masks\DualModal2019_C4_L2.png,D:\Retina\Retinal-Vessel-Segmentation-Benchmark-main\Models_output\gave\test_data\DualModal2019\pred_masks\DualModal2019_C4_L2.png,D:\Retina\Retinal-Vessel-Segmentation-Benchmark-main\Models_output\gave\test_data\DualModal2019\probability maps\DualModal2019_C4_L2.png
GAVE,gave,DualModal2019,DualModal2019_C4_R2,0.1,diagnostic_test_set_scan_equal_dataset_macro_F1,51987,52689,9688,934212,0.842918524523713,0.4966467958271237,0.6250278026582347,0.4545748662166416,0.6196886800270913,D:\Retina\Retinal-Vessel-Segmentation-Benchmark-main\config\test_data\DualModal2019\masks\DualModal2019_C4_R2.png,D:\Retina\Retinal-Vessel-Segmentation-Benchmark-main\Models_output\gave\test_data\DualModal2019\pred_masks\DualModal2019_C4_R2.png,D:\Retina\Retinal-Vessel-Segmentation-Benchmark-main\Models_output\gave\test_data\DualModal2019\probability maps\DualModal2019_C4_R2.png
GAVE,gave,DualModal2019,DualModal2019_C5_L1,0.1,diagnostic_test_set_scan_equal_dataset_macro_F1,69730,53022,3947,921877,0.946428329057915,0.5680559176225235,0.7099766327782558,0.5503595134926085,0.7091729561972043,D:\Retina\Retinal-Vessel-Segmentation-Benchmark-main\config\test_data\DualModal2019\masks\DualModal2019_C5_L1.png,D:\Retina\Retinal-Vessel-Segmentation-Benchmark-main\Models_output\gave\test_data\DualModal2019\pred_masks\DualModal2019_C5_L1.png,D:\Retina\Retinal-Vessel-Segmentation-Benchmark-main\Models_output\gave\test_data\DualModal2019\probability maps\DualModal2019_C5_L1.png
GAVE,gave,DualModal2019,DualModal2019_C5_R1,0.1,diagnostic_test_set_scan_equal_dataset_macro_F1,64335,52062,5431,926748,0.922154057850529,0.5527204309389417,0.6911684921278665,0.5280805726105657,0.6893707219666159,D:\Retina\Retinal-Vessel-Segmentation-Benchmark-main\config\test_data\DualModal2019\masks\DualModal2019_C5_R1.png,D:\Retina\Retinal-Vessel-Segmentation-Benchmark-main\Models_output\gave\test_data\DualModal2019\pred_masks\DualModal2019_C5_R1.png,D:\Retina\Retinal-Vessel-Segmentation-Benchmark-main\Models_output\gave\test_data\DualModal2019\probability maps\DualModal2019_C5_R1.png
GAVE,gave,DualModal2019,DualModal2019_C6_L2,0.1,diagnostic_test_set_scan_equal_dataset_macro_F1,69370,49779,3419,926008,0.9530286169613541,0.5822121881006135,0.7228375829695005,0.5659715423275243,0.7223888312877353,D:\Retina\Retinal-Vessel-Segmentation-Benchmark-main\config\test_data\DualModal2019\masks\DualModal2019_C6_L2.png,D:\Retina\Retinal-Vessel-Segmentation-Benchmark-main\Models_output\gave\test_data\DualModal2019\pred_masks\DualModal2019_C6_L2.png,D:\Retina\Retinal-Vessel-Segmentation-Benchmark-main\Models_output\gave\test_data\DualModal2019\probability maps\DualModal2019_C6_L2.png
GAVE,gave,DualModal2019,DualModal2019_C6_R2,0.1,diagnostic_test_set_scan_equal_dataset_macro_F1,67963,49289,4004,927320,0.9443633887754109,0.5796319039334084,0.7183528081218059,0.5604918519495943,0.7171375874880966,D:\Retina\Retinal-Vessel-Segmentation-Benchmark-main\config\test_data\DualModal2019\masks\DualModal2019_C6_R2.png,D:\Retina\Retinal-Vessel-Segmentation-Benchmark-main\Models_output\gave\test_data\DualModal2019\pred_masks\DualModal2019_C6_R2.png,D:\Retina\Retinal-Vessel-Segmentation-Benchmark-main\Models_output\gave\test_data\DualModal2019\probability maps\DualModal2019_C6_R2.png
GAVE,gave,DualModal2019,DualModal2019_C7_L4,0.1,diagnostic_test_set_scan_equal_dataset_macro_F1,68924,45365,4888,929399,0.9337777055221373,0.6030676618047232,0.7328403357770561,0.5783330676221083,0.7283013371599399,D:\Retina\Retinal-Vessel-Segmentation-Benchmark-main\config\test_data\DualModal2019\masks\DualModal2019_C7_L4.png,D:\Retina\Retinal-Vessel-Segmentation-Benchmark-main\Models_output\gave\test_data\DualModal2019\pred_masks\DualModal2019_C7_L4.png,D:\Retina\Retinal-Vessel-Segmentation-Benchmark-main\Models_output\gave\test_data\DualModal2019\probability maps\DualModal2019_C7_L4.png
GAVE,gave,DualModal2019,DualModal2019_C7_R3,0.1,diagnostic_test_set_scan_equal_dataset_macro_F1,67001,38992,7766,934817,0.8961306458731794,0.6321266498731049,0.7413255144943571,0.5889731801439886,0.7308241151629274,D:\Retina\Retinal-Vessel-Segmentation-Benchmark-main\config\test_data\DualModal2019\masks\DualModal2019_C7_R3.png,D:\Retina\Retinal-Vessel-Segmentation-Benchmark-main\Models_output\gave\test_data\DualModal2019\pred_masks\DualModal2019_C7_R3.png,D:\Retina\Retinal-Vessel-Segmentation-Benchmark-main\Models_output\gave\test_data\DualModal2019\probability maps\DualModal2019_C7_R3.png
GAVE,gave,DualModal2019,DualModal2019_C8_L4,0.1,diagnostic_test_set_scan_equal_dataset_macro_F1,77835,50140,5988,914613,0.9285637593500591,0.6082047274858371,0.734992776135752,0.5810186394750789,0.7262544987810672,D:\Retina\Retinal-Vessel-Segmentation-Benchmark-main\config\test_data\DualModal2019\masks\DualModal2019_C8_L4.png,D:\Retina\Retinal-Vessel-Segmentation-Benchmark-main\Models_output\gave\test_data\DualModal2019\pred_masks\DualModal2019_C8_L4.png,D:\Retina\Retinal-Vessel-Segmentation-Benchmark-main\Models_output\gave\test_data\DualModal2019\probability maps\DualModal2019_C8_L4.png
GAVE,gave,DualModal2019,DualModal2019_C8_R2,0.1,diagnostic_test_set_scan_equal_dataset_macro_F1,73732,39457,8692,926695,0.8945452780743472,0.6514060553587363,0.7538558275779218,0.6049507306306972,0.7403892477445341,D:\Retina\Retinal-Vessel-Segmentation-Benchmark-main\config\test_data\DualModal2019\masks\DualModal2019_C8_R2.png,D:\Retina\Retinal-Vessel-Segmentation-Benchmark-main\Models_output\gave\test_data\DualModal2019\pred_masks\DualModal2019_C8_R2.png,D:\Retina\Retinal-Vessel-Segmentation-Benchmark-main\Models_output\gave\test_data\DualModal2019\probability maps\DualModal2019_C8_R2.png
GAVE,gave,DualModal2019,DualModal2019_C9_L4,0.1,diagnostic_test_set_scan_equal_dataset_macro_F1,71745,43595,4357,928879,0.9427478909884103,0.6220305184671406,0.7495220484533176,0.5993884558510238,0.7445407052576739,D:\Retina\Retinal-Vessel-Segmentation-Benchmark-main\config\test_data\DualModal2019\masks\DualModal2019_C9_L4.png,D:\Retina\Retinal-Vessel-Segmentation-Benchmark-main\Models_output\gave\test_data\DualModal2019\pred_masks\DualModal2019_C9_L4.png,D:\Retina\Retinal-Vessel-Segmentation-Benchmark-main\Models_output\gave\test_data\DualModal2019\probability maps\DualModal2019_C9_L4.png
GAVE,gave,DualModal2019,DualModal2019_C9_R5,0.1,diagnostic_test_set_scan_equal_dataset_macro_F1,75663,40786,4801,927326,0.9403335653211374,0.6497522520588412,0.7684916689096201,0.6240247422680413,0.7609099071772367,D:\Retina\Retinal-Vessel-Segmentation-Benchmark-main\config\test_data\DualModal2019\masks\DualModal2019_C9_R5.png,D:\Retina\Retinal-Vessel-Segmentation-Benchmark-main\Models_output\gave\test_data\DualModal2019\pred_masks\DualModal2019_C9_R5.png,D:\Retina\Retinal-Vessel-Segmentation-Benchmark-main\Models_output\gave\test_data\DualModal2019\probability maps\DualModal2019_C9_R5.png
GAVE,gave,HRF,01_dr,0.1,diagnostic_test_set_scan_equal_dataset_macro_F1,342009,220772,74273,7548290,0.8215800827323785,0.6077124138874624,0.6986455417067134,0.536860297557193,0.6886847692845474,D:\Retina\Retinal-Vessel-Segmentation-Benchmark-main\config\test_data\HRF\masks\01_dr.tif,D:\Retina\Retinal-Vessel-Segmentation-Benchmark-main\Models_output\gave\test_data\HRF\pred_masks\01_dr.png,D:\Retina\Retinal-Vessel-Segmentation-Benchmark-main\Models_output\gave\test_data\HRF\probability maps\01_dr.png
GAVE,gave,HRF,01_g,0.1,diagnostic_test_set_scan_equal_dataset_macro_F1,450617,217221,97015,7420491,0.8228463639816519,0.6747399818518862,0.7414695549869597,0.5891550402495643,0.7250967980787959,D:\Retina\Retinal-Vessel-Segmentation-Benchmark-main\config\test_data\HRF\masks\01_g.tif,D:\Retina\Retinal-Vessel-Segmentation-Benchmark-main\Models_output\gave\test_data\HRF\pred_masks\01_g.png,D:\Retina\Retinal-Vessel-Segmentation-Benchmark-main\Models_output\gave\test_data\HRF\probability maps\01_g.png
GAVE,gave,HRF,01_h,0.1,diagnostic_test_set_scan_equal_dataset_macro_F1,626122,87243,207766,7264213,0.7508466364787597,0.8777021580817674,0.809333703020773,0.6797317645372917,0.7924995651013104,D:\Retina\Retinal-Vessel-Segmentation-Benchmark-main\config\test_data\HRF\masks\01_h.tif,D:\Retina\Retinal-Vessel-Segmentation-Benchmark-main\Models_output\gave\test_data\HRF\pred_masks\01_h.png,D:\Retina\Retinal-Vessel-Segmentation-Benchmark-main\Models_output\gave\test_data\HRF\probability maps\01_h.png
GAVE,gave,HRF,02_dr,0.1,diagnostic_test_set_scan_equal_dataset_macro_F1,417812,167816,104066,7495650,0.8005932420987281,0.7134426632606364,0.7545096821145889,0.605793293837557,0.7381675197069428,D:\Retina\Retinal-Vessel-Segmentation-Benchmark-main\config\test_data\HRF\masks\02_dr.tif,D:\Retina\Retinal-Vessel-Segmentation-Benchmark-main\Models_output\gave\test_data\HRF\pred_masks\02_dr.png,D:\Retina\Retinal-Vessel-Segmentation-Benchmark-main\Models_output\gave\test_data\HRF\probability maps\02_dr.png
GAVE,gave,HRF,02_g,0.1,diagnostic_test_set_scan_equal_dataset_macro_F1,508130,197749,101592,7377873,0.8333798025985613,0.7198542526410334,0.7724682483518939,0.6292857576309242,0.7550869696159129,D:\Retina\Retinal-Vessel-Segmentation-Benchmark-main\config\test_data\HRF\masks\02_g.tif,D:\Retina\Retinal-Vessel-Segmentation-Benchmark-main\Models_output\gave\test_data\HRF\pred_masks\02_g.png,D:\Retina\Retinal-Vessel-Segmentation-Benchmark-main\Models_output\gave\test_data\HRF\probability maps\02_g.png
GAVE,gave,HRF,02_h,0.1,diagnostic_test_set_scan_equal_dataset_macro_F1,658661,77993,149777,7298913,0.814732855209676,0.8941253288518083,0.8525848299000965,0.7430482462820005,0.8383615825799233,D:\Retina\Retinal-Vessel-Segmentation-Benchmark-main\config\test_data\HRF\masks\02_h.tif,D:\Retina\Retinal-Vessel-Segmentation-Benchmark-main\Models_output\gave\test_data\HRF\pred_masks\02_h.png,D:\Retina\Retinal-Vessel-Segmentation-Benchmark-main\Models_output\gave\test_data\HRF\probability maps\02_h.png
GAVE,gave,HRF,03_dr,0.1,diagnostic_test_set_scan_equal_dataset_macro_F1,406591,153342,87809,7537602,0.8223927993527508,0.7261422348745297,0.7712762476371318,0.6277051665632304,0.7572686488103436,D:\Retina\Retinal-Vessel-Segmentation-Benchmark-main\config\test_data\HRF\masks\03_dr.tif,D:\Retina\Retinal-Vessel-Segmentation-Benchmark-main\Models_output\gave\test_data\HRF\pred_masks\03_dr.png,D:\Retina\Retinal-Vessel-Segmentation-Benchmark-main\Models_output\gave\test_data\HRF\probability maps\03_dr.png
GAVE,gave,HRF,03_g,0.1,diagnostic_test_set_scan_equal_dataset_macro_F1,363144,141271,109591,7571338,0.768176674035136,0.7199310091888623,0.7432717597093588,0.5914339599287304,0.7274258456846686,D:\Retina\Retinal-Vessel-Segmentation-Benchmark-main\config\test_data\HRF\masks\03_g.tif,D:\Retina\Retinal-Vessel-Segmentation-Benchmark-main\Models_output\gave\test_data\HRF\pred_masks\03_g.png,D:\Retina\Retinal-Vessel-Segmentation-Benchmark-main\Models_output\gave\test_data\HRF\probability maps\03_g.png
GAVE,gave,HRF,03_h,0.1,diagnostic_test_set_scan_equal_dataset_macro_F1,610805,90141,253366,7231032,0.7068103419346402,0.8714009353074273,0.7805231174410602,0.6400474897098642,0.762676635278339,D:\Retina\Retinal-Vessel-Segmentation-Benchmark-main\config\test_data\HRF\masks\03_h.tif,D:\Retina\Retinal-Vessel-Segmentation-Benchmark-main\Models_output\gave\test_data\HRF\pred_masks\03_h.png,D:\Retina\Retinal-Vessel-Segmentation-Benchmark-main\Models_output\gave\test_data\HRF\probability maps\03_h.png
GAVE,gave,HRF,04_dr,0.1,diagnostic_test_set_scan_equal_dataset_macro_F1,373673,122863,88506,7600302,0.8085027662442473,0.7525597338360159,0.779528848510767,0.6387114087535596,0.7663883200061979,D:\Retina\Retinal-Vessel-Segmentation-Benchmark-main\config\test_data\HRF\masks\04_dr.tif,D:\Retina\Retinal-Vessel-Segmentation-Benchmark-main\Models_output\gave\test_data\HRF\pred_masks\04_dr.png,D:\Retina\Retinal-Vessel-Segmentation-Benchmark-main\Models_output\gave\test_data\HRF\probability maps\04_dr.png
GAVE,gave,HRF,04_g,0.1,diagnostic_test_set_scan_equal_dataset_macro_F1,418616,160657,108300,7497771,0.7944643928064435,0.7226575379829545,0.7568616212961801,0.6088313531799533,0.7402381561685002,D:\Retina\Retinal-Vessel-Segmentation-Benchmark-main\config\test_data\HRF\masks\04_g.tif,D:\Retina\Retinal-Vessel-Segmentation-Benchmark-main\Models_output\gave\test_data\HRF\pred_masks\04_g.png,D:\Retina\Retinal-Vessel-Segmentation-Benchmark-main\Models_output\gave\test_data\HRF\probability maps\04_g.png
GAVE,gave,HRF,04_h,0.1,diagnostic_test_set_scan_equal_dataset_macro_F1,614340,100601,157261,7313142,0.7961887037471439,0.8592876894736768,0.8265356781039486,0.7043551837762353,0.8099505813448233,D:\Retina\Retinal-Vessel-Segmentation-Benchmark-main\config\test_data\HRF\masks\04_h.tif,D:\Retina\Retinal-Vessel-Segmentation-Benchmark-main\Models_output\gave\test_data\HRF\pred_masks\04_h.png,D:\Retina\Retinal-Vessel-Segmentation-Benchmark-main\Models_output\gave\test_data\HRF\probability maps\04_h.png
GAVE,gave,HRF,05_dr,0.1,diagnostic_test_set_scan_equal_dataset_macro_F1,428839,228693,80139,7447673,0.8425491868017871,0.6521948741658201,0.7352513051752665,0.5813418176937958,0.7220968021976882,D:\Retina\Retinal-Vessel-Segmentation-Benchmark-main\config\test_data\HRF\masks\05_dr.tif,D:\Retina\Retinal-Vessel-Segmentation-Benchmark-main\Models_output\gave\test_data\HRF\pred_masks\05_dr.png,D:\Retina\Retinal-Vessel-Segmentation-Benchmark-main\Models_output\gave\test_data\HRF\probability maps\05_dr.png
GAVE,gave,HRF,05_g,0.1,diagnostic_test_set_scan_equal_dataset_macro_F1,437795,154812,97256,7495481,0.8182304116803819,0.7387611013707229,0.7764676878982812,0.6346115098215153,0.7611212715358951,D:\Retina\Retinal-Vessel-Segmentation-Benchmark-main\config\test_data\HRF\masks\05_g.tif,D:\Retina\Retinal-Vessel-Segmentation-Benchmark-main\Models_output\gave\test_data\HRF\pred_masks\05_g.png,D:\Retina\Retinal-Vessel-Segmentation-Benchmark-main\Models_output\gave\test_data\HRF\probability maps\05_g.png
GAVE,gave,HRF,05_h,0.1,diagnostic_test_set_scan_equal_dataset_macro_F1,594794,76427,143992,7370131,0.8050964690722348,0.8861373526751993,0.8436752441654545,0.7296179035417737,0.830120477053719,D:\Retina\Retinal-Vessel-Segmentation-Benchmark-main\config\test_data\HRF\masks\05_h.tif,D:\Retina\Retinal-Vessel-Segmentation-Benchmark-main\Models_output\gave\test_data\HRF\pred_masks\05_h.png,D:\Retina\Retinal-Vessel-Segmentation-Benchmark-main\Models_output\gave\test_data\HRF\probability maps\05_h.png
GAVE,gave,HRF,06_dr,0.1,diagnostic_test_set_scan_equal_dataset_macro_F1,417984,150958,199982,7416420,0.6763867267778486,0.7346689117695653,0.7043241767685449,0.5435959860792484,0.6819302054860149,D:\Retina\Retinal-Vessel-Segmentation-Benchmark-main\config\test_data\HRF\masks\06_dr.tif,D:\Retina\Retinal-Vessel-Segmentation-Benchmark-main\Models_output\gave\test_data\HRF\pred_masks\06_dr.png,D:\Retina\Retinal-Vessel-Segmentation-Benchmark-main\Models_output\gave\test_data\HRF\probability maps\06_dr.png
GAVE,gave,HRF,06_g,0.1,diagnostic_test_set_scan_equal_dataset_macro_F1,456010,181560,103755,7444019,0.8146454315650318,0.7152312687234343,0.761708293835894,0.6151283175395407,0.7448218061223024,D:\Retina\Retinal-Vessel-Segmentation-Benchmark-main\config\test_data\HRF\masks\06_g.tif,D:\Retina\Retinal-Vessel-Segmentation-Benchmark-main\Models_output\gave\test_data\HRF\pred_masks\06_g.png,D:\Retina\Retinal-Vessel-Segmentation-Benchmark-main\Models_output\gave\test_data\HRF\probability maps\06_g.png
GAVE,gave,HRF,06_h,0.1,diagnostic_test_set_scan_equal_dataset_macro_F1,687712,105498,142158,7249976,0.8286984708448312,0.8669986510507937,0.8474160238558791,0.7352314810855193,0.8308937471530424,D:\Retina\Retinal-Vessel-Segmentation-Benchmark-main\config\test_data\HRF\masks\06_h.tif,D:\Retina\Retinal-Vessel-Segmentation-Benchmark-main\Models_output\gave\test_data\HRF\pred_masks\06_h.png,D:\Retina\Retinal-Vessel-Segmentation-Benchmark-main\Models_output\gave\test_data\HRF\probability maps\06_h.png
GAVE,gave,HRF,07_dr,0.1,diagnostic_test_set_scan_equal_dataset_macro_F1,545560,225679,90799,7323306,0.8573148175793852,0.7073812397972613,0.7751645000916454,0.6328723327741933,0.7583981971374689,D:\Retina\Retinal-Vessel-Segmentation-Benchmark-main\config\test_data\HRF\masks\07_dr.tif,D:\Retina\Retinal-Vessel-Segmentation-Benchmark-main\Models_output\gave\test_data\HRF\pred_masks\07_dr.png,D:\Retina\Retinal-Vessel-Segmentation-Benchmark-main\Models_output\gave\test_data\HRF\probability maps\07_dr.png
GAVE,gave,HRF,07_g,0.1,diagnostic_test_set_scan_equal_dataset_macro_F1,430040,116315,102744,7536245,0.8071563710621941,0.7871072837257826,0.797005761074338,0.6625183523622745,0.7827536343203921,D:\Retina\Retinal-Vessel-Segmentation-Benchmark-main\config\test_data\HRF\masks\07_g.tif,D:\Retina\Retinal-Vessel-Segmentation-Benchmark-main\Models_output\gave\test_data\HRF\pred_masks\07_g.png,D:\Retina\Retinal-Vessel-Segmentation-Benchmark-main\Models_output\gave\test_data\HRF\probability maps\07_g.png
GAVE,gave,HRF,07_h,0.1,diagnostic_test_set_scan_equal_dataset_macro_F1,587732,109060,141281,7347271,0.8062023585313294,0.8434827035901675,0.824421291831632,0.7012897444494692,0.8079272670413242,D:\Retina\Retinal-Vessel-Segmentation-Benchmark-main\config\test_data\HRF\masks\07_h.tif,D:\Retina\Retinal-Vessel-Segmentation-Benchmark-main\Models_output\gave\test_data\HRF\pred_masks\07_h.png,D:\Retina\Retinal-Vessel-Segmentation-Benchmark-main\Models_output\gave\test_data\HRF\probability maps\07_h.png
GAVE,gave,HRF,08_dr,0.1,diagnostic_test_set_scan_equal_dataset_macro_F1,511312,214377,104465,7355190,0.830352546457565,0.7045883291602877,0.7623182398957559,0.615924274291276,0.7442247529503507,D:\Retina\Retinal-Vessel-Segmentation-Benchmark-main\config\test_data\HRF\masks\08_dr.tif,D:\Retina\Retinal-Vessel-Segmentation-Benchmark-main\Models_output\gave\test_data\HRF\pred_masks\08_dr.png,D:\Retina\Retinal-Vessel-Segmentation-Benchmark-main\Models_output\gave\test_data\HRF\probability maps\08_dr.png
GAVE,gave,HRF,08_g,0.1,diagnostic_test_set_scan_equal_dataset_macro_F1,463033,144174,92525,7485612,0.8334557327947757,0.7625620258000978,0.7964343611993825,0.6617290619837309,0.781797177966083,D:\Retina\Retinal-Vessel-Segmentation-Benchmark-main\config\test_data\HRF\masks\08_g.tif,D:\Retina\Retinal-Vessel-Segmentation-Benchmark-main\Models_output\gave\test_data\HRF\pred_masks\08_g.png,D:\Retina\Retinal-Vessel-Segmentation-Benchmark-main\Models_output\gave\test_data\HRF\probability maps\08_g.png
GAVE,gave,HRF,08_h,0.1,diagnostic_test_set_scan_equal_dataset_macro_F1,663381,99887,158246,7263830,0.80739922130115,0.8691324672330033,0.8371292735480899,0.7198816295791491,0.8203791650110698,D:\Retina\Retinal-Vessel-Segmentation-Benchmark-main\config\test_data\HRF\masks\08_h.tif,D:\Retina\Retinal-Vessel-Segmentation-Benchmark-main\Models_output\gave\test_data\HRF\pred_masks\08_h.png,D:\Retina\Retinal-Vessel-Segmentation-Benchmark-main\Models_output\gave\test_data\HRF\probability maps\08_h.png
GAVE,gave,HRF,09_dr,0.1,diagnostic_test_set_scan_equal_dataset_macro_F1,367020,143703,187427,7487194,0.6619568687358756,0.718628297531147,0.6891294347381169,0.5257036453484208,0.6681779239539686,D:\Retina\Retinal-Vessel-Segmentation-Benchmark-main\config\test_data\HRF\masks\09_dr.tif,D:\Retina\Retinal-Vessel-Segmentation-Benchmark-main\Models_output\gave\test_data\HRF\pred_masks\09_dr.png,D:\Retina\Retinal-Vessel-Segmentation-Benchmark-main\Models_output\gave\test_data\HRF\probability maps\09_dr.png
GAVE,gave,HRF,09_g,0.1,diagnostic_test_set_scan_equal_dataset_macro_F1,446435,174870,95508,7468531,0.8237674441777088,0.7185440323190704,0.7675663315131426,0.622805389969211,0.751905203803835,D:\Retina\Retinal-Vessel-Segmentation-Benchmark-main\config\test_data\HRF\masks\09_g.tif,D:\Retina\Retinal-Vessel-Segmentation-Benchmark-main\Models_output\gave\test_data\HRF\pred_masks\09_g.png,D:\Retina\Retinal-Vessel-Segmentation-Benchmark-main\Models_output\gave\test_data\HRF\probability maps\09_g.png
GAVE,gave,HRF,09_h,0.1,diagnostic_test_set_scan_equal_dataset_macro_F1,472229,57051,164239,7491825,0.7419524626532678,0.8922101723095526,0.8101733822404156,0.6809171774673801,0.799675100172142,D:\Retina\Retinal-Vessel-Segmentation-Benchmark-main\config\test_data\HRF\masks\09_h.tif,D:\Retina\Retinal-Vessel-Segmentation-Benchmark-main\Models_output\gave\test_data\HRF\pred_masks\09_h.png,D:\Retina\Retinal-Vessel-Segmentation-Benchmark-main\Models_output\gave\test_data\HRF\probability maps\09_h.png
GAVE,gave,HRF,10_dr,0.1,diagnostic_test_set_scan_equal_dataset_macro_F1,559530,199705,155359,7270750,0.7826809476715966,0.736965498165917,0.7591355951059748,0.6117796530482378,0.7357260987914641,D:\Retina\Retinal-Vessel-Segmentation-Benchmark-main\config\test_data\HRF\masks\10_dr.tif,D:\Retina\Retinal-Vessel-Segmentation-Benchmark-main\Models_output\gave\test_data\HRF\pred_masks\10_dr.png,D:\Retina\Retinal-Vessel-Segmentation-Benchmark-main\Models_output\gave\test_data\HRF\probability maps\10_dr.png
GAVE,gave,HRF,10_g,0.1,diagnostic_test_set_scan_equal_dataset_macro_F1,440827,173987,95771,7474759,0.8215218841665455,0.7170087213368596,0.7657154867241266,0.6203719470577059,0.7500823726888011,D:\Retina\Retinal-Vessel-Segmentation-Benchmark-main\config\test_data\HRF\masks\10_g.tif,D:\Retina\Retinal-Vessel-Segmentation-Benchmark-main\Models_output\gave\test_data\HRF\pred_masks\10_g.png,D:\Retina\Retinal-Vessel-Segmentation-Benchmark-main\Models_output\gave\test_data\HRF\probability maps\10_g.png
GAVE,gave,HRF,10_h,0.1,diagnostic_test_set_scan_equal_dataset_macro_F1,528636,73003,176802,7406903,0.7493727301336192,0.8786597943284926,0.8088827207578437,0.6790957824677786,0.7953773807352031,D:\Retina\Retinal-Vessel-Segmentation-Benchmark-main\config\test_data\HRF\masks\10_h.tif,D:\Retina\Retinal-Vessel-Segmentation-Benchmark-main\Models_output\gave\test_data\HRF\pred_masks\10_h.png,D:\Retina\Retinal-Vessel-Segmentation-Benchmark-main\Models_output\gave\test_data\HRF\probability maps\10_h.png
GAVE,gave,HRF,11_dr,0.1,diagnostic_test_set_scan_equal_dataset_macro_F1,570949,195798,121988,7296609,0.8239551358925847,0.7446380618378683,0.7822912356373023,0.6424288454938761,0.7622137578032078,D:\Retina\Retinal-Vessel-Segmentation-Benchmark-main\config\test_data\HRF\masks\11_dr.tif,D:\Retina\Retinal-Vessel-Segmentation-Benchmark-main\Models_output\gave\test_data\HRF\pred_masks\11_dr.png,D:\Retina\Retinal-Vessel-Segmentation-Benchmark-main\Models_output\gave\test_data\HRF\probability maps\11_dr.png
GAVE,gave,HRF,11_g,0.1,diagnostic_test_set_scan_equal_dataset_macro_F1,508473,156740,117220,7402911,0.8126557273295371,0.7643762223528404,0.7877769566490511,0.6498613938829267,0.7700534017199723,D:\Retina\Retinal-Vessel-Segmentation-Benchmark-main\config\test_data\HRF\masks\11_g.tif,D:\Retina\Retinal-Vessel-Segmentation-Benchmark-main\Models_output\gave\test_data\HRF\pred_masks\11_g.png,D:\Retina\Retinal-Vessel-Segmentation-Benchmark-main\Models_output\gave\test_data\HRF\probability maps\11_g.png
GAVE,gave,HRF,11_h,0.1,diagnostic_test_set_scan_equal_dataset_macro_F1,627625,128191,137730,7291798,0.8200442931711428,0.8303939053949638,0.825186648969774,0.7023980858288214,0.8072989962460158,D:\Retina\Retinal-Vessel-Segmentation-Benchmark-main\config\test_data\HRF\masks\11_h.tif,D:\Retina\Retinal-Vessel-Segmentation-Benchmark-main\Models_output\gave\test_data\HRF\pred_masks\11_h.png,D:\Retina\Retinal-Vessel-Segmentation-Benchmark-main\Models_output\gave\test_data\HRF\probability maps\11_h.png
GAVE,gave,HRF,12_dr,0.1,diagnostic_test_set_scan_equal_dataset_macro_F1,417146,152500,139578,7476120,0.7492868997923567,0.7322898782752797,0.7406908919804327,0.5881724250730376,0.7215885679056646,D:\Retina\Retinal-Vessel-Segmentation-Benchmark-main\config\test_data\HRF\masks\12_dr.tif,D:\Retina\Retinal-Vessel-Segmentation-Benchmark-main\Models_output\gave\test_data\HRF\pred_masks\12_dr.png,D:\Retina\Retinal-Vessel-Segmentation-Benchmark-main\Models_output\gave\test_data\HRF\probability maps\12_dr.png
GAVE,gave,HRF,12_g,0.1,diagnostic_test_set_scan_equal_dataset_macro_F1,550620,185777,125804,7323143,0.8140160609321964,0.7477216773017815,0.7794618001855862,0.6386213887480994,0.7594921038646588,D:\Retina\Retinal-Vessel-Segmentation-Benchmark-main\config\test_data\HRF\masks\12_g.tif,D:\Retina\Retinal-Vessel-Segmentation-Benchmark-main\Models_output\gave\test_data\HRF\pred_masks\12_g.png,D:\Retina\Retinal-Vessel-Segmentation-Benchmark-main\Models_output\gave\test_data\HRF\probability maps\12_g.png
GAVE,gave,HRF,12_h,0.1,diagnostic_test_set_scan_equal_dataset_macro_F1,707405,118559,151890,7207490,0.8232388178681361,0.8564598457075611,0.8395208095610229,0.7234259920192585,0.82131231954382,D:\Retina\Retinal-Vessel-Segmentation-Benchmark-main\config\test_data\HRF\masks\12_h.tif,D:\Retina\Retinal-Vessel-Segmentation-Benchmark-main\Models_output\gave\test_data\HRF\pred_masks\12_h.png,D:\Retina\Retinal-Vessel-Segmentation-Benchmark-main\Models_output\gave\test_data\HRF\probability maps\12_h.png
GAVE,gave,HRF,13_dr,0.1,diagnostic_test_set_scan_equal_dataset_macro_F1,439348,149969,120131,7475896,0.785280591407363,0.7455206620545479,0.7648842788449821,0.6192814695368793,0.7474446065132216,D:\Retina\Retinal-Vessel-Segmentation-Benchmark-main\config\test_data\HRF\masks\13_dr.tif,D:\Retina\Retinal-Vessel-Segmentation-Benchmark-main\Models_output\gave\test_data\HRF\pred_masks\13_dr.png,D:\Retina\Retinal-Vessel-Segmentation-Benchmark-main\Models_output\gave\test_data\HRF\probability maps\13_dr.png
GAVE,gave,HRF,13_g,0.1,diagnostic_test_set_scan_equal_dataset_macro_F1,418492,127901,138489,7500462,0.7513577662433728,0.7659175721504485,0.7585678110957844,0.611042486150899,0.7411603825885617,D:\Retina\Retinal-Vessel-Segmentation-Benchmark-main\config\test_data\HRF\masks\13_g.tif,D:\Retina\Retinal-Vessel-Segmentation-Benchmark-main\Models_output\gave\test_data\HRF\pred_masks\13_g.png,D:\Retina\Retinal-Vessel-Segmentation-Benchmark-main\Models_output\gave\test_data\HRF\probability maps\13_g.png
GAVE,gave,HRF,13_h,0.1,diagnostic_test_set_scan_equal_dataset_macro_F1,588689,137388,123839,7335428,0.8261977073181686,0.8107803993240387,0.8184164520490337,0.6926437436170163,0.8009665076201957,D:\Retina\Retinal-Vessel-Segmentation-Benchmark-main\config\test_data\HRF\masks\13_h.tif,D:\Retina\Retinal-Vessel-Segmentation-Benchmark-main\Models_output\gave\test_data\HRF\pred_masks\13_h.png,D:\Retina\Retinal-Vessel-Segmentation-Benchmark-main\Models_output\gave\test_data\HRF\probability maps\13_h.png
GAVE,gave,HRF,14_dr,0.1,diagnostic_test_set_scan_equal_dataset_macro_F1,478850,173179,146086,7387229,0.7662384628185926,0.7343998503134063,0.7499814012130325,0.5999761939068932,0.7290325938251342,D:\Retina\Retinal-Vessel-Segmentation-Benchmark-main\config\test_data\HRF\masks\14_dr.tif,D:\Retina\Retinal-Vessel-Segmentation-Benchmark-main\Models_output\gave\test_data\HRF\pred_masks\14_dr.png,D:\Retina\Retinal-Vessel-Segmentation-Benchmark-main\Models_output\gave\test_data\HRF\probability maps\14_dr.png
GAVE,gave,HRF,14_g,0.1,diagnostic_test_set_scan_equal_dataset_macro_F1,423364,131139,154805,7476036,0.7322495671680772,0.7635017303783749,0.7475491580969602,0.5968690611130849,0.7289764521010448,D:\Retina\Retinal-Vessel-Segmentation-Benchmark-main\config\test_data\HRF\masks\14_g.tif,D:\Retina\Retinal-Vessel-Segmentation-Benchmark-main\Models_output\gave\test_data\HRF\pred_masks\14_g.png,D:\Retina\Retinal-Vessel-Segmentation-Benchmark-main\Models_output\gave\test_data\HRF\probability maps\14_g.png
GAVE,gave,HRF,14_h,0.1,diagnostic_test_set_scan_equal_dataset_macro_F1,564806,156852,149248,7314438,0.7909849955325507,0.7826505075811534,0.7867956804707351,0.648526936316893,0.7663137110544167,D:\Retina\Retinal-Vessel-Segmentation-Benchmark-main\config\test_data\HRF\masks\14_h.tif,D:\Retina\Retinal-Vessel-Segmentation-Benchmark-main\Models_output\gave\test_data\HRF\pred_masks\14_h.png,D:\Retina\Retinal-Vessel-Segmentation-Benchmark-main\Models_output\gave\test_data\HRF\probability maps\14_h.png
GAVE,gave,HRF,15_dr,0.1,diagnostic_test_set_scan_equal_dataset_macro_F1,422785,160689,112258,7489612,0.7901888259448306,0.7245995537076202,0.7559742051305434,0.60768370579476,0.7389127935765051,D:\Retina\Retinal-Vessel-Segmentation-Benchmark-main\config\test_data\HRF\masks\15_dr.tif,D:\Retina\Retinal-Vessel-Segmentation-Benchmark-main\Models_output\gave\test_data\HRF\pred_masks\15_dr.png,D:\Retina\Retinal-Vessel-Segmentation-Benchmark-main\Models_output\gave\test_data\HRF\probability maps\15_dr.png
GAVE,gave,HRF,15_g,0.1,diagnostic_test_set_scan_equal_dataset_macro_F1,467629,195831,131559,7390325,0.7804378592361663,0.7048337503391312,0.7407115839093715,0.5881985210416355,0.720198368376205,D:\Retina\Retinal-Vessel-Segmentation-Benchmark-main\config\test_data\HRF\masks\15_g.tif,D:\Retina\Retinal-Vessel-Segmentation-Benchmark-main\Models_output\gave\test_data\HRF\pred_masks\15_g.png,D:\Retina\Retinal-Vessel-Segmentation-Benchmark-main\Models_output\gave\test_data\HRF\probability maps\15_g.png
GAVE,gave,HRF,15_h,0.1,diagnostic_test_set_scan_equal_dataset_macro_F1,539111,140700,102134,7403399,0.840725463746306,0.7930307100061634,0.8161819029624785,0.6894487463952068,0.8004649671155241,D:\Retina\Retinal-Vessel-Segmentation-Benchmark-main\config\test_data\HRF\masks\15_h.tif,D:\Retina\Retinal-Vessel-Segmentation-Benchmark-main\Models_output\gave\test_data\HRF\pred_masks\15_h.png,D:\Retina\Retinal-Vessel-Segmentation-Benchmark-main\Models_output\gave\test_data\HRF\probability maps\15_h.png
GAVE,gave,LES,111,0.1,diagnostic_test_set_scan_equal_dataset_macro_F1,96298,27255,25475,2190252,0.79079927405911,0.7794064085857891,0.7850615099907878,0.6461738733660789,0.773190586461108,D:\Retina\Retinal-Vessel-Segmentation-Benchmark-main\config\test_data\LES\masks\111.png,D:\Retina\Retinal-Vessel-Segmentation-Benchmark-main\Models_output\gave\test_data\LES\pred_masks\111.png,D:\Retina\Retinal-Vessel-Segmentation-Benchmark-main\Models_output\gave\test_data\LES\probability maps\111.png
GAVE,gave,LES,119,0.1,diagnostic_test_set_scan_equal_dataset_macro_F1,102954,31576,19239,2185511,0.84255235569959,0.7652865531851631,0.802062923851778,0.6695367726915048,0.7916228423894576,D:\Retina\Retinal-Vessel-Segmentation-Benchmark-main\config\test_data\LES\masks\119.png,D:\Retina\Retinal-Vessel-Segmentation-Benchmark-main\Models_output\gave\test_data\LES\pred_masks\119.png,D:\Retina\Retinal-Vessel-Segmentation-Benchmark-main\Models_output\gave\test_data\LES\probability maps\119.png
GAVE,gave,LES,12,0.1,diagnostic_test_set_scan_equal_dataset_macro_F1,135329,34068,17199,2152684,0.8872403755376063,0.7988866390786141,0.8407486215733478,0.7252513451520933,0.8303309106802748,D:\Retina\Retinal-Vessel-Segmentation-Benchmark-main\config\test_data\LES\masks\12.png,D:\Retina\Retinal-Vessel-Segmentation-Benchmark-main\Models_output\gave\test_data\LES\pred_masks\12.png,D:\Retina\Retinal-Vessel-Segmentation-Benchmark-main\Models_output\gave\test_data\LES\probability maps\12.png
GAVE,gave,LES,15,0.1,diagnostic_test_set_scan_equal_dataset_macro_F1,121028,40323,30325,2147604,0.7996405753437329,0.7500914156094477,0.774073884568154,0.6314196873891358,0.7583548708285652,D:\Retina\Retinal-Vessel-Segmentation-Benchmark-main\config\test_data\LES\masks\15.png,D:\Retina\Retinal-Vessel-Segmentation-Benchmark-main\Models_output\gave\test_data\LES\pred_masks\15.png,D:\Retina\Retinal-Vessel-Segmentation-Benchmark-main\Models_output\gave\test_data\LES\probability maps\15.png
GAVE,gave,LES,224,0.1,diagnostic_test_set_scan_equal_dataset_macro_F1,160825,41936,32025,2104494,0.8339382940108893,0.7931752161411711,0.8130461488684592,0.684985476135715,0.7960874036228577,D:\Retina\Retinal-Vessel-Segmentation-Benchmark-main\config\test_data\LES\masks\224.png,D:\Retina\Retinal-Vessel-Segmentation-Benchmark-main\Models_output\gave\test_data\LES\pred_masks\224.png,D:\Retina\Retinal-Vessel-Segmentation-Benchmark-main\Models_output\gave\test_data\LES\probability maps\224.png
GAVE,gave,LES,240,0.1,diagnostic_test_set_scan_equal_dataset_macro_F1,115123,36997,24599,2162561,0.823943258756674,0.7567906915592953,0.788940591141782,0.6514466469366622,0.77572256792377,D:\Retina\Retinal-Vessel-Segmentation-Benchmark-main\config\test_data\LES\masks\240.png,D:\Retina\Retinal-Vessel-Segmentation-Benchmark-main\Models_output\gave\test_data\LES\pred_masks\240.png,D:\Retina\Retinal-Vessel-Segmentation-Benchmark-main\Models_output\gave\test_data\LES\probability maps\240.png
GAVE,gave,LES,275,0.1,diagnostic_test_set_scan_equal_dataset_macro_F1,122582,22472,25022,2169204,0.8304788488116853,0.8450783846015967,0.8377150120618607,0.7207483713163527,0.8269228212737717,D:\Retina\Retinal-Vessel-Segmentation-Benchmark-main\config\test_data\LES\masks\275.png,D:\Retina\Retinal-Vessel-Segmentation-Benchmark-main\Models_output\gave\test_data\LES\pred_masks\275.png,D:\Retina\Retinal-Vessel-Segmentation-Benchmark-main\Models_output\gave\test_data\LES\probability maps\275.png
GAVE,gave,LES,279,0.1,diagnostic_test_set_scan_equal_dataset_macro_F1,150983,44052,30277,2113968,0.8329636985545625,0.7741328479503679,0.802471465206819,0.6701063414287743,0.7858427023355287,D:\Retina\Retinal-Vessel-Segmentation-Benchmark-main\config\test_data\LES\masks\279.png,D:\Retina\Retinal-Vessel-Segmentation-Benchmark-main\Models_output\gave\test_data\LES\pred_masks\279.png,D:\Retina\Retinal-Vessel-Segmentation-Benchmark-main\Models_output\gave\test_data\LES\probability maps\279.png
GAVE,gave,LES,304,0.1,diagnostic_test_set_scan_equal_dataset_macro_F1,68592,21940,29490,2219258,0.6993332109867254,0.7576547519109266,0.7273267095761714,0.5714952258752563,0.7165148198145072,D:\Retina\Retinal-Vessel-Segmentation-Benchmark-main\config\test_data\LES\masks\304.png,D:\Retina\Retinal-Vessel-Segmentation-Benchmark-main\Models_output\gave\test_data\LES\pred_masks\304.png,D:\Retina\Retinal-Vessel-Segmentation-Benchmark-main\Models_output\gave\test_data\LES\probability maps\304.png
GAVE,gave,LES,318,0.1,diagnostic_test_set_scan_equal_dataset_macro_F1,123936,44730,15146,2155468,0.89110021426209,0.7348013233253886,0.8054382156829614,0.6742541292189846,0.7960949051523548,D:\Retina\Retinal-Vessel-Segmentation-Benchmark-main\config\test_data\LES\masks\318.png,D:\Retina\Retinal-Vessel-Segmentation-Benchmark-main\Models_output\gave\test_data\LES\pred_masks\318.png,D:\Retina\Retinal-Vessel-Segmentation-Benchmark-main\Models_output\gave\test_data\LES\probability maps\318.png
GAVE,gave,LES,33,0.1,diagnostic_test_set_scan_equal_dataset_macro_F1,173731,46199,29106,2090244,0.8565054699093361,0.7899377074523712,0.8218758796216356,0.6976139995823897,0.8050082882690632,D:\Retina\Retinal-Vessel-Segmentation-Benchmark-main\config\test_data\LES\masks\33.png,D:\Retina\Retinal-Vessel-Segmentation-Benchmark-main\Models_output\gave\test_data\LES\pred_masks\33.png,D:\Retina\Retinal-Vessel-Segmentation-Benchmark-main\Models_output\gave\test_data\LES\probability maps\33.png
GAVE,gave,LES,34,0.1,diagnostic_test_set_scan_equal_dataset_macro_F1,267390,64819,54591,3912968,0.830452728577152,0.8048848766890723,0.8174689310444977,0.6912874870734229,0.8025588934706074,D:\Retina\Retinal-Vessel-Segmentation-Benchmark-main\config\test_data\LES\masks\34.png,D:\Retina\Retinal-Vessel-Segmentation-Benchmark-main\Models_output\gave\test_data\LES\pred_masks\34.png,D:\Retina\Retinal-Vessel-Segmentation-Benchmark-main\Models_output\gave\test_data\LES\probability maps\34.png
GAVE,gave,LES,367,0.1,diagnostic_test_set_scan_equal_dataset_macro_F1,124546,32502,13546,2168686,0.9019059757263274,0.7930441648413225,0.8439791285491631,0.7300725699614289,0.8354846547851303,D:\Retina\Retinal-Vessel-Segmentation-Benchmark-main\config\test_data\LES\masks\367.png,D:\Retina\Retinal-Vessel-Segmentation-Benchmark-main\Models_output\gave\test_data\LES\pred_masks\367.png,D:\Retina\Retinal-Vessel-Segmentation-Benchmark-main\Models_output\gave\test_data\LES\probability maps\367.png
GAVE,gave,LES,37,0.1,diagnostic_test_set_scan_equal_dataset_macro_F1,192498,49282,29610,2067890,0.8666864768491004,0.7961700719662503,0.8299330872969338,0.7093039537197391,0.812152029604674,D:\Retina\Retinal-Vessel-Segmentation-Benchmark-main\config\test_data\LES\masks\37.png,D:\Retina\Retinal-Vessel-Segmentation-Benchmark-main\Models_output\gave\test_data\LES\pred_masks\37.png,D:\Retina\Retinal-Vessel-Segmentation-Benchmark-main\Models_output\gave\test_data\LES\probability maps\37.png
GAVE,gave,LES,370,0.1,diagnostic_test_set_scan_equal_dataset_macro_F1,103277,43412,12448,2180143,0.8924346511125513,0.7040541553899747,0.7871302598184549,0.6489816950175007,0.7807821785564283,D:\Retina\Retinal-Vessel-Segmentation-Benchmark-main\config\test_data\LES\masks\370.png,D:\Retina\Retinal-Vessel-Segmentation-Benchmark-main\Models_output\gave\test_data\LES\pred_masks\370.png,D:\Retina\Retinal-Vessel-Segmentation-Benchmark-main\Models_output\gave\test_data\LES\probability maps\370.png
GAVE,gave,LES,42,0.1,diagnostic_test_set_scan_equal_dataset_macro_F1,133706,41396,21957,2142221,0.8589452856491266,0.76358922228187,0.8084652245551978,0.6785074520828788,0.7955396703740151,D:\Retina\Retinal-Vessel-Segmentation-Benchmark-main\config\test_data\LES\masks\42.png,D:\Retina\Retinal-Vessel-Segmentation-Benchmark-main\Models_output\gave\test_data\LES\pred_masks\42.png,D:\Retina\Retinal-Vessel-Segmentation-Benchmark-main\Models_output\gave\test_data\LES\probability maps\42.png
GAVE,gave,LES,486,0.1,diagnostic_test_set_scan_equal_dataset_macro_F1,98645,28620,32522,2179493,0.7520565386110836,0.7751149176914313,0.7634116518078257,0.6173531013161271,0.7496780994333877,D:\Retina\Retinal-Vessel-Segmentation-Benchmark-main\config\test_data\LES\masks\486.png,D:\Retina\Retinal-Vessel-Segmentation-Benchmark-main\Models_output\gave\test_data\LES\pred_masks\486.png,D:\Retina\Retinal-Vessel-Segmentation-Benchmark-main\Models_output\gave\test_data\LES\probability maps\486.png
GAVE,gave,LES,49,0.1,diagnostic_test_set_scan_equal_dataset_macro_F1,144985,38133,30705,2125457,0.8252319426262167,0.7917572275800303,0.808148090343582,0.6780608260102983,0.792419043193301,D:\Retina\Retinal-Vessel-Segmentation-Benchmark-main\config\test_data\LES\masks\49.png,D:\Retina\Retinal-Vessel-Segmentation-Benchmark-main\Models_output\gave\test_data\LES\pred_masks\49.png,D:\Retina\Retinal-Vessel-Segmentation-Benchmark-main\Models_output\gave\test_data\LES\probability maps\49.png
GAVE,gave,LES,529,0.1,diagnostic_test_set_scan_equal_dataset_macro_F1,98141,25913,42660,2172566,0.6970191973068373,0.7911151595273026,0.7410922957844858,0.5886788152164785,0.7272563492309266,D:\Retina\Retinal-Vessel-Segmentation-Benchmark-main\config\test_data\LES\masks\529.png,D:\Retina\Retinal-Vessel-Segmentation-Benchmark-main\Models_output\gave\test_data\LES\pred_masks\529.png,D:\Retina\Retinal-Vessel-Segmentation-Benchmark-main\Models_output\gave\test_data\LES\probability maps\529.png
GAVE,gave,LES,53,0.1,diagnostic_test_set_scan_equal_dataset_macro_F1,153603,34786,32660,2118231,0.824656534040577,0.8153501531405761,0.8199769385990199,0.6948821302064249,0.8043219159220232,D:\Retina\Retinal-Vessel-Segmentation-Benchmark-main\config\test_data\LES\masks\53.png,D:\Retina\Retinal-Vessel-Segmentation-Benchmark-main\Models_output\gave\test_data\LES\pred_masks\53.png,D:\Retina\Retinal-Vessel-Segmentation-Benchmark-main\Models_output\gave\test_data\LES\probability maps\53.png
GAVE,gave,LES,586,0.1,diagnostic_test_set_scan_equal_dataset_macro_F1,151267,48542,19171,2120300,0.8875192151984886,0.7570579903808137,0.8171139806669602,0.6907799799068408,0.8044919034384453,D:\Retina\Retinal-Vessel-Segmentation-Benchmark-main\config\test_data\LES\masks\586.png,D:\Retina\Retinal-Vessel-Segmentation-Benchmark-main\Models_output\gave\test_data\LES\pred_masks\586.png,D:\Retina\Retinal-Vessel-Segmentation-Benchmark-main\Models_output\gave\test_data\LES\probability maps\586.png
GAVE,gave,LES,90,0.1,diagnostic_test_set_scan_equal_dataset_macro_F1,133176,47922,29847,2128335,0.8169154045748146,0.7353808435211874,0.7740068173694717,0.6313304415842992,0.7573357376536768,D:\Retina\Retinal-Vessel-Segmentation-Benchmark-main\config\test_data\LES\masks\90.png,D:\Retina\Retinal-Vessel-Segmentation-Benchmark-main\Models_output\gave\test_data\LES\pred_masks\90.png,D:\Retina\Retinal-Vessel-Segmentation-Benchmark-main\Models_output\gave\test_data\LES\probability maps\90.png
GAVE,gave,STARE,im0001,0.1,diagnostic_test_set_scan_equal_dataset_macro_F1,27527,6007,6272,383694,0.8144323796562029,0.820868372398163,0.8176377110777775,0.6915289152389087,0.8018962742544651,D:\Retina\Retinal-Vessel-Segmentation-Benchmark-main\config\test_data\STARE\masks\im0001.png,D:\Retina\Retinal-Vessel-Segmentation-Benchmark-main\Models_output\gave\test_data\STARE\pred_masks\im0001.png,D:\Retina\Retinal-Vessel-Segmentation-Benchmark-main\Models_output\gave\test_data\STARE\probability maps\im0001.png
GAVE,gave,STARE,im0002,0.1,diagnostic_test_set_scan_equal_dataset_macro_F1,21133,4932,7072,390363,0.7492643148377948,0.8107807404565509,0.7788096554265709,0.6377463258593113,0.7643707778783241,D:\Retina\Retinal-Vessel-Segmentation-Benchmark-main\config\test_data\STARE\masks\im0002.png,D:\Retina\Retinal-Vessel-Segmentation-Benchmark-main\Models_output\gave\test_data\STARE\pred_masks\im0002.png,D:\Retina\Retinal-Vessel-Segmentation-Benchmark-main\Models_output\gave\test_data\STARE\probability maps\im0002.png
GAVE,gave,STARE,im0003,0.1,diagnostic_test_set_scan_equal_dataset_macro_F1,19135,3758,6210,394397,0.7549812586308937,0.835845018127812,0.7933579335793358,0.6574923547400612,0.7820493322874182,D:\Retina\Retinal-Vessel-Segmentation-Benchmark-main\config\test_data\STARE\masks\im0003.png,D:\Retina\Retinal-Vessel-Segmentation-Benchmark-main\Models_output\gave\test_data\STARE\pred_masks\im0003.png,D:\Retina\Retinal-Vessel-Segmentation-Benchmark-main\Models_output\gave\test_data\STARE\probability maps\im0003.png
GAVE,gave,STARE,im0004,0.1,diagnostic_test_set_scan_equal_dataset_macro_F1,20371,5262,11024,386843,0.6488612836438924,0.794717746654703,0.7144209861822263,0.5557192350710642,0.6981331619976,D:\Retina\Retinal-Vessel-Segmentation-Benchmark-main\config\test_data\STARE\masks\im0004.png,D:\Retina\Retinal-Vessel-Segmentation-Benchmark-main\Models_output\gave\test_data\STARE\pred_masks\im0004.png,D:\Retina\Retinal-Vessel-Segmentation-Benchmark-main\Models_output\gave\test_data\STARE\probability maps\im0004.png
GAVE,gave,STARE,im0005,0.1,diagnostic_test_set_scan_equal_dataset_macro_F1,28202,9311,10055,375932,0.7371722821967222,0.7517927118598886,0.7444107166424706,0.5928775647494113,0.7193446653159125,D:\Retina\Retinal-Vessel-Segmentation-Benchmark-main\config\test_data\STARE\masks\im0005.png,D:\Retina\Retinal-Vessel-Segmentation-Benchmark-main\Models_output\gave\test_data\STARE\pred_masks\im0005.png,D:\Retina\Retinal-Vessel-Segmentation-Benchmark-main\Models_output\gave\test_data\STARE\probability maps\im0005.png
GAVE,gave,STARE,im0044,0.1,diagnostic_test_set_scan_equal_dataset_macro_F1,18262,5596,11234,388408,0.6191347979387035,0.7654455528543884,0.6845597331034223,0.5204035107716859,0.6678605381121414,D:\Retina\Retinal-Vessel-Segmentation-Benchmark-main\config\test_data\STARE\masks\im0044.png,D:\Retina\Retinal-Vessel-Segmentation-Benchmark-main\Models_output\gave\test_data\STARE\pred_masks\im0044.png,D:\Retina\Retinal-Vessel-Segmentation-Benchmark-main\Models_output\gave\test_data\STARE\probability maps\im0044.png
GAVE,gave,STARE,im0077,0.1,diagnostic_test_set_scan_equal_dataset_macro_F1,29582,9667,4359,379892,0.8715712560030642,0.7537007312288211,0.8083617980598442,0.6783617684828472,0.7928397716367652,D:\Retina\Retinal-Vessel-Segmentation-Benchmark-main\config\test_data\STARE\masks\im0077.png,D:\Retina\Retinal-Vessel-Segmentation-Benchmark-main\Models_output\gave\test_data\STARE\pred_masks\im0077.png,D:\Retina\Retinal-Vessel-Segmentation-Benchmark-main\Models_output\gave\test_data\STARE\probability maps\im0077.png
GAVE,gave,STARE,im0081,0.1,diagnostic_test_set_scan_equal_dataset_macro_F1,28719,10201,2896,381684,0.9083979123833623,0.7378982528263104,0.814319132345644,0.686794528410178,0.8027781867264407,D:\Retina\Retinal-Vessel-Segmentation-Benchmark-main\config\test_data\STARE\masks\im0081.png,D:\Retina\Retinal-Vessel-Segmentation-Benchmark-main\Models_output\gave\test_data\STARE\pred_masks\im0081.png,D:\Retina\Retinal-Vessel-Segmentation-Benchmark-main\Models_output\gave\test_data\STARE\probability maps\im0081.png
GAVE,gave,STARE,im0082,0.1,diagnostic_test_set_scan_equal_dataset_macro_F1,28011,7284,5299,382906,0.8409186430501351,0.7936251593710157,0.8165877122658699,0.6900280829679263,0.800834069217756,D:\Retina\Retinal-Vessel-Segmentation-Benchmark-main\config\test_data\STARE\masks\im0082.png,D:\Retina\Retinal-Vessel-Segmentation-Benchmark-main\Models_output\gave\test_data\STARE\pred_masks\im0082.png,D:\Retina\Retinal-Vessel-Segmentation-Benchmark-main\Models_output\gave\test_data\STARE\probability maps\im0082.png
GAVE,gave,STARE,im0139,0.1,diagnostic_test_set_scan_equal_dataset_macro_F1,27977,8137,6080,381306,0.8214757612238306,0.7746857174502962,0.7973949352296532,0.6630563587239892,0.7795089584970948,D:\Retina\Retinal-Vessel-Segmentation-Benchmark-main\config\test_data\STARE\masks\im0139.png,D:\Retina\Retinal-Vessel-Segmentation-Benchmark-main\Models_output\gave\test_data\STARE\pred_masks\im0139.png,D:\Retina\Retinal-Vessel-Segmentation-Benchmark-main\Models_output\gave\test_data\STARE\probability maps\im0139.png
GAVE,gave,STARE,im0162,0.1,diagnostic_test_set_scan_equal_dataset_macro_F1,25818,9150,4362,384170,0.8554671968190855,0.7383321894303363,0.792595321421993,0.6564454614797864,0.7778815660086076,D:\Retina\Retinal-Vessel-Segmentation-Benchmark-main\config\test_data\STARE\masks\im0162.png,D:\Retina\Retinal-Vessel-Segmentation-Benchmark-main\Models_output\gave\test_data\STARE\pred_masks\im0162.png,D:\Retina\Retinal-Vessel-Segmentation-Benchmark-main\Models_output\gave\test_data\STARE\probability maps\im0162.png
GAVE,gave,STARE,im0163,0.1,diagnostic_test_set_scan_equal_dataset_macro_F1,29742,9235,3009,381514,0.9081249427498397,0.7630653975421402,0.8292995761766674,0.7083789834706807,0.8173144867107475,D:\Retina\Retinal-Vessel-Segmentation-Benchmark-main\config\test_data\STARE\masks\im0163.png,D:\Retina\Retinal-Vessel-Segmentation-Benchmark-main\Models_output\gave\test_data\STARE\pred_masks\im0163.png,D:\Retina\Retinal-Vessel-Segmentation-Benchmark-main\Models_output\gave\test_data\STARE\probability maps\im0163.png
GAVE,gave,STARE,im0235,0.1,diagnostic_test_set_scan_equal_dataset_macro_F1,32710,7933,4991,377866,0.8676162436009655,0.8048126368624363,0.8350352292453794,0.7167901126353158,0.8189488258306624,D:\Retina\Retinal-Vessel-Segmentation-Benchmark-main\config\test_data\STARE\masks\im0235.png,D:\Retina\Retinal-Vessel-Segmentation-Benchmark-main\Models_output\gave\test_data\STARE\pred_masks\im0235.png,D:\Retina\Retinal-Vessel-Segmentation-Benchmark-main\Models_output\gave\test_data\STARE\probability maps\im0235.png
GAVE,gave,STARE,im0236,0.1,diagnostic_test_set_scan_equal_dataset_macro_F1,31714,6541,6646,378599,0.8267466110531804,0.8290158149261534,0.8278796580304117,0.7063094363154495,0.8107631984382057,D:\Retina\Retinal-Vessel-Segmentation-Benchmark-main\config\test_data\STARE\masks\im0236.png,D:\Retina\Retinal-Vessel-Segmentation-Benchmark-main\Models_output\gave\test_data\STARE\pred_masks\im0236.png,D:\Retina\Retinal-Vessel-Segmentation-Benchmark-main\Models_output\gave\test_data\STARE\probability maps\im0236.png
GAVE,gave,STARE,im0239,0.1,diagnostic_test_set_scan_equal_dataset_macro_F1,30363,8402,6208,378527,0.8302480107188757,0.7832580936411712,0.8060688117234788,0.6751384163831632,0.7875557351919319,D:\Retina\Retinal-Vessel-Segmentation-Benchmark-main\config\test_data\STARE\masks\im0239.png,D:\Retina\Retinal-Vessel-Segmentation-Benchmark-main\Models_output\gave\test_data\STARE\pred_masks\im0239.png,D:\Retina\Retinal-Vessel-Segmentation-Benchmark-main\Models_output\gave\test_data\STARE\probability maps\im0239.png
GAVE,gave,STARE,im0240,0.1,diagnostic_test_set_scan_equal_dataset_macro_F1,35631,8057,7612,372200,0.8239715098397429,0.8155786485991576,0.8197535976809194,0.6945614035087719,0.7991519686988551,D:\Retina\Retinal-Vessel-Segmentation-Benchmark-main\config\test_data\STARE\masks\im0240.png,D:\Retina\Retinal-Vessel-Segmentation-Benchmark-main\Models_output\gave\test_data\STARE\pred_masks\im0240.png,D:\Retina\Retinal-Vessel-Segmentation-Benchmark-main\Models_output\gave\test_data\STARE\probability maps\im0240.png
GAVE,gave,STARE,im0255,0.1,diagnostic_test_set_scan_equal_dataset_macro_F1,29755,4541,8148,381056,0.7850302086906049,0.8675938885001167,0.8242496433468607,0.7010413721609651,0.809124254997445,D:\Retina\Retinal-Vessel-Segmentation-Benchmark-main\config\test_data\STARE\masks\im0255.png,D:\Retina\Retinal-Vessel-Segmentation-Benchmark-main\Models_output\gave\test_data\STARE\pred_masks\im0255.png,D:\Retina\Retinal-Vessel-Segmentation-Benchmark-main\Models_output\gave\test_data\STARE\probability maps\im0255.png
GAVE,gave,STARE,im0291,0.1,diagnostic_test_set_scan_equal_dataset_macro_F1,18018,6349,3400,395733,0.8412550191427771,0.739442688882505,0.7870700010920607,0.6488997731119674,0.7767574601143016,D:\Retina\Retinal-Vessel-Segmentation-Benchmark-main\config\test_data\STARE\masks\im0291.png,D:\Retina\Retinal-Vessel-Segmentation-Benchmark-main\Models_output\gave\test_data\STARE\pred_masks\im0291.png,D:\Retina\Retinal-Vessel-Segmentation-Benchmark-main\Models_output\gave\test_data\STARE\probability maps\im0291.png
GAVE,gave,STARE,im0319,0.1,diagnostic_test_set_scan_equal_dataset_macro_F1,13151,3792,5094,401463,0.7208002192381474,0.7761907572448798,0.7474707286574969,0.5967690702001179,0.7370898802478184,D:\Retina\Retinal-Vessel-Segmentation-Benchmark-main\config\test_data\STARE\masks\im0319.png,D:\Retina\Retinal-Vessel-Segmentation-Benchmark-main\Models_output\gave\test_data\STARE\pred_masks\im0319.png,D:\Retina\Retinal-Vessel-Segmentation-Benchmark-main\Models_output\gave\test_data\STARE\probability maps\im0319.png
GAVE,gave,STARE,im0324,0.1,diagnostic_test_set_scan_equal_dataset_macro_F1,18046,4097,10215,391142,0.638547822086975,0.8149753872555661,0.7160542814062376,0.5576982508189628,0.7042477294308982,D:\Retina\Retinal-Vessel-Segmentation-Benchmark-main\config\test_data\STARE\masks\im0324.png,D:\Retina\Retinal-Vessel-Segmentation-Benchmark-main\Models_output\gave\test_data\STARE\pred_masks\im0324.png,D:\Retina\Retinal-Vessel-Segmentation-Benchmark-main\Models_output\gave\test_data\STARE\probability maps\im0324.png
SA-UNnetv2,SA-UNnetv2,AFIO,IM000001,0.75,diagnostic_test_set_scan_equal_dataset_macro_F1,78087,7280,66681,1351952,0.5393940649867374,0.9147211451731934,0.6786190714146045,0.5135680837630222,0.6807306185985075,D:\Retina\Retinal-Vessel-Segmentation-Benchmark-main\config\test_data\AFIO\masks\IM000001.png,D:\Retina\Retinal-Vessel-Segmentation-Benchmark-main\Models_output\SA-UNnetv2\test_data\AFIO\pred_masks\IM000001.png,D:\Retina\Retinal-Vessel-Segmentation-Benchmark-main\Models_output\SA-UNnetv2\test_data\AFIO\probability maps\IM000001.png
SA-UNnetv2,SA-UNnetv2,AFIO,IM000004,0.75,diagnostic_test_set_scan_equal_dataset_macro_F1,63260,20122,24230,1396388,0.7230540633215224,0.75867693267132,0.7404372863898123,0.5878526558376389,0.7250497119378513,D:\Retina\Retinal-Vessel-Segmentation-Benchmark-main\config\test_data\AFIO\masks\IM000004.png,D:\Retina\Retinal-Vessel-Segmentation-Benchmark-main\Models_output\SA-UNnetv2\test_data\AFIO\pred_masks\IM000004.png,D:\Retina\Retinal-Vessel-Segmentation-Benchmark-main\Models_output\SA-UNnetv2\test_data\AFIO\probability maps\IM000004.png
SA-UNnetv2,SA-UNnetv2,AFIO,IM000023,0.75,diagnostic_test_set_scan_equal_dataset_macro_F1,37559,17643,25983,1422815,0.5910893582197602,0.6803920147820731,0.6326045947584721,0.4626347231631459,0.6192397517361431,D:\Retina\Retinal-Vessel-Segmentation-Benchmark-main\config\test_data\AFIO\masks\IM000023.png,D:\Retina\Retinal-Vessel-Segmentation-Benchmark-main\Models_output\SA-UNnetv2\test_data\AFIO\pred_masks\IM000023.png,D:\Retina\Retinal-Vessel-Segmentation-Benchmark-main\Models_output\SA-UNnetv2\test_data\AFIO\probability maps\IM000023.png
SA-UNnetv2,SA-UNnetv2,AFIO,IM000024,0.75,diagnostic_test_set_scan_equal_dataset_macro_F1,44915,17417,30730,1410938,0.5937603278471809,0.7205769107360586,0.6510505374084087,0.48263523242569467,0.6377044901737504,D:\Retina\Retinal-Vessel-Segmentation-Benchmark-main\config\test_data\AFIO\masks\IM000024.png,D:\Retina\Retinal-Vessel-Segmentation-Benchmark-main\Models_output\SA-UNnetv2\test_data\AFIO\pred_masks\IM000024.png,D:\Retina\Retinal-Vessel-Segmentation-Benchmark-main\Models_output\SA-UNnetv2\test_data\AFIO\probability maps\IM000024.png
SA-UNnetv2,SA-UNnetv2,AFIO,IM000135,0.75,diagnostic_test_set_scan_equal_dataset_macro_F1,83950,14343,67297,1338410,0.5550523316164949,0.8540791307621092,0.6728380219604071,0.5069750588803672,0.6625238990013098,D:\Retina\Retinal-Vessel-Segmentation-Benchmark-main\config\test_data\AFIO\masks\IM000135.png,D:\Retina\Retinal-Vessel-Segmentation-Benchmark-main\Models_output\SA-UNnetv2\test_data\AFIO\pred_masks\IM000135.png,D:\Retina\Retinal-Vessel-Segmentation-Benchmark-main\Models_output\SA-UNnetv2\test_data\AFIO\probability maps\IM000135.png
SA-UNnetv2,SA-UNnetv2,AFIO,IM000136,0.75,diagnostic_test_set_scan_equal_dataset_macro_F1,90313,9423,69906,1334358,0.5636847065578989,0.9055205743161947,0.6948356446308015,0.5323740583110315,0.6901930693869976,D:\Retina\Retinal-Vessel-Segmentation-Benchmark-main\config\test_data\AFIO\masks\IM000136.png,D:\Retina\Retinal-Vessel-Segmentation-Benchmark-main\Models_output\SA-UNnetv2\test_data\AFIO\pred_masks\IM000136.png,D:\Retina\Retinal-Vessel-Segmentation-Benchmark-main\Models_output\SA-UNnetv2\test_data\AFIO\probability maps\IM000136.png
SA-UNnetv2,SA-UNnetv2,AFIO,IM000167,0.75,diagnostic_test_set_scan_equal_dataset_macro_F1,62019,11102,41767,1389112,0.5975661457229299,0.8481694725181549,0.701148060845529,0.5398213912680175,0.6949108142134811,D:\Retina\Retinal-Vessel-Segmentation-Benchmark-main\config\test_data\AFIO\masks\IM000167.png,D:\Retina\Retinal-Vessel-Segmentation-Benchmark-main\Models_output\SA-UNnetv2\test_data\AFIO\pred_masks\IM000167.png,D:\Retina\Retinal-Vessel-Segmentation-Benchmark-main\Models_output\SA-UNnetv2\test_data\AFIO\probability maps\IM000167.png
SA-UNnetv2,SA-UNnetv2,AFIO,IM000168,0.75,diagnostic_test_set_scan_equal_dataset_macro_F1,71323,13802,46025,1372850,0.6077905034597948,0.8378619676945668,0.7045186271749814,0.5438276782310332,0.693910997077298,D:\Retina\Retinal-Vessel-Segmentation-Benchmark-main\config\test_data\AFIO\masks\IM000168.png,D:\Retina\Retinal-Vessel-Segmentation-Benchmark-main\Models_output\SA-UNnetv2\test_data\AFIO\pred_masks\IM000168.png,D:\Retina\Retinal-Vessel-Segmentation-Benchmark-main\Models_output\SA-UNnetv2\test_data\AFIO\probability maps\IM000168.png
SA-UNnetv2,SA-UNnetv2,AFIO,IM000189,0.75,diagnostic_test_set_scan_equal_dataset_macro_F1,72579,18090,47237,1366094,0.6057538225278761,0.8004830758031962,0.6896358410338029,0.5262932722289095,0.6742589483409216,D:\Retina\Retinal-Vessel-Segmentation-Benchmark-main\config\test_data\AFIO\masks\IM000189.png,D:\Retina\Retinal-Vessel-Segmentation-Benchmark-main\Models_output\SA-UNnetv2\test_data\AFIO\pred_masks\IM000189.png,D:\Retina\Retinal-Vessel-Segmentation-Benchmark-main\Models_output\SA-UNnetv2\test_data\AFIO\probability maps\IM000189.png
SA-UNnetv2,SA-UNnetv2,AFIO,IM000209,0.75,diagnostic_test_set_scan_equal_dataset_macro_F1,56433,12917,29346,1405304,0.657888294337775,0.8137418889689978,0.7275622224084473,0.571786090621707,0.7174042675725091,D:\Retina\Retinal-Vessel-Segmentation-Benchmark-main\config\test_data\AFIO\masks\IM000209.png,D:\Retina\Retinal-Vessel-Segmentation-Benchmark-main\Models_output\SA-UNnetv2\test_data\AFIO\pred_masks\IM000209.png,D:\Retina\Retinal-Vessel-Segmentation-Benchmark-main\Models_output\SA-UNnetv2\test_data\AFIO\probability maps\IM000209.png
SA-UNnetv2,SA-UNnetv2,AFIO,IM000210,0.75,diagnostic_test_set_scan_equal_dataset_macro_F1,65667,12276,47442,1378615,0.5805638808582871,0.8425002886724914,0.6874254129765719,0.5237229333652351,0.6801976050566767,D:\Retina\Retinal-Vessel-Segmentation-Benchmark-main\config\test_data\AFIO\masks\IM000210.png,D:\Retina\Retinal-Vessel-Segmentation-Benchmark-main\Models_output\SA-UNnetv2\test_data\AFIO\pred_masks\IM000210.png,D:\Retina\Retinal-Vessel-Segmentation-Benchmark-main\Models_output\SA-UNnetv2\test_data\AFIO\probability maps\IM000210.png
SA-UNnetv2,SA-UNnetv2,AFIO,IM000333,0.75,diagnostic_test_set_scan_equal_dataset_macro_F1,66036,11547,53294,1373123,0.5533897594904885,0.8511658481883918,0.6707124466134791,0.5045653552572262,0.6660061462331757,D:\Retina\Retinal-Vessel-Segmentation-Benchmark-main\config\test_data\AFIO\masks\IM000333.png,D:\Retina\Retinal-Vessel-Segmentation-Benchmark-main\Models_output\SA-UNnetv2\test_data\AFIO\pred_masks\IM000333.png,D:\Retina\Retinal-Vessel-Segmentation-Benchmark-main\Models_output\SA-UNnetv2\test_data\AFIO\probability maps\IM000333.png
SA-UNnetv2,SA-UNnetv2,AFIO,IM000389,0.75,diagnostic_test_set_scan_equal_dataset_macro_F1,54750,11938,44257,1393055,0.5529912026422374,0.8209872840690979,0.6608527716587707,0.4934877642074902,0.6559398961448452,D:\Retina\Retinal-Vessel-Segmentation-Benchmark-main\config\test_data\AFIO\masks\IM000389.png,D:\Retina\Retinal-Vessel-Segmentation-Benchmark-main\Models_output\SA-UNnetv2\test_data\AFIO\pred_masks\IM000389.png,D:\Retina\Retinal-Vessel-Segmentation-Benchmark-main\Models_output\SA-UNnetv2\test_data\AFIO\probability maps\IM000389.png
SA-UNnetv2,SA-UNnetv2,AFIO,IM000390,0.75,diagnostic_test_set_scan_equal_dataset_macro_F1,67361,15249,53293,1368097,0.5582989374575231,0.8154097566880523,0.6627932147355163,0.4956549892202527,0.652483404163192,D:\Retina\Retinal-Vessel-Segmentation-Benchmark-main\config\test_data\AFIO\masks\IM000390.png,D:\Retina\Retinal-Vessel-Segmentation-Benchmark-main\Models_output\SA-UNnetv2\test_data\AFIO\pred_masks\IM000390.png,D:\Retina\Retinal-Vessel-Segmentation-Benchmark-main\Models_output\SA-UNnetv2\test_data\AFIO\probability maps\IM000390.png
SA-UNnetv2,SA-UNnetv2,AFIO,IM000678,0.75,diagnostic_test_set_scan_equal_dataset_macro_F1,57460,14247,36618,1395675,0.610769786772678,0.8013164684061528,0.6931869590131797,0.530440803138703,0.682617121770428,D:\Retina\Retinal-Vessel-Segmentation-Benchmark-main\config\test_data\AFIO\masks\IM000678.png,D:\Retina\Retinal-Vessel-Segmentation-Benchmark-main\Models_output\SA-UNnetv2\test_data\AFIO\pred_masks\IM000678.png,D:\Retina\Retinal-Vessel-Segmentation-Benchmark-main\Models_output\SA-UNnetv2\test_data\AFIO\probability maps\IM000678.png
SA-UNnetv2,SA-UNnetv2,AFIO,IM000679,0.75,diagnostic_test_set_scan_equal_dataset_macro_F1,56248,18436,42685,1386631,0.5685463899810983,0.7531465909699534,0.6479549813670321,0.479240685359848,0.6338213404791394,D:\Retina\Retinal-Vessel-Segmentation-Benchmark-main\config\test_data\AFIO\masks\IM000679.png,D:\Retina\Retinal-Vessel-Segmentation-Benchmark-main\Models_output\SA-UNnetv2\test_data\AFIO\pred_masks\IM000679.png,D:\Retina\Retinal-Vessel-Segmentation-Benchmark-main\Models_output\SA-UNnetv2\test_data\AFIO\probability maps\IM000679.png
SA-UNnetv2,SA-UNnetv2,AFIO,IM000715,0.75,diagnostic_test_set_scan_equal_dataset_macro_F1,45977,22587,22188,1413248,0.6744957089415389,0.6705705618108628,0.6725274082308801,0.5066224435825106,0.6569364779421422,D:\Retina\Retinal-Vessel-Segmentation-Benchmark-main\config\test_data\AFIO\masks\IM000715.png,D:\Retina\Retinal-Vessel-Segmentation-Benchmark-main\Models_output\SA-UNnetv2\test_data\AFIO\pred_masks\IM000715.png,D:\Retina\Retinal-Vessel-Segmentation-Benchmark-main\Models_output\SA-UNnetv2\test_data\AFIO\probability maps\IM000715.png
SA-UNnetv2,SA-UNnetv2,AFIO,IM000716,0.75,diagnostic_test_set_scan_equal_dataset_macro_F1,38181,23070,24121,1418628,0.6128374691021155,0.6233530881128472,0.6180505532038881,0.4472309422293024,0.601714961402415,D:\Retina\Retinal-Vessel-Segmentation-Benchmark-main\config\test_data\AFIO\masks\IM000716.png,D:\Retina\Retinal-Vessel-Segmentation-Benchmark-main\Models_output\SA-UNnetv2\test_data\AFIO\pred_masks\IM000716.png,D:\Retina\Retinal-Vessel-Segmentation-Benchmark-main\Models_output\SA-UNnetv2\test_data\AFIO\probability maps\IM000716.png
SA-UNnetv2,SA-UNnetv2,AFIO,IM000938,0.75,diagnostic_test_set_scan_equal_dataset_macro_F1,46227,16133,30065,1411575,0.6059219839563781,0.7412924951892239,0.6668061044918212,0.5001568839599675,0.6545137044105784,D:\Retina\Retinal-Vessel-Segmentation-Benchmark-main\config\test_data\AFIO\masks\IM000938.png,D:\Retina\Retinal-Vessel-Segmentation-Benchmark-main\Models_output\SA-UNnetv2\test_data\AFIO\pred_masks\IM000938.png,D:\Retina\Retinal-Vessel-Segmentation-Benchmark-main\Models_output\SA-UNnetv2\test_data\AFIO\probability maps\IM000938.png
SA-UNnetv2,SA-UNnetv2,AFIO,IM001031,0.75,diagnostic_test_set_scan_equal_dataset_macro_F1,52163,13126,39962,1398749,0.5662198100407055,0.7989554136225091,0.6627491836812481,0.4956057424632545,0.6553528635225805,D:\Retina\Retinal-Vessel-Segmentation-Benchmark-main\config\test_data\AFIO\masks\IM001031.png,D:\Retina\Retinal-Vessel-Segmentation-Benchmark-main\Models_output\SA-UNnetv2\test_data\AFIO\pred_masks\IM001031.png,D:\Retina\Retinal-Vessel-Segmentation-Benchmark-main\Models_output\SA-UNnetv2\test_data\AFIO\probability maps\IM001031.png
SA-UNnetv2,SA-UNnetv2,AFIO,IM001032,0.75,diagnostic_test_set_scan_equal_dataset_macro_F1,52163,13126,39962,1398749,0.5662198100407055,0.7989554136225091,0.6627491836812481,0.4956057424632545,0.6553528635225805,D:\Retina\Retinal-Vessel-Segmentation-Benchmark-main\config\test_data\AFIO\masks\IM001032.png,D:\Retina\Retinal-Vessel-Segmentation-Benchmark-main\Models_output\SA-UNnetv2\test_data\AFIO\pred_masks\IM001032.png,D:\Retina\Retinal-Vessel-Segmentation-Benchmark-main\Models_output\SA-UNnetv2\test_data\AFIO\probability maps\IM001032.png
SA-UNnetv2,SA-UNnetv2,AFIO,IM001034,0.75,diagnostic_test_set_scan_equal_dataset_macro_F1,38903,14293,37051,1413753,0.5121915896463649,0.731314384540191,0.6024467673248161,0.4310725010249648,0.5953390964095118,D:\Retina\Retinal-Vessel-Segmentation-Benchmark-main\config\test_data\AFIO\masks\IM001034.png,D:\Retina\Retinal-Vessel-Segmentation-Benchmark-main\Models_output\SA-UNnetv2\test_data\AFIO\pred_masks\IM001034.png,D:\Retina\Retinal-Vessel-Segmentation-Benchmark-main\Models_output\SA-UNnetv2\test_data\AFIO\probability maps\IM001034.png
SA-UNnetv2,SA-UNnetv2,AFIO,IM001069,0.75,diagnostic_test_set_scan_equal_dataset_macro_F1,57245,8985,44715,1393055,0.5614456649666536,0.8643364034425487,0.6807182353290921,0.5159763846951192,0.68005662925776,D:\Retina\Retinal-Vessel-Segmentation-Benchmark-main\config\test_data\AFIO\masks\IM001069.png,D:\Retina\Retinal-Vessel-Segmentation-Benchmark-main\Models_output\SA-UNnetv2\test_data\AFIO\pred_masks\IM001069.png,D:\Retina\Retinal-Vessel-Segmentation-Benchmark-main\Models_output\SA-UNnetv2\test_data\AFIO\probability maps\IM001069.png
SA-UNnetv2,SA-UNnetv2,AFIO,IM001070,0.75,diagnostic_test_set_scan_equal_dataset_macro_F1,56486,11326,52782,1383406,0.5169491525423728,0.8329794136730962,0.6379715382877795,0.4683980960910161,0.6365088796466619,D:\Retina\Retinal-Vessel-Segmentation-Benchmark-main\config\test_data\AFIO\masks\IM001070.png,D:\Retina\Retinal-Vessel-Segmentation-Benchmark-main\Models_output\SA-UNnetv2\test_data\AFIO\pred_masks\IM001070.png,D:\Retina\Retinal-Vessel-Segmentation-Benchmark-main\Models_output\SA-UNnetv2\test_data\AFIO\probability maps\IM001070.png
SA-UNnetv2,SA-UNnetv2,AFIO,IM001096,0.75,diagnostic_test_set_scan_equal_dataset_macro_F1,75183,12250,56989,1359578,0.5688269830221226,0.8598927178525271,0.6847111859930329,0.5205785822104666,0.6774413146307908,D:\Retina\Retinal-Vessel-Segmentation-Benchmark-main\config\test_data\AFIO\masks\IM001096.png,D:\Retina\Retinal-Vessel-Segmentation-Benchmark-main\Models_output\SA-UNnetv2\test_data\AFIO\pred_masks\IM001096.png,D:\Retina\Retinal-Vessel-Segmentation-Benchmark-main\Models_output\SA-UNnetv2\test_data\AFIO\probability maps\IM001096.png
SA-UNnetv2,SA-UNnetv2,AFIO,IM001097,0.75,diagnostic_test_set_scan_equal_dataset_macro_F1,71195,10599,48080,1374126,0.5968979249633201,0.8704183680954594,0.7081648588295562,0.5481851640821104,0.7021169352026932,D:\Retina\Retinal-Vessel-Segmentation-Benchmark-main\config\test_data\AFIO\masks\IM001097.png,D:\Retina\Retinal-Vessel-Segmentation-Benchmark-main\Models_output\SA-UNnetv2\test_data\AFIO\pred_masks\IM001097.png,D:\Retina\Retinal-Vessel-Segmentation-Benchmark-main\Models_output\SA-UNnetv2\test_data\AFIO\probability maps\IM001097.png
SA-UNnetv2,SA-UNnetv2,AFIO,IM001126,0.75,diagnostic_test_set_scan_equal_dataset_macro_F1,59588,15109,46645,1382658,0.5609179821712651,0.7977294938217063,0.6586856795445752,0.49107481333750885,0.6487566387894589,D:\Retina\Retinal-Vessel-Segmentation-Benchmark-main\config\test_data\AFIO\masks\IM001126.png,D:\Retina\Retinal-Vessel-Segmentation-Benchmark-main\Models_output\SA-UNnetv2\test_data\AFIO\pred_masks\IM001126.png,D:\Retina\Retinal-Vessel-Segmentation-Benchmark-main\Models_output\SA-UNnetv2\test_data\AFIO\probability maps\IM001126.png
SA-UNnetv2,SA-UNnetv2,AFIO,IM001127,0.75,diagnostic_test_set_scan_equal_dataset_macro_F1,52078,12040,45080,1394802,0.5360135037773524,0.8122212171309149,0.6458245492199708,0.4769134965841865,0.6417918461942754,D:\Retina\Retinal-Vessel-Segmentation-Benchmark-main\config\test_data\AFIO\masks\IM001127.png,D:\Retina\Retinal-Vessel-Segmentation-Benchmark-main\Models_output\SA-UNnetv2\test_data\AFIO\pred_masks\IM001127.png,D:\Retina\Retinal-Vessel-Segmentation-Benchmark-main\Models_output\SA-UNnetv2\test_data\AFIO\probability maps\IM001127.png
SA-UNnetv2,SA-UNnetv2,AFIO,IM001154,0.75,diagnostic_test_set_scan_equal_dataset_macro_F1,70730,12245,50275,1370750,0.5845213007726954,0.8524254293461886,0.693499362682616,0.5308067542213883,0.6858182772612603,D:\Retina\Retinal-Vessel-Segmentation-Benchmark-main\config\test_data\AFIO\masks\IM001154.png,D:\Retina\Retinal-Vessel-Segmentation-Benchmark-main\Models_output\SA-UNnetv2\test_data\AFIO\pred_masks\IM001154.png,D:\Retina\Retinal-Vessel-Segmentation-Benchmark-main\Models_output\SA-UNnetv2\test_data\AFIO\probability maps\IM001154.png
SA-UNnetv2,SA-UNnetv2,AFIO,IM001155,0.75,diagnostic_test_set_scan_equal_dataset_macro_F1,65885,10077,49867,1378171,0.5691910290966895,0.867341565519602,0.6873259125572468,0.5236074354878446,0.6839331464574621,D:\Retina\Retinal-Vessel-Segmentation-Benchmark-main\config\test_data\AFIO\masks\IM001155.png,D:\Retina\Retinal-Vessel-Segmentation-Benchmark-main\Models_output\SA-UNnetv2\test_data\AFIO\pred_masks\IM001155.png,D:\Retina\Retinal-Vessel-Segmentation-Benchmark-main\Models_output\SA-UNnetv2\test_data\AFIO\probability maps\IM001155.png
SA-UNnetv2,SA-UNnetv2,AFIO,IM001192,0.75,diagnostic_test_set_scan_equal_dataset_macro_F1,80720,13895,77686,1331699,0.509576657449844,0.8531416794377213,0.6380498061425731,0.4684824812392267,0.6311991488561012,D:\Retina\Retinal-Vessel-Segmentation-Benchmark-main\config\test_data\AFIO\masks\IM001192.png,D:\Retina\Retinal-Vessel-Segmentation-Benchmark-main\Models_output\SA-UNnetv2\test_data\AFIO\pred_masks\IM001192.png,D:\Retina\Retinal-Vessel-Segmentation-Benchmark-main\Models_output\SA-UNnetv2\test_data\AFIO\probability maps\IM001192.png
SA-UNnetv2,SA-UNnetv2,AFIO,IM001193,0.75,diagnostic_test_set_scan_equal_dataset_macro_F1,82192,13486,85242,1323080,0.4908919335379911,0.8590480570246034,0.6247681595670285,0.454300243201415,0.6196210697848916,D:\Retina\Retinal-Vessel-Segmentation-Benchmark-main\config\test_data\AFIO\masks\IM001193.png,D:\Retina\Retinal-Vessel-Segmentation-Benchmark-main\Models_output\SA-UNnetv2\test_data\AFIO\pred_masks\IM001193.png,D:\Retina\Retinal-Vessel-Segmentation-Benchmark-main\Models_output\SA-UNnetv2\test_data\AFIO\probability maps\IM001193.png
SA-UNnetv2,SA-UNnetv2,AFIO,IM001218,0.75,diagnostic_test_set_scan_equal_dataset_macro_F1,93611,10433,74672,1325284,0.5562712811157395,0.8997251162969513,0.6874896723424413,0.5237975335168648,0.6813291769241392,D:\Retina\Retinal-Vessel-Segmentation-Benchmark-main\config\test_data\AFIO\masks\IM001218.png,D:\Retina\Retinal-Vessel-Segmentation-Benchmark-main\Models_output\SA-UNnetv2\test_data\AFIO\pred_masks\IM001218.png,D:\Retina\Retinal-Vessel-Segmentation-Benchmark-main\Models_output\SA-UNnetv2\test_data\AFIO\probability maps\IM001218.png
SA-UNnetv2,SA-UNnetv2,AFIO,IM001219,0.75,diagnostic_test_set_scan_equal_dataset_macro_F1,88425,12920,64007,1338648,0.5800947307651937,0.8725146775864621,0.696871662916655,0.5347682519715516,0.6868518513257634,D:\Retina\Retinal-Vessel-Segmentation-Benchmark-main\config\test_data\AFIO\masks\IM001219.png,D:\Retina\Retinal-Vessel-Segmentation-Benchmark-main\Models_output\SA-UNnetv2\test_data\AFIO\pred_masks\IM001219.png,D:\Retina\Retinal-Vessel-Segmentation-Benchmark-main\Models_output\SA-UNnetv2\test_data\AFIO\probability maps\IM001219.png
SA-UNnetv2,SA-UNnetv2,AFIO,IM001246,0.75,diagnostic_test_set_scan_equal_dataset_macro_F1,67390,15457,50290,1370863,0.572654656696125,0.813427160911077,0.6721289402424611,0.5061703358194942,0.6609641222612945,D:\Retina\Retinal-Vessel-Segmentation-Benchmark-main\config\test_data\AFIO\masks\IM001246.png,D:\Retina\Retinal-Vessel-Segmentation-Benchmark-main\Models_output\SA-UNnetv2\test_data\AFIO\pred_masks\IM001246.png,D:\Retina\Retinal-Vessel-Segmentation-Benchmark-main\Models_output\SA-UNnetv2\test_data\AFIO\probability maps\IM001246.png
SA-UNnetv2,SA-UNnetv2,AFIO,IM001686,0.75,diagnostic_test_set_scan_equal_dataset_macro_F1,65769,15010,40281,1382940,0.6201697312588401,0.8141843796036099,0.7040555802364729,0.5432760614571287,0.6920562828470813,D:\Retina\Retinal-Vessel-Segmentation-Benchmark-main\config\test_data\AFIO\masks\IM001686.png,D:\Retina\Retinal-Vessel-Segmentation-Benchmark-main\Models_output\SA-UNnetv2\test_data\AFIO\pred_masks\IM001686.png,D:\Retina\Retinal-Vessel-Segmentation-Benchmark-main\Models_output\SA-UNnetv2\test_data\AFIO\probability maps\IM001686.png
SA-UNnetv2,SA-UNnetv2,AFIO,IM001749,0.75,diagnostic_test_set_scan_equal_dataset_macro_F1,83213,13386,63090,1344311,0.5687716588176592,0.8614271369268833,0.6851569768877983,0.5210941267087902,0.6755795297212044,D:\Retina\Retinal-Vessel-Segmentation-Benchmark-main\config\test_data\AFIO\masks\IM001749.png,D:\Retina\Retinal-Vessel-Segmentation-Benchmark-main\Models_output\SA-UNnetv2\test_data\AFIO\pred_masks\IM001749.png,D:\Retina\Retinal-Vessel-Segmentation-Benchmark-main\Models_output\SA-UNnetv2\test_data\AFIO\probability maps\IM001749.png
SA-UNnetv2,SA-UNnetv2,AFIO,IM001750,0.75,diagnostic_test_set_scan_equal_dataset_macro_F1,71889,12371,66621,1353119,0.5190166774962096,0.8531806313790647,0.6454100641917673,0.476461582306586,0.641214278511819,D:\Retina\Retinal-Vessel-Segmentation-Benchmark-main\config\test_data\AFIO\masks\IM001750.png,D:\Retina\Retinal-Vessel-Segmentation-Benchmark-main\Models_output\SA-UNnetv2\test_data\AFIO\pred_masks\IM001750.png,D:\Retina\Retinal-Vessel-Segmentation-Benchmark-main\Models_output\SA-UNnetv2\test_data\AFIO\probability maps\IM001750.png
SA-UNnetv2,SA-UNnetv2,AFIO,IM001791,0.75,diagnostic_test_set_scan_equal_dataset_macro_F1,74905,9085,55959,1364051,0.5723881281330236,0.8918323609953566,0.697264188704888,0.5352306911803586,0.6944624100692897,D:\Retina\Retinal-Vessel-Segmentation-Benchmark-main\config\test_data\AFIO\masks\IM001791.png,D:\Retina\Retinal-Vessel-Segmentation-Benchmark-main\Models_output\SA-UNnetv2\test_data\AFIO\pred_masks\IM001791.png,D:\Retina\Retinal-Vessel-Segmentation-Benchmark-main\Models_output\SA-UNnetv2\test_data\AFIO\probability maps\IM001791.png
SA-UNnetv2,SA-UNnetv2,AFIO,IM001792,0.75,diagnostic_test_set_scan_equal_dataset_macro_F1,73283,11890,56339,1362488,0.5653592754316397,0.86040177051413,0.6823529411764705,0.5178571428571429,0.6759340023145237,D:\Retina\Retinal-Vessel-Segmentation-Benchmark-main\config\test_data\AFIO\masks\IM001792.png,D:\Retina\Retinal-Vessel-Segmentation-Benchmark-main\Models_output\SA-UNnetv2\test_data\AFIO\pred_masks\IM001792.png,D:\Retina\Retinal-Vessel-Segmentation-Benchmark-main\Models_output\SA-UNnetv2\test_data\AFIO\probability maps\IM001792.png
SA-UNnetv2,SA-UNnetv2,AFIO,IM001814,0.75,diagnostic_test_set_scan_equal_dataset_macro_F1,69695,13095,48395,1372815,0.5901854517740707,0.841828723275758,0.6938968538430905,0.5312726302549834,0.6849128965364881,D:\Retina\Retinal-Vessel-Segmentation-Benchmark-main\config\test_data\AFIO\masks\IM001814.png,D:\Retina\Retinal-Vessel-Segmentation-Benchmark-main\Models_output\SA-UNnetv2\test_data\AFIO\pred_masks\IM001814.png,D:\Retina\Retinal-Vessel-Segmentation-Benchmark-main\Models_output\SA-UNnetv2\test_data\AFIO\probability maps\IM001814.png
SA-UNnetv2,SA-UNnetv2,AFIO,IM001858,0.75,diagnostic_test_set_scan_equal_dataset_macro_F1,78238,11740,51420,1362602,0.6034182233259806,0.8695236613394385,0.7124332987306269,0.5533175858215816,0.7040074119270625,D:\Retina\Retinal-Vessel-Segmentation-Benchmark-main\config\test_data\AFIO\masks\IM001858.png,D:\Retina\Retinal-Vessel-Segmentation-Benchmark-main\Models_output\SA-UNnetv2\test_data\AFIO\pred_masks\IM001858.png,D:\Retina\Retinal-Vessel-Segmentation-Benchmark-main\Models_output\SA-UNnetv2\test_data\AFIO\probability maps\IM001858.png
SA-UNnetv2,SA-UNnetv2,AFIO,IM001859,0.75,diagnostic_test_set_scan_equal_dataset_macro_F1,62516,13367,38746,1389371,0.6173688056724141,0.8238472385119197,0.7058172683394959,0.5453768243638172,0.6958992534052919,D:\Retina\Retinal-Vessel-Segmentation-Benchmark-main\config\test_data\AFIO\masks\IM001859.png,D:\Retina\Retinal-Vessel-Segmentation-Benchmark-main\Models_output\SA-UNnetv2\test_data\AFIO\pred_masks\IM001859.png,D:\Retina\Retinal-Vessel-Segmentation-Benchmark-main\Models_output\SA-UNnetv2\test_data\AFIO\probability maps\IM001859.png
SA-UNnetv2,SA-UNnetv2,AFIO,IM002094,0.75,diagnostic_test_set_scan_equal_dataset_macro_F1,43720,18172,34538,1407570,0.558664928825168,0.7063917792283332,0.6239029611130932,0.4533858757648035,0.6103755501667196,D:\Retina\Retinal-Vessel-Segmentation-Benchmark-main\config\test_data\AFIO\masks\IM002094.png,D:\Retina\Retinal-Vessel-Segmentation-Benchmark-main\Models_output\SA-UNnetv2\test_data\AFIO\pred_masks\IM002094.png,D:\Retina\Retinal-Vessel-Segmentation-Benchmark-main\Models_output\SA-UNnetv2\test_data\AFIO\probability maps\IM002094.png
SA-UNnetv2,SA-UNnetv2,AFIO,IM002348,0.75,diagnostic_test_set_scan_equal_dataset_macro_F1,68737,10031,50978,1374254,0.5741719918138913,0.8726513304895389,0.6926235496238973,0.529781264933023,0.6888036784383137,D:\Retina\Retinal-Vessel-Segmentation-Benchmark-main\config\test_data\AFIO\masks\IM002348.png,D:\Retina\Retinal-Vessel-Segmentation-Benchmark-main\Models_output\SA-UNnetv2\test_data\AFIO\pred_masks\IM002348.png,D:\Retina\Retinal-Vessel-Segmentation-Benchmark-main\Models_output\SA-UNnetv2\test_data\AFIO\probability maps\IM002348.png
SA-UNnetv2,SA-UNnetv2,AFIO,IM002350,0.75,diagnostic_test_set_scan_equal_dataset_macro_F1,75856,11104,51929,1365111,0.5936220996204562,0.8723091076356946,0.7064751216559174,0.5461627630697895,0.6995180285308201,D:\Retina\Retinal-Vessel-Segmentation-Benchmark-main\config\test_data\AFIO\masks\IM002350.png,D:\Retina\Retinal-Vessel-Segmentation-Benchmark-main\Models_output\SA-UNnetv2\test_data\AFIO\pred_masks\IM002350.png,D:\Retina\Retinal-Vessel-Segmentation-Benchmark-main\Models_output\SA-UNnetv2\test_data\AFIO\probability maps\IM002350.png
SA-UNnetv2,SA-UNnetv2,AFIO,IM002421,0.75,diagnostic_test_set_scan_equal_dataset_macro_F1,75838,12217,60282,1355663,0.5571407581545695,0.8612571688149452,0.6765964090554255,0.5112547779717804,0.6699328292728045,D:\Retina\Retinal-Vessel-Segmentation-Benchmark-main\config\test_data\AFIO\masks\IM002421.png,D:\Retina\Retinal-Vessel-Segmentation-Benchmark-main\Models_output\SA-UNnetv2\test_data\AFIO\pred_masks\IM002421.png,D:\Retina\Retinal-Vessel-Segmentation-Benchmark-main\Models_output\SA-UNnetv2\test_data\AFIO\probability maps\IM002421.png
SA-UNnetv2,SA-UNnetv2,AFIO,IM002422,0.75,diagnostic_test_set_scan_equal_dataset_macro_F1,69004,11491,50997,1372508,0.5750285414288214,0.8572457916640785,0.6883329343228792,0.524777172755757,0.6822905344572405,D:\Retina\Retinal-Vessel-Segmentation-Benchmark-main\config\test_data\AFIO\masks\IM002422.png,D:\Retina\Retinal-Vessel-Segmentation-Benchmark-main\Models_output\SA-UNnetv2\test_data\AFIO\pred_masks\IM002422.png,D:\Retina\Retinal-Vessel-Segmentation-Benchmark-main\Models_output\SA-UNnetv2\test_data\AFIO\probability maps\IM002422.png
SA-UNnetv2,SA-UNnetv2,AFIO,IM002471,0.75,diagnostic_test_set_scan_equal_dataset_macro_F1,68175,12133,54098,1369594,0.5575638121253261,0.8489191612292674,0.6730641076902573,0.5072318200080354,0.6670977067329962,D:\Retina\Retinal-Vessel-Segmentation-Benchmark-main\config\test_data\AFIO\masks\IM002471.png,D:\Retina\Retinal-Vessel-Segmentation-Benchmark-main\Models_output\SA-UNnetv2\test_data\AFIO\pred_masks\IM002471.png,D:\Retina\Retinal-Vessel-Segmentation-Benchmark-main\Models_output\SA-UNnetv2\test_data\AFIO\probability maps\IM002471.png
SA-UNnetv2,SA-UNnetv2,AFIO,IM002587,0.75,diagnostic_test_set_scan_equal_dataset_macro_F1,67188,9706,46367,1380739,0.591678041477698,0.8737742866803652,0.7055747207913929,0.5450872538759218,0.7013534924105177,D:\Retina\Retinal-Vessel-Segmentation-Benchmark-main\config\test_data\AFIO\masks\IM002587.png,D:\Retina\Retinal-Vessel-Segmentation-Benchmark-main\Models_output\SA-UNnetv2\test_data\AFIO\pred_masks\IM002587.png,D:\Retina\Retinal-Vessel-Segmentation-Benchmark-main\Models_output\SA-UNnetv2\test_data\AFIO\probability maps\IM002587.png
SA-UNnetv2,SA-UNnetv2,AFIO,IM002649,0.75,diagnostic_test_set_scan_equal_dataset_macro_F1,67276,10588,65737,1360399,0.5057851488200401,0.8640193157299908,0.638059152965947,0.4684925592440164,0.6382612940116403,D:\Retina\Retinal-Vessel-Segmentation-Benchmark-main\config\test_data\AFIO\masks\IM002649.png,D:\Retina\Retinal-Vessel-Segmentation-Benchmark-main\Models_output\SA-UNnetv2\test_data\AFIO\pred_masks\IM002649.png,D:\Retina\Retinal-Vessel-Segmentation-Benchmark-main\Models_output\SA-UNnetv2\test_data\AFIO\probability maps\IM002649.png
SA-UNnetv2,SA-UNnetv2,AFIO,IM002742,0.75,diagnostic_test_set_scan_equal_dataset_macro_F1,41955,12394,55295,1394356,0.431413881748072,0.7719553257649635,0.5534996932697445,0.382647477290139,0.5568764487347226,D:\Retina\Retinal-Vessel-Segmentation-Benchmark-main\config\test_data\AFIO\masks\IM002742.png,D:\Retina\Retinal-Vessel-Segmentation-Benchmark-main\Models_output\SA-UNnetv2\test_data\AFIO\pred_masks\IM002742.png,D:\Retina\Retinal-Vessel-Segmentation-Benchmark-main\Models_output\SA-UNnetv2\test_data\AFIO\probability maps\IM002742.png
SA-UNnetv2,SA-UNnetv2,AFIO,IM002743,0.75,diagnostic_test_set_scan_equal_dataset_macro_F1,46295,10144,59163,1388398,0.4389899296402359,0.8202661280320346,0.5719068296509509,0.40046885001989585,0.5800806235894039,D:\Retina\Retinal-Vessel-Segmentation-Benchmark-main\config\test_data\AFIO\masks\IM002743.png,D:\Retina\Retinal-Vessel-Segmentation-Benchmark-main\Models_output\SA-UNnetv2\test_data\AFIO\pred_masks\IM002743.png,D:\Retina\Retinal-Vessel-Segmentation-Benchmark-main\Models_output\SA-UNnetv2\test_data\AFIO\probability maps\IM002743.png
SA-UNnetv2,SA-UNnetv2,AFIO,IM003024,0.75,diagnostic_test_set_scan_equal_dataset_macro_F1,58683,10808,44278,1390231,0.5699536717786347,0.8444690679368552,0.6805719852480691,0.515808348495636,0.6763427560912871,D:\Retina\Retinal-Vessel-Segmentation-Benchmark-main\config\test_data\AFIO\masks\IM003024.png,D:\Retina\Retinal-Vessel-Segmentation-Benchmark-main\Models_output\SA-UNnetv2\test_data\AFIO\pred_masks\IM003024.png,D:\Retina\Retinal-Vessel-Segmentation-Benchmark-main\Models_output\SA-UNnetv2\test_data\AFIO\probability maps\IM003024.png
SA-UNnetv2,SA-UNnetv2,AFIO,IM003537,0.75,diagnostic_test_set_scan_equal_dataset_macro_F1,87091,9148,74845,1332916,0.5378112340677799,0.9049449807250699,0.6746664084438849,0.5090540319375277,0.6725252970472665,D:\Retina\Retinal-Vessel-Segmentation-Benchmark-main\config\test_data\AFIO\masks\IM003537.png,D:\Retina\Retinal-Vessel-Segmentation-Benchmark-main\Models_output\SA-UNnetv2\test_data\AFIO\pred_masks\IM003537.png,D:\Retina\Retinal-Vessel-Segmentation-Benchmark-main\Models_output\SA-UNnetv2\test_data\AFIO\probability maps\IM003537.png
SA-UNnetv2,SA-UNnetv2,AFIO,IM003630,0.75,diagnostic_test_set_scan_equal_dataset_macro_F1,82770,13306,64929,1342995,0.5603964820344078,0.8615054748324243,0.6790688134550303,0.5140834135585851,0.6700310060723716,D:\Retina\Retinal-Vessel-Segmentation-Benchmark-main\config\test_data\AFIO\masks\IM003630.png,D:\Retina\Retinal-Vessel-Segmentation-Benchmark-main\Models_output\SA-UNnetv2\test_data\AFIO\pred_masks\IM003630.png,D:\Retina\Retinal-Vessel-Segmentation-Benchmark-main\Models_output\SA-UNnetv2\test_data\AFIO\probability maps\IM003630.png
SA-UNnetv2,SA-UNnetv2,AFIO,IM003631,0.75,diagnostic_test_set_scan_equal_dataset_macro_F1,72838,12522,67323,1351317,0.5196738036971769,0.8533036551077788,0.6459531484872806,0.47705376499020846,0.6413883928602607,D:\Retina\Retinal-Vessel-Segmentation-Benchmark-main\config\test_data\AFIO\masks\IM003631.png,D:\Retina\Retinal-Vessel-Segmentation-Benchmark-main\Models_output\SA-UNnetv2\test_data\AFIO\pred_masks\IM003631.png,D:\Retina\Retinal-Vessel-Segmentation-Benchmark-main\Models_output\SA-UNnetv2\test_data\AFIO\probability maps\IM003631.png
SA-UNnetv2,SA-UNnetv2,AFIO,IM003705,0.75,diagnostic_test_set_scan_equal_dataset_macro_F1,46347,17879,43318,1396456,0.5168906485250655,0.721623641515897,0.6023354192252958,0.43095849140816783,0.5905142549897826,D:\Retina\Retinal-Vessel-Segmentation-Benchmark-main\config\test_data\AFIO\masks\IM003705.png,D:\Retina\Retinal-Vessel-Segmentation-Benchmark-main\Models_output\SA-UNnetv2\test_data\AFIO\pred_masks\IM003705.png,D:\Retina\Retinal-Vessel-Segmentation-Benchmark-main\Models_output\SA-UNnetv2\test_data\AFIO\probability maps\IM003705.png
SA-UNnetv2,SA-UNnetv2,AFIO,IM004162,0.75,diagnostic_test_set_scan_equal_dataset_macro_F1,75986,13251,60144,1354619,0.5581870271064424,0.8515077826462117,0.6743312019949681,0.5086724549976235,0.666133697848098,D:\Retina\Retinal-Vessel-Segmentation-Benchmark-main\config\test_data\AFIO\masks\IM004162.png,D:\Retina\Retinal-Vessel-Segmentation-Benchmark-main\Models_output\SA-UNnetv2\test_data\AFIO\pred_masks\IM004162.png,D:\Retina\Retinal-Vessel-Segmentation-Benchmark-main\Models_output\SA-UNnetv2\test_data\AFIO\probability maps\IM004162.png
SA-UNnetv2,SA-UNnetv2,AFIO,IM004163,0.75,diagnostic_test_set_scan_equal_dataset_macro_F1,67613,15343,54269,1366775,0.5547414712590867,0.8150465306909687,0.6601607123678224,0.492716341774458,0.6498698686281779,D:\Retina\Retinal-Vessel-Segmentation-Benchmark-main\config\test_data\AFIO\masks\IM004163.png,D:\Retina\Retinal-Vessel-Segmentation-Benchmark-main\Models_output\SA-UNnetv2\test_data\AFIO\pred_masks\IM004163.png,D:\Retina\Retinal-Vessel-Segmentation-Benchmark-main\Models_output\SA-UNnetv2\test_data\AFIO\probability maps\IM004163.png
SA-UNnetv2,SA-UNnetv2,AFIO,IM004455,0.75,diagnostic_test_set_scan_equal_dataset_macro_F1,63052,9395,57905,1373648,0.5212761559893185,0.870318991814706,0.6520237430456454,0.4837056585246103,0.6534172469450844,D:\Retina\Retinal-Vessel-Segmentation-Benchmark-main\config\test_data\AFIO\masks\IM004455.png,D:\Retina\Retinal-Vessel-Segmentation-Benchmark-main\Models_output\SA-UNnetv2\test_data\AFIO\pred_masks\IM004455.png,D:\Retina\Retinal-Vessel-Segmentation-Benchmark-main\Models_output\SA-UNnetv2\test_data\AFIO\probability maps\IM004455.png
SA-UNnetv2,SA-UNnetv2,AFIO,IM004512,0.75,diagnostic_test_set_scan_equal_dataset_macro_F1,56880,11256,50683,1385181,0.5288063739389939,0.8348009862627686,0.6474709588557703,0.47871131721357696,0.645242525201995,D:\Retina\Retinal-Vessel-Segmentation-Benchmark-main\config\test_data\AFIO\masks\IM004512.png,D:\Retina\Retinal-Vessel-Segmentation-Benchmark-main\Models_output\SA-UNnetv2\test_data\AFIO\pred_masks\IM004512.png,D:\Retina\Retinal-Vessel-Segmentation-Benchmark-main\Models_output\SA-UNnetv2\test_data\AFIO\probability maps\IM004512.png
SA-UNnetv2,SA-UNnetv2,AFIO,IM004513,0.75,diagnostic_test_set_scan_equal_dataset_macro_F1,58608,11692,42525,1391175,0.5795141051882174,0.8336842105263158,0.6837423366563031,0.5194593396853534,0.6776737873315162,D:\Retina\Retinal-Vessel-Segmentation-Benchmark-main\config\test_data\AFIO\masks\IM004513.png,D:\Retina\Retinal-Vessel-Segmentation-Benchmark-main\Models_output\SA-UNnetv2\test_data\AFIO\pred_masks\IM004513.png,D:\Retina\Retinal-Vessel-Segmentation-Benchmark-main\Models_output\SA-UNnetv2\test_data\AFIO\probability maps\IM004513.png
SA-UNnetv2,SA-UNnetv2,AFIO,IM004515,0.75,diagnostic_test_set_scan_equal_dataset_macro_F1,71671,7923,60446,1363960,0.5424812855272221,0.9004573209035857,0.6770644888550903,0.5117894887175093,0.6786053611145667,D:\Retina\Retinal-Vessel-Segmentation-Benchmark-main\config\test_data\AFIO\masks\IM004515.png,D:\Retina\Retinal-Vessel-Segmentation-Benchmark-main\Models_output\SA-UNnetv2\test_data\AFIO\pred_masks\IM004515.png,D:\Retina\Retinal-Vessel-Segmentation-Benchmark-main\Models_output\SA-UNnetv2\test_data\AFIO\probability maps\IM004515.png
SA-UNnetv2,SA-UNnetv2,AFIO,IM004516,0.75,diagnostic_test_set_scan_equal_dataset_macro_F1,77789,11002,59701,1355508,0.5657793294057749,0.8760910452635965,0.6875433642241284,0.5238598712388546,0.6819770710612506,D:\Retina\Retinal-Vessel-Segmentation-Benchmark-main\config\test_data\AFIO\masks\IM004516.png,D:\Retina\Retinal-Vessel-Segmentation-Benchmark-main\Models_output\SA-UNnetv2\test_data\AFIO\pred_masks\IM004516.png,D:\Retina\Retinal-Vessel-Segmentation-Benchmark-main\Models_output\SA-UNnetv2\test_data\AFIO\probability maps\IM004516.png
SA-UNnetv2,SA-UNnetv2,AFIO,IM004538,0.75,diagnostic_test_set_scan_equal_dataset_macro_F1,57087,10111,49636,1387166,0.5349081266456153,0.8495342123277478,0.6564704664761587,0.48861632743893046,0.655779153867446,D:\Retina\Retinal-Vessel-Segmentation-Benchmark-main\config\test_data\AFIO\masks\IM004538.png,D:\Retina\Retinal-Vessel-Segmentation-Benchmark-main\Models_output\SA-UNnetv2\test_data\AFIO\pred_masks\IM004538.png,D:\Retina\Retinal-Vessel-Segmentation-Benchmark-main\Models_output\SA-UNnetv2\test_data\AFIO\probability maps\IM004538.png
SA-UNnetv2,SA-UNnetv2,AFIO,IM004539,0.75,diagnostic_test_set_scan_equal_dataset_macro_F1,55303,8279,46479,1393939,0.5433475467174943,0.869790192192759,0.6688638397716553,0.5024758997283325,0.6709104765454829,D:\Retina\Retinal-Vessel-Segmentation-Benchmark-main\config\test_data\AFIO\masks\IM004539.png,D:\Retina\Retinal-Vessel-Segmentation-Benchmark-main\Models_output\SA-UNnetv2\test_data\AFIO\pred_masks\IM004539.png,D:\Retina\Retinal-Vessel-Segmentation-Benchmark-main\Models_output\SA-UNnetv2\test_data\AFIO\probability maps\IM004539.png
SA-UNnetv2,SA-UNnetv2,AFIO,IM004564,0.75,diagnostic_test_set_scan_equal_dataset_macro_F1,61919,9036,40800,1392245,0.6027998714940761,0.8726516806426609,0.7130485852804681,0.5540602210191937,0.7095269527616205,D:\Retina\Retinal-Vessel-Segmentation-Benchmark-main\config\test_data\AFIO\masks\IM004564.png,D:\Retina\Retinal-Vessel-Segmentation-Benchmark-main\Models_output\SA-UNnetv2\test_data\AFIO\pred_masks\IM004564.png,D:\Retina\Retinal-Vessel-Segmentation-Benchmark-main\Models_output\SA-UNnetv2\test_data\AFIO\probability maps\IM004564.png
SA-UNnetv2,SA-UNnetv2,AFIO,IM004790,0.75,diagnostic_test_set_scan_equal_dataset_macro_F1,48592,9321,57709,1388378,0.4571170544021223,0.8390516809697305,0.5918131219019086,0.4202660393350746,0.5999777582697987,D:\Retina\Retinal-Vessel-Segmentation-Benchmark-main\config\test_data\AFIO\masks\IM004790.png,D:\Retina\Retinal-Vessel-Segmentation-Benchmark-main\Models_output\SA-UNnetv2\test_data\AFIO\pred_masks\IM004790.png,D:\Retina\Retinal-Vessel-Segmentation-Benchmark-main\Models_output\SA-UNnetv2\test_data\AFIO\probability maps\IM004790.png
SA-UNnetv2,SA-UNnetv2,AFIO,IM004993,0.75,diagnostic_test_set_scan_equal_dataset_macro_F1,63899,9837,52377,1377887,0.5495459080119716,0.8665916241727243,0.672578573984801,0.5066805166794859,0.6709872632146542,D:\Retina\Retinal-Vessel-Segmentation-Benchmark-main\config\test_data\AFIO\masks\IM004993.png,D:\Retina\Retinal-Vessel-Segmentation-Benchmark-main\Models_output\SA-UNnetv2\test_data\AFIO\pred_masks\IM004993.png,D:\Retina\Retinal-Vessel-Segmentation-Benchmark-main\Models_output\SA-UNnetv2\test_data\AFIO\probability maps\IM004993.png
SA-UNnetv2,SA-UNnetv2,AFIO,IM005024,0.75,diagnostic_test_set_scan_equal_dataset_macro_F1,73450,8310,70892,1351348,0.5088608998074019,0.8983610567514677,0.6497067695111056,0.48115976207321226,0.6531389586182628,D:\Retina\Retinal-Vessel-Segmentation-Benchmark-main\config\test_data\AFIO\masks\IM005024.png,D:\Retina\Retinal-Vessel-Segmentation-Benchmark-main\Models_output\SA-UNnetv2\test_data\AFIO\pred_masks\IM005024.png,D:\Retina\Retinal-Vessel-Segmentation-Benchmark-main\Models_output\SA-UNnetv2\test_data\AFIO\probability maps\IM005024.png
SA-UNnetv2,SA-UNnetv2,AFIO,IM005025,0.75,diagnostic_test_set_scan_equal_dataset_macro_F1,67897,9363,57620,1369120,0.5409386776293251,0.8788118042971783,0.6696716096993248,0.503388196915777,0.6692101832141513,D:\Retina\Retinal-Vessel-Segmentation-Benchmark-main\config\test_data\AFIO\masks\IM005025.png,D:\Retina\Retinal-Vessel-Segmentation-Benchmark-main\Models_output\SA-UNnetv2\test_data\AFIO\pred_masks\IM005025.png,D:\Retina\Retinal-Vessel-Segmentation-Benchmark-main\Models_output\SA-UNnetv2\test_data\AFIO\probability maps\IM005025.png
SA-UNnetv2,SA-UNnetv2,AFIO,IM005060,0.75,diagnostic_test_set_scan_equal_dataset_macro_F1,83041,12330,63978,1344651,0.5648317564396439,0.8707154166360843,0.6851850323858246,0.5211265837877865,0.6772406518292501,D:\Retina\Retinal-Vessel-Segmentation-Benchmark-main\config\test_data\AFIO\masks\IM005060.png,D:\Retina\Retinal-Vessel-Segmentation-Benchmark-main\Models_output\SA-UNnetv2\test_data\AFIO\pred_masks\IM005060.png,D:\Retina\Retinal-Vessel-Segmentation-Benchmark-main\Models_output\SA-UNnetv2\test_data\AFIO\probability maps\IM005060.png
SA-UNnetv2,SA-UNnetv2,AFIO,IM005092,0.75,diagnostic_test_set_scan_equal_dataset_macro_F1,81876,8048,64672,1349404,0.5586974916068456,0.9105022018593479,0.6924794478838933,0.5296126678568657,0.6913874262818577,D:\Retina\Retinal-Vessel-Segmentation-Benchmark-main\config\test_data\AFIO\masks\IM005092.png,D:\Retina\Retinal-Vessel-Segmentation-Benchmark-main\Models_output\SA-UNnetv2\test_data\AFIO\pred_masks\IM005092.png,D:\Retina\Retinal-Vessel-Segmentation-Benchmark-main\Models_output\SA-UNnetv2\test_data\AFIO\probability maps\IM005092.png
SA-UNnetv2,SA-UNnetv2,AFIO,IM005093,0.75,diagnostic_test_set_scan_equal_dataset_macro_F1,80656,10437,64838,1348069,0.5543596299503759,0.8854247856586126,0.6818295172600354,0.5172544266374229,0.677461742439229,D:\Retina\Retinal-Vessel-Segmentation-Benchmark-main\config\test_data\AFIO\masks\IM005093.png,D:\Retina\Retinal-Vessel-Segmentation-Benchmark-main\Models_output\SA-UNnetv2\test_data\AFIO\pred_masks\IM005093.png,D:\Retina\Retinal-Vessel-Segmentation-Benchmark-main\Models_output\SA-UNnetv2\test_data\AFIO\probability maps\IM005093.png
SA-UNnetv2,SA-UNnetv2,AFIO,IM005132,0.75,diagnostic_test_set_scan_equal_dataset_macro_F1,85268,8578,67048,1343106,0.5598098689566428,0.9085949321228396,0.6927795516773506,0.5299638271159894,0.6903325404579286,D:\Retina\Retinal-Vessel-Segmentation-Benchmark-main\config\test_data\AFIO\masks\IM005132.png,D:\Retina\Retinal-Vessel-Segmentation-Benchmark-main\Models_output\SA-UNnetv2\test_data\AFIO\pred_masks\IM005132.png,D:\Retina\Retinal-Vessel-Segmentation-Benchmark-main\Models_output\SA-UNnetv2\test_data\AFIO\probability maps\IM005132.png
SA-UNnetv2,SA-UNnetv2,AFIO,IM005133,0.75,diagnostic_test_set_scan_equal_dataset_macro_F1,86677,9690,73383,1334250,0.5415281769336499,0.8994469060985607,0.6760364548195003,0.5106156111929308,0.6728562473160925,D:\Retina\Retinal-Vessel-Segmentation-Benchmark-main\config\test_data\AFIO\masks\IM005133.png,D:\Retina\Retinal-Vessel-Segmentation-Benchmark-main\Models_output\SA-UNnetv2\test_data\AFIO\pred_masks\IM005133.png,D:\Retina\Retinal-Vessel-Segmentation-Benchmark-main\Models_output\SA-UNnetv2\test_data\AFIO\probability maps\IM005133.png
SA-UNnetv2,SA-UNnetv2,AFIO,IM005190,0.75,diagnostic_test_set_scan_equal_dataset_macro_F1,71403,13424,66231,1352942,0.518788962029731,0.8417484998880074,0.6419372384372991,0.4726859881634869,0.6361346304488755,D:\Retina\Retinal-Vessel-Segmentation-Benchmark-main\config\test_data\AFIO\masks\IM005190.png,D:\Retina\Retinal-Vessel-Segmentation-Benchmark-main\Models_output\SA-UNnetv2\test_data\AFIO\pred_masks\IM005190.png,D:\Retina\Retinal-Vessel-Segmentation-Benchmark-main\Models_output\SA-UNnetv2\test_data\AFIO\probability maps\IM005190.png
SA-UNnetv2,SA-UNnetv2,AFIO,IM005191,0.75,diagnostic_test_set_scan_equal_dataset_macro_F1,79491,10288,65062,1349159,0.549909029905986,0.8854075006404616,0.6784476725329874,0.5133717813757338,0.6747164635798135,D:\Retina\Retinal-Vessel-Segmentation-Benchmark-main\config\test_data\AFIO\masks\IM005191.png,D:\Retina\Retinal-Vessel-Segmentation-Benchmark-main\Models_output\SA-UNnetv2\test_data\AFIO\pred_masks\IM005191.png,D:\Retina\Retinal-Vessel-Segmentation-Benchmark-main\Models_output\SA-UNnetv2\test_data\AFIO\probability maps\IM005191.png
SA-UNnetv2,SA-UNnetv2,AFIO,IM005249,0.75,diagnostic_test_set_scan_equal_dataset_macro_F1,65659,13120,49708,1375513,0.5691315540839235,0.8334581550920931,0.6763878730439978,0.5110166787301439,0.6685449902536708,D:\Retina\Retinal-Vessel-Segmentation-Benchmark-main\config\test_data\AFIO\masks\IM005249.png,D:\Retina\Retinal-Vessel-Segmentation-Benchmark-main\Models_output\SA-UNnetv2\test_data\AFIO\pred_masks\IM005249.png,D:\Retina\Retinal-Vessel-Segmentation-Benchmark-main\Models_output\SA-UNnetv2\test_data\AFIO\probability maps\IM005249.png
SA-UNnetv2,SA-UNnetv2,AFIO,IM005283,0.75,diagnostic_test_set_scan_equal_dataset_macro_F1,67882,7298,59332,1369488,0.533604791925417,0.90292631018888,0.6707906360860499,0.5046538598786725,0.6745974359814595,D:\Retina\Retinal-Vessel-Segmentation-Benchmark-main\config\test_data\AFIO\masks\IM005283.png,D:\Retina\Retinal-Vessel-Segmentation-Benchmark-main\Models_output\SA-UNnetv2\test_data\AFIO\pred_masks\IM005283.png,D:\Retina\Retinal-Vessel-Segmentation-Benchmark-main\Models_output\SA-UNnetv2\test_data\AFIO\probability maps\IM005283.png
SA-UNnetv2,SA-UNnetv2,AFIO,IM005320,0.75,diagnostic_test_set_scan_equal_dataset_macro_F1,35748,7840,35027,1425385,0.5050936064994701,0.8201339818298614,0.625167230660266,0.45472238122495706,0.6306940759927914,D:\Retina\Retinal-Vessel-Segmentation-Benchmark-main\config\test_data\AFIO\masks\IM005320.png,D:\Retina\Retinal-Vessel-Segmentation-Benchmark-main\Models_output\SA-UNnetv2\test_data\AFIO\pred_masks\IM005320.png,D:\Retina\Retinal-Vessel-Segmentation-Benchmark-main\Models_output\SA-UNnetv2\test_data\AFIO\probability maps\IM005320.png
SA-UNnetv2,SA-UNnetv2,AFIO,IM005321,0.75,diagnostic_test_set_scan_equal_dataset_macro_F1,45909,13934,32350,1411807,0.5866290139153324,0.767157395184065,0.664856410479211,0.4979662230321174,0.6554519873447202,D:\Retina\Retinal-Vessel-Segmentation-Benchmark-main\config\test_data\AFIO\masks\IM005321.png,D:\Retina\Retinal-Vessel-Segmentation-Benchmark-main\Models_output\SA-UNnetv2\test_data\AFIO\pred_masks\IM005321.png,D:\Retina\Retinal-Vessel-Segmentation-Benchmark-main\Models_output\SA-UNnetv2\test_data\AFIO\probability maps\IM005321.png
SA-UNnetv2,SA-UNnetv2,AFIO,IM005357,0.75,diagnostic_test_set_scan_equal_dataset_macro_F1,59305,15156,41754,1387785,0.586835412976578,0.796457205785579,0.6757634457611669,0.5103041776018586,0.6648010121949456,D:\Retina\Retinal-Vessel-Segmentation-Benchmark-main\config\test_data\AFIO\masks\IM005357.png,D:\Retina\Retinal-Vessel-Segmentation-Benchmark-main\Models_output\SA-UNnetv2\test_data\AFIO\pred_masks\IM005357.png,D:\Retina\Retinal-Vessel-Segmentation-Benchmark-main\Models_output\SA-UNnetv2\test_data\AFIO\probability maps\IM005357.png
SA-UNnetv2,SA-UNnetv2,AFIO,IM005387,0.75,diagnostic_test_set_scan_equal_dataset_macro_F1,69313,10615,53555,1370517,0.5641257284239998,0.8671929736763087,0.6835736405057299,0.5192646254579235,0.6794224400609199,D:\Retina\Retinal-Vessel-Segmentation-Benchmark-main\config\test_data\AFIO\masks\IM005387.png,D:\Retina\Retinal-Vessel-Segmentation-Benchmark-main\Models_output\SA-UNnetv2\test_data\AFIO\pred_masks\IM005387.png,D:\Retina\Retinal-Vessel-Segmentation-Benchmark-main\Models_output\SA-UNnetv2\test_data\AFIO\probability maps\IM005387.png
SA-UNnetv2,SA-UNnetv2,AFIO,IM005456,0.75,diagnostic_test_set_scan_equal_dataset_macro_F1,54769,11291,44307,1393633,0.5527978521539021,0.8290796245837118,0.6633199302393179,0.49624434840124315,0.6594427284958577,D:\Retina\Retinal-Vessel-Segmentation-Benchmark-main\config\test_data\AFIO\masks\IM005456.png,D:\Retina\Retinal-Vessel-Segmentation-Benchmark-main\Models_output\SA-UNnetv2\test_data\AFIO\pred_masks\IM005456.png,D:\Retina\Retinal-Vessel-Segmentation-Benchmark-main\Models_output\SA-UNnetv2\test_data\AFIO\probability maps\IM005456.png
SA-UNnetv2,SA-UNnetv2,AFIO,IM005457,0.75,diagnostic_test_set_scan_equal_dataset_macro_F1,54794,8765,45147,1395294,0.5482634754505158,0.8620966346229487,0.6702629969418961,0.504056813791327,0.6710335900921313,D:\Retina\Retinal-Vessel-Segmentation-Benchmark-main\config\test_data\AFIO\masks\IM005457.png,D:\Retina\Retinal-Vessel-Segmentation-Benchmark-main\Models_output\SA-UNnetv2\test_data\AFIO\pred_masks\IM005457.png,D:\Retina\Retinal-Vessel-Segmentation-Benchmark-main\Models_output\SA-UNnetv2\test_data\AFIO\probability maps\IM005457.png
SA-UNnetv2,SA-UNnetv2,AFIO,IM005488,0.75,diagnostic_test_set_scan_equal_dataset_macro_F1,85719,10737,72347,1335197,0.5422987865828198,0.8886849962677283,0.673568493096864,0.5078049560730555,0.6688644128736824,D:\Retina\Retinal-Vessel-Segmentation-Benchmark-main\config\test_data\AFIO\masks\IM005488.png,D:\Retina\Retinal-Vessel-Segmentation-Benchmark-main\Models_output\SA-UNnetv2\test_data\AFIO\pred_masks\IM005488.png,D:\Retina\Retinal-Vessel-Segmentation-Benchmark-main\Models_output\SA-UNnetv2\test_data\AFIO\probability maps\IM005488.png
SA-UNnetv2,SA-UNnetv2,AFIO,IM005489,0.75,diagnostic_test_set_scan_equal_dataset_macro_F1,77405,6618,77150,1342827,0.5008249490472647,0.9212358520881188,0.6488863181014176,0.4802603413723142,0.6556795260386509,D:\Retina\Retinal-Vessel-Segmentation-Benchmark-main\config\test_data\AFIO\masks\IM005489.png,D:\Retina\Retinal-Vessel-Segmentation-Benchmark-main\Models_output\SA-UNnetv2\test_data\AFIO\pred_masks\IM005489.png,D:\Retina\Retinal-Vessel-Segmentation-Benchmark-main\Models_output\SA-UNnetv2\test_data\AFIO\probability maps\IM005489.png
SA-UNnetv2,SA-UNnetv2,AFIO,IM005523,0.75,diagnostic_test_set_scan_equal_dataset_macro_F1,73454,9591,60767,1360188,0.5472616058589937,0.8845083990607502,0.6761665423950365,0.5107640530692849,0.6743590503490892,D:\Retina\Retinal-Vessel-Segmentation-Benchmark-main\config\test_data\AFIO\masks\IM005523.png,D:\Retina\Retinal-Vessel-Segmentation-Benchmark-main\Models_output\SA-UNnetv2\test_data\AFIO\pred_masks\IM005523.png,D:\Retina\Retinal-Vessel-Segmentation-Benchmark-main\Models_output\SA-UNnetv2\test_data\AFIO\probability maps\IM005523.png
SA-UNnetv2,SA-UNnetv2,AFIO,IM005524,0.75,diagnostic_test_set_scan_equal_dataset_macro_F1,78678,7937,80884,1336501,0.49308732655644827,0.9083646019742538,0.6391986253793002,0.46972220729676,0.6440023368607406,D:\Retina\Retinal-Vessel-Segmentation-Benchmark-main\config\test_data\AFIO\masks\IM005524.png,D:\Retina\Retinal-Vessel-Segmentation-Benchmark-main\Models_output\SA-UNnetv2\test_data\AFIO\pred_masks\IM005524.png,D:\Retina\Retinal-Vessel-Segmentation-Benchmark-main\Models_output\SA-UNnetv2\test_data\AFIO\probability maps\IM005524.png
SA-UNnetv2,SA-UNnetv2,AFIO,IM005558,0.75,diagnostic_test_set_scan_equal_dataset_macro_F1,81880,9326,66028,1346766,0.5535873651188576,0.8977479551783873,0.6848616141254799,0.5207525089993258,0.682097567058164,D:\Retina\Retinal-Vessel-Segmentation-Benchmark-main\config\test_data\AFIO\masks\IM005558.png,D:\Retina\Retinal-Vessel-Segmentation-Benchmark-main\Models_output\SA-UNnetv2\test_data\AFIO\pred_masks\IM005558.png,D:\Retina\Retinal-Vessel-Segmentation-Benchmark-main\Models_output\SA-UNnetv2\test_data\AFIO\probability maps\IM005558.png
SA-UNnetv2,SA-UNnetv2,AFIO,IM005713,0.75,diagnostic_test_set_scan_equal_dataset_macro_F1,79464,8748,67267,1348521,0.5415624510158045,0.900829819072235,0.6764534376423218,0.5110915300458583,0.6757403151437382,D:\Retina\Retinal-Vessel-Segmentation-Benchmark-main\config\test_data\AFIO\masks\IM005713.png,D:\Retina\Retinal-Vessel-Segmentation-Benchmark-main\Models_output\SA-UNnetv2\test_data\AFIO\pred_masks\IM005713.png,D:\Retina\Retinal-Vessel-Segmentation-Benchmark-main\Models_output\SA-UNnetv2\test_data\AFIO\probability maps\IM005713.png
SA-UNnetv2,SA-UNnetv2,AFIO,IM005806,0.75,diagnostic_test_set_scan_equal_dataset_macro_F1,59400,8616,54313,1381671,0.5223677152128604,0.8733239237826393,0.6537206499788145,0.48557578333837437,0.6567046171887746,D:\Retina\Retinal-Vessel-Segmentation-Benchmark-main\config\test_data\AFIO\masks\IM005806.png,D:\Retina\Retinal-Vessel-Segmentation-Benchmark-main\Models_output\SA-UNnetv2\test_data\AFIO\pred_masks\IM005806.png,D:\Retina\Retinal-Vessel-Segmentation-Benchmark-main\Models_output\SA-UNnetv2\test_data\AFIO\probability maps\IM005806.png
SA-UNnetv2,SA-UNnetv2,AFIO,IM005833,0.75,diagnostic_test_set_scan_equal_dataset_macro_F1,76774,18396,72234,1336596,0.5152340813916031,0.8067037932121467,0.6288363407022746,0.45861508685575014,0.6156037254709148,D:\Retina\Retinal-Vessel-Segmentation-Benchmark-main\config\test_data\AFIO\masks\IM005833.png,D:\Retina\Retinal-Vessel-Segmentation-Benchmark-main\Models_output\SA-UNnetv2\test_data\AFIO\pred_masks\IM005833.png,D:\Retina\Retinal-Vessel-Segmentation-Benchmark-main\Models_output\SA-UNnetv2\test_data\AFIO\probability maps\IM005833.png
SA-UNnetv2,SA-UNnetv2,AFIO,IM005834,0.75,diagnostic_test_set_scan_equal_dataset_macro_F1,92650,7429,76011,1327910,0.5493267560372582,0.9257686427722099,0.6895140284289648,0.5261513998523483,0.6884465701566084,D:\Retina\Retinal-Vessel-Segmentation-Benchmark-main\config\test_data\AFIO\masks\IM005834.png,D:\Retina\Retinal-Vessel-Segmentation-Benchmark-main\Models_output\SA-UNnetv2\test_data\AFIO\pred_masks\IM005834.png,D:\Retina\Retinal-Vessel-Segmentation-Benchmark-main\Models_output\SA-UNnetv2\test_data\AFIO\probability maps\IM005834.png
SA-UNnetv2,SA-UNnetv2,AFIO,IM006037,0.75,diagnostic_test_set_scan_equal_dataset_macro_F1,66507,11249,45730,1380514,0.5925586036690218,0.8553294922578322,0.7000994773491656,0.5385792721442106,0.6936709653824817,D:\Retina\Retinal-Vessel-Segmentation-Benchmark-main\config\test_data\AFIO\masks\IM006037.png,D:\Retina\Retinal-Vessel-Segmentation-Benchmark-main\Models_output\SA-UNnetv2\test_data\AFIO\pred_masks\IM006037.png,D:\Retina\Retinal-Vessel-Segmentation-Benchmark-main\Models_output\SA-UNnetv2\test_data\AFIO\probability maps\IM006037.png
SA-UNnetv2,SA-UNnetv2,AFIO,IM006105,0.75,diagnostic_test_set_scan_equal_dataset_macro_F1,69637,8915,70276,1355172,0.4977164380722306,0.8865083002342398,0.6375117295676653,0.4679025452199855,0.6412645829891568,D:\Retina\Retinal-Vessel-Segmentation-Benchmark-main\config\test_data\AFIO\masks\IM006105.png,D:\Retina\Retinal-Vessel-Segmentation-Benchmark-main\Models_output\SA-UNnetv2\test_data\AFIO\pred_masks\IM006105.png,D:\Retina\Retinal-Vessel-Segmentation-Benchmark-main\Models_output\SA-UNnetv2\test_data\AFIO\probability maps\IM006105.png
SA-UNnetv2,SA-UNnetv2,AFIO,IM006106,0.75,diagnostic_test_set_scan_equal_dataset_macro_F1,81606,10020,68019,1344355,0.5454035087719298,0.8906423940802829,0.6765236206274793,0.5111716621253406,0.6732461038951217,D:\Retina\Retinal-Vessel-Segmentation-Benchmark-main\config\test_data\AFIO\masks\IM006106.png,D:\Retina\Retinal-Vessel-Segmentation-Benchmark-main\Models_output\SA-UNnetv2\test_data\AFIO\pred_masks\IM006106.png,D:\Retina\Retinal-Vessel-Segmentation-Benchmark-main\Models_output\SA-UNnetv2\test_data\AFIO\probability maps\IM006106.png
SA-UNnetv2,SA-UNnetv2,CHASEDB1,Image_01L,0.75,diagnostic_test_set_scan_equal_dataset_macro_F1,58541,12823,8344,879332,0.8752485609628466,0.820315565271005,0.8468922017519114,0.7344432177447684,0.8355222862472107,D:\Retina\Retinal-Vessel-Segmentation-Benchmark-main\config\test_data\CHASEDB1\masks\Image_01L.png,D:\Retina\Retinal-Vessel-Segmentation-Benchmark-main\Models_output\SA-UNnetv2\test_data\CHASEDB1\pred_masks\Image_01L.png,D:\Retina\Retinal-Vessel-Segmentation-Benchmark-main\Models_output\SA-UNnetv2\test_data\CHASEDB1\probability maps\Image_01L.png
SA-UNnetv2,SA-UNnetv2,CHASEDB1,Image_01R,0.75,diagnostic_test_set_scan_equal_dataset_macro_F1,60837,11503,12001,874699,0.8352371015129465,0.8409870058059165,0.8381021917921447,0.7213217770716496,0.8248506808400815,D:\Retina\Retinal-Vessel-Segmentation-Benchmark-main\config\test_data\CHASEDB1\masks\Image_01R.png,D:\Retina\Retinal-Vessel-Segmentation-Benchmark-main\Models_output\SA-UNnetv2\test_data\CHASEDB1\pred_masks\Image_01R.png,D:\Retina\Retinal-Vessel-Segmentation-Benchmark-main\Models_output\SA-UNnetv2\test_data\CHASEDB1\probability maps\Image_01R.png
SA-UNnetv2,SA-UNnetv2,CHASEDB1,Image_02L,0.75,diagnostic_test_set_scan_equal_dataset_macro_F1,63318,14632,14502,866588,0.8136468774094063,0.81228992944195,0.8129678371958657,0.6848743131570978,0.7964364670637027,D:\Retina\Retinal-Vessel-Segmentation-Benchmark-main\config\test_data\CHASEDB1\masks\Image_02L.png,D:\Retina\Retinal-Vessel-Segmentation-Benchmark-main\Models_output\SA-UNnetv2\test_data\CHASEDB1\pred_masks\Image_02L.png,D:\Retina\Retinal-Vessel-Segmentation-Benchmark-main\Models_output\SA-UNnetv2\test_data\CHASEDB1\probability maps\Image_02L.png
SA-UNnetv2,SA-UNnetv2,CHASEDB1,Image_02R,0.75,diagnostic_test_set_scan_equal_dataset_macro_F1,61056,19037,13834,865113,0.8152757377486981,0.7623138101956476,0.7879057703102922,0.650036730652528,0.76979821314257,D:\Retina\Retinal-Vessel-Segmentation-Benchmark-main\config\test_data\CHASEDB1\masks\Image_02R.png,D:\Retina\Retinal-Vessel-Segmentation-Benchmark-main\Models_output\SA-UNnetv2\test_data\CHASEDB1\pred_masks\Image_02R.png,D:\Retina\Retinal-Vessel-Segmentation-Benchmark-main\Models_output\SA-UNnetv2\test_data\CHASEDB1\probability maps\Image_02R.png
SA-UNnetv2,SA-UNnetv2,CHASEDB1,Image_03L,0.75,diagnostic_test_set_scan_equal_dataset_macro_F1,62616,13918,12580,869926,0.8327038672269802,0.8181461833956151,0.8253608383312463,0.7026505375137464,0.8103977035726976,D:\Retina\Retinal-Vessel-Segmentation-Benchmark-main\config\test_data\CHASEDB1\masks\Image_03L.png,D:\Retina\Retinal-Vessel-Segmentation-Benchmark-main\Models_output\SA-UNnetv2\test_data\CHASEDB1\pred_masks\Image_03L.png,D:\Retina\Retinal-Vessel-Segmentation-Benchmark-main\Models_output\SA-UNnetv2\test_data\CHASEDB1\probability maps\Image_03L.png
SA-UNnetv2,SA-UNnetv2,CHASEDB1,Image_03R,0.75,diagnostic_test_set_scan_equal_dataset_macro_F1,60205,13665,12216,872954,0.831319644854393,0.815012860430486,0.8230854939811746,0.6993587807541296,0.8085262570929674,D:\Retina\Retinal-Vessel-Segmentation-Benchmark-main\config\test_data\CHASEDB1\masks\Image_03R.png,D:\Retina\Retinal-Vessel-Segmentation-Benchmark-main\Models_output\SA-UNnetv2\test_data\CHASEDB1\pred_masks\Image_03R.png,D:\Retina\Retinal-Vessel-Segmentation-Benchmark-main\Models_output\SA-UNnetv2\test_data\CHASEDB1\probability maps\Image_03R.png
SA-UNnetv2,SA-UNnetv2,CHASEDB1,Image_04L,0.75,diagnostic_test_set_scan_equal_dataset_macro_F1,64884,14305,10284,869567,0.8631864623243933,0.8193562237179406,0.8407004541420214,0.7251796631386005,0.8271011451148559,D:\Retina\Retinal-Vessel-Segmentation-Benchmark-main\config\test_data\CHASEDB1\masks\Image_04L.png,D:\Retina\Retinal-Vessel-Segmentation-Benchmark-main\Models_output\SA-UNnetv2\test_data\CHASEDB1\pred_masks\Image_04L.png,D:\Retina\Retinal-Vessel-Segmentation-Benchmark-main\Models_output\SA-UNnetv2\test_data\CHASEDB1\probability maps\Image_04L.png
SA-UNnetv2,SA-UNnetv2,CHASEDB1,Image_04R,0.75,diagnostic_test_set_scan_equal_dataset_macro_F1,59218,15618,14606,869598,0.8021510619852622,0.7913036506494201,0.7966904345486345,0.6620826904586212,0.7796312170049152,D:\Retina\Retinal-Vessel-Segmentation-Benchmark-main\config\test_data\CHASEDB1\masks\Image_04R.png,D:\Retina\Retinal-Vessel-Segmentation-Benchmark-main\Models_output\SA-UNnetv2\test_data\CHASEDB1\pred_masks\Image_04R.png,D:\Retina\Retinal-Vessel-Segmentation-Benchmark-main\Models_output\SA-UNnetv2\test_data\CHASEDB1\probability maps\Image_04R.png
SA-UNnetv2,SA-UNnetv2,CHASEDB1,Image_05L,0.75,diagnostic_test_set_scan_equal_dataset_macro_F1,63416,14858,12525,868241,0.8350693301378702,0.810179625418402,0.8224362091884706,0.6984217887862201,0.8070248483503423,D:\Retina\Retinal-Vessel-Segmentation-Benchmark-main\config\test_data\CHASEDB1\masks\Image_05L.png,D:\Retina\Retinal-Vessel-Segmentation-Benchmark-main\Models_output\SA-UNnetv2\test_data\CHASEDB1\pred_masks\Image_05L.png,D:\Retina\Retinal-Vessel-Segmentation-Benchmark-main\Models_output\SA-UNnetv2\test_data\CHASEDB1\probability maps\Image_05L.png
SA-UNnetv2,SA-UNnetv2,CHASEDB1,Image_05R,0.75,diagnostic_test_set_scan_equal_dataset_macro_F1,68029,12869,13634,864508,0.8330455653110956,0.8409231377784371,0.8369658159091049,0.7196399102949266,0.821880085328219,D:\Retina\Retinal-Vessel-Segmentation-Benchmark-main\config\test_data\CHASEDB1\masks\Image_05R.png,D:\Retina\Retinal-Vessel-Segmentation-Benchmark-main\Models_output\SA-UNnetv2\test_data\CHASEDB1\pred_masks\Image_05R.png,D:\Retina\Retinal-Vessel-Segmentation-Benchmark-main\Models_output\SA-UNnetv2\test_data\CHASEDB1\probability maps\Image_05R.png
SA-UNnetv2,SA-UNnetv2,CHASEDB1,Image_06L,0.75,diagnostic_test_set_scan_equal_dataset_macro_F1,58868,16202,13768,870202,0.8104521174073462,0.7841747702144665,0.7970969358049097,0.6626443638983318,0.7802976534191358,D:\Retina\Retinal-Vessel-Segmentation-Benchmark-main\config\test_data\CHASEDB1\masks\Image_06L.png,D:\Retina\Retinal-Vessel-Segmentation-Benchmark-main\Models_output\SA-UNnetv2\test_data\CHASEDB1\pred_masks\Image_06L.png,D:\Retina\Retinal-Vessel-Segmentation-Benchmark-main\Models_output\SA-UNnetv2\test_data\CHASEDB1\probability maps\Image_06L.png
SA-UNnetv2,SA-UNnetv2,CHASEDB1,Image_06R,0.75,diagnostic_test_set_scan_equal_dataset_macro_F1,60594,16361,11174,870911,0.8443038680191729,0.7873952309791437,0.814857150541611,0.6875602809517866,0.7998873186142241,D:\Retina\Retinal-Vessel-Segmentation-Benchmark-main\config\test_data\CHASEDB1\masks\Image_06R.png,D:\Retina\Retinal-Vessel-Segmentation-Benchmark-main\Models_output\SA-UNnetv2\test_data\CHASEDB1\pred_masks\Image_06R.png,D:\Retina\Retinal-Vessel-Segmentation-Benchmark-main\Models_output\SA-UNnetv2\test_data\CHASEDB1\probability maps\Image_06R.png
SA-UNnetv2,SA-UNnetv2,CHASEDB1,Image_07L,0.75,diagnostic_test_set_scan_equal_dataset_macro_F1,63773,17263,10926,867078,0.8537329816998889,0.7869712226664692,0.8189938035765885,0.6934712163719797,0.8038158808047668,D:\Retina\Retinal-Vessel-Segmentation-Benchmark-main\config\test_data\CHASEDB1\masks\Image_07L.png,D:\Retina\Retinal-Vessel-Segmentation-Benchmark-main\Models_output\SA-UNnetv2\test_data\CHASEDB1\pred_masks\Image_07L.png,D:\Retina\Retinal-Vessel-Segmentation-Benchmark-main\Models_output\SA-UNnetv2\test_data\CHASEDB1\probability maps\Image_07L.png
SA-UNnetv2,SA-UNnetv2,CHASEDB1,Image_07R,0.75,diagnostic_test_set_scan_equal_dataset_macro_F1,61079,16658,11889,869414,0.8370655629865147,0.7857133668651993,0.8105769549782689,0.6814875147836565,0.7949111367257905,D:\Retina\Retinal-Vessel-Segmentation-Benchmark-main\config\test_data\CHASEDB1\masks\Image_07R.png,D:\Retina\Retinal-Vessel-Segmentation-Benchmark-main\Models_output\SA-UNnetv2\test_data\CHASEDB1\pred_masks\Image_07R.png,D:\Retina\Retinal-Vessel-Segmentation-Benchmark-main\Models_output\SA-UNnetv2\test_data\CHASEDB1\probability maps\Image_07R.png
SA-UNnetv2,SA-UNnetv2,CHASEDB1,Image_08L,0.75,diagnostic_test_set_scan_equal_dataset_macro_F1,51254,17902,10772,879112,0.8263308934962758,0.7411359824165654,0.7814181823725815,0.6412521269142228,0.7667276937066829,D:\Retina\Retinal-Vessel-Segmentation-Benchmark-main\config\test_data\CHASEDB1\masks\Image_08L.png,D:\Retina\Retinal-Vessel-Segmentation-Benchmark-main\Models_output\SA-UNnetv2\test_data\CHASEDB1\pred_masks\Image_08L.png,D:\Retina\Retinal-Vessel-Segmentation-Benchmark-main\Models_output\SA-UNnetv2\test_data\CHASEDB1\probability maps\Image_08L.png
SA-UNnetv2,SA-UNnetv2,CHASEDB1,Image_08R,0.75,diagnostic_test_set_scan_equal_dataset_macro_F1,52258,17310,8677,880795,0.8576023631738738,0.7511787028518859,0.800870478073301,0.6678765416320531,0.7883884782758002,D:\Retina\Retinal-Vessel-Segmentation-Benchmark-main\config\test_data\CHASEDB1\masks\Image_08R.png,D:\Retina\Retinal-Vessel-Segmentation-Benchmark-main\Models_output\SA-UNnetv2\test_data\CHASEDB1\pred_masks\Image_08R.png,D:\Retina\Retinal-Vessel-Segmentation-Benchmark-main\Models_output\SA-UNnetv2\test_data\CHASEDB1\probability maps\Image_08R.png
SA-UNnetv2,SA-UNnetv2,CHASEDB1,Image_09L,0.75,diagnostic_test_set_scan_equal_dataset_macro_F1,41851,15919,6673,894597,0.8624804220591872,0.7244417517742773,0.787457429393945,0.6494266250795276,0.7783923825712626,D:\Retina\Retinal-Vessel-Segmentation-Benchmark-main\config\test_data\CHASEDB1\masks\Image_09L.png,D:\Retina\Retinal-Vessel-Segmentation-Benchmark-main\Models_output\SA-UNnetv2\test_data\CHASEDB1\pred_masks\Image_09L.png,D:\Retina\Retinal-Vessel-Segmentation-Benchmark-main\Models_output\SA-UNnetv2\test_data\CHASEDB1\probability maps\Image_09L.png
SA-UNnetv2,SA-UNnetv2,CHASEDB1,Image_09R,0.75,diagnostic_test_set_scan_equal_dataset_macro_F1,41307,16119,7512,894102,0.846125483930437,0.7193083272385331,0.7775801214174786,0.6360990483230158,0.7674534630106267,D:\Retina\Retinal-Vessel-Segmentation-Benchmark-main\config\test_data\CHASEDB1\masks\Image_09R.png,D:\Retina\Retinal-Vessel-Segmentation-Benchmark-main\Models_output\SA-UNnetv2\test_data\CHASEDB1\pred_masks\Image_09R.png,D:\Retina\Retinal-Vessel-Segmentation-Benchmark-main\Models_output\SA-UNnetv2\test_data\CHASEDB1\probability maps\Image_09R.png
SA-UNnetv2,SA-UNnetv2,CHASEDB1,Image_10L,0.75,diagnostic_test_set_scan_equal_dataset_macro_F1,52485,22303,7591,876661,0.8736433850456089,0.7017837086163555,0.7783396606952189,0.6371162553563409,0.7670793482466778,D:\Retina\Retinal-Vessel-Segmentation-Benchmark-main\config\test_data\CHASEDB1\masks\Image_10L.png,D:\Retina\Retinal-Vessel-Segmentation-Benchmark-main\Models_output\SA-UNnetv2\test_data\CHASEDB1\pred_masks\Image_10L.png,D:\Retina\Retinal-Vessel-Segmentation-Benchmark-main\Models_output\SA-UNnetv2\test_data\CHASEDB1\probability maps\Image_10L.png
SA-UNnetv2,SA-UNnetv2,CHASEDB1,Image_10R,0.75,diagnostic_test_set_scan_equal_dataset_macro_F1,50624,24650,8747,875019,0.8526721800205488,0.6725296915269549,0.7519625682349883,0.6025160376572524,0.7394948733799654,D:\Retina\Retinal-Vessel-Segmentation-Benchmark-main\config\test_data\CHASEDB1\masks\Image_10R.png,D:\Retina\Retinal-Vessel-Segmentation-Benchmark-main\Models_output\SA-UNnetv2\test_data\CHASEDB1\pred_masks\Image_10R.png,D:\Retina\Retinal-Vessel-Segmentation-Benchmark-main\Models_output\SA-UNnetv2\test_data\CHASEDB1\probability maps\Image_10R.png
SA-UNnetv2,SA-UNnetv2,CHASEDB1,Image_11L,0.75,diagnostic_test_set_scan_equal_dataset_macro_F1,45145,19058,5974,888863,0.8831354290968133,0.7031602884600409,0.7829382078007666,0.6433019365319121,0.7749000669384298,D:\Retina\Retinal-Vessel-Segmentation-Benchmark-main\config\test_data\CHASEDB1\masks\Image_11L.png,D:\Retina\Retinal-Vessel-Segmentation-Benchmark-main\Models_output\SA-UNnetv2\test_data\CHASEDB1\pred_masks\Image_11L.png,D:\Retina\Retinal-Vessel-Segmentation-Benchmark-main\Models_output\SA-UNnetv2\test_data\CHASEDB1\probability maps\Image_11L.png
SA-UNnetv2,SA-UNnetv2,CHASEDB1,Image_11R,0.75,diagnostic_test_set_scan_equal_dataset_macro_F1,43263,19051,7870,888856,0.84608765376567,0.694274159899862,0.7626997628848714,0.6164225464493331,0.7520685629053407,D:\Retina\Retinal-Vessel-Segmentation-Benchmark-main\config\test_data\CHASEDB1\masks\Image_11R.png,D:\Retina\Retinal-Vessel-Segmentation-Benchmark-main\Models_output\SA-UNnetv2\test_data\CHASEDB1\pred_masks\Image_11R.png,D:\Retina\Retinal-Vessel-Segmentation-Benchmark-main\Models_output\SA-UNnetv2\test_data\CHASEDB1\probability maps\Image_11R.png
SA-UNnetv2,SA-UNnetv2,CHASEDB1,Image_12L,0.75,diagnostic_test_set_scan_equal_dataset_macro_F1,57405,22898,11627,867110,0.8315708656854792,0.7148549867377308,0.7688083838350019,0.6244425106058958,0.7519297761607223,D:\Retina\Retinal-Vessel-Segmentation-Benchmark-main\config\test_data\CHASEDB1\masks\Image_12L.png,D:\Retina\Retinal-Vessel-Segmentation-Benchmark-main\Models_output\SA-UNnetv2\test_data\CHASEDB1\pred_masks\Image_12L.png,D:\Retina\Retinal-Vessel-Segmentation-Benchmark-main\Models_output\SA-UNnetv2\test_data\CHASEDB1\probability maps\Image_12L.png
SA-UNnetv2,SA-UNnetv2,CHASEDB1,Image_12R,0.75,diagnostic_test_set_scan_equal_dataset_macro_F1,61630,23458,8861,865091,0.8742960094196423,0.7243089507333584,0.7922663084349432,0.6559942096243707,0.7781655378862029,D:\Retina\Retinal-Vessel-Segmentation-Benchmark-main\config\test_data\CHASEDB1\masks\Image_12R.png,D:\Retina\Retinal-Vessel-Segmentation-Benchmark-main\Models_output\SA-UNnetv2\test_data\CHASEDB1\pred_masks\Image_12R.png,D:\Retina\Retinal-Vessel-Segmentation-Benchmark-main\Models_output\SA-UNnetv2\test_data\CHASEDB1\probability maps\Image_12R.png
SA-UNnetv2,SA-UNnetv2,CHASEDB1,Image_13L,0.75,diagnostic_test_set_scan_equal_dataset_macro_F1,51702,19786,7282,880270,0.8765427912654279,0.7232262757385854,0.7925378625298914,0.6563666370445601,0.7816832657746435,D:\Retina\Retinal-Vessel-Segmentation-Benchmark-main\config\test_data\CHASEDB1\masks\Image_13L.png,D:\Retina\Retinal-Vessel-Segmentation-Benchmark-main\Models_output\SA-UNnetv2\test_data\CHASEDB1\pred_masks\Image_13L.png,D:\Retina\Retinal-Vessel-Segmentation-Benchmark-main\Models_output\SA-UNnetv2\test_data\CHASEDB1\probability maps\Image_13L.png
SA-UNnetv2,SA-UNnetv2,CHASEDB1,Image_13R,0.75,diagnostic_test_set_scan_equal_dataset_macro_F1,49426,18374,11199,880041,0.8152742268041238,0.7289970501474926,0.7697255207319447,0.6256534892846745,0.7546097769931929,D:\Retina\Retinal-Vessel-Segmentation-Benchmark-main\config\test_data\CHASEDB1\masks\Image_13R.png,D:\Retina\Retinal-Vessel-Segmentation-Benchmark-main\Models_output\SA-UNnetv2\test_data\CHASEDB1\pred_masks\Image_13R.png,D:\Retina\Retinal-Vessel-Segmentation-Benchmark-main\Models_output\SA-UNnetv2\test_data\CHASEDB1\probability maps\Image_13R.png
SA-UNnetv2,SA-UNnetv2,CHASEDB1,Image_14L,0.75,diagnostic_test_set_scan_equal_dataset_macro_F1,56034,14763,9979,878264,0.8488328056594913,0.7914742150091105,0.8191506468825378,0.6936961473705061,0.8058502143240316,D:\Retina\Retinal-Vessel-Segmentation-Benchmark-main\config\test_data\CHASEDB1\masks\Image_14L.png,D:\Retina\Retinal-Vessel-Segmentation-Benchmark-main\Models_output\SA-UNnetv2\test_data\CHASEDB1\pred_masks\Image_14L.png,D:\Retina\Retinal-Vessel-Segmentation-Benchmark-main\Models_output\SA-UNnetv2\test_data\CHASEDB1\probability maps\Image_14L.png
SA-UNnetv2,SA-UNnetv2,CHASEDB1,Image_14R,0.75,diagnostic_test_set_scan_equal_dataset_macro_F1,46907,19864,9202,883067,0.8359977900158619,0.7025055787692261,0.7634602864583332,0.6174167138325458,0.7506287842196745,D:\Retina\Retinal-Vessel-Segmentation-Benchmark-main\config\test_data\CHASEDB1\masks\Image_14R.png,D:\Retina\Retinal-Vessel-Segmentation-Benchmark-main\Models_output\SA-UNnetv2\test_data\CHASEDB1\pred_masks\Image_14R.png,D:\Retina\Retinal-Vessel-Segmentation-Benchmark-main\Models_output\SA-UNnetv2\test_data\CHASEDB1\probability maps\Image_14R.png
SA-UNnetv2,SA-UNnetv2,DualModal2019,DualModal2019_A1_L4,0.75,diagnostic_test_set_scan_equal_dataset_macro_F1,69150,34871,5713,938842,0.9236872687442395,0.6647696138279771,0.773126718991078,0.6301602055880584,0.7647627439686602,D:\Retina\Retinal-Vessel-Segmentation-Benchmark-main\config\test_data\DualModal2019\masks\DualModal2019_A1_L4.png,D:\Retina\Retinal-Vessel-Segmentation-Benchmark-main\Models_output\SA-UNnetv2\test_data\DualModal2019\pred_masks\DualModal2019_A1_L4.png,D:\Retina\Retinal-Vessel-Segmentation-Benchmark-main\Models_output\SA-UNnetv2\test_data\DualModal2019\probability maps\DualModal2019_A1_L4.png
SA-UNnetv2,SA-UNnetv2,DualModal2019,DualModal2019_A1_R2,0.75,diagnostic_test_set_scan_equal_dataset_macro_F1,60635,43321,4184,940436,0.9354510251623752,0.5832756166070261,0.718530588061028,0.5607083410393934,0.7183259330607518,D:\Retina\Retinal-Vessel-Segmentation-Benchmark-main\config\test_data\DualModal2019\masks\DualModal2019_A1_R2.png,D:\Retina\Retinal-Vessel-Segmentation-Benchmark-main\Models_output\SA-UNnetv2\test_data\DualModal2019\pred_masks\DualModal2019_A1_R2.png,D:\Retina\Retinal-Vessel-Segmentation-Benchmark-main\Models_output\SA-UNnetv2\test_data\DualModal2019\probability maps\DualModal2019_A1_R2.png
SA-UNnetv2,SA-UNnetv2,DualModal2019,DualModal2019_A2_R2,0.75,diagnostic_test_set_scan_equal_dataset_macro_F1,55347,39517,3893,949819,0.9342842673869007,0.5834352335975712,0.718307117271453,0.5604362222424739,0.7198191316872778,D:\Retina\Retinal-Vessel-Segmentation-Benchmark-main\config\test_data\DualModal2019\masks\DualModal2019_A2_R2.png,D:\Retina\Retinal-Vessel-Segmentation-Benchmark-main\Models_output\SA-UNnetv2\test_data\DualModal2019\pred_masks\DualModal2019_A2_R2.png,D:\Retina\Retinal-Vessel-Segmentation-Benchmark-main\Models_output\SA-UNnetv2\test_data\DualModal2019\probability maps\DualModal2019_A2_R2.png
SA-UNnetv2,SA-UNnetv2,DualModal2019,DualModal2019_A3_L1,0.75,diagnostic_test_set_scan_equal_dataset_macro_F1,65250,39614,4233,939479,0.939078623548206,0.6222345132743363,0.7485072871916352,0.5980916065519675,0.7450643274689779,D:\Retina\Retinal-Vessel-Segmentation-Benchmark-main\config\test_data\DualModal2019\masks\DualModal2019_A3_L1.png,D:\Retina\Retinal-Vessel-Segmentation-Benchmark-main\Models_output\SA-UNnetv2\test_data\DualModal2019\pred_masks\DualModal2019_A3_L1.png,D:\Retina\Retinal-Vessel-Segmentation-Benchmark-main\Models_output\SA-UNnetv2\test_data\DualModal2019\probability maps\DualModal2019_A3_L1.png
SA-UNnetv2,SA-UNnetv2,DualModal2019,DualModal2019_A3_R1,0.75,diagnostic_test_set_scan_equal_dataset_macro_F1,50493,47997,3083,947003,0.9424555771240855,0.5126713371915931,0.6640932226796259,0.4971104525809024,0.6749354895468513,D:\Retina\Retinal-Vessel-Segmentation-Benchmark-main\config\test_data\DualModal2019\masks\DualModal2019_A3_R1.png,D:\Retina\Retinal-Vessel-Segmentation-Benchmark-main\Models_output\SA-UNnetv2\test_data\DualModal2019\pred_masks\DualModal2019_A3_R1.png,D:\Retina\Retinal-Vessel-Segmentation-Benchmark-main\Models_output\SA-UNnetv2\test_data\DualModal2019\probability maps\DualModal2019_A3_R1.png
SA-UNnetv2,SA-UNnetv2,DualModal2019,DualModal2019_A4_L3,0.75,diagnostic_test_set_scan_equal_dataset_macro_F1,55945,40522,1979,950130,0.9658345418134107,0.5799392538381001,0.7247184097518637,0.5682810881092172,0.7310819404884659,D:\Retina\Retinal-Vessel-Segmentation-Benchmark-main\config\test_data\DualModal2019\masks\DualModal2019_A4_L3.png,D:\Retina\Retinal-Vessel-Segmentation-Benchmark-main\Models_output\SA-UNnetv2\test_data\DualModal2019\pred_masks\DualModal2019_A4_L3.png,D:\Retina\Retinal-Vessel-Segmentation-Benchmark-main\Models_output\SA-UNnetv2\test_data\DualModal2019\probability maps\DualModal2019_A4_L3.png
SA-UNnetv2,SA-UNnetv2,DualModal2019,DualModal2019_A4_R2,0.75,diagnostic_test_set_scan_equal_dataset_macro_F1,56377,41043,2229,948927,0.9619663515680988,0.5787004721823035,0.7226616076807711,0.5657558028680669,0.7283824268799444,D:\Retina\Retinal-Vessel-Segmentation-Benchmark-main\config\test_data\DualModal2019\masks\DualModal2019_A4_R2.png,D:\Retina\Retinal-Vessel-Segmentation-Benchmark-main\Models_output\SA-UNnetv2\test_data\DualModal2019\pred_masks\DualModal2019_A4_R2.png,D:\Retina\Retinal-Vessel-Segmentation-Benchmark-main\Models_output\SA-UNnetv2\test_data\DualModal2019\probability maps\DualModal2019_A4_R2.png
SA-UNnetv2,SA-UNnetv2,DualModal2019,DualModal2019_A5_R4,0.75,diagnostic_test_set_scan_equal_dataset_macro_F1,54030,42684,1697,950165,0.9695479749493064,0.5586574849556424,0.7088644131172059,0.5490239912204936,0.7183145990556182,D:\Retina\Retinal-Vessel-Segmentation-Benchmark-main\config\test_data\DualModal2019\masks\DualModal2019_A5_R4.png,D:\Retina\Retinal-Vessel-Segmentation-Benchmark-main\Models_output\SA-UNnetv2\test_data\DualModal2019\pred_masks\DualModal2019_A5_R4.png,D:\Retina\Retinal-Vessel-Segmentation-Benchmark-main\Models_output\SA-UNnetv2\test_data\DualModal2019\probability maps\DualModal2019_A5_R4.png
SA-UNnetv2,SA-UNnetv2,DualModal2019,DualModal2019_A6_L2,0.75,diagnostic_test_set_scan_equal_dataset_macro_F1,58552,41847,3143,945034,0.949055839209012,0.5831930596918296,0.7224450010487741,0.5654903324254892,0.7250849050132459,D:\Retina\Retinal-Vessel-Segmentation-Benchmark-main\config\test_data\DualModal2019\masks\DualModal2019_A6_L2.png,D:\Retina\Retinal-Vessel-Segmentation-Benchmark-main\Models_output\SA-UNnetv2\test_data\DualModal2019\pred_masks\DualModal2019_A6_L2.png,D:\Retina\Retinal-Vessel-Segmentation-Benchmark-main\Models_output\SA-UNnetv2\test_data\DualModal2019\probability maps\DualModal2019_A6_L2.png
SA-UNnetv2,SA-UNnetv2,DualModal2019,DualModal2019_A6_R3,0.75,diagnostic_test_set_scan_equal_dataset_macro_F1,57414,50940,1853,938369,0.9687347090286331,0.529874300902597,0.6850454298685724,0.5209650929614271,0.6958566137798557,D:\Retina\Retinal-Vessel-Segmentation-Benchmark-main\config\test_data\DualModal2019\masks\DualModal2019_A6_R3.png,D:\Retina\Retinal-Vessel-Segmentation-Benchmark-main\Models_output\SA-UNnetv2\test_data\DualModal2019\pred_masks\DualModal2019_A6_R3.png,D:\Retina\Retinal-Vessel-Segmentation-Benchmark-main\Models_output\SA-UNnetv2\test_data\DualModal2019\probability maps\DualModal2019_A6_R3.png
SA-UNnetv2,SA-UNnetv2,DualModal2019,DualModal2019_A7_L1,0.75,diagnostic_test_set_scan_equal_dataset_macro_F1,54070,43995,3376,947135,0.9412317654841068,0.5513689899556417,0.6953848923870337,0.5330191934227778,0.7009322764548511,D:\Retina\Retinal-Vessel-Segmentation-Benchmark-main\config\test_data\DualModal2019\masks\DualModal2019_A7_L1.png,D:\Retina\Retinal-Vessel-Segmentation-Benchmark-main\Models_output\SA-UNnetv2\test_data\DualModal2019\pred_masks\DualModal2019_A7_L1.png,D:\Retina\Retinal-Vessel-Segmentation-Benchmark-main\Models_output\SA-UNnetv2\test_data\DualModal2019\probability maps\DualModal2019_A7_L1.png
SA-UNnetv2,SA-UNnetv2,DualModal2019,DualModal2019_A7_R1,0.75,diagnostic_test_set_scan_equal_dataset_macro_F1,50255,45564,2000,950757,0.9617261506075974,0.5244784437324539,0.6787822305063684,0.5137549964730779,0.6917342177803127,D:\Retina\Retinal-Vessel-Segmentation-Benchmark-main\config\test_data\DualModal2019\masks\DualModal2019_A7_R1.png,D:\Retina\Retinal-Vessel-Segmentation-Benchmark-main\Models_output\SA-UNnetv2\test_data\DualModal2019\pred_masks\DualModal2019_A7_R1.png,D:\Retina\Retinal-Vessel-Segmentation-Benchmark-main\Models_output\SA-UNnetv2\test_data\DualModal2019\probability maps\DualModal2019_A7_R1.png
SA-UNnetv2,SA-UNnetv2,DualModal2019,DualModal2019_C1_L4,0.75,diagnostic_test_set_scan_equal_dataset_macro_F1,68350,33283,2990,943953,0.9580880291561537,0.6725177845778438,0.7902967515161325,0.6532980319814955,0.7864532875525119,D:\Retina\Retinal-Vessel-Segmentation-Benchmark-main\config\test_data\DualModal2019\masks\DualModal2019_C1_L4.png,D:\Retina\Retinal-Vessel-Segmentation-Benchmark-main\Models_output\SA-UNnetv2\test_data\DualModal2019\pred_masks\DualModal2019_C1_L4.png,D:\Retina\Retinal-Vessel-Segmentation-Benchmark-main\Models_output\SA-UNnetv2\test_data\DualModal2019\probability maps\DualModal2019_C1_L4.png
SA-UNnetv2,SA-UNnetv2,DualModal2019,DualModal2019_C1_R4,0.75,diagnostic_test_set_scan_equal_dataset_macro_F1,68976,34278,3064,942258,0.9574680732926152,0.6680225463420303,0.7869750248154529,0.6487706691247014,0.7830529917228147,D:\Retina\Retinal-Vessel-Segmentation-Benchmark-main\config\test_data\DualModal2019\masks\DualModal2019_C1_R4.png,D:\Retina\Retinal-Vessel-Segmentation-Benchmark-main\Models_output\SA-UNnetv2\test_data\DualModal2019\pred_masks\DualModal2019_C1_R4.png,D:\Retina\Retinal-Vessel-Segmentation-Benchmark-main\Models_output\SA-UNnetv2\test_data\DualModal2019\probability maps\DualModal2019_C1_R4.png
SA-UNnetv2,SA-UNnetv2,DualModal2019,DualModal2019_C2_L4,0.75,diagnostic_test_set_scan_equal_dataset_macro_F1,64309,31713,2442,950112,0.9634162784078141,0.6697319364312345,0.790167902539119,0.65312195320117,0.7881695445663739,D:\Retina\Retinal-Vessel-Segmentation-Benchmark-main\config\test_data\DualModal2019\masks\DualModal2019_C2_L4.png,D:\Retina\Retinal-Vessel-Segmentation-Benchmark-main\Models_output\SA-UNnetv2\test_data\DualModal2019\pred_masks\DualModal2019_C2_L4.png,D:\Retina\Retinal-Vessel-Segmentation-Benchmark-main\Models_output\SA-UNnetv2\test_data\DualModal2019\probability maps\DualModal2019_C2_L4.png
SA-UNnetv2,SA-UNnetv2,DualModal2019,DualModal2019_C2_R3,0.75,diagnostic_test_set_scan_equal_dataset_macro_F1,62844,38915,3569,943248,0.9462605212834837,0.6175768236716163,0.747377684751326,0.5966504633145983,0.7459903175076902,D:\Retina\Retinal-Vessel-Segmentation-Benchmark-main\config\test_data\DualModal2019\masks\DualModal2019_C2_R3.png,D:\Retina\Retinal-Vessel-Segmentation-Benchmark-main\Models_output\SA-UNnetv2\test_data\DualModal2019\pred_masks\DualModal2019_C2_R3.png,D:\Retina\Retinal-Vessel-Segmentation-Benchmark-main\Models_output\SA-UNnetv2\test_data\DualModal2019\probability maps\DualModal2019_C2_R3.png
SA-UNnetv2,SA-UNnetv2,DualModal2019,DualModal2019_C3_L1,0.75,diagnostic_test_set_scan_equal_dataset_macro_F1,61611,41494,3086,942385,0.9523007249176932,0.5975558896270792,0.7343297457718023,0.5801904116168037,0.7354461340368764,D:\Retina\Retinal-Vessel-Segmentation-Benchmark-main\config\test_data\DualModal2019\masks\DualModal2019_C3_L1.png,D:\Retina\Retinal-Vessel-Segmentation-Benchmark-main\Models_output\SA-UNnetv2\test_data\DualModal2019\pred_masks\DualModal2019_C3_L1.png,D:\Retina\Retinal-Vessel-Segmentation-Benchmark-main\Models_output\SA-UNnetv2\test_data\DualModal2019\probability maps\DualModal2019_C3_L1.png
SA-UNnetv2,SA-UNnetv2,DualModal2019,DualModal2019_C3_R1,0.75,diagnostic_test_set_scan_equal_dataset_macro_F1,68667,36919,3480,939510,0.9517651461599235,0.6503419013884416,0.7726983734028009,0.629591256670273,0.7687719636354653,D:\Retina\Retinal-Vessel-Segmentation-Benchmark-main\config\test_data\DualModal2019\masks\DualModal2019_C3_R1.png,D:\Retina\Retinal-Vessel-Segmentation-Benchmark-main\Models_output\SA-UNnetv2\test_data\DualModal2019\pred_masks\DualModal2019_C3_R1.png,D:\Retina\Retinal-Vessel-Segmentation-Benchmark-main\Models_output\SA-UNnetv2\test_data\DualModal2019\probability maps\DualModal2019_C3_R1.png
SA-UNnetv2,SA-UNnetv2,DualModal2019,DualModal2019_C4_L2,0.75,diagnostic_test_set_scan_equal_dataset_macro_F1,51026,44241,5529,947780,0.9022367606754487,0.5356104422307829,0.6721818972217465,0.5062304059684908,0.6740821608144411,D:\Retina\Retinal-Vessel-Segmentation-Benchmark-main\config\test_data\DualModal2019\masks\DualModal2019_C4_L2.png,D:\Retina\Retinal-Vessel-Segmentation-Benchmark-main\Models_output\SA-UNnetv2\test_data\DualModal2019\pred_masks\DualModal2019_C4_L2.png,D:\Retina\Retinal-Vessel-Segmentation-Benchmark-main\Models_output\SA-UNnetv2\test_data\DualModal2019\probability maps\DualModal2019_C4_L2.png
SA-UNnetv2,SA-UNnetv2,DualModal2019,DualModal2019_C4_R2,0.75,diagnostic_test_set_scan_equal_dataset_macro_F1,55418,41639,6257,945262,0.8985488447507094,0.5709840609126595,0.6982587001990777,0.5364035851869059,0.6952230312994383,D:\Retina\Retinal-Vessel-Segmentation-Benchmark-main\config\test_data\DualModal2019\masks\DualModal2019_C4_R2.png,D:\Retina\Retinal-Vessel-Segmentation-Benchmark-main\Models_output\SA-UNnetv2\test_data\DualModal2019\pred_masks\DualModal2019_C4_R2.png,D:\Retina\Retinal-Vessel-Segmentation-Benchmark-main\Models_output\SA-UNnetv2\test_data\DualModal2019\probability maps\DualModal2019_C4_R2.png
SA-UNnetv2,SA-UNnetv2,DualModal2019,DualModal2019_C5_L1,0.75,diagnostic_test_set_scan_equal_dataset_macro_F1,70057,37653,3620,937246,0.9508666205192937,0.650422430600687,0.772458886248739,0.6292733315368724,0.7680066312815138,D:\Retina\Retinal-Vessel-Segmentation-Benchmark-main\config\test_data\DualModal2019\masks\DualModal2019_C5_L1.png,D:\Retina\Retinal-Vessel-Segmentation-Benchmark-main\Models_output\SA-UNnetv2\test_data\DualModal2019\pred_masks\DualModal2019_C5_L1.png,D:\Retina\Retinal-Vessel-Segmentation-Benchmark-main\Models_output\SA-UNnetv2\test_data\DualModal2019\probability maps\DualModal2019_C5_L1.png
SA-UNnetv2,SA-UNnetv2,DualModal2019,DualModal2019_C5_R1,0.75,diagnostic_test_set_scan_equal_dataset_macro_F1,66707,40513,3059,938297,0.9561534271708282,0.622150718149599,0.7538110359011447,0.6048930440065652,0.752428138301708,D:\Retina\Retinal-Vessel-Segmentation-Benchmark-main\config\test_data\DualModal2019\masks\DualModal2019_C5_R1.png,D:\Retina\Retinal-Vessel-Segmentation-Benchmark-main\Models_output\SA-UNnetv2\test_data\DualModal2019\pred_masks\DualModal2019_C5_R1.png,D:\Retina\Retinal-Vessel-Segmentation-Benchmark-main\Models_output\SA-UNnetv2\test_data\DualModal2019\probability maps\DualModal2019_C5_R1.png
SA-UNnetv2,SA-UNnetv2,DualModal2019,DualModal2019_C6_L2,0.75,diagnostic_test_set_scan_equal_dataset_macro_F1,69948,32540,2841,943247,0.9609693772410667,0.6824994145656077,0.7981423689360271,0.6640906113226177,0.7939243538310691,D:\Retina\Retinal-Vessel-Segmentation-Benchmark-main\config\test_data\DualModal2019\masks\DualModal2019_C6_L2.png,D:\Retina\Retinal-Vessel-Segmentation-Benchmark-main\Models_output\SA-UNnetv2\test_data\DualModal2019\pred_masks\DualModal2019_C6_L2.png,D:\Retina\Retinal-Vessel-Segmentation-Benchmark-main\Models_output\SA-UNnetv2\test_data\DualModal2019\probability maps\DualModal2019_C6_L2.png
SA-UNnetv2,SA-UNnetv2,DualModal2019,DualModal2019_C6_R2,0.75,diagnostic_test_set_scan_equal_dataset_macro_F1,68612,35083,3355,941526,0.9533814109244515,0.6616712474082647,0.7811820427867154,0.6409341429238673,0.7770444232236756,D:\Retina\Retinal-Vessel-Segmentation-Benchmark-main\config\test_data\DualModal2019\masks\DualModal2019_C6_R2.png,D:\Retina\Retinal-Vessel-Segmentation-Benchmark-main\Models_output\SA-UNnetv2\test_data\DualModal2019\pred_masks\DualModal2019_C6_R2.png,D:\Retina\Retinal-Vessel-Segmentation-Benchmark-main\Models_output\SA-UNnetv2\test_data\DualModal2019\probability maps\DualModal2019_C6_R2.png
SA-UNnetv2,SA-UNnetv2,DualModal2019,DualModal2019_C7_L4,0.75,diagnostic_test_set_scan_equal_dataset_macro_F1,70707,37098,3105,937666,0.9579336693220615,0.6558786698205092,0.7786385635705908,0.6375169055991344,0.7747841674327541,D:\Retina\Retinal-Vessel-Segmentation-Benchmark-main\config\test_data\DualModal2019\masks\DualModal2019_C7_L4.png,D:\Retina\Retinal-Vessel-Segmentation-Benchmark-main\Models_output\SA-UNnetv2\test_data\DualModal2019\pred_masks\DualModal2019_C7_L4.png,D:\Retina\Retinal-Vessel-Segmentation-Benchmark-main\Models_output\SA-UNnetv2\test_data\DualModal2019\probability maps\DualModal2019_C7_L4.png
SA-UNnetv2,SA-UNnetv2,DualModal2019,DualModal2019_C7_R3,0.75,diagnostic_test_set_scan_equal_dataset_macro_F1,71143,36431,3624,937378,0.9515294180587692,0.6613401007678436,0.7803291634903834,0.6397866868109139,0.7752566122926966,D:\Retina\Retinal-Vessel-Segmentation-Benchmark-main\config\test_data\DualModal2019\masks\DualModal2019_C7_R3.png,D:\Retina\Retinal-Vessel-Segmentation-Benchmark-main\Models_output\SA-UNnetv2\test_data\DualModal2019\pred_masks\DualModal2019_C7_R3.png,D:\Retina\Retinal-Vessel-Segmentation-Benchmark-main\Models_output\SA-UNnetv2\test_data\DualModal2019\probability maps\DualModal2019_C7_R3.png
SA-UNnetv2,SA-UNnetv2,DualModal2019,DualModal2019_C8_L4,0.75,diagnostic_test_set_scan_equal_dataset_macro_F1,78693,34915,5130,929838,0.938799613471243,0.6926712907541722,0.7971696440781844,0.6627448668497027,0.7875651662716623,D:\Retina\Retinal-Vessel-Segmentation-Benchmark-main\config\test_data\DualModal2019\masks\DualModal2019_C8_L4.png,D:\Retina\Retinal-Vessel-Segmentation-Benchmark-main\Models_output\SA-UNnetv2\test_data\DualModal2019\pred_masks\DualModal2019_C8_L4.png,D:\Retina\Retinal-Vessel-Segmentation-Benchmark-main\Models_output\SA-UNnetv2\test_data\DualModal2019\probability maps\DualModal2019_C8_L4.png
SA-UNnetv2,SA-UNnetv2,DualModal2019,DualModal2019_C8_R2,0.75,diagnostic_test_set_scan_equal_dataset_macro_F1,78799,37012,3625,929140,0.9560200912355624,0.6804103237170908,0.7950059273084975,0.659759201580763,0.7879427812642418,D:\Retina\Retinal-Vessel-Segmentation-Benchmark-main\config\test_data\DualModal2019\masks\DualModal2019_C8_R2.png,D:\Retina\Retinal-Vessel-Segmentation-Benchmark-main\Models_output\SA-UNnetv2\test_data\DualModal2019\pred_masks\DualModal2019_C8_R2.png,D:\Retina\Retinal-Vessel-Segmentation-Benchmark-main\Models_output\SA-UNnetv2\test_data\DualModal2019\probability maps\DualModal2019_C8_R2.png
SA-UNnetv2,SA-UNnetv2,DualModal2019,DualModal2019_C9_L4,0.75,diagnostic_test_set_scan_equal_dataset_macro_F1,72703,33578,3399,938896,0.955336259231032,0.6840639436964274,0.7972563232318801,0.66286469730124,0.7915617113130139,D:\Retina\Retinal-Vessel-Segmentation-Benchmark-main\config\test_data\DualModal2019\masks\DualModal2019_C9_L4.png,D:\Retina\Retinal-Vessel-Segmentation-Benchmark-main\Models_output\SA-UNnetv2\test_data\DualModal2019\pred_masks\DualModal2019_C9_L4.png,D:\Retina\Retinal-Vessel-Segmentation-Benchmark-main\Models_output\SA-UNnetv2\test_data\DualModal2019\probability maps\DualModal2019_C9_L4.png
SA-UNnetv2,SA-UNnetv2,DualModal2019,DualModal2019_C9_R5,0.75,diagnostic_test_set_scan_equal_dataset_macro_F1,76739,30646,3725,937466,0.9537060051700139,0.7146156353308191,0.8170285708201801,0.6906579065790658,0.8094828669189572,D:\Retina\Retinal-Vessel-Segmentation-Benchmark-main\config\test_data\DualModal2019\masks\DualModal2019_C9_R5.png,D:\Retina\Retinal-Vessel-Segmentation-Benchmark-main\Models_output\SA-UNnetv2\test_data\DualModal2019\pred_masks\DualModal2019_C9_R5.png,D:\Retina\Retinal-Vessel-Segmentation-Benchmark-main\Models_output\SA-UNnetv2\test_data\DualModal2019\probability maps\DualModal2019_C9_R5.png
SA-UNnetv2,SA-UNnetv2,HRF,01_dr,0.75,diagnostic_test_set_scan_equal_dataset_macro_F1,355862,313733,60420,7455329,0.8548580049101331,0.5314585682390102,0.6554370338445331,0.4874721752292761,0.652926027575298,D:\Retina\Retinal-Vessel-Segmentation-Benchmark-main\config\test_data\HRF\masks\01_dr.tif,D:\Retina\Retinal-Vessel-Segmentation-Benchmark-main\Models_output\SA-UNnetv2\test_data\HRF\pred_masks\01_dr.png,D:\Retina\Retinal-Vessel-Segmentation-Benchmark-main\Models_output\SA-UNnetv2\test_data\HRF\probability maps\01_dr.png
SA-UNnetv2,SA-UNnetv2,HRF,01_g,0.75,diagnostic_test_set_scan_equal_dataset_macro_F1,462701,303906,84931,7333806,0.8449122768574517,0.603570016970886,0.7041352448070708,0.5433709358830727,0.6904566415968072,D:\Retina\Retinal-Vessel-Segmentation-Benchmark-main\config\test_data\HRF\masks\01_g.tif,D:\Retina\Retinal-Vessel-Segmentation-Benchmark-main\Models_output\SA-UNnetv2\test_data\HRF\pred_masks\01_g.png,D:\Retina\Retinal-Vessel-Segmentation-Benchmark-main\Models_output\SA-UNnetv2\test_data\HRF\probability maps\01_g.png
SA-UNnetv2,SA-UNnetv2,HRF,01_h,0.75,diagnostic_test_set_scan_equal_dataset_macro_F1,633742,136812,200146,7214644,0.7599845542806708,0.8224498218165113,0.7899843060702725,0.6528711239311836,0.7679397355584129,D:\Retina\Retinal-Vessel-Segmentation-Benchmark-main\config\test_data\HRF\masks\01_h.tif,D:\Retina\Retinal-Vessel-Segmentation-Benchmark-main\Models_output\SA-UNnetv2\test_data\HRF\pred_masks\01_h.png,D:\Retina\Retinal-Vessel-Segmentation-Benchmark-main\Models_output\SA-UNnetv2\test_data\HRF\probability maps\01_h.png
SA-UNnetv2,SA-UNnetv2,HRF,02_dr,0.75,diagnostic_test_set_scan_equal_dataset_macro_F1,437279,267770,84599,7395696,0.8378950635972392,0.6202107938597176,0.7128036142329577,0.5537644621400928,0.6992278864054695,D:\Retina\Retinal-Vessel-Segmentation-Benchmark-main\config\test_data\HRF\masks\02_dr.tif,D:\Retina\Retinal-Vessel-Segmentation-Benchmark-main\Models_output\SA-UNnetv2\test_data\HRF\pred_masks\02_dr.png,D:\Retina\Retinal-Vessel-Segmentation-Benchmark-main\Models_output\SA-UNnetv2\test_data\HRF\probability maps\02_dr.png
SA-UNnetv2,SA-UNnetv2,HRF,02_g,0.75,diagnostic_test_set_scan_equal_dataset_macro_F1,508828,261445,100894,7314177,0.8345245866148835,0.6605813782905541,0.7374345559223041,0.5840763022474451,0.7194361481183581,D:\Retina\Retinal-Vessel-Segmentation-Benchmark-main\config\test_data\HRF\masks\02_g.tif,D:\Retina\Retinal-Vessel-Segmentation-Benchmark-main\Models_output\SA-UNnetv2\test_data\HRF\pred_masks\02_g.png,D:\Retina\Retinal-Vessel-Segmentation-Benchmark-main\Models_output\SA-UNnetv2\test_data\HRF\probability maps\02_g.png
SA-UNnetv2,SA-UNnetv2,HRF,02_h,0.75,diagnostic_test_set_scan_equal_dataset_macro_F1,655490,133993,152948,7242913,0.8108104764991255,0.8302775360584078,0.8204285443398015,0.6955310256135463,0.8010771413720369,D:\Retina\Retinal-Vessel-Segmentation-Benchmark-main\config\test_data\HRF\masks\02_h.tif,D:\Retina\Retinal-Vessel-Segmentation-Benchmark-main\Models_output\SA-UNnetv2\test_data\HRF\pred_masks\02_h.png,D:\Retina\Retinal-Vessel-Segmentation-Benchmark-main\Models_output\SA-UNnetv2\test_data\HRF\probability maps\02_h.png
SA-UNnetv2,SA-UNnetv2,HRF,03_dr,0.75,diagnostic_test_set_scan_equal_dataset_macro_F1,407350,220630,87050,7470314,0.8239279935275081,0.6486671550049364,0.7258682442666476,0.5696963763758164,0.7118192788079819,D:\Retina\Retinal-Vessel-Segmentation-Benchmark-main\config\test_data\HRF\masks\03_dr.tif,D:\Retina\Retinal-Vessel-Segmentation-Benchmark-main\Models_output\SA-UNnetv2\test_data\HRF\pred_masks\03_dr.png,D:\Retina\Retinal-Vessel-Segmentation-Benchmark-main\Models_output\SA-UNnetv2\test_data\HRF\probability maps\03_dr.png
SA-UNnetv2,SA-UNnetv2,HRF,03_g,0.75,diagnostic_test_set_scan_equal_dataset_macro_F1,396113,231137,76622,7481472,0.8379176494230383,0.63150737345556,0.7202152756628499,0.5627628318785234,0.7085442335065435,D:\Retina\Retinal-Vessel-Segmentation-Benchmark-main\config\test_data\HRF\masks\03_g.tif,D:\Retina\Retinal-Vessel-Segmentation-Benchmark-main\Models_output\SA-UNnetv2\test_data\HRF\pred_masks\03_g.png,D:\Retina\Retinal-Vessel-Segmentation-Benchmark-main\Models_output\SA-UNnetv2\test_data\HRF\probability maps\03_g.png
SA-UNnetv2,SA-UNnetv2,HRF,03_h,0.75,diagnostic_test_set_scan_equal_dataset_macro_F1,658748,148045,205423,7173128,0.7622889451277582,0.8165018784248252,0.7884646228165298,0.6507978534225897,0.7650097382162412,D:\Retina\Retinal-Vessel-Segmentation-Benchmark-main\config\test_data\HRF\masks\03_h.tif,D:\Retina\Retinal-Vessel-Segmentation-Benchmark-main\Models_output\SA-UNnetv2\test_data\HRF\pred_masks\03_h.png,D:\Retina\Retinal-Vessel-Segmentation-Benchmark-main\Models_output\SA-UNnetv2\test_data\HRF\probability maps\03_h.png
SA-UNnetv2,SA-UNnetv2,HRF,04_dr,0.75,diagnostic_test_set_scan_equal_dataset_macro_F1,385803,211990,76376,7511175,0.8347480088883311,0.6453789187896145,0.7279494175317839,0.572264521210557,0.7161618392347413,D:\Retina\Retinal-Vessel-Segmentation-Benchmark-main\config\test_data\HRF\masks\04_dr.tif,D:\Retina\Retinal-Vessel-Segmentation-Benchmark-main\Models_output\SA-UNnetv2\test_data\HRF\pred_masks\04_dr.png,D:\Retina\Retinal-Vessel-Segmentation-Benchmark-main\Models_output\SA-UNnetv2\test_data\HRF\probability maps\04_dr.png
SA-UNnetv2,SA-UNnetv2,HRF,04_g,0.75,diagnostic_test_set_scan_equal_dataset_macro_F1,436109,226854,90807,7431574,0.8276632328492587,0.6578180079431281,0.7330308375893683,0.5785703861920745,0.7178667086767921,D:\Retina\Retinal-Vessel-Segmentation-Benchmark-main\config\test_data\HRF\masks\04_g.tif,D:\Retina\Retinal-Vessel-Segmentation-Benchmark-main\Models_output\SA-UNnetv2\test_data\HRF\pred_masks\04_g.png,D:\Retina\Retinal-Vessel-Segmentation-Benchmark-main\Models_output\SA-UNnetv2\test_data\HRF\probability maps\04_g.png
SA-UNnetv2,SA-UNnetv2,HRF,04_h,0.75,diagnostic_test_set_scan_equal_dataset_macro_F1,627563,171248,144038,7242495,0.8133257992148792,0.7856213797756916,0.7992335769212155,0.6656028696005405,0.778080839413675,D:\Retina\Retinal-Vessel-Segmentation-Benchmark-main\config\test_data\HRF\masks\04_h.tif,D:\Retina\Retinal-Vessel-Segmentation-Benchmark-main\Models_output\SA-UNnetv2\test_data\HRF\pred_masks\04_h.png,D:\Retina\Retinal-Vessel-Segmentation-Benchmark-main\Models_output\SA-UNnetv2\test_data\HRF\probability maps\04_h.png
SA-UNnetv2,SA-UNnetv2,HRF,05_dr,0.75,diagnostic_test_set_scan_equal_dataset_macro_F1,450111,317027,58867,7359339,0.884342741729505,0.5867405864394672,0.705439003977695,0.5449252728494379,0.6985398830405255,D:\Retina\Retinal-Vessel-Segmentation-Benchmark-main\config\test_data\HRF\masks\05_dr.tif,D:\Retina\Retinal-Vessel-Segmentation-Benchmark-main\Models_output\SA-UNnetv2\test_data\HRF\pred_masks\05_dr.png,D:\Retina\Retinal-Vessel-Segmentation-Benchmark-main\Models_output\SA-UNnetv2\test_data\HRF\probability maps\05_dr.png
SA-UNnetv2,SA-UNnetv2,HRF,05_g,0.75,diagnostic_test_set_scan_equal_dataset_macro_F1,461317,232040,73734,7418253,0.8621925760348079,0.665338346623745,0.7510810740405468,0.6013849725782209,0.7384324952305391,D:\Retina\Retinal-Vessel-Segmentation-Benchmark-main\config\test_data\HRF\masks\05_g.tif,D:\Retina\Retinal-Vessel-Segmentation-Benchmark-main\Models_output\SA-UNnetv2\test_data\HRF\pred_masks\05_g.png,D:\Retina\Retinal-Vessel-Segmentation-Benchmark-main\Models_output\SA-UNnetv2\test_data\HRF\probability maps\05_g.png
SA-UNnetv2,SA-UNnetv2,HRF,05_h,0.75,diagnostic_test_set_scan_equal_dataset_macro_F1,599180,138620,139606,7307938,0.8110332356054392,0.8121171049064787,0.8115748083755365,0.6828993647182718,0.7928947508062452,D:\Retina\Retinal-Vessel-Segmentation-Benchmark-main\config\test_data\HRF\masks\05_h.tif,D:\Retina\Retinal-Vessel-Segmentation-Benchmark-main\Models_output\SA-UNnetv2\test_data\HRF\pred_masks\05_h.png,D:\Retina\Retinal-Vessel-Segmentation-Benchmark-main\Models_output\SA-UNnetv2\test_data\HRF\probability maps\05_h.png
SA-UNnetv2,SA-UNnetv2,HRF,06_dr,0.75,diagnostic_test_set_scan_equal_dataset_macro_F1,437436,264201,180530,7303177,0.7078641867028284,0.6234505876970571,0.6629812148047557,0.4958652953465727,0.6350732820066006,D:\Retina\Retinal-Vessel-Segmentation-Benchmark-main\config\test_data\HRF\masks\06_dr.tif,D:\Retina\Retinal-Vessel-Segmentation-Benchmark-main\Models_output\SA-UNnetv2\test_data\HRF\pred_masks\06_dr.png,D:\Retina\Retinal-Vessel-Segmentation-Benchmark-main\Models_output\SA-UNnetv2\test_data\HRF\probability maps\06_dr.png
SA-UNnetv2,SA-UNnetv2,HRF,06_g,0.75,diagnostic_test_set_scan_equal_dataset_macro_F1,481558,243887,78207,7381692,0.8602860128804052,0.6638104887345009,0.7493841473377891,0.5992120967782075,0.7356308502249993,D:\Retina\Retinal-Vessel-Segmentation-Benchmark-main\config\test_data\HRF\masks\06_g.tif,D:\Retina\Retinal-Vessel-Segmentation-Benchmark-main\Models_output\SA-UNnetv2\test_data\HRF\pred_masks\06_g.png,D:\Retina\Retinal-Vessel-Segmentation-Benchmark-main\Models_output\SA-UNnetv2\test_data\HRF\probability maps\06_g.png
SA-UNnetv2,SA-UNnetv2,HRF,06_h,0.75,diagnostic_test_set_scan_equal_dataset_macro_F1,675078,159138,154792,7196336,0.8134743996047574,0.8092364567450157,0.8113498941761424,0.6825809295779205,0.7900071992437468,D:\Retina\Retinal-Vessel-Segmentation-Benchmark-main\config\test_data\HRF\masks\06_h.tif,D:\Retina\Retinal-Vessel-Segmentation-Benchmark-main\Models_output\SA-UNnetv2\test_data\HRF\pred_masks\06_h.png,D:\Retina\Retinal-Vessel-Segmentation-Benchmark-main\Models_output\SA-UNnetv2\test_data\HRF\probability maps\06_h.png
SA-UNnetv2,SA-UNnetv2,HRF,07_dr,0.75,diagnostic_test_set_scan_equal_dataset_macro_F1,535985,283092,100374,7265893,0.8422682793831784,0.6543768168316287,0.7365284354653863,0.5829402545649524,0.7180914750671997,D:\Retina\Retinal-Vessel-Segmentation-Benchmark-main\config\test_data\HRF\masks\07_dr.tif,D:\Retina\Retinal-Vessel-Segmentation-Benchmark-main\Models_output\SA-UNnetv2\test_data\HRF\pred_masks\07_dr.png,D:\Retina\Retinal-Vessel-Segmentation-Benchmark-main\Models_output\SA-UNnetv2\test_data\HRF\probability maps\07_dr.png
SA-UNnetv2,SA-UNnetv2,HRF,07_g,0.75,diagnostic_test_set_scan_equal_dataset_macro_F1,439519,225199,93265,7427361,0.8249478212558936,0.661211220397221,0.7340597343469991,0.5798533740202617,0.7184297142778762,D:\Retina\Retinal-Vessel-Segmentation-Benchmark-main\config\test_data\HRF\masks\07_g.tif,D:\Retina\Retinal-Vessel-Segmentation-Benchmark-main\Models_output\SA-UNnetv2\test_data\HRF\pred_masks\07_g.png,D:\Retina\Retinal-Vessel-Segmentation-Benchmark-main\Models_output\SA-UNnetv2\test_data\HRF\probability maps\07_g.png
SA-UNnetv2,SA-UNnetv2,HRF,07_h,0.75,diagnostic_test_set_scan_equal_dataset_macro_F1,608652,162145,120361,7294186,0.8348986917928761,0.7896398143739531,0.8116388075822938,0.6829899972844322,0.7930307683321868,D:\Retina\Retinal-Vessel-Segmentation-Benchmark-main\config\test_data\HRF\masks\07_h.tif,D:\Retina\Retinal-Vessel-Segmentation-Benchmark-main\Models_output\SA-UNnetv2\test_data\HRF\pred_masks\07_h.png,D:\Retina\Retinal-Vessel-Segmentation-Benchmark-main\Models_output\SA-UNnetv2\test_data\HRF\probability maps\07_h.png
SA-UNnetv2,SA-UNnetv2,HRF,08_dr,0.75,diagnostic_test_set_scan_equal_dataset_macro_F1,511587,256763,104190,7312804,0.8307991367004613,0.665825470163337,0.7392197392291314,0.5863192518394572,0.7206857894449955,D:\Retina\Retinal-Vessel-Segmentation-Benchmark-main\config\test_data\HRF\masks\08_dr.tif,D:\Retina\Retinal-Vessel-Segmentation-Benchmark-main\Models_output\SA-UNnetv2\test_data\HRF\pred_masks\08_dr.png,D:\Retina\Retinal-Vessel-Segmentation-Benchmark-main\Models_output\SA-UNnetv2\test_data\HRF\probability maps\08_dr.png
SA-UNnetv2,SA-UNnetv2,HRF,08_g,0.75,diagnostic_test_set_scan_equal_dataset_macro_F1,468475,255126,87083,7374660,0.8432512896943254,0.6474217144531309,0.7324734454434515,0.5778762131730736,0.7175232414767128,D:\Retina\Retinal-Vessel-Segmentation-Benchmark-main\config\test_data\HRF\masks\08_g.tif,D:\Retina\Retinal-Vessel-Segmentation-Benchmark-main\Models_output\SA-UNnetv2\test_data\HRF\pred_masks\08_g.png,D:\Retina\Retinal-Vessel-Segmentation-Benchmark-main\Models_output\SA-UNnetv2\test_data\HRF\probability maps\08_g.png
SA-UNnetv2,SA-UNnetv2,HRF,08_h,0.75,diagnostic_test_set_scan_equal_dataset_macro_F1,673467,160464,148160,7203253,0.8196748646283533,0.8075812027613796,0.8135830940383846,0.6857480620431304,0.7926382325709485,D:\Retina\Retinal-Vessel-Segmentation-Benchmark-main\config\test_data\HRF\masks\08_h.tif,D:\Retina\Retinal-Vessel-Segmentation-Benchmark-main\Models_output\SA-UNnetv2\test_data\HRF\pred_masks\08_h.png,D:\Retina\Retinal-Vessel-Segmentation-Benchmark-main\Models_output\SA-UNnetv2\test_data\HRF\probability maps\08_h.png
SA-UNnetv2,SA-UNnetv2,HRF,09_dr,0.75,diagnostic_test_set_scan_equal_dataset_macro_F1,413508,213802,140939,7417095,0.7458025744570717,0.659176483716185,0.6998189983219901,0.5382473651120926,0.6780573798425493,D:\Retina\Retinal-Vessel-Segmentation-Benchmark-main\config\test_data\HRF\masks\09_dr.tif,D:\Retina\Retinal-Vessel-Segmentation-Benchmark-main\Models_output\SA-UNnetv2\test_data\HRF\pred_masks\09_dr.png,D:\Retina\Retinal-Vessel-Segmentation-Benchmark-main\Models_output\SA-UNnetv2\test_data\HRF\probability maps\09_dr.png
SA-UNnetv2,SA-UNnetv2,HRF,09_g,0.75,diagnostic_test_set_scan_equal_dataset_macro_F1,450963,238303,90980,7405098,0.832122566395359,0.6542655520510224,0.7325531246116622,0.5779754077560154,0.7171538274562422,D:\Retina\Retinal-Vessel-Segmentation-Benchmark-main\config\test_data\HRF\masks\09_g.tif,D:\Retina\Retinal-Vessel-Segmentation-Benchmark-main\Models_output\SA-UNnetv2\test_data\HRF\pred_masks\09_g.png,D:\Retina\Retinal-Vessel-Segmentation-Benchmark-main\Models_output\SA-UNnetv2\test_data\HRF\probability maps\09_g.png
SA-UNnetv2,SA-UNnetv2,HRF,09_h,0.75,diagnostic_test_set_scan_equal_dataset_macro_F1,491163,156699,145305,7392177,0.7717010124625275,0.7581290460005371,0.7648548270304361,0.6192428580614171,0.7448727023317899,D:\Retina\Retinal-Vessel-Segmentation-Benchmark-main\config\test_data\HRF\masks\09_h.tif,D:\Retina\Retinal-Vessel-Segmentation-Benchmark-main\Models_output\SA-UNnetv2\test_data\HRF\pred_masks\09_h.png,D:\Retina\Retinal-Vessel-Segmentation-Benchmark-main\Models_output\SA-UNnetv2\test_data\HRF\probability maps\09_h.png
SA-UNnetv2,SA-UNnetv2,HRF,10_dr,0.75,diagnostic_test_set_scan_equal_dataset_macro_F1,592296,310560,122593,7159895,0.8285146365379801,0.6560248810441532,0.732248902021023,0.5775967405497494,0.7092296884025183,D:\Retina\Retinal-Vessel-Segmentation-Benchmark-main\config\test_data\HRF\masks\10_dr.tif,D:\Retina\Retinal-Vessel-Segmentation-Benchmark-main\Models_output\SA-UNnetv2\test_data\HRF\pred_masks\10_dr.png,D:\Retina\Retinal-Vessel-Segmentation-Benchmark-main\Models_output\SA-UNnetv2\test_data\HRF\probability maps\10_dr.png
SA-UNnetv2,SA-UNnetv2,HRF,10_g,0.75,diagnostic_test_set_scan_equal_dataset_macro_F1,444037,244706,92561,7404040,0.8275040160418041,0.6447063708814463,0.7247566187697956,0.5683280771633065,0.7092593484587598,D:\Retina\Retinal-Vessel-Segmentation-Benchmark-main\config\test_data\HRF\masks\10_g.tif,D:\Retina\Retinal-Vessel-Segmentation-Benchmark-main\Models_output\SA-UNnetv2\test_data\HRF\pred_masks\10_g.png,D:\Retina\Retinal-Vessel-Segmentation-Benchmark-main\Models_output\SA-UNnetv2\test_data\HRF\probability maps\10_g.png
SA-UNnetv2,SA-UNnetv2,HRF,10_h,0.75,diagnostic_test_set_scan_equal_dataset_macro_F1,545334,157039,160104,7322867,0.7730431306507446,0.7764165194277115,0.7747261528713726,0.6322881653655692,0.7535330782332614,D:\Retina\Retinal-Vessel-Segmentation-Benchmark-main\config\test_data\HRF\masks\10_h.tif,D:\Retina\Retinal-Vessel-Segmentation-Benchmark-main\Models_output\SA-UNnetv2\test_data\HRF\pred_masks\10_h.png,D:\Retina\Retinal-Vessel-Segmentation-Benchmark-main\Models_output\SA-UNnetv2\test_data\HRF\probability maps\10_h.png
SA-UNnetv2,SA-UNnetv2,HRF,11_dr,0.75,diagnostic_test_set_scan_equal_dataset_macro_F1,581513,281652,111424,7210755,0.8392003890685589,0.673698539676655,0.7473970215320075,0.5966751112520252,0.7265289317069398,D:\Retina\Retinal-Vessel-Segmentation-Benchmark-main\config\test_data\HRF\masks\11_dr.tif,D:\Retina\Retinal-Vessel-Segmentation-Benchmark-main\Models_output\SA-UNnetv2\test_data\HRF\pred_masks\11_dr.png,D:\Retina\Retinal-Vessel-Segmentation-Benchmark-main\Models_output\SA-UNnetv2\test_data\HRF\probability maps\11_dr.png
SA-UNnetv2,SA-UNnetv2,HRF,11_g,0.75,diagnostic_test_set_scan_equal_dataset_macro_F1,507945,232391,117748,7327260,0.8118118630062986,0.6861006353871756,0.7436811370768849,0.5919525361153454,0.723560678054071,D:\Retina\Retinal-Vessel-Segmentation-Benchmark-main\config\test_data\HRF\masks\11_g.tif,D:\Retina\Retinal-Vessel-Segmentation-Benchmark-main\Models_output\SA-UNnetv2\test_data\HRF\pred_masks\11_g.png,D:\Retina\Retinal-Vessel-Segmentation-Benchmark-main\Models_output\SA-UNnetv2\test_data\HRF\probability maps\11_g.png
SA-UNnetv2,SA-UNnetv2,HRF,11_h,0.75,diagnostic_test_set_scan_equal_dataset_macro_F1,659025,161833,106330,7258156,0.8610710062650665,0.8028489702238389,0.8309413678995191,0.7107781809082948,0.8134384331017476,D:\Retina\Retinal-Vessel-Segmentation-Benchmark-main\config\test_data\HRF\masks\11_h.tif,D:\Retina\Retinal-Vessel-Segmentation-Benchmark-main\Models_output\SA-UNnetv2\test_data\HRF\pred_masks\11_h.png,D:\Retina\Retinal-Vessel-Segmentation-Benchmark-main\Models_output\SA-UNnetv2\test_data\HRF\probability maps\11_h.png
SA-UNnetv2,SA-UNnetv2,HRF,12_dr,0.75,diagnostic_test_set_scan_equal_dataset_macro_F1,447377,259212,109347,7369408,0.8035884926821908,0.6331502471733922,0.7082599482471882,0.548299131304416,0.689946402789102,D:\Retina\Retinal-Vessel-Segmentation-Benchmark-main\config\test_data\HRF\masks\12_dr.tif,D:\Retina\Retinal-Vessel-Segmentation-Benchmark-main\Models_output\SA-UNnetv2\test_data\HRF\pred_masks\12_dr.png,D:\Retina\Retinal-Vessel-Segmentation-Benchmark-main\Models_output\SA-UNnetv2\test_data\HRF\probability maps\12_dr.png
SA-UNnetv2,SA-UNnetv2,HRF,12_g,0.75,diagnostic_test_set_scan_equal_dataset_macro_F1,548503,245329,127921,7263591,0.8108863671306754,0.6909560209213033,0.7461326462874492,0.595065055389025,0.7240469427377063,D:\Retina\Retinal-Vessel-Segmentation-Benchmark-main\config\test_data\HRF\masks\12_g.tif,D:\Retina\Retinal-Vessel-Segmentation-Benchmark-main\Models_output\SA-UNnetv2\test_data\HRF\pred_masks\12_g.png,D:\Retina\Retinal-Vessel-Segmentation-Benchmark-main\Models_output\SA-UNnetv2\test_data\HRF\probability maps\12_g.png
SA-UNnetv2,SA-UNnetv2,HRF,12_h,0.75,diagnostic_test_set_scan_equal_dataset_macro_F1,723384,148541,135911,7177508,0.8418342943924961,0.8296401640049316,0.8356927484663993,0.7177596354962513,0.8162905819275172,D:\Retina\Retinal-Vessel-Segmentation-Benchmark-main\config\test_data\HRF\masks\12_h.tif,D:\Retina\Retinal-Vessel-Segmentation-Benchmark-main\Models_output\SA-UNnetv2\test_data\HRF\pred_masks\12_h.png,D:\Retina\Retinal-Vessel-Segmentation-Benchmark-main\Models_output\SA-UNnetv2\test_data\HRF\probability maps\12_h.png
SA-UNnetv2,SA-UNnetv2,HRF,13_dr,0.75,diagnostic_test_set_scan_equal_dataset_macro_F1,464528,243341,94951,7382524,0.8302867489217647,0.656234416254985,0.7330709481531512,0.5786203632196507,0.7167875037980622,D:\Retina\Retinal-Vessel-Segmentation-Benchmark-main\config\test_data\HRF\masks\13_dr.tif,D:\Retina\Retinal-Vessel-Segmentation-Benchmark-main\Models_output\SA-UNnetv2\test_data\HRF\pred_masks\13_dr.png,D:\Retina\Retinal-Vessel-Segmentation-Benchmark-main\Models_output\SA-UNnetv2\test_data\HRF\probability maps\13_dr.png
SA-UNnetv2,SA-UNnetv2,HRF,13_g,0.75,diagnostic_test_set_scan_equal_dataset_macro_F1,447795,266275,109186,7362088,0.8039681784477388,0.627102384920246,0.7046058734071253,0.5439316567386087,0.6863247193176994,D:\Retina\Retinal-Vessel-Segmentation-Benchmark-main\config\test_data\HRF\masks\13_g.tif,D:\Retina\Retinal-Vessel-Segmentation-Benchmark-main\Models_output\SA-UNnetv2\test_data\HRF\pred_masks\13_g.png,D:\Retina\Retinal-Vessel-Segmentation-Benchmark-main\Models_output\SA-UNnetv2\test_data\HRF\probability maps\13_g.png
SA-UNnetv2,SA-UNnetv2,HRF,13_h,0.75,diagnostic_test_set_scan_equal_dataset_macro_F1,626123,198544,86405,7274272,0.878734590079267,0.7592434279533435,0.8146305445958385,0.6872376716659057,0.7981214862894405,D:\Retina\Retinal-Vessel-Segmentation-Benchmark-main\config\test_data\HRF\masks\13_h.tif,D:\Retina\Retinal-Vessel-Segmentation-Benchmark-main\Models_output\SA-UNnetv2\test_data\HRF\pred_masks\13_h.png,D:\Retina\Retinal-Vessel-Segmentation-Benchmark-main\Models_output\SA-UNnetv2\test_data\HRF\probability maps\13_h.png
SA-UNnetv2,SA-UNnetv2,HRF,14_dr,0.75,diagnostic_test_set_scan_equal_dataset_macro_F1,495242,268163,129694,7292245,0.7924683487589129,0.6487277395353711,0.7134299138324085,0.5545208313971911,0.6912728250783934,D:\Retina\Retinal-Vessel-Segmentation-Benchmark-main\config\test_data\HRF\masks\14_dr.tif,D:\Retina\Retinal-Vessel-Segmentation-Benchmark-main\Models_output\SA-UNnetv2\test_data\HRF\pred_masks\14_dr.png,D:\Retina\Retinal-Vessel-Segmentation-Benchmark-main\Models_output\SA-UNnetv2\test_data\HRF\probability maps\14_dr.png
SA-UNnetv2,SA-UNnetv2,HRF,14_g,0.75,diagnostic_test_set_scan_equal_dataset_macro_F1,459511,277232,118658,7329943,0.7947693494462692,0.6237059598801753,0.6989228176486336,0.5371878218519736,0.6788903046690542,D:\Retina\Retinal-Vessel-Segmentation-Benchmark-main\config\test_data\HRF\masks\14_g.tif,D:\Retina\Retinal-Vessel-Segmentation-Benchmark-main\Models_output\SA-UNnetv2\test_data\HRF\pred_masks\14_g.png,D:\Retina\Retinal-Vessel-Segmentation-Benchmark-main\Models_output\SA-UNnetv2\test_data\HRF\probability maps\14_g.png
SA-UNnetv2,SA-UNnetv2,HRF,14_h,0.75,diagnostic_test_set_scan_equal_dataset_macro_F1,619063,207063,94991,7264227,0.8669694448879216,0.7493566356705877,0.8038839616148762,0.6720785741659312,0.7861732438776226,D:\Retina\Retinal-Vessel-Segmentation-Benchmark-main\config\test_data\HRF\masks\14_h.tif,D:\Retina\Retinal-Vessel-Segmentation-Benchmark-main\Models_output\SA-UNnetv2\test_data\HRF\pred_masks\14_h.png,D:\Retina\Retinal-Vessel-Segmentation-Benchmark-main\Models_output\SA-UNnetv2\test_data\HRF\probability maps\14_h.png
SA-UNnetv2,SA-UNnetv2,HRF,15_dr,0.75,diagnostic_test_set_scan_equal_dataset_macro_F1,449797,285199,85246,7365102,0.8406744878449022,0.6119720379430637,0.7083199807250015,0.5483710904830525,0.6945955288641232,D:\Retina\Retinal-Vessel-Segmentation-Benchmark-main\config\test_data\HRF\masks\15_dr.tif,D:\Retina\Retinal-Vessel-Segmentation-Benchmark-main\Models_output\SA-UNnetv2\test_data\HRF\pred_masks\15_dr.png,D:\Retina\Retinal-Vessel-Segmentation-Benchmark-main\Models_output\SA-UNnetv2\test_data\HRF\probability maps\15_dr.png
SA-UNnetv2,SA-UNnetv2,HRF,15_g,0.75,diagnostic_test_set_scan_equal_dataset_macro_F1,484465,283955,114723,7302201,0.8085358852313465,0.6304690143411156,0.7084851799638493,0.548569144521329,0.688644093467209,D:\Retina\Retinal-Vessel-Segmentation-Benchmark-main\config\test_data\HRF\masks\15_g.tif,D:\Retina\Retinal-Vessel-Segmentation-Benchmark-main\Models_output\SA-UNnetv2\test_data\HRF\pred_masks\15_g.png,D:\Retina\Retinal-Vessel-Segmentation-Benchmark-main\Models_output\SA-UNnetv2\test_data\HRF\probability maps\15_g.png
SA-UNnetv2,SA-UNnetv2,HRF,15_h,0.75,diagnostic_test_set_scan_equal_dataset_macro_F1,562478,156945,78767,7387154,0.8771655139611225,0.7818460071473945,0.8267674406982454,0.7046918653453439,0.8127166108264234,D:\Retina\Retinal-Vessel-Segmentation-Benchmark-main\config\test_data\HRF\masks\15_h.tif,D:\Retina\Retinal-Vessel-Segmentation-Benchmark-main\Models_output\SA-UNnetv2\test_data\HRF\pred_masks\15_h.png,D:\Retina\Retinal-Vessel-Segmentation-Benchmark-main\Models_output\SA-UNnetv2\test_data\HRF\probability maps\15_h.png
SA-UNnetv2,SA-UNnetv2,LES,111,0.75,diagnostic_test_set_scan_equal_dataset_macro_F1,97179,34273,24594,2183234,0.7980340469562218,0.7392736512186958,0.7675308520090829,0.6227586737244146,0.7548656146884934,D:\Retina\Retinal-Vessel-Segmentation-Benchmark-main\config\test_data\LES\masks\111.png,D:\Retina\Retinal-Vessel-Segmentation-Benchmark-main\Models_output\SA-UNnetv2\test_data\LES\pred_masks\111.png,D:\Retina\Retinal-Vessel-Segmentation-Benchmark-main\Models_output\SA-UNnetv2\test_data\LES\probability maps\111.png
SA-UNnetv2,SA-UNnetv2,LES,119,0.75,diagnostic_test_set_scan_equal_dataset_macro_F1,106493,54899,15700,2162188,0.8715147348866138,0.6598406364627739,0.7510481866107164,0.6013428048697852,0.7433827588044069,D:\Retina\Retinal-Vessel-Segmentation-Benchmark-main\config\test_data\LES\masks\119.png,D:\Retina\Retinal-Vessel-Segmentation-Benchmark-main\Models_output\SA-UNnetv2\test_data\LES\pred_masks\119.png,D:\Retina\Retinal-Vessel-Segmentation-Benchmark-main\Models_output\SA-UNnetv2\test_data\LES\probability maps\119.png
SA-UNnetv2,SA-UNnetv2,LES,12,0.75,diagnostic_test_set_scan_equal_dataset_macro_F1,134131,26405,18397,2160347,0.8793860799328648,0.8355197588079932,0.8568918815322106,0.7496157779727608,0.8469546069219839,D:\Retina\Retinal-Vessel-Segmentation-Benchmark-main\config\test_data\LES\masks\12.png,D:\Retina\Retinal-Vessel-Segmentation-Benchmark-main\Models_output\SA-UNnetv2\test_data\LES\pred_masks\12.png,D:\Retina\Retinal-Vessel-Segmentation-Benchmark-main\Models_output\SA-UNnetv2\test_data\LES\probability maps\12.png
SA-UNnetv2,SA-UNnetv2,LES,15,0.75,diagnostic_test_set_scan_equal_dataset_macro_F1,132998,38337,18355,2149590,0.8787272138642775,0.7762453672629643,0.8243132685442286,0.7011334282249987,0.8131513242678169,D:\Retina\Retinal-Vessel-Segmentation-Benchmark-main\config\test_data\LES\masks\15.png,D:\Retina\Retinal-Vessel-Segmentation-Benchmark-main\Models_output\SA-UNnetv2\test_data\LES\pred_masks\15.png,D:\Retina\Retinal-Vessel-Segmentation-Benchmark-main\Models_output\SA-UNnetv2\test_data\LES\probability maps\15.png
SA-UNnetv2,SA-UNnetv2,LES,224,0.75,diagnostic_test_set_scan_equal_dataset_macro_F1,164292,24591,28558,2121839,0.8519159968887736,0.8698082940232843,0.8607691763614882,0.7555704765890517,0.8484555881835147,D:\Retina\Retinal-Vessel-Segmentation-Benchmark-main\config\test_data\LES\masks\224.png,D:\Retina\Retinal-Vessel-Segmentation-Benchmark-main\Models_output\SA-UNnetv2\test_data\LES\pred_masks\224.png,D:\Retina\Retinal-Vessel-Segmentation-Benchmark-main\Models_output\SA-UNnetv2\test_data\LES\probability maps\224.png
SA-UNnetv2,SA-UNnetv2,LES,240,0.75,diagnostic_test_set_scan_equal_dataset_macro_F1,128268,36404,11454,2163154,0.9180229312491949,0.7789302370773417,0.842776138820082,0.7282740765134051,0.8351262555770871,D:\Retina\Retinal-Vessel-Segmentation-Benchmark-main\config\test_data\LES\masks\240.png,D:\Retina\Retinal-Vessel-Segmentation-Benchmark-main\Models_output\SA-UNnetv2\test_data\LES\pred_masks\240.png,D:\Retina\Retinal-Vessel-Segmentation-Benchmark-main\Models_output\SA-UNnetv2\test_data\LES\probability maps\240.png
SA-UNnetv2,SA-UNnetv2,LES,275,0.75,diagnostic_test_set_scan_equal_dataset_macro_F1,129146,31050,18458,2160626,0.8749491883688789,0.8061749357037629,0.8391552956465237,0.7228833387441647,0.8286431989109626,D:\Retina\Retinal-Vessel-Segmentation-Benchmark-main\config\test_data\LES\masks\275.png,D:\Retina\Retinal-Vessel-Segmentation-Benchmark-main\Models_output\SA-UNnetv2\test_data\LES\pred_masks\275.png,D:\Retina\Retinal-Vessel-Segmentation-Benchmark-main\Models_output\SA-UNnetv2\test_data\LES\probability maps\275.png
SA-UNnetv2,SA-UNnetv2,LES,279,0.75,diagnostic_test_set_scan_equal_dataset_macro_F1,158241,29934,23019,2128086,0.8730056272757365,0.8409246711837386,0.8566649072231921,0.749268445126282,0.8445554179104093,D:\Retina\Retinal-Vessel-Segmentation-Benchmark-main\config\test_data\LES\masks\279.png,D:\Retina\Retinal-Vessel-Segmentation-Benchmark-main\Models_output\SA-UNnetv2\test_data\LES\pred_masks\279.png,D:\Retina\Retinal-Vessel-Segmentation-Benchmark-main\Models_output\SA-UNnetv2\test_data\LES\probability maps\279.png
SA-UNnetv2,SA-UNnetv2,LES,304,0.75,diagnostic_test_set_scan_equal_dataset_macro_F1,88154,35983,9928,2205215,0.8987785730307294,0.7101347704552229,0.7933975042638118,0.6575467124156192,0.7892377744224197,D:\Retina\Retinal-Vessel-Segmentation-Benchmark-main\config\test_data\LES\masks\304.png,D:\Retina\Retinal-Vessel-Segmentation-Benchmark-main\Models_output\SA-UNnetv2\test_data\LES\pred_masks\304.png,D:\Retina\Retinal-Vessel-Segmentation-Benchmark-main\Models_output\SA-UNnetv2\test_data\LES\probability maps\304.png
SA-UNnetv2,SA-UNnetv2,LES,318,0.75,diagnostic_test_set_scan_equal_dataset_macro_F1,124809,32422,14273,2167776,0.8973770868983765,0.7937938447252768,0.8424132589525265,0.7277322977889729,0.8335836254876124,D:\Retina\Retinal-Vessel-Segmentation-Benchmark-main\config\test_data\LES\masks\318.png,D:\Retina\Retinal-Vessel-Segmentation-Benchmark-main\Models_output\SA-UNnetv2\test_data\LES\pred_masks\318.png,D:\Retina\Retinal-Vessel-Segmentation-Benchmark-main\Models_output\SA-UNnetv2\test_data\LES\probability maps\318.png
SA-UNnetv2,SA-UNnetv2,LES,33,0.75,diagnostic_test_set_scan_equal_dataset_macro_F1,167045,21924,35792,2114519,0.8235430419499401,0.8839809704237203,0.8526924038937637,0.7432116781826028,0.839873768059079,D:\Retina\Retinal-Vessel-Segmentation-Benchmark-main\config\test_data\LES\masks\33.png,D:\Retina\Retinal-Vessel-Segmentation-Benchmark-main\Models_output\SA-UNnetv2\test_data\LES\pred_masks\33.png,D:\Retina\Retinal-Vessel-Segmentation-Benchmark-main\Models_output\SA-UNnetv2\test_data\LES\probability maps\33.png
SA-UNnetv2,SA-UNnetv2,LES,34,0.75,diagnostic_test_set_scan_equal_dataset_macro_F1,270813,61977,51168,3915810,0.841083790658455,0.8137654376633914,0.8271991276339361,0.7053193318019159,0.8130916840772349,D:\Retina\Retinal-Vessel-Segmentation-Benchmark-main\config\test_data\LES\masks\34.png,D:\Retina\Retinal-Vessel-Segmentation-Benchmark-main\Models_output\SA-UNnetv2\test_data\LES\pred_masks\34.png,D:\Retina\Retinal-Vessel-Segmentation-Benchmark-main\Models_output\SA-UNnetv2\test_data\LES\probability maps\34.png
SA-UNnetv2,SA-UNnetv2,LES,367,0.75,diagnostic_test_set_scan_equal_dataset_macro_F1,122093,25881,15999,2175307,0.884142455754135,0.8250976522902672,0.8536002181314801,0.7445920974794631,0.8446497435036501,D:\Retina\Retinal-Vessel-Segmentation-Benchmark-main\config\test_data\LES\masks\367.png,D:\Retina\Retinal-Vessel-Segmentation-Benchmark-main\Models_output\SA-UNnetv2\test_data\LES\pred_masks\367.png,D:\Retina\Retinal-Vessel-Segmentation-Benchmark-main\Models_output\SA-UNnetv2\test_data\LES\probability maps\367.png
SA-UNnetv2,SA-UNnetv2,LES,37,0.75,diagnostic_test_set_scan_equal_dataset_macro_F1,193403,26852,28705,2090320,0.870761071190592,0.8780867630700778,0.8744085739539699,0.7768436696658098,0.861303215985844,D:\Retina\Retinal-Vessel-Segmentation-Benchmark-main\config\test_data\LES\masks\37.png,D:\Retina\Retinal-Vessel-Segmentation-Benchmark-main\Models_output\SA-UNnetv2\test_data\LES\pred_masks\37.png,D:\Retina\Retinal-Vessel-Segmentation-Benchmark-main\Models_output\SA-UNnetv2\test_data\LES\probability maps\37.png
SA-UNnetv2,SA-UNnetv2,LES,370,0.75,diagnostic_test_set_scan_equal_dataset_macro_F1,105301,36586,10424,2186969,0.9099243897170015,0.7421469197318993,0.8175162647702746,0.6913551877408723,0.8116945077457133,D:\Retina\Retinal-Vessel-Segmentation-Benchmark-main\config\test_data\LES\masks\370.png,D:\Retina\Retinal-Vessel-Segmentation-Benchmark-main\Models_output\SA-UNnetv2\test_data\LES\pred_masks\370.png,D:\Retina\Retinal-Vessel-Segmentation-Benchmark-main\Models_output\SA-UNnetv2\test_data\LES\probability maps\370.png
SA-UNnetv2,SA-UNnetv2,LES,42,0.75,diagnostic_test_set_scan_equal_dataset_macro_F1,138395,29712,17268,2153905,0.8890680508534462,0.8232554266032943,0.8548969947802454,0.7465677680377613,0.844846394615635,D:\Retina\Retinal-Vessel-Segmentation-Benchmark-main\config\test_data\LES\masks\42.png,D:\Retina\Retinal-Vessel-Segmentation-Benchmark-main\Models_output\SA-UNnetv2\test_data\LES\pred_masks\42.png,D:\Retina\Retinal-Vessel-Segmentation-Benchmark-main\Models_output\SA-UNnetv2\test_data\LES\probability maps\42.png
SA-UNnetv2,SA-UNnetv2,LES,486,0.75,diagnostic_test_set_scan_equal_dataset_macro_F1,118656,35972,12511,2172141,0.9046177773372875,0.7673642548568177,0.8303574240277122,0.7099240751709655,0.8225467156765747,D:\Retina\Retinal-Vessel-Segmentation-Benchmark-main\config\test_data\LES\masks\486.png,D:\Retina\Retinal-Vessel-Segmentation-Benchmark-main\Models_output\SA-UNnetv2\test_data\LES\pred_masks\486.png,D:\Retina\Retinal-Vessel-Segmentation-Benchmark-main\Models_output\SA-UNnetv2\test_data\LES\probability maps\486.png
SA-UNnetv2,SA-UNnetv2,LES,49,0.75,diagnostic_test_set_scan_equal_dataset_macro_F1,147248,26075,28442,2137515,0.8381125846661733,0.8495583390548282,0.8437966494084747,0.7297995192426833,0.8312277493702065,D:\Retina\Retinal-Vessel-Segmentation-Benchmark-main\config\test_data\LES\masks\49.png,D:\Retina\Retinal-Vessel-Segmentation-Benchmark-main\Models_output\SA-UNnetv2\test_data\LES\pred_masks\49.png,D:\Retina\Retinal-Vessel-Segmentation-Benchmark-main\Models_output\SA-UNnetv2\test_data\LES\probability maps\49.png
SA-UNnetv2,SA-UNnetv2,LES,529,0.75,diagnostic_test_set_scan_equal_dataset_macro_F1,121316,34609,19485,2163870,0.8616131987698951,0.7780407247073914,0.8176971347303573,0.6916139330710905,0.8065811856680877,D:\Retina\Retinal-Vessel-Segmentation-Benchmark-main\config\test_data\LES\masks\529.png,D:\Retina\Retinal-Vessel-Segmentation-Benchmark-main\Models_output\SA-UNnetv2\test_data\LES\pred_masks\529.png,D:\Retina\Retinal-Vessel-Segmentation-Benchmark-main\Models_output\SA-UNnetv2\test_data\LES\probability maps\529.png
SA-UNnetv2,SA-UNnetv2,LES,53,0.75,diagnostic_test_set_scan_equal_dataset_macro_F1,159688,25896,26575,2127121,0.8573253947375485,0.860462108802483,0.858890887918956,0.7526807724395382,0.8467090602928762,D:\Retina\Retinal-Vessel-Segmentation-Benchmark-main\config\test_data\LES\masks\53.png,D:\Retina\Retinal-Vessel-Segmentation-Benchmark-main\Models_output\SA-UNnetv2\test_data\LES\pred_masks\53.png,D:\Retina\Retinal-Vessel-Segmentation-Benchmark-main\Models_output\SA-UNnetv2\test_data\LES\probability maps\53.png
SA-UNnetv2,SA-UNnetv2,LES,586,0.75,diagnostic_test_set_scan_equal_dataset_macro_F1,154608,36232,15830,2132610,0.9071216512749504,0.810144623768602,0.8558949064155581,0.7480911598200028,0.8454614113267183,D:\Retina\Retinal-Vessel-Segmentation-Benchmark-main\config\test_data\LES\masks\586.png,D:\Retina\Retinal-Vessel-Segmentation-Benchmark-main\Models_output\SA-UNnetv2\test_data\LES\pred_masks\586.png,D:\Retina\Retinal-Vessel-Segmentation-Benchmark-main\Models_output\SA-UNnetv2\test_data\LES\probability maps\586.png
SA-UNnetv2,SA-UNnetv2,LES,90,0.75,diagnostic_test_set_scan_equal_dataset_macro_F1,141297,37155,21726,2139102,0.866730461345945,0.7917927509918633,0.8275686360641334,0.7058567874591614,0.8149906994604138,D:\Retina\Retinal-Vessel-Segmentation-Benchmark-main\config\test_data\LES\masks\90.png,D:\Retina\Retinal-Vessel-Segmentation-Benchmark-main\Models_output\SA-UNnetv2\test_data\LES\pred_masks\90.png,D:\Retina\Retinal-Vessel-Segmentation-Benchmark-main\Models_output\SA-UNnetv2\test_data\LES\probability maps\90.png
SA-UNnetv2,SA-UNnetv2,STARE,im0001,0.75,diagnostic_test_set_scan_equal_dataset_macro_F1,28282,6686,5517,383015,0.8367703186484807,0.8087966140471288,0.8225456977910917,0.6985797208842781,0.8070083627510898,D:\Retina\Retinal-Vessel-Segmentation-Benchmark-main\config\test_data\STARE\masks\im0001.png,D:\Retina\Retinal-Vessel-Segmentation-Benchmark-main\Models_output\SA-UNnetv2\test_data\STARE\pred_masks\im0001.png,D:\Retina\Retinal-Vessel-Segmentation-Benchmark-main\Models_output\SA-UNnetv2\test_data\STARE\probability maps\im0001.png
SA-UNnetv2,SA-UNnetv2,STARE,im0002,0.75,diagnostic_test_set_scan_equal_dataset_macro_F1,22881,4986,5324,390309,0.8112391419961,0.8210786952309183,0.8161292623769439,0.6893736253803742,0.8031111823989445,D:\Retina\Retinal-Vessel-Segmentation-Benchmark-main\config\test_data\STARE\masks\im0002.png,D:\Retina\Retinal-Vessel-Segmentation-Benchmark-main\Models_output\SA-UNnetv2\test_data\STARE\pred_masks\im0002.png,D:\Retina\Retinal-Vessel-Segmentation-Benchmark-main\Models_output\SA-UNnetv2\test_data\STARE\probability maps\im0002.png
SA-UNnetv2,SA-UNnetv2,STARE,im0003,0.75,diagnostic_test_set_scan_equal_dataset_macro_F1,22024,7256,3321,390899,0.868968238311304,0.7521857923497268,0.806370709382151,0.6755620993221066,0.7954563597409523,D:\Retina\Retinal-Vessel-Segmentation-Benchmark-main\config\test_data\STARE\masks\im0003.png,D:\Retina\Retinal-Vessel-Segmentation-Benchmark-main\Models_output\SA-UNnetv2\test_data\STARE\pred_masks\im0003.png,D:\Retina\Retinal-Vessel-Segmentation-Benchmark-main\Models_output\SA-UNnetv2\test_data\STARE\probability maps\im0003.png
SA-UNnetv2,SA-UNnetv2,STARE,im0004,0.75,diagnostic_test_set_scan_equal_dataset_macro_F1,23055,9019,8340,383086,0.7343526039178213,0.7188065099457505,0.7264963998172337,0.5704706289899539,0.7043914102106157,D:\Retina\Retinal-Vessel-Segmentation-Benchmark-main\config\test_data\STARE\masks\im0004.png,D:\Retina\Retinal-Vessel-Segmentation-Benchmark-main\Models_output\SA-UNnetv2\test_data\STARE\pred_masks\im0004.png,D:\Retina\Retinal-Vessel-Segmentation-Benchmark-main\Models_output\SA-UNnetv2\test_data\STARE\probability maps\im0004.png
SA-UNnetv2,SA-UNnetv2,STARE,im0005,0.75,diagnostic_test_set_scan_equal_dataset_macro_F1,28094,12887,10163,372356,0.7343492694147477,0.6855372001659306,0.7091042176733385,0.5493117472235257,0.6796098414799284,D:\Retina\Retinal-Vessel-Segmentation-Benchmark-main\config\test_data\STARE\masks\im0005.png,D:\Retina\Retinal-Vessel-Segmentation-Benchmark-main\Models_output\SA-UNnetv2\test_data\STARE\pred_masks\im0005.png,D:\Retina\Retinal-Vessel-Segmentation-Benchmark-main\Models_output\SA-UNnetv2\test_data\STARE\probability maps\im0005.png
SA-UNnetv2,SA-UNnetv2,STARE,im0044,0.75,diagnostic_test_set_scan_equal_dataset_macro_F1,24938,10135,4558,383869,0.8454705722809872,0.711031277620962,0.7724449813377936,0.6292548762332517,0.7571306137902476,D:\Retina\Retinal-Vessel-Segmentation-Benchmark-main\config\test_data\STARE\masks\im0044.png,D:\Retina\Retinal-Vessel-Segmentation-Benchmark-main\Models_output\SA-UNnetv2\test_data\STARE\pred_masks\im0044.png,D:\Retina\Retinal-Vessel-Segmentation-Benchmark-main\Models_output\SA-UNnetv2\test_data\STARE\probability maps\im0044.png
SA-UNnetv2,SA-UNnetv2,STARE,im0077,0.75,diagnostic_test_set_scan_equal_dataset_macro_F1,29601,8237,4340,381322,0.8721310509413394,0.7823087901051853,0.8247816213655804,0.7018113708568448,0.8100357067709468,D:\Retina\Retinal-Vessel-Segmentation-Benchmark-main\config\test_data\STARE\masks\im0077.png,D:\Retina\Retinal-Vessel-Segmentation-Benchmark-main\Models_output\SA-UNnetv2\test_data\STARE\pred_masks\im0077.png,D:\Retina\Retinal-Vessel-Segmentation-Benchmark-main\Models_output\SA-UNnetv2\test_data\STARE\probability maps\im0077.png
SA-UNnetv2,SA-UNnetv2,STARE,im0081,0.75,diagnostic_test_set_scan_equal_dataset_macro_F1,28299,9647,3316,382238,0.8951130792345405,0.7457703051705055,0.8136455772631215,0.6858368474625564,0.8010639116865885,D:\Retina\Retinal-Vessel-Segmentation-Benchmark-main\config\test_data\STARE\masks\im0081.png,D:\Retina\Retinal-Vessel-Segmentation-Benchmark-main\Models_output\SA-UNnetv2\test_data\STARE\pred_masks\im0081.png,D:\Retina\Retinal-Vessel-Segmentation-Benchmark-main\Models_output\SA-UNnetv2\test_data\STARE\probability maps\im0081.png
SA-UNnetv2,SA-UNnetv2,STARE,im0082,0.75,diagnostic_test_set_scan_equal_dataset_macro_F1,29526,7016,3784,383174,0.8864004803362354,0.8080017514093372,0.8453873904827349,0.7321827109061152,0.8325817316145423,D:\Retina\Retinal-Vessel-Segmentation-Benchmark-main\config\test_data\STARE\masks\im0082.png,D:\Retina\Retinal-Vessel-Segmentation-Benchmark-main\Models_output\SA-UNnetv2\test_data\STARE\pred_masks\im0082.png,D:\Retina\Retinal-Vessel-Segmentation-Benchmark-main\Models_output\SA-UNnetv2\test_data\STARE\probability maps\im0082.png
SA-UNnetv2,SA-UNnetv2,STARE,im0139,0.75,diagnostic_test_set_scan_equal_dataset_macro_F1,28976,7715,5081,381728,0.8508089379569546,0.7897304516093865,0.8191326963306383,0.6936704012257014,0.8033362691040103,D:\Retina\Retinal-Vessel-Segmentation-Benchmark-main\config\test_data\STARE\masks\im0139.png,D:\Retina\Retinal-Vessel-Segmentation-Benchmark-main\Models_output\SA-UNnetv2\test_data\STARE\pred_masks\im0139.png,D:\Retina\Retinal-Vessel-Segmentation-Benchmark-main\Models_output\SA-UNnetv2\test_data\STARE\probability maps\im0139.png
SA-UNnetv2,SA-UNnetv2,STARE,im0162,0.75,diagnostic_test_set_scan_equal_dataset_macro_F1,26183,7163,3997,386157,0.8675612988734261,0.785191627181671,0.8243238988760508,0.701148809683207,0.8112958374895262,D:\Retina\Retinal-Vessel-Segmentation-Benchmark-main\config\test_data\STARE\masks\im0162.png,D:\Retina\Retinal-Vessel-Segmentation-Benchmark-main\Models_output\SA-UNnetv2\test_data\STARE\pred_masks\im0162.png,D:\Retina\Retinal-Vessel-Segmentation-Benchmark-main\Models_output\SA-UNnetv2\test_data\STARE\probability maps\im0162.png
SA-UNnetv2,SA-UNnetv2,STARE,im0163,0.75,diagnostic_test_set_scan_equal_dataset_macro_F1,29135,7128,3616,383621,0.8895911575219078,0.8034360091553374,0.8443214420262556,0.7305850196845457,0.8318273632010269,D:\Retina\Retinal-Vessel-Segmentation-Benchmark-main\config\test_data\STARE\masks\im0163.png,D:\Retina\Retinal-Vessel-Segmentation-Benchmark-main\Models_output\SA-UNnetv2\test_data\STARE\pred_masks\im0163.png,D:\Retina\Retinal-Vessel-Segmentation-Benchmark-main\Models_output\SA-UNnetv2\test_data\STARE\probability maps\im0163.png
SA-UNnetv2,SA-UNnetv2,STARE,im0235,0.75,diagnostic_test_set_scan_equal_dataset_macro_F1,32012,5547,5689,380252,0.8491021458316755,0.8523123618839692,0.8507042253521127,0.7401960784313726,0.8361467674735773,D:\Retina\Retinal-Vessel-Segmentation-Benchmark-main\config\test_data\STARE\masks\im0235.png,D:\Retina\Retinal-Vessel-Segmentation-Benchmark-main\Models_output\SA-UNnetv2\test_data\STARE\pred_masks\im0235.png,D:\Retina\Retinal-Vessel-Segmentation-Benchmark-main\Models_output\SA-UNnetv2\test_data\STARE\probability maps\im0235.png
SA-UNnetv2,SA-UNnetv2,STARE,im0236,0.75,diagnostic_test_set_scan_equal_dataset_macro_F1,32438,4764,5922,380376,0.8456204379562043,0.8719423686898554,0.8585797093777295,0.7522029496336147,0.8448508296084482,D:\Retina\Retinal-Vessel-Segmentation-Benchmark-main\config\test_data\STARE\masks\im0236.png,D:\Retina\Retinal-Vessel-Segmentation-Benchmark-main\Models_output\SA-UNnetv2\test_data\STARE\pred_masks\im0236.png,D:\Retina\Retinal-Vessel-Segmentation-Benchmark-main\Models_output\SA-UNnetv2\test_data\STARE\probability maps\im0236.png
SA-UNnetv2,SA-UNnetv2,STARE,im0239,0.75,diagnostic_test_set_scan_equal_dataset_macro_F1,30392,8664,6179,378265,0.831040988761587,0.7781646866038509,0.8037341161225489,0.6718691278876976,0.7850256370476753,D:\Retina\Retinal-Vessel-Segmentation-Benchmark-main\config\test_data\STARE\masks\im0239.png,D:\Retina\Retinal-Vessel-Segmentation-Benchmark-main\Models_output\SA-UNnetv2\test_data\STARE\pred_masks\im0239.png,D:\Retina\Retinal-Vessel-Segmentation-Benchmark-main\Models_output\SA-UNnetv2\test_data\STARE\probability maps\im0239.png
SA-UNnetv2,SA-UNnetv2,STARE,im0240,0.75,diagnostic_test_set_scan_equal_dataset_macro_F1,34627,9035,8616,371222,0.8007538792405707,0.7930694883422655,0.7968931591968241,0.6623627529744825,0.773682829632785,D:\Retina\Retinal-Vessel-Segmentation-Benchmark-main\config\test_data\STARE\masks\im0240.png,D:\Retina\Retinal-Vessel-Segmentation-Benchmark-main\Models_output\SA-UNnetv2\test_data\STARE\pred_masks\im0240.png,D:\Retina\Retinal-Vessel-Segmentation-Benchmark-main\Models_output\SA-UNnetv2\test_data\STARE\probability maps\im0240.png
SA-UNnetv2,SA-UNnetv2,STARE,im0255,0.75,diagnostic_test_set_scan_equal_dataset_macro_F1,30789,4798,7114,380799,0.8123103712107221,0.8651754854300728,0.8379099197169683,0.72103697805672,0.8230168322851856,D:\Retina\Retinal-Vessel-Segmentation-Benchmark-main\config\test_data\STARE\masks\im0255.png,D:\Retina\Retinal-Vessel-Segmentation-Benchmark-main\Models_output\SA-UNnetv2\test_data\STARE\pred_masks\im0255.png,D:\Retina\Retinal-Vessel-Segmentation-Benchmark-main\Models_output\SA-UNnetv2\test_data\STARE\probability maps\im0255.png
SA-UNnetv2,SA-UNnetv2,STARE,im0291,0.75,diagnostic_test_set_scan_equal_dataset_macro_F1,18192,3861,3226,398221,0.8493790269866468,0.8249217793497483,0.8369717742863058,0.7196487202816567,0.8282521029624555,D:\Retina\Retinal-Vessel-Segmentation-Benchmark-main\config\test_data\STARE\masks\im0291.png,D:\Retina\Retinal-Vessel-Segmentation-Benchmark-main\Models_output\SA-UNnetv2\test_data\STARE\pred_masks\im0291.png,D:\Retina\Retinal-Vessel-Segmentation-Benchmark-main\Models_output\SA-UNnetv2\test_data\STARE\probability maps\im0291.png
SA-UNnetv2,SA-UNnetv2,STARE,im0319,0.75,diagnostic_test_set_scan_equal_dataset_macro_F1,15214,7212,3031,398043,0.8338722937791175,0.6784089895656827,0.748149787317745,0.5976352280315826,0.7399095208680246,D:\Retina\Retinal-Vessel-Segmentation-Benchmark-main\config\test_data\STARE\masks\im0319.png,D:\Retina\Retinal-Vessel-Segmentation-Benchmark-main\Models_output\SA-UNnetv2\test_data\STARE\pred_masks\im0319.png,D:\Retina\Retinal-Vessel-Segmentation-Benchmark-main\Models_output\SA-UNnetv2\test_data\STARE\probability maps\im0319.png
SA-UNnetv2,SA-UNnetv2,STARE,im0324,0.75,diagnostic_test_set_scan_equal_dataset_macro_F1,22880,9414,5381,385825,0.8095962634018612,0.708490741314176,0.7556766575840145,0.6072992700729927,0.7388558550693433,D:\Retina\Retinal-Vessel-Segmentation-Benchmark-main\config\test_data\STARE\masks\im0324.png,D:\Retina\Retinal-Vessel-Segmentation-Benchmark-main\Models_output\SA-UNnetv2\test_data\STARE\pred_masks\im0324.png,D:\Retina\Retinal-Vessel-Segmentation-Benchmark-main\Models_output\SA-UNnetv2\test_data\STARE\probability maps\im0324.png
