Model,Dataset,Image,Threshold,threshold_source,thin_definition,disk_diameter_px,optic_disc_source,tau_thin_px,thin_gt_pixels_proxy,thin_tp_pixels,thin_vessel_sensitivity_proxy,PredictionPath,GTPath
DCP_1024,AFIO,IM000001,0.45,diagnostic_test_set_scan_equal_dataset_macro_F1,"TVS = |S_GT_thin intersect M_pred| / |S_GT_thin|; S_GT_thin uses skeletonize(GT), Dlocal=2*EDT(GT), tau=max(1 px, 0.018*DOD)",119.7,auto_detected,2.1546,49,22,0.4489795918367347,D:\Retina\Retinal-Vessel-Segmentation-Benchmark-main\Models_output\DCP_1024\test_data\AFIO\pred_masks\IM000001.png,D:\Retina\Retinal-Vessel-Segmentation-Benchmark-main\config\test_data\AFIO\masks\IM000001.png
DCP_1024,AFIO,IM000004,0.45,diagnostic_test_set_scan_equal_dataset_macro_F1,"TVS = |S_GT_thin intersect M_pred| / |S_GT_thin|; S_GT_thin uses skeletonize(GT), Dlocal=2*EDT(GT), tau=max(1 px, 0.018*DOD)",124.56,auto_detected,2.24208,233,69,0.296137339055794,D:\Retina\Retinal-Vessel-Segmentation-Benchmark-main\Models_output\DCP_1024\test_data\AFIO\pred_masks\IM000004.png,D:\Retina\Retinal-Vessel-Segmentation-Benchmark-main\config\test_data\AFIO\masks\IM000004.png
DCP_1024,AFIO,IM000023,0.45,diagnostic_test_set_scan_equal_dataset_macro_F1,"TVS = |S_GT_thin intersect M_pred| / |S_GT_thin|; S_GT_thin uses skeletonize(GT), Dlocal=2*EDT(GT), tau=max(1 px, 0.018*DOD)",128.0,auto_detected,2.304,189,51,0.2698412698412698,D:\Retina\Retinal-Vessel-Segmentation-Benchmark-main\Models_output\DCP_1024\test_data\AFIO\pred_masks\IM000023.png,D:\Retina\Retinal-Vessel-Segmentation-Benchmark-main\config\test_data\AFIO\masks\IM000023.png
DCP_1024,AFIO,IM000024,0.45,diagnostic_test_set_scan_equal_dataset_macro_F1,"TVS = |S_GT_thin intersect M_pred| / |S_GT_thin|; S_GT_thin uses skeletonize(GT), Dlocal=2*EDT(GT), tau=max(1 px, 0.018*DOD)",135.87,auto_detected,2.4456599999999997,225,51,0.22666666666666666,D:\Retina\Retinal-Vessel-Segmentation-Benchmark-main\Models_output\DCP_1024\test_data\AFIO\pred_masks\IM000024.png,D:\Retina\Retinal-Vessel-Segmentation-Benchmark-main\config\test_data\AFIO\masks\IM000024.png
DCP_1024,AFIO,IM000135,0.45,diagnostic_test_set_scan_equal_dataset_macro_F1,"TVS = |S_GT_thin intersect M_pred| / |S_GT_thin|; S_GT_thin uses skeletonize(GT), Dlocal=2*EDT(GT), tau=max(1 px, 0.018*DOD)",150.24,auto_detected,2.70432,598,86,0.14381270903010032,D:\Retina\Retinal-Vessel-Segmentation-Benchmark-main\Models_output\DCP_1024\test_data\AFIO\pred_masks\IM000135.png,D:\Retina\Retinal-Vessel-Segmentation-Benchmark-main\config\test_data\AFIO\masks\IM000135.png
DCP_1024,AFIO,IM000136,0.45,diagnostic_test_set_scan_equal_dataset_macro_F1,"TVS = |S_GT_thin intersect M_pred| / |S_GT_thin|; S_GT_thin uses skeletonize(GT), Dlocal=2*EDT(GT), tau=max(1 px, 0.018*DOD)",141.64,auto_detected,2.5495199999999993,26,7,0.2692307692307692,D:\Retina\Retinal-Vessel-Segmentation-Benchmark-main\Models_output\DCP_1024\test_data\AFIO\pred_masks\IM000136.png,D:\Retina\Retinal-Vessel-Segmentation-Benchmark-main\config\test_data\AFIO\masks\IM000136.png
DCP_1024,AFIO,IM000167,0.45,diagnostic_test_set_scan_equal_dataset_macro_F1,"TVS = |S_GT_thin intersect M_pred| / |S_GT_thin|; S_GT_thin uses skeletonize(GT), Dlocal=2*EDT(GT), tau=max(1 px, 0.018*DOD)",121.13,auto_detected,2.1803399999999997,31,17,0.5483870967741935,D:\Retina\Retinal-Vessel-Segmentation-Benchmark-main\Models_output\DCP_1024\test_data\AFIO\pred_masks\IM000167.png,D:\Retina\Retinal-Vessel-Segmentation-Benchmark-main\config\test_data\AFIO\masks\IM000167.png
DCP_1024,AFIO,IM000168,0.45,diagnostic_test_set_scan_equal_dataset_macro_F1,"TVS = |S_GT_thin intersect M_pred| / |S_GT_thin|; S_GT_thin uses skeletonize(GT), Dlocal=2*EDT(GT), tau=max(1 px, 0.018*DOD)",139.57,auto_detected,2.5122599999999995,184,28,0.15217391304347827,D:\Retina\Retinal-Vessel-Segmentation-Benchmark-main\Models_output\DCP_1024\test_data\AFIO\pred_masks\IM000168.png,D:\Retina\Retinal-Vessel-Segmentation-Benchmark-main\config\test_data\AFIO\masks\IM000168.png
DCP_1024,AFIO,IM000189,0.45,diagnostic_test_set_scan_equal_dataset_macro_F1,"TVS = |S_GT_thin intersect M_pred| / |S_GT_thin|; S_GT_thin uses skeletonize(GT), Dlocal=2*EDT(GT), tau=max(1 px, 0.018*DOD)",149.53,auto_detected,2.69154,148,48,0.32432432432432434,D:\Retina\Retinal-Vessel-Segmentation-Benchmark-main\Models_output\DCP_1024\test_data\AFIO\pred_masks\IM000189.png,D:\Retina\Retinal-Vessel-Segmentation-Benchmark-main\config\test_data\AFIO\masks\IM000189.png
DCP_1024,AFIO,IM000209,0.45,diagnostic_test_set_scan_equal_dataset_macro_F1,"TVS = |S_GT_thin intersect M_pred| / |S_GT_thin|; S_GT_thin uses skeletonize(GT), Dlocal=2*EDT(GT), tau=max(1 px, 0.018*DOD)",140.0,auto_detected,2.52,74,14,0.1891891891891892,D:\Retina\Retinal-Vessel-Segmentation-Benchmark-main\Models_output\DCP_1024\test_data\AFIO\pred_masks\IM000209.png,D:\Retina\Retinal-Vessel-Segmentation-Benchmark-main\config\test_data\AFIO\masks\IM000209.png
DCP_1024,AFIO,IM000210,0.45,diagnostic_test_set_scan_equal_dataset_macro_F1,"TVS = |S_GT_thin intersect M_pred| / |S_GT_thin|; S_GT_thin uses skeletonize(GT), Dlocal=2*EDT(GT), tau=max(1 px, 0.018*DOD)",164.3,auto_detected,2.9574,922,185,0.20065075921908893,D:\Retina\Retinal-Vessel-Segmentation-Benchmark-main\Models_output\DCP_1024\test_data\AFIO\pred_masks\IM000210.png,D:\Retina\Retinal-Vessel-Segmentation-Benchmark-main\config\test_data\AFIO\masks\IM000210.png
DCP_1024,AFIO,IM000333,0.45,diagnostic_test_set_scan_equal_dataset_macro_F1,"TVS = |S_GT_thin intersect M_pred| / |S_GT_thin|; S_GT_thin uses skeletonize(GT), Dlocal=2*EDT(GT), tau=max(1 px, 0.018*DOD)",134.96,auto_detected,2.42928,41,11,0.2682926829268293,D:\Retina\Retinal-Vessel-Segmentation-Benchmark-main\Models_output\DCP_1024\test_data\AFIO\pred_masks\IM000333.png,D:\Retina\Retinal-Vessel-Segmentation-Benchmark-main\config\test_data\AFIO\masks\IM000333.png
DCP_1024,AFIO,IM000389,0.45,diagnostic_test_set_scan_equal_dataset_macro_F1,"TVS = |S_GT_thin intersect M_pred| / |S_GT_thin|; S_GT_thin uses skeletonize(GT), Dlocal=2*EDT(GT), tau=max(1 px, 0.018*DOD)",137.55,auto_detected,2.4759,43,1,0.023255813953488372,D:\Retina\Retinal-Vessel-Segmentation-Benchmark-main\Models_output\DCP_1024\test_data\AFIO\pred_masks\IM000389.png,D:\Retina\Retinal-Vessel-Segmentation-Benchmark-main\config\test_data\AFIO\masks\IM000389.png
DCP_1024,AFIO,IM000390,0.45,diagnostic_test_set_scan_equal_dataset_macro_F1,"TVS = |S_GT_thin intersect M_pred| / |S_GT_thin|; S_GT_thin uses skeletonize(GT), Dlocal=2*EDT(GT), tau=max(1 px, 0.018*DOD)",138.93,auto_detected,2.50074,34,18,0.5294117647058824,D:\Retina\Retinal-Vessel-Segmentation-Benchmark-main\Models_output\DCP_1024\test_data\AFIO\pred_masks\IM000390.png,D:\Retina\Retinal-Vessel-Segmentation-Benchmark-main\config\test_data\AFIO\masks\IM000390.png
DCP_1024,AFIO,IM000678,0.45,diagnostic_test_set_scan_equal_dataset_macro_F1,"TVS = |S_GT_thin intersect M_pred| / |S_GT_thin|; S_GT_thin uses skeletonize(GT), Dlocal=2*EDT(GT), tau=max(1 px, 0.018*DOD)",148.0,auto_detected,2.6639999999999997,92,50,0.5434782608695652,D:\Retina\Retinal-Vessel-Segmentation-Benchmark-main\Models_output\DCP_1024\test_data\AFIO\pred_masks\IM000678.png,D:\Retina\Retinal-Vessel-Segmentation-Benchmark-main\config\test_data\AFIO\masks\IM000678.png
DCP_1024,AFIO,IM000679,0.45,diagnostic_test_set_scan_equal_dataset_macro_F1,"TVS = |S_GT_thin intersect M_pred| / |S_GT_thin|; S_GT_thin uses skeletonize(GT), Dlocal=2*EDT(GT), tau=max(1 px, 0.018*DOD)",148.0,annotation_csv,2.6639999999999997,55,24,0.43636363636363634,D:\Retina\Retinal-Vessel-Segmentation-Benchmark-main\Models_output\DCP_1024\test_data\AFIO\pred_masks\IM000679.png,D:\Retina\Retinal-Vessel-Segmentation-Benchmark-main\config\test_data\AFIO\masks\IM000679.png
DCP_1024,AFIO,IM000715,0.45,diagnostic_test_set_scan_equal_dataset_macro_F1,"TVS = |S_GT_thin intersect M_pred| / |S_GT_thin|; S_GT_thin uses skeletonize(GT), Dlocal=2*EDT(GT), tau=max(1 px, 0.018*DOD)",159.12,auto_detected,2.86416,556,339,0.6097122302158273,D:\Retina\Retinal-Vessel-Segmentation-Benchmark-main\Models_output\DCP_1024\test_data\AFIO\pred_masks\IM000715.png,D:\Retina\Retinal-Vessel-Segmentation-Benchmark-main\config\test_data\AFIO\masks\IM000715.png
DCP_1024,AFIO,IM000716,0.45,diagnostic_test_set_scan_equal_dataset_macro_F1,"TVS = |S_GT_thin intersect M_pred| / |S_GT_thin|; S_GT_thin uses skeletonize(GT), Dlocal=2*EDT(GT), tau=max(1 px, 0.018*DOD)",161.11,auto_detected,2.8999800000000002,1574,605,0.3843710292249047,D:\Retina\Retinal-Vessel-Segmentation-Benchmark-main\Models_output\DCP_1024\test_data\AFIO\pred_masks\IM000716.png,D:\Retina\Retinal-Vessel-Segmentation-Benchmark-main\config\test_data\AFIO\masks\IM000716.png
DCP_1024,AFIO,IM000938,0.45,diagnostic_test_set_scan_equal_dataset_macro_F1,"TVS = |S_GT_thin intersect M_pred| / |S_GT_thin|; S_GT_thin uses skeletonize(GT), Dlocal=2*EDT(GT), tau=max(1 px, 0.018*DOD)",150.69,auto_detected,2.71242,46,16,0.34782608695652173,D:\Retina\Retinal-Vessel-Segmentation-Benchmark-main\Models_output\DCP_1024\test_data\AFIO\pred_masks\IM000938.png,D:\Retina\Retinal-Vessel-Segmentation-Benchmark-main\config\test_data\AFIO\masks\IM000938.png
DCP_1024,AFIO,IM001031,0.45,diagnostic_test_set_scan_equal_dataset_macro_F1,"TVS = |S_GT_thin intersect M_pred| / |S_GT_thin|; S_GT_thin uses skeletonize(GT), Dlocal=2*EDT(GT), tau=max(1 px, 0.018*DOD)",135.38,auto_detected,2.4368399999999997,55,12,0.21818181818181817,D:\Retina\Retinal-Vessel-Segmentation-Benchmark-main\Models_output\DCP_1024\test_data\AFIO\pred_masks\IM001031.png,D:\Retina\Retinal-Vessel-Segmentation-Benchmark-main\config\test_data\AFIO\masks\IM001031.png
DCP_1024,AFIO,IM001032,0.45,diagnostic_test_set_scan_equal_dataset_macro_F1,"TVS = |S_GT_thin intersect M_pred| / |S_GT_thin|; S_GT_thin uses skeletonize(GT), Dlocal=2*EDT(GT), tau=max(1 px, 0.018*DOD)",135.38,auto_detected,2.4368399999999997,55,12,0.21818181818181817,D:\Retina\Retinal-Vessel-Segmentation-Benchmark-main\Models_output\DCP_1024\test_data\AFIO\pred_masks\IM001032.png,D:\Retina\Retinal-Vessel-Segmentation-Benchmark-main\config\test_data\AFIO\masks\IM001032.png
DCP_1024,AFIO,IM001034,0.45,diagnostic_test_set_scan_equal_dataset_macro_F1,"TVS = |S_GT_thin intersect M_pred| / |S_GT_thin|; S_GT_thin uses skeletonize(GT), Dlocal=2*EDT(GT), tau=max(1 px, 0.018*DOD)",145.08,auto_detected,2.61144,8,7,0.875,D:\Retina\Retinal-Vessel-Segmentation-Benchmark-main\Models_output\DCP_1024\test_data\AFIO\pred_masks\IM001034.png,D:\Retina\Retinal-Vessel-Segmentation-Benchmark-main\config\test_data\AFIO\masks\IM001034.png
DCP_1024,AFIO,IM001069,0.45,diagnostic_test_set_scan_equal_dataset_macro_F1,"TVS = |S_GT_thin intersect M_pred| / |S_GT_thin|; S_GT_thin uses skeletonize(GT), Dlocal=2*EDT(GT), tau=max(1 px, 0.018*DOD)",157.83,auto_detected,2.84094,38,7,0.18421052631578946,D:\Retina\Retinal-Vessel-Segmentation-Benchmark-main\Models_output\DCP_1024\test_data\AFIO\pred_masks\IM001069.png,D:\Retina\Retinal-Vessel-Segmentation-Benchmark-main\config\test_data\AFIO\masks\IM001069.png
DCP_1024,AFIO,IM001070,0.45,diagnostic_test_set_scan_equal_dataset_macro_F1,"TVS = |S_GT_thin intersect M_pred| / |S_GT_thin|; S_GT_thin uses skeletonize(GT), Dlocal=2*EDT(GT), tau=max(1 px, 0.018*DOD)",164.62,auto_detected,2.96316,460,50,0.10869565217391304,D:\Retina\Retinal-Vessel-Segmentation-Benchmark-main\Models_output\DCP_1024\test_data\AFIO\pred_masks\IM001070.png,D:\Retina\Retinal-Vessel-Segmentation-Benchmark-main\config\test_data\AFIO\masks\IM001070.png
DCP_1024,AFIO,IM001096,0.45,diagnostic_test_set_scan_equal_dataset_macro_F1,"TVS = |S_GT_thin intersect M_pred| / |S_GT_thin|; S_GT_thin uses skeletonize(GT), Dlocal=2*EDT(GT), tau=max(1 px, 0.018*DOD)",158.59,auto_detected,2.8546199999999997,380,16,0.042105263157894736,D:\Retina\Retinal-Vessel-Segmentation-Benchmark-main\Models_output\DCP_1024\test_data\AFIO\pred_masks\IM001096.png,D:\Retina\Retinal-Vessel-Segmentation-Benchmark-main\config\test_data\AFIO\masks\IM001096.png
DCP_1024,AFIO,IM001097,0.45,diagnostic_test_set_scan_equal_dataset_macro_F1,"TVS = |S_GT_thin intersect M_pred| / |S_GT_thin|; S_GT_thin uses skeletonize(GT), Dlocal=2*EDT(GT), tau=max(1 px, 0.018*DOD)",164.41,auto_detected,2.95938,39,24,0.6153846153846154,D:\Retina\Retinal-Vessel-Segmentation-Benchmark-main\Models_output\DCP_1024\test_data\AFIO\pred_masks\IM001097.png,D:\Retina\Retinal-Vessel-Segmentation-Benchmark-main\config\test_data\AFIO\masks\IM001097.png
DCP_1024,AFIO,IM001126,0.45,diagnostic_test_set_scan_equal_dataset_macro_F1,"TVS = |S_GT_thin intersect M_pred| / |S_GT_thin|; S_GT_thin uses skeletonize(GT), Dlocal=2*EDT(GT), tau=max(1 px, 0.018*DOD)",161.79,auto_detected,2.9122199999999996,102,48,0.47058823529411764,D:\Retina\Retinal-Vessel-Segmentation-Benchmark-main\Models_output\DCP_1024\test_data\AFIO\pred_masks\IM001126.png,D:\Retina\Retinal-Vessel-Segmentation-Benchmark-main\config\test_data\AFIO\masks\IM001126.png
DCP_1024,AFIO,IM001127,0.45,diagnostic_test_set_scan_equal_dataset_macro_F1,"TVS = |S_GT_thin intersect M_pred| / |S_GT_thin|; S_GT_thin uses skeletonize(GT), Dlocal=2*EDT(GT), tau=max(1 px, 0.018*DOD)",138.39,auto_detected,2.4910199999999993,20,0,0.0,D:\Retina\Retinal-Vessel-Segmentation-Benchmark-main\Models_output\DCP_1024\test_data\AFIO\pred_masks\IM001127.png,D:\Retina\Retinal-Vessel-Segmentation-Benchmark-main\config\test_data\AFIO\masks\IM001127.png
DCP_1024,AFIO,IM001154,0.45,diagnostic_test_set_scan_equal_dataset_macro_F1,"TVS = |S_GT_thin intersect M_pred| / |S_GT_thin|; S_GT_thin uses skeletonize(GT), Dlocal=2*EDT(GT), tau=max(1 px, 0.018*DOD)",140.28,auto_detected,2.5250399999999997,158,36,0.22784810126582278,D:\Retina\Retinal-Vessel-Segmentation-Benchmark-main\Models_output\DCP_1024\test_data\AFIO\pred_masks\IM001154.png,D:\Retina\Retinal-Vessel-Segmentation-Benchmark-main\config\test_data\AFIO\masks\IM001154.png
DCP_1024,AFIO,IM001155,0.45,diagnostic_test_set_scan_equal_dataset_macro_F1,"TVS = |S_GT_thin intersect M_pred| / |S_GT_thin|; S_GT_thin uses skeletonize(GT), Dlocal=2*EDT(GT), tau=max(1 px, 0.018*DOD)",147.34,auto_detected,2.65212,37,10,0.2702702702702703,D:\Retina\Retinal-Vessel-Segmentation-Benchmark-main\Models_output\DCP_1024\test_data\AFIO\pred_masks\IM001155.png,D:\Retina\Retinal-Vessel-Segmentation-Benchmark-main\config\test_data\AFIO\masks\IM001155.png
DCP_1024,AFIO,IM001192,0.45,diagnostic_test_set_scan_equal_dataset_macro_F1,"TVS = |S_GT_thin intersect M_pred| / |S_GT_thin|; S_GT_thin uses skeletonize(GT), Dlocal=2*EDT(GT), tau=max(1 px, 0.018*DOD)",172.78,auto_detected,3.1100399999999997,99,38,0.3838383838383838,D:\Retina\Retinal-Vessel-Segmentation-Benchmark-main\Models_output\DCP_1024\test_data\AFIO\pred_masks\IM001192.png,D:\Retina\Retinal-Vessel-Segmentation-Benchmark-main\config\test_data\AFIO\masks\IM001192.png
DCP_1024,AFIO,IM001193,0.45,diagnostic_test_set_scan_equal_dataset_macro_F1,"TVS = |S_GT_thin intersect M_pred| / |S_GT_thin|; S_GT_thin uses skeletonize(GT), Dlocal=2*EDT(GT), tau=max(1 px, 0.018*DOD)",159.65,auto_detected,2.8737,1412,90,0.06373937677053824,D:\Retina\Retinal-Vessel-Segmentation-Benchmark-main\Models_output\DCP_1024\test_data\AFIO\pred_masks\IM001193.png,D:\Retina\Retinal-Vessel-Segmentation-Benchmark-main\config\test_data\AFIO\masks\IM001193.png
DCP_1024,AFIO,IM001218,0.45,diagnostic_test_set_scan_equal_dataset_macro_F1,"TVS = |S_GT_thin intersect M_pred| / |S_GT_thin|; S_GT_thin uses skeletonize(GT), Dlocal=2*EDT(GT), tau=max(1 px, 0.018*DOD)",138.68,auto_detected,2.49624,173,56,0.3236994219653179,D:\Retina\Retinal-Vessel-Segmentation-Benchmark-main\Models_output\DCP_1024\test_data\AFIO\pred_masks\IM001218.png,D:\Retina\Retinal-Vessel-Segmentation-Benchmark-main\config\test_data\AFIO\masks\IM001218.png
DCP_1024,AFIO,IM001219,0.45,diagnostic_test_set_scan_equal_dataset_macro_F1,"TVS = |S_GT_thin intersect M_pred| / |S_GT_thin|; S_GT_thin uses skeletonize(GT), Dlocal=2*EDT(GT), tau=max(1 px, 0.018*DOD)",142.62,auto_detected,2.56716,53,20,0.37735849056603776,D:\Retina\Retinal-Vessel-Segmentation-Benchmark-main\Models_output\DCP_1024\test_data\AFIO\pred_masks\IM001219.png,D:\Retina\Retinal-Vessel-Segmentation-Benchmark-main\config\test_data\AFIO\masks\IM001219.png
DCP_1024,AFIO,IM001246,0.45,diagnostic_test_set_scan_equal_dataset_macro_F1,"TVS = |S_GT_thin intersect M_pred| / |S_GT_thin|; S_GT_thin uses skeletonize(GT), Dlocal=2*EDT(GT), tau=max(1 px, 0.018*DOD)",124.34,auto_detected,2.23812,50,28,0.56,D:\Retina\Retinal-Vessel-Segmentation-Benchmark-main\Models_output\DCP_1024\test_data\AFIO\pred_masks\IM001246.png,D:\Retina\Retinal-Vessel-Segmentation-Benchmark-main\config\test_data\AFIO\masks\IM001246.png
DCP_1024,AFIO,IM001686,0.45,diagnostic_test_set_scan_equal_dataset_macro_F1,"TVS = |S_GT_thin intersect M_pred| / |S_GT_thin|; S_GT_thin uses skeletonize(GT), Dlocal=2*EDT(GT), tau=max(1 px, 0.018*DOD)",129.59,auto_detected,2.33262,5,4,0.8,D:\Retina\Retinal-Vessel-Segmentation-Benchmark-main\Models_output\DCP_1024\test_data\AFIO\pred_masks\IM001686.png,D:\Retina\Retinal-Vessel-Segmentation-Benchmark-main\config\test_data\AFIO\masks\IM001686.png
DCP_1024,AFIO,IM001749,0.45,diagnostic_test_set_scan_equal_dataset_macro_F1,"TVS = |S_GT_thin intersect M_pred| / |S_GT_thin|; S_GT_thin uses skeletonize(GT), Dlocal=2*EDT(GT), tau=max(1 px, 0.018*DOD)",143.19,auto_detected,2.5774199999999996,100,35,0.35,D:\Retina\Retinal-Vessel-Segmentation-Benchmark-main\Models_output\DCP_1024\test_data\AFIO\pred_masks\IM001749.png,D:\Retina\Retinal-Vessel-Segmentation-Benchmark-main\config\test_data\AFIO\masks\IM001749.png
DCP_1024,AFIO,IM001750,0.45,diagnostic_test_set_scan_equal_dataset_macro_F1,"TVS = |S_GT_thin intersect M_pred| / |S_GT_thin|; S_GT_thin uses skeletonize(GT), Dlocal=2*EDT(GT), tau=max(1 px, 0.018*DOD)",141.86,auto_detected,2.55348,50,18,0.36,D:\Retina\Retinal-Vessel-Segmentation-Benchmark-main\Models_output\DCP_1024\test_data\AFIO\pred_masks\IM001750.png,D:\Retina\Retinal-Vessel-Segmentation-Benchmark-main\config\test_data\AFIO\masks\IM001750.png
DCP_1024,AFIO,IM001791,0.45,diagnostic_test_set_scan_equal_dataset_macro_F1,"TVS = |S_GT_thin intersect M_pred| / |S_GT_thin|; S_GT_thin uses skeletonize(GT), Dlocal=2*EDT(GT), tau=max(1 px, 0.018*DOD)",125.81,auto_detected,2.26458,65,44,0.676923076923077,D:\Retina\Retinal-Vessel-Segmentation-Benchmark-main\Models_output\DCP_1024\test_data\AFIO\pred_masks\IM001791.png,D:\Retina\Retinal-Vessel-Segmentation-Benchmark-main\config\test_data\AFIO\masks\IM001791.png
DCP_1024,AFIO,IM001792,0.45,diagnostic_test_set_scan_equal_dataset_macro_F1,"TVS = |S_GT_thin intersect M_pred| / |S_GT_thin|; S_GT_thin uses skeletonize(GT), Dlocal=2*EDT(GT), tau=max(1 px, 0.018*DOD)",143.34,auto_detected,2.58012,165,28,0.1696969696969697,D:\Retina\Retinal-Vessel-Segmentation-Benchmark-main\Models_output\DCP_1024\test_data\AFIO\pred_masks\IM001792.png,D:\Retina\Retinal-Vessel-Segmentation-Benchmark-main\config\test_data\AFIO\masks\IM001792.png
DCP_1024,AFIO,IM001814,0.45,diagnostic_test_set_scan_equal_dataset_macro_F1,"TVS = |S_GT_thin intersect M_pred| / |S_GT_thin|; S_GT_thin uses skeletonize(GT), Dlocal=2*EDT(GT), tau=max(1 px, 0.018*DOD)",166.34,annotation_csv,2.9941199999999997,673,270,0.4011887072808321,D:\Retina\Retinal-Vessel-Segmentation-Benchmark-main\Models_output\DCP_1024\test_data\AFIO\pred_masks\IM001814.png,D:\Retina\Retinal-Vessel-Segmentation-Benchmark-main\config\test_data\AFIO\masks\IM001814.png
DCP_1024,AFIO,IM001858,0.45,diagnostic_test_set_scan_equal_dataset_macro_F1,"TVS = |S_GT_thin intersect M_pred| / |S_GT_thin|; S_GT_thin uses skeletonize(GT), Dlocal=2*EDT(GT), tau=max(1 px, 0.018*DOD)",158.83,auto_detected,2.85894,1437,271,0.1885873347251218,D:\Retina\Retinal-Vessel-Segmentation-Benchmark-main\Models_output\DCP_1024\test_data\AFIO\pred_masks\IM001858.png,D:\Retina\Retinal-Vessel-Segmentation-Benchmark-main\config\test_data\AFIO\masks\IM001858.png
DCP_1024,AFIO,IM001859,0.45,diagnostic_test_set_scan_equal_dataset_macro_F1,"TVS = |S_GT_thin intersect M_pred| / |S_GT_thin|; S_GT_thin uses skeletonize(GT), Dlocal=2*EDT(GT), tau=max(1 px, 0.018*DOD)",151.65,auto_detected,2.7297,166,58,0.3493975903614458,D:\Retina\Retinal-Vessel-Segmentation-Benchmark-main\Models_output\DCP_1024\test_data\AFIO\pred_masks\IM001859.png,D:\Retina\Retinal-Vessel-Segmentation-Benchmark-main\config\test_data\AFIO\masks\IM001859.png
DCP_1024,AFIO,IM002094,0.45,diagnostic_test_set_scan_equal_dataset_macro_F1,"TVS = |S_GT_thin intersect M_pred| / |S_GT_thin|; S_GT_thin uses skeletonize(GT), Dlocal=2*EDT(GT), tau=max(1 px, 0.018*DOD)",156.0,auto_detected,2.808,14,9,0.6428571428571429,D:\Retina\Retinal-Vessel-Segmentation-Benchmark-main\Models_output\DCP_1024\test_data\AFIO\pred_masks\IM002094.png,D:\Retina\Retinal-Vessel-Segmentation-Benchmark-main\config\test_data\AFIO\masks\IM002094.png
DCP_1024,AFIO,IM002348,0.45,diagnostic_test_set_scan_equal_dataset_macro_F1,"TVS = |S_GT_thin intersect M_pred| / |S_GT_thin|; S_GT_thin uses skeletonize(GT), Dlocal=2*EDT(GT), tau=max(1 px, 0.018*DOD)",140.45,auto_detected,2.5281,16,8,0.5,D:\Retina\Retinal-Vessel-Segmentation-Benchmark-main\Models_output\DCP_1024\test_data\AFIO\pred_masks\IM002348.png,D:\Retina\Retinal-Vessel-Segmentation-Benchmark-main\config\test_data\AFIO\masks\IM002348.png
DCP_1024,AFIO,IM002350,0.45,diagnostic_test_set_scan_equal_dataset_macro_F1,"TVS = |S_GT_thin intersect M_pred| / |S_GT_thin|; S_GT_thin uses skeletonize(GT), Dlocal=2*EDT(GT), tau=max(1 px, 0.018*DOD)",144.92,auto_detected,2.6085599999999998,88,9,0.10227272727272728,D:\Retina\Retinal-Vessel-Segmentation-Benchmark-main\Models_output\DCP_1024\test_data\AFIO\pred_masks\IM002350.png,D:\Retina\Retinal-Vessel-Segmentation-Benchmark-main\config\test_data\AFIO\masks\IM002350.png
DCP_1024,AFIO,IM002421,0.45,diagnostic_test_set_scan_equal_dataset_macro_F1,"TVS = |S_GT_thin intersect M_pred| / |S_GT_thin|; S_GT_thin uses skeletonize(GT), Dlocal=2*EDT(GT), tau=max(1 px, 0.018*DOD)",141.35,auto_detected,2.5443,45,24,0.5333333333333333,D:\Retina\Retinal-Vessel-Segmentation-Benchmark-main\Models_output\DCP_1024\test_data\AFIO\pred_masks\IM002421.png,D:\Retina\Retinal-Vessel-Segmentation-Benchmark-main\config\test_data\AFIO\masks\IM002421.png
DCP_1024,AFIO,IM002422,0.45,diagnostic_test_set_scan_equal_dataset_macro_F1,"TVS = |S_GT_thin intersect M_pred| / |S_GT_thin|; S_GT_thin uses skeletonize(GT), Dlocal=2*EDT(GT), tau=max(1 px, 0.018*DOD)",133.68,auto_detected,2.40624,49,34,0.6938775510204082,D:\Retina\Retinal-Vessel-Segmentation-Benchmark-main\Models_output\DCP_1024\test_data\AFIO\pred_masks\IM002422.png,D:\Retina\Retinal-Vessel-Segmentation-Benchmark-main\config\test_data\AFIO\masks\IM002422.png
DCP_1024,AFIO,IM002471,0.45,diagnostic_test_set_scan_equal_dataset_macro_F1,"TVS = |S_GT_thin intersect M_pred| / |S_GT_thin|; S_GT_thin uses skeletonize(GT), Dlocal=2*EDT(GT), tau=max(1 px, 0.018*DOD)",142.27,auto_detected,2.56086,10,4,0.4,D:\Retina\Retinal-Vessel-Segmentation-Benchmark-main\Models_output\DCP_1024\test_data\AFIO\pred_masks\IM002471.png,D:\Retina\Retinal-Vessel-Segmentation-Benchmark-main\config\test_data\AFIO\masks\IM002471.png
DCP_1024,AFIO,IM002587,0.45,diagnostic_test_set_scan_equal_dataset_macro_F1,"TVS = |S_GT_thin intersect M_pred| / |S_GT_thin|; S_GT_thin uses skeletonize(GT), Dlocal=2*EDT(GT), tau=max(1 px, 0.018*DOD)",149.54,auto_detected,2.6917199999999997,83,27,0.3253012048192771,D:\Retina\Retinal-Vessel-Segmentation-Benchmark-main\Models_output\DCP_1024\test_data\AFIO\pred_masks\IM002587.png,D:\Retina\Retinal-Vessel-Segmentation-Benchmark-main\config\test_data\AFIO\masks\IM002587.png
DCP_1024,AFIO,IM002649,0.45,diagnostic_test_set_scan_equal_dataset_macro_F1,"TVS = |S_GT_thin intersect M_pred| / |S_GT_thin|; S_GT_thin uses skeletonize(GT), Dlocal=2*EDT(GT), tau=max(1 px, 0.018*DOD)",151.98,auto_detected,2.7356399999999996,78,53,0.6794871794871795,D:\Retina\Retinal-Vessel-Segmentation-Benchmark-main\Models_output\DCP_1024\test_data\AFIO\pred_masks\IM002649.png,D:\Retina\Retinal-Vessel-Segmentation-Benchmark-main\config\test_data\AFIO\masks\IM002649.png
DCP_1024,AFIO,IM002742,0.45,diagnostic_test_set_scan_equal_dataset_macro_F1,"TVS = |S_GT_thin intersect M_pred| / |S_GT_thin|; S_GT_thin uses skeletonize(GT), Dlocal=2*EDT(GT), tau=max(1 px, 0.018*DOD)",140.97,auto_detected,2.53746,6,5,0.8333333333333334,D:\Retina\Retinal-Vessel-Segmentation-Benchmark-main\Models_output\DCP_1024\test_data\AFIO\pred_masks\IM002742.png,D:\Retina\Retinal-Vessel-Segmentation-Benchmark-main\config\test_data\AFIO\masks\IM002742.png
DCP_1024,AFIO,IM002743,0.45,diagnostic_test_set_scan_equal_dataset_macro_F1,"TVS = |S_GT_thin intersect M_pred| / |S_GT_thin|; S_GT_thin uses skeletonize(GT), Dlocal=2*EDT(GT), tau=max(1 px, 0.018*DOD)",134.0,auto_detected,2.412,24,15,0.625,D:\Retina\Retinal-Vessel-Segmentation-Benchmark-main\Models_output\DCP_1024\test_data\AFIO\pred_masks\IM002743.png,D:\Retina\Retinal-Vessel-Segmentation-Benchmark-main\config\test_data\AFIO\masks\IM002743.png
DCP_1024,AFIO,IM003024,0.45,diagnostic_test_set_scan_equal_dataset_macro_F1,"TVS = |S_GT_thin intersect M_pred| / |S_GT_thin|; S_GT_thin uses skeletonize(GT), Dlocal=2*EDT(GT), tau=max(1 px, 0.018*DOD)",136.0,auto_detected,2.448,23,10,0.43478260869565216,D:\Retina\Retinal-Vessel-Segmentation-Benchmark-main\Models_output\DCP_1024\test_data\AFIO\pred_masks\IM003024.png,D:\Retina\Retinal-Vessel-Segmentation-Benchmark-main\config\test_data\AFIO\masks\IM003024.png
DCP_1024,AFIO,IM003537,0.45,diagnostic_test_set_scan_equal_dataset_macro_F1,"TVS = |S_GT_thin intersect M_pred| / |S_GT_thin|; S_GT_thin uses skeletonize(GT), Dlocal=2*EDT(GT), tau=max(1 px, 0.018*DOD)",132.0,auto_detected,2.376,39,29,0.7435897435897436,D:\Retina\Retinal-Vessel-Segmentation-Benchmark-main\Models_output\DCP_1024\test_data\AFIO\pred_masks\IM003537.png,D:\Retina\Retinal-Vessel-Segmentation-Benchmark-main\config\test_data\AFIO\masks\IM003537.png
DCP_1024,AFIO,IM003630,0.45,diagnostic_test_set_scan_equal_dataset_macro_F1,"TVS = |S_GT_thin intersect M_pred| / |S_GT_thin|; S_GT_thin uses skeletonize(GT), Dlocal=2*EDT(GT), tau=max(1 px, 0.018*DOD)",136.0,auto_detected,2.448,36,11,0.3055555555555556,D:\Retina\Retinal-Vessel-Segmentation-Benchmark-main\Models_output\DCP_1024\test_data\AFIO\pred_masks\IM003630.png,D:\Retina\Retinal-Vessel-Segmentation-Benchmark-main\config\test_data\AFIO\masks\IM003630.png
DCP_1024,AFIO,IM003631,0.45,diagnostic_test_set_scan_equal_dataset_macro_F1,"TVS = |S_GT_thin intersect M_pred| / |S_GT_thin|; S_GT_thin uses skeletonize(GT), Dlocal=2*EDT(GT), tau=max(1 px, 0.018*DOD)",142.22,auto_detected,2.55996,53,18,0.33962264150943394,D:\Retina\Retinal-Vessel-Segmentation-Benchmark-main\Models_output\DCP_1024\test_data\AFIO\pred_masks\IM003631.png,D:\Retina\Retinal-Vessel-Segmentation-Benchmark-main\config\test_data\AFIO\masks\IM003631.png
DCP_1024,AFIO,IM003705,0.45,diagnostic_test_set_scan_equal_dataset_macro_F1,"TVS = |S_GT_thin intersect M_pred| / |S_GT_thin|; S_GT_thin uses skeletonize(GT), Dlocal=2*EDT(GT), tau=max(1 px, 0.018*DOD)",173.07,auto_detected,3.1152599999999997,36,27,0.75,D:\Retina\Retinal-Vessel-Segmentation-Benchmark-main\Models_output\DCP_1024\test_data\AFIO\pred_masks\IM003705.png,D:\Retina\Retinal-Vessel-Segmentation-Benchmark-main\config\test_data\AFIO\masks\IM003705.png
DCP_1024,AFIO,IM004162,0.45,diagnostic_test_set_scan_equal_dataset_macro_F1,"TVS = |S_GT_thin intersect M_pred| / |S_GT_thin|; S_GT_thin uses skeletonize(GT), Dlocal=2*EDT(GT), tau=max(1 px, 0.018*DOD)",124.0,auto_detected,2.2319999999999998,14,9,0.6428571428571429,D:\Retina\Retinal-Vessel-Segmentation-Benchmark-main\Models_output\DCP_1024\test_data\AFIO\pred_masks\IM004162.png,D:\Retina\Retinal-Vessel-Segmentation-Benchmark-main\config\test_data\AFIO\masks\IM004162.png
DCP_1024,AFIO,IM004163,0.45,diagnostic_test_set_scan_equal_dataset_macro_F1,"TVS = |S_GT_thin intersect M_pred| / |S_GT_thin|; S_GT_thin uses skeletonize(GT), Dlocal=2*EDT(GT), tau=max(1 px, 0.018*DOD)",140.12,auto_detected,2.52216,46,32,0.6956521739130435,D:\Retina\Retinal-Vessel-Segmentation-Benchmark-main\Models_output\DCP_1024\test_data\AFIO\pred_masks\IM004163.png,D:\Retina\Retinal-Vessel-Segmentation-Benchmark-main\config\test_data\AFIO\masks\IM004163.png
DCP_1024,AFIO,IM004455,0.45,diagnostic_test_set_scan_equal_dataset_macro_F1,"TVS = |S_GT_thin intersect M_pred| / |S_GT_thin|; S_GT_thin uses skeletonize(GT), Dlocal=2*EDT(GT), tau=max(1 px, 0.018*DOD)",136.0,auto_detected,2.448,20,12,0.6,D:\Retina\Retinal-Vessel-Segmentation-Benchmark-main\Models_output\DCP_1024\test_data\AFIO\pred_masks\IM004455.png,D:\Retina\Retinal-Vessel-Segmentation-Benchmark-main\config\test_data\AFIO\masks\IM004455.png
DCP_1024,AFIO,IM004512,0.45,diagnostic_test_set_scan_equal_dataset_macro_F1,"TVS = |S_GT_thin intersect M_pred| / |S_GT_thin|; S_GT_thin uses skeletonize(GT), Dlocal=2*EDT(GT), tau=max(1 px, 0.018*DOD)",152.53,auto_detected,2.7455399999999996,20,7,0.35,D:\Retina\Retinal-Vessel-Segmentation-Benchmark-main\Models_output\DCP_1024\test_data\AFIO\pred_masks\IM004512.png,D:\Retina\Retinal-Vessel-Segmentation-Benchmark-main\config\test_data\AFIO\masks\IM004512.png
DCP_1024,AFIO,IM004513,0.45,diagnostic_test_set_scan_equal_dataset_macro_F1,"TVS = |S_GT_thin intersect M_pred| / |S_GT_thin|; S_GT_thin uses skeletonize(GT), Dlocal=2*EDT(GT), tau=max(1 px, 0.018*DOD)",157.62,auto_detected,2.83716,35,16,0.45714285714285713,D:\Retina\Retinal-Vessel-Segmentation-Benchmark-main\Models_output\DCP_1024\test_data\AFIO\pred_masks\IM004513.png,D:\Retina\Retinal-Vessel-Segmentation-Benchmark-main\config\test_data\AFIO\masks\IM004513.png
DCP_1024,AFIO,IM004515,0.45,diagnostic_test_set_scan_equal_dataset_macro_F1,"TVS = |S_GT_thin intersect M_pred| / |S_GT_thin|; S_GT_thin uses skeletonize(GT), Dlocal=2*EDT(GT), tau=max(1 px, 0.018*DOD)",164.84,auto_detected,2.96712,22,8,0.36363636363636365,D:\Retina\Retinal-Vessel-Segmentation-Benchmark-main\Models_output\DCP_1024\test_data\AFIO\pred_masks\IM004515.png,D:\Retina\Retinal-Vessel-Segmentation-Benchmark-main\config\test_data\AFIO\masks\IM004515.png
DCP_1024,AFIO,IM004516,0.45,diagnostic_test_set_scan_equal_dataset_macro_F1,"TVS = |S_GT_thin intersect M_pred| / |S_GT_thin|; S_GT_thin uses skeletonize(GT), Dlocal=2*EDT(GT), tau=max(1 px, 0.018*DOD)",162.38,auto_detected,2.92284,17,3,0.17647058823529413,D:\Retina\Retinal-Vessel-Segmentation-Benchmark-main\Models_output\DCP_1024\test_data\AFIO\pred_masks\IM004516.png,D:\Retina\Retinal-Vessel-Segmentation-Benchmark-main\config\test_data\AFIO\masks\IM004516.png
DCP_1024,AFIO,IM004538,0.45,diagnostic_test_set_scan_equal_dataset_macro_F1,"TVS = |S_GT_thin intersect M_pred| / |S_GT_thin|; S_GT_thin uses skeletonize(GT), Dlocal=2*EDT(GT), tau=max(1 px, 0.018*DOD)",144.48,auto_detected,2.60064,29,14,0.4827586206896552,D:\Retina\Retinal-Vessel-Segmentation-Benchmark-main\Models_output\DCP_1024\test_data\AFIO\pred_masks\IM004538.png,D:\Retina\Retinal-Vessel-Segmentation-Benchmark-main\config\test_data\AFIO\masks\IM004538.png
DCP_1024,AFIO,IM004539,0.45,diagnostic_test_set_scan_equal_dataset_macro_F1,"TVS = |S_GT_thin intersect M_pred| / |S_GT_thin|; S_GT_thin uses skeletonize(GT), Dlocal=2*EDT(GT), tau=max(1 px, 0.018*DOD)",141.99,auto_detected,2.5558199999999998,14,9,0.6428571428571429,D:\Retina\Retinal-Vessel-Segmentation-Benchmark-main\Models_output\DCP_1024\test_data\AFIO\pred_masks\IM004539.png,D:\Retina\Retinal-Vessel-Segmentation-Benchmark-main\config\test_data\AFIO\masks\IM004539.png
DCP_1024,AFIO,IM004564,0.45,diagnostic_test_set_scan_equal_dataset_macro_F1,"TVS = |S_GT_thin intersect M_pred| / |S_GT_thin|; S_GT_thin uses skeletonize(GT), Dlocal=2*EDT(GT), tau=max(1 px, 0.018*DOD)",129.9,auto_detected,2.3382,27,12,0.4444444444444444,D:\Retina\Retinal-Vessel-Segmentation-Benchmark-main\Models_output\DCP_1024\test_data\AFIO\pred_masks\IM004564.png,D:\Retina\Retinal-Vessel-Segmentation-Benchmark-main\config\test_data\AFIO\masks\IM004564.png
DCP_1024,AFIO,IM004790,0.45,diagnostic_test_set_scan_equal_dataset_macro_F1,"TVS = |S_GT_thin intersect M_pred| / |S_GT_thin|; S_GT_thin uses skeletonize(GT), Dlocal=2*EDT(GT), tau=max(1 px, 0.018*DOD)",146.5,auto_detected,2.637,17,11,0.6470588235294118,D:\Retina\Retinal-Vessel-Segmentation-Benchmark-main\Models_output\DCP_1024\test_data\AFIO\pred_masks\IM004790.png,D:\Retina\Retinal-Vessel-Segmentation-Benchmark-main\config\test_data\AFIO\masks\IM004790.png
DCP_1024,AFIO,IM004993,0.45,diagnostic_test_set_scan_equal_dataset_macro_F1,"TVS = |S_GT_thin intersect M_pred| / |S_GT_thin|; S_GT_thin uses skeletonize(GT), Dlocal=2*EDT(GT), tau=max(1 px, 0.018*DOD)",139.9,auto_detected,2.5181999999999998,39,29,0.7435897435897436,D:\Retina\Retinal-Vessel-Segmentation-Benchmark-main\Models_output\DCP_1024\test_data\AFIO\pred_masks\IM004993.png,D:\Retina\Retinal-Vessel-Segmentation-Benchmark-main\config\test_data\AFIO\masks\IM004993.png
DCP_1024,AFIO,IM005024,0.45,diagnostic_test_set_scan_equal_dataset_macro_F1,"TVS = |S_GT_thin intersect M_pred| / |S_GT_thin|; S_GT_thin uses skeletonize(GT), Dlocal=2*EDT(GT), tau=max(1 px, 0.018*DOD)",156.88,auto_detected,2.8238399999999997,41,26,0.6341463414634146,D:\Retina\Retinal-Vessel-Segmentation-Benchmark-main\Models_output\DCP_1024\test_data\AFIO\pred_masks\IM005024.png,D:\Retina\Retinal-Vessel-Segmentation-Benchmark-main\config\test_data\AFIO\masks\IM005024.png
DCP_1024,AFIO,IM005025,0.45,diagnostic_test_set_scan_equal_dataset_macro_F1,"TVS = |S_GT_thin intersect M_pred| / |S_GT_thin|; S_GT_thin uses skeletonize(GT), Dlocal=2*EDT(GT), tau=max(1 px, 0.018*DOD)",150.29,auto_detected,2.7052199999999997,24,15,0.625,D:\Retina\Retinal-Vessel-Segmentation-Benchmark-main\Models_output\DCP_1024\test_data\AFIO\pred_masks\IM005025.png,D:\Retina\Retinal-Vessel-Segmentation-Benchmark-main\config\test_data\AFIO\masks\IM005025.png
DCP_1024,AFIO,IM005060,0.45,diagnostic_test_set_scan_equal_dataset_macro_F1,"TVS = |S_GT_thin intersect M_pred| / |S_GT_thin|; S_GT_thin uses skeletonize(GT), Dlocal=2*EDT(GT), tau=max(1 px, 0.018*DOD)",154.57,auto_detected,2.7822599999999995,32,20,0.625,D:\Retina\Retinal-Vessel-Segmentation-Benchmark-main\Models_output\DCP_1024\test_data\AFIO\pred_masks\IM005060.png,D:\Retina\Retinal-Vessel-Segmentation-Benchmark-main\config\test_data\AFIO\masks\IM005060.png
DCP_1024,AFIO,IM005092,0.45,diagnostic_test_set_scan_equal_dataset_macro_F1,"TVS = |S_GT_thin intersect M_pred| / |S_GT_thin|; S_GT_thin uses skeletonize(GT), Dlocal=2*EDT(GT), tau=max(1 px, 0.018*DOD)",160.35,auto_detected,2.8863,21,13,0.6190476190476191,D:\Retina\Retinal-Vessel-Segmentation-Benchmark-main\Models_output\DCP_1024\test_data\AFIO\pred_masks\IM005092.png,D:\Retina\Retinal-Vessel-Segmentation-Benchmark-main\config\test_data\AFIO\masks\IM005092.png
DCP_1024,AFIO,IM005093,0.45,diagnostic_test_set_scan_equal_dataset_macro_F1,"TVS = |S_GT_thin intersect M_pred| / |S_GT_thin|; S_GT_thin uses skeletonize(GT), Dlocal=2*EDT(GT), tau=max(1 px, 0.018*DOD)",150.01,auto_detected,2.7001799999999996,7,6,0.8571428571428571,D:\Retina\Retinal-Vessel-Segmentation-Benchmark-main\Models_output\DCP_1024\test_data\AFIO\pred_masks\IM005093.png,D:\Retina\Retinal-Vessel-Segmentation-Benchmark-main\config\test_data\AFIO\masks\IM005093.png
DCP_1024,AFIO,IM005132,0.45,diagnostic_test_set_scan_equal_dataset_macro_F1,"TVS = |S_GT_thin intersect M_pred| / |S_GT_thin|; S_GT_thin uses skeletonize(GT), Dlocal=2*EDT(GT), tau=max(1 px, 0.018*DOD)",137.87,auto_detected,2.4816599999999998,51,43,0.8431372549019608,D:\Retina\Retinal-Vessel-Segmentation-Benchmark-main\Models_output\DCP_1024\test_data\AFIO\pred_masks\IM005132.png,D:\Retina\Retinal-Vessel-Segmentation-Benchmark-main\config\test_data\AFIO\masks\IM005132.png
DCP_1024,AFIO,IM005133,0.45,diagnostic_test_set_scan_equal_dataset_macro_F1,"TVS = |S_GT_thin intersect M_pred| / |S_GT_thin|; S_GT_thin uses skeletonize(GT), Dlocal=2*EDT(GT), tau=max(1 px, 0.018*DOD)",145.1,auto_detected,2.6117999999999997,14,8,0.5714285714285714,D:\Retina\Retinal-Vessel-Segmentation-Benchmark-main\Models_output\DCP_1024\test_data\AFIO\pred_masks\IM005133.png,D:\Retina\Retinal-Vessel-Segmentation-Benchmark-main\config\test_data\AFIO\masks\IM005133.png
DCP_1024,AFIO,IM005190,0.45,diagnostic_test_set_scan_equal_dataset_macro_F1,"TVS = |S_GT_thin intersect M_pred| / |S_GT_thin|; S_GT_thin uses skeletonize(GT), Dlocal=2*EDT(GT), tau=max(1 px, 0.018*DOD)",157.31,auto_detected,2.8315799999999998,16,4,0.25,D:\Retina\Retinal-Vessel-Segmentation-Benchmark-main\Models_output\DCP_1024\test_data\AFIO\pred_masks\IM005190.png,D:\Retina\Retinal-Vessel-Segmentation-Benchmark-main\config\test_data\AFIO\masks\IM005190.png
DCP_1024,AFIO,IM005191,0.45,diagnostic_test_set_scan_equal_dataset_macro_F1,"TVS = |S_GT_thin intersect M_pred| / |S_GT_thin|; S_GT_thin uses skeletonize(GT), Dlocal=2*EDT(GT), tau=max(1 px, 0.018*DOD)",146.99,auto_detected,2.64582,20,10,0.5,D:\Retina\Retinal-Vessel-Segmentation-Benchmark-main\Models_output\DCP_1024\test_data\AFIO\pred_masks\IM005191.png,D:\Retina\Retinal-Vessel-Segmentation-Benchmark-main\config\test_data\AFIO\masks\IM005191.png
DCP_1024,AFIO,IM005249,0.45,diagnostic_test_set_scan_equal_dataset_macro_F1,"TVS = |S_GT_thin intersect M_pred| / |S_GT_thin|; S_GT_thin uses skeletonize(GT), Dlocal=2*EDT(GT), tau=max(1 px, 0.018*DOD)",154.95,auto_detected,2.7890999999999995,23,20,0.8695652173913043,D:\Retina\Retinal-Vessel-Segmentation-Benchmark-main\Models_output\DCP_1024\test_data\AFIO\pred_masks\IM005249.png,D:\Retina\Retinal-Vessel-Segmentation-Benchmark-main\config\test_data\AFIO\masks\IM005249.png
DCP_1024,AFIO,IM005283,0.45,diagnostic_test_set_scan_equal_dataset_macro_F1,"TVS = |S_GT_thin intersect M_pred| / |S_GT_thin|; S_GT_thin uses skeletonize(GT), Dlocal=2*EDT(GT), tau=max(1 px, 0.018*DOD)",145.56,auto_detected,2.6200799999999997,12,0,0.0,D:\Retina\Retinal-Vessel-Segmentation-Benchmark-main\Models_output\DCP_1024\test_data\AFIO\pred_masks\IM005283.png,D:\Retina\Retinal-Vessel-Segmentation-Benchmark-main\config\test_data\AFIO\masks\IM005283.png
DCP_1024,AFIO,IM005320,0.45,diagnostic_test_set_scan_equal_dataset_macro_F1,"TVS = |S_GT_thin intersect M_pred| / |S_GT_thin|; S_GT_thin uses skeletonize(GT), Dlocal=2*EDT(GT), tau=max(1 px, 0.018*DOD)",137.9,auto_detected,2.4821999999999997,14,8,0.5714285714285714,D:\Retina\Retinal-Vessel-Segmentation-Benchmark-main\Models_output\DCP_1024\test_data\AFIO\pred_masks\IM005320.png,D:\Retina\Retinal-Vessel-Segmentation-Benchmark-main\config\test_data\AFIO\masks\IM005320.png
DCP_1024,AFIO,IM005321,0.45,diagnostic_test_set_scan_equal_dataset_macro_F1,"TVS = |S_GT_thin intersect M_pred| / |S_GT_thin|; S_GT_thin uses skeletonize(GT), Dlocal=2*EDT(GT), tau=max(1 px, 0.018*DOD)",131.99,auto_detected,2.37582,8,4,0.5,D:\Retina\Retinal-Vessel-Segmentation-Benchmark-main\Models_output\DCP_1024\test_data\AFIO\pred_masks\IM005321.png,D:\Retina\Retinal-Vessel-Segmentation-Benchmark-main\config\test_data\AFIO\masks\IM005321.png
DCP_1024,AFIO,IM005357,0.45,diagnostic_test_set_scan_equal_dataset_macro_F1,"TVS = |S_GT_thin intersect M_pred| / |S_GT_thin|; S_GT_thin uses skeletonize(GT), Dlocal=2*EDT(GT), tau=max(1 px, 0.018*DOD)",156.0,auto_detected,2.808,24,14,0.5833333333333334,D:\Retina\Retinal-Vessel-Segmentation-Benchmark-main\Models_output\DCP_1024\test_data\AFIO\pred_masks\IM005357.png,D:\Retina\Retinal-Vessel-Segmentation-Benchmark-main\config\test_data\AFIO\masks\IM005357.png
DCP_1024,AFIO,IM005387,0.45,diagnostic_test_set_scan_equal_dataset_macro_F1,"TVS = |S_GT_thin intersect M_pred| / |S_GT_thin|; S_GT_thin uses skeletonize(GT), Dlocal=2*EDT(GT), tau=max(1 px, 0.018*DOD)",158.81,auto_detected,2.85858,30,17,0.5666666666666667,D:\Retina\Retinal-Vessel-Segmentation-Benchmark-main\Models_output\DCP_1024\test_data\AFIO\pred_masks\IM005387.png,D:\Retina\Retinal-Vessel-Segmentation-Benchmark-main\config\test_data\AFIO\masks\IM005387.png
DCP_1024,AFIO,IM005456,0.45,diagnostic_test_set_scan_equal_dataset_macro_F1,"TVS = |S_GT_thin intersect M_pred| / |S_GT_thin|; S_GT_thin uses skeletonize(GT), Dlocal=2*EDT(GT), tau=max(1 px, 0.018*DOD)",157.26,auto_detected,2.8306799999999996,14,7,0.5,D:\Retina\Retinal-Vessel-Segmentation-Benchmark-main\Models_output\DCP_1024\test_data\AFIO\pred_masks\IM005456.png,D:\Retina\Retinal-Vessel-Segmentation-Benchmark-main\config\test_data\AFIO\masks\IM005456.png
DCP_1024,AFIO,IM005457,0.45,diagnostic_test_set_scan_equal_dataset_macro_F1,"TVS = |S_GT_thin intersect M_pred| / |S_GT_thin|; S_GT_thin uses skeletonize(GT), Dlocal=2*EDT(GT), tau=max(1 px, 0.018*DOD)",173.81,auto_detected,3.12858,17,17,1.0,D:\Retina\Retinal-Vessel-Segmentation-Benchmark-main\Models_output\DCP_1024\test_data\AFIO\pred_masks\IM005457.png,D:\Retina\Retinal-Vessel-Segmentation-Benchmark-main\config\test_data\AFIO\masks\IM005457.png
DCP_1024,AFIO,IM005488,0.45,diagnostic_test_set_scan_equal_dataset_macro_F1,"TVS = |S_GT_thin intersect M_pred| / |S_GT_thin|; S_GT_thin uses skeletonize(GT), Dlocal=2*EDT(GT), tau=max(1 px, 0.018*DOD)",151.77,auto_detected,2.73186,36,4,0.1111111111111111,D:\Retina\Retinal-Vessel-Segmentation-Benchmark-main\Models_output\DCP_1024\test_data\AFIO\pred_masks\IM005488.png,D:\Retina\Retinal-Vessel-Segmentation-Benchmark-main\config\test_data\AFIO\masks\IM005488.png
DCP_1024,AFIO,IM005489,0.45,diagnostic_test_set_scan_equal_dataset_macro_F1,"TVS = |S_GT_thin intersect M_pred| / |S_GT_thin|; S_GT_thin uses skeletonize(GT), Dlocal=2*EDT(GT), tau=max(1 px, 0.018*DOD)",154.77,auto_detected,2.78586,69,48,0.6956521739130435,D:\Retina\Retinal-Vessel-Segmentation-Benchmark-main\Models_output\DCP_1024\test_data\AFIO\pred_masks\IM005489.png,D:\Retina\Retinal-Vessel-Segmentation-Benchmark-main\config\test_data\AFIO\masks\IM005489.png
DCP_1024,AFIO,IM005523,0.45,diagnostic_test_set_scan_equal_dataset_macro_F1,"TVS = |S_GT_thin intersect M_pred| / |S_GT_thin|; S_GT_thin uses skeletonize(GT), Dlocal=2*EDT(GT), tau=max(1 px, 0.018*DOD)",159.3,auto_detected,2.8674,27,16,0.5925925925925926,D:\Retina\Retinal-Vessel-Segmentation-Benchmark-main\Models_output\DCP_1024\test_data\AFIO\pred_masks\IM005523.png,D:\Retina\Retinal-Vessel-Segmentation-Benchmark-main\config\test_data\AFIO\masks\IM005523.png
DCP_1024,AFIO,IM005524,0.45,diagnostic_test_set_scan_equal_dataset_macro_F1,"TVS = |S_GT_thin intersect M_pred| / |S_GT_thin|; S_GT_thin uses skeletonize(GT), Dlocal=2*EDT(GT), tau=max(1 px, 0.018*DOD)",158.03,auto_detected,2.84454,106,43,0.4056603773584906,D:\Retina\Retinal-Vessel-Segmentation-Benchmark-main\Models_output\DCP_1024\test_data\AFIO\pred_masks\IM005524.png,D:\Retina\Retinal-Vessel-Segmentation-Benchmark-main\config\test_data\AFIO\masks\IM005524.png
DCP_1024,AFIO,IM005558,0.45,diagnostic_test_set_scan_equal_dataset_macro_F1,"TVS = |S_GT_thin intersect M_pred| / |S_GT_thin|; S_GT_thin uses skeletonize(GT), Dlocal=2*EDT(GT), tau=max(1 px, 0.018*DOD)",157.11,auto_detected,2.82798,10,10,1.0,D:\Retina\Retinal-Vessel-Segmentation-Benchmark-main\Models_output\DCP_1024\test_data\AFIO\pred_masks\IM005558.png,D:\Retina\Retinal-Vessel-Segmentation-Benchmark-main\config\test_data\AFIO\masks\IM005558.png
DCP_1024,AFIO,IM005713,0.45,diagnostic_test_set_scan_equal_dataset_macro_F1,"TVS = |S_GT_thin intersect M_pred| / |S_GT_thin|; S_GT_thin uses skeletonize(GT), Dlocal=2*EDT(GT), tau=max(1 px, 0.018*DOD)",140.0,auto_detected,2.52,21,9,0.42857142857142855,D:\Retina\Retinal-Vessel-Segmentation-Benchmark-main\Models_output\DCP_1024\test_data\AFIO\pred_masks\IM005713.png,D:\Retina\Retinal-Vessel-Segmentation-Benchmark-main\config\test_data\AFIO\masks\IM005713.png
DCP_1024,AFIO,IM005806,0.45,diagnostic_test_set_scan_equal_dataset_macro_F1,"TVS = |S_GT_thin intersect M_pred| / |S_GT_thin|; S_GT_thin uses skeletonize(GT), Dlocal=2*EDT(GT), tau=max(1 px, 0.018*DOD)",140.31,auto_detected,2.5255799999999997,16,7,0.4375,D:\Retina\Retinal-Vessel-Segmentation-Benchmark-main\Models_output\DCP_1024\test_data\AFIO\pred_masks\IM005806.png,D:\Retina\Retinal-Vessel-Segmentation-Benchmark-main\config\test_data\AFIO\masks\IM005806.png
DCP_1024,AFIO,IM005833,0.45,diagnostic_test_set_scan_equal_dataset_macro_F1,"TVS = |S_GT_thin intersect M_pred| / |S_GT_thin|; S_GT_thin uses skeletonize(GT), Dlocal=2*EDT(GT), tau=max(1 px, 0.018*DOD)",157.84,auto_detected,2.8411199999999996,20,11,0.55,D:\Retina\Retinal-Vessel-Segmentation-Benchmark-main\Models_output\DCP_1024\test_data\AFIO\pred_masks\IM005833.png,D:\Retina\Retinal-Vessel-Segmentation-Benchmark-main\config\test_data\AFIO\masks\IM005833.png
DCP_1024,AFIO,IM005834,0.45,diagnostic_test_set_scan_equal_dataset_macro_F1,"TVS = |S_GT_thin intersect M_pred| / |S_GT_thin|; S_GT_thin uses skeletonize(GT), Dlocal=2*EDT(GT), tau=max(1 px, 0.018*DOD)",158.02,auto_detected,2.84436,23,13,0.5652173913043478,D:\Retina\Retinal-Vessel-Segmentation-Benchmark-main\Models_output\DCP_1024\test_data\AFIO\pred_masks\IM005834.png,D:\Retina\Retinal-Vessel-Segmentation-Benchmark-main\config\test_data\AFIO\masks\IM005834.png
DCP_1024,AFIO,IM006037,0.45,diagnostic_test_set_scan_equal_dataset_macro_F1,"TVS = |S_GT_thin intersect M_pred| / |S_GT_thin|; S_GT_thin uses skeletonize(GT), Dlocal=2*EDT(GT), tau=max(1 px, 0.018*DOD)",159.22,auto_detected,2.86596,24,23,0.9583333333333334,D:\Retina\Retinal-Vessel-Segmentation-Benchmark-main\Models_output\DCP_1024\test_data\AFIO\pred_masks\IM006037.png,D:\Retina\Retinal-Vessel-Segmentation-Benchmark-main\config\test_data\AFIO\masks\IM006037.png
DCP_1024,AFIO,IM006105,0.45,diagnostic_test_set_scan_equal_dataset_macro_F1,"TVS = |S_GT_thin intersect M_pred| / |S_GT_thin|; S_GT_thin uses skeletonize(GT), Dlocal=2*EDT(GT), tau=max(1 px, 0.018*DOD)",136.13,auto_detected,2.4503399999999997,12,3,0.25,D:\Retina\Retinal-Vessel-Segmentation-Benchmark-main\Models_output\DCP_1024\test_data\AFIO\pred_masks\IM006105.png,D:\Retina\Retinal-Vessel-Segmentation-Benchmark-main\config\test_data\AFIO\masks\IM006105.png
DCP_1024,AFIO,IM006106,0.45,diagnostic_test_set_scan_equal_dataset_macro_F1,"TVS = |S_GT_thin intersect M_pred| / |S_GT_thin|; S_GT_thin uses skeletonize(GT), Dlocal=2*EDT(GT), tau=max(1 px, 0.018*DOD)",151.82,auto_detected,2.73276,29,14,0.4827586206896552,D:\Retina\Retinal-Vessel-Segmentation-Benchmark-main\Models_output\DCP_1024\test_data\AFIO\pred_masks\IM006106.png,D:\Retina\Retinal-Vessel-Segmentation-Benchmark-main\config\test_data\AFIO\masks\IM006106.png
DCP_1024,CHASEDB1,Image_01L,0.45,diagnostic_test_set_scan_equal_dataset_macro_F1,"TVS = |S_GT_thin intersect M_pred| / |S_GT_thin|; S_GT_thin uses skeletonize(GT), Dlocal=2*EDT(GT), tau=max(1 px, 0.018*DOD)",204.8,auto_detected,3.6864,3772,2137,0.5665429480381761,D:\Retina\Retinal-Vessel-Segmentation-Benchmark-main\Models_output\DCP_1024\test_data\CHASEDB1\pred_masks\Image_01L.png,D:\Retina\Retinal-Vessel-Segmentation-Benchmark-main\config\test_data\CHASEDB1\masks\Image_01L.png
DCP_1024,CHASEDB1,Image_01R,0.45,diagnostic_test_set_scan_equal_dataset_macro_F1,"TVS = |S_GT_thin intersect M_pred| / |S_GT_thin|; S_GT_thin uses skeletonize(GT), Dlocal=2*EDT(GT), tau=max(1 px, 0.018*DOD)",198.26,auto_detected,3.5686799999999996,2702,1202,0.4448556624722428,D:\Retina\Retinal-Vessel-Segmentation-Benchmark-main\Models_output\DCP_1024\test_data\CHASEDB1\pred_masks\Image_01R.png,D:\Retina\Retinal-Vessel-Segmentation-Benchmark-main\config\test_data\CHASEDB1\masks\Image_01R.png
DCP_1024,CHASEDB1,Image_02L,0.45,diagnostic_test_set_scan_equal_dataset_macro_F1,"TVS = |S_GT_thin intersect M_pred| / |S_GT_thin|; S_GT_thin uses skeletonize(GT), Dlocal=2*EDT(GT), tau=max(1 px, 0.018*DOD)",192.8,auto_detected,3.4704,4816,2414,0.5012458471760798,D:\Retina\Retinal-Vessel-Segmentation-Benchmark-main\Models_output\DCP_1024\test_data\CHASEDB1\pred_masks\Image_02L.png,D:\Retina\Retinal-Vessel-Segmentation-Benchmark-main\config\test_data\CHASEDB1\masks\Image_02L.png
DCP_1024,CHASEDB1,Image_02R,0.45,diagnostic_test_set_scan_equal_dataset_macro_F1,"TVS = |S_GT_thin intersect M_pred| / |S_GT_thin|; S_GT_thin uses skeletonize(GT), Dlocal=2*EDT(GT), tau=max(1 px, 0.018*DOD)",173.55,annotation_csv,3.1239,4614,2168,0.46987429562201993,D:\Retina\Retinal-Vessel-Segmentation-Benchmark-main\Models_output\DCP_1024\test_data\CHASEDB1\pred_masks\Image_02R.png,D:\Retina\Retinal-Vessel-Segmentation-Benchmark-main\config\test_data\CHASEDB1\masks\Image_02R.png
DCP_1024,CHASEDB1,Image_03L,0.45,diagnostic_test_set_scan_equal_dataset_macro_F1,"TVS = |S_GT_thin intersect M_pred| / |S_GT_thin|; S_GT_thin uses skeletonize(GT), Dlocal=2*EDT(GT), tau=max(1 px, 0.018*DOD)",180.8,auto_detected,3.2544,5217,2835,0.5434157561817137,D:\Retina\Retinal-Vessel-Segmentation-Benchmark-main\Models_output\DCP_1024\test_data\CHASEDB1\pred_masks\Image_03L.png,D:\Retina\Retinal-Vessel-Segmentation-Benchmark-main\config\test_data\CHASEDB1\masks\Image_03L.png
DCP_1024,CHASEDB1,Image_03R,0.45,diagnostic_test_set_scan_equal_dataset_macro_F1,"TVS = |S_GT_thin intersect M_pred| / |S_GT_thin|; S_GT_thin uses skeletonize(GT), Dlocal=2*EDT(GT), tau=max(1 px, 0.018*DOD)",196.8,auto_detected,3.5423999999999998,3439,2187,0.6359406804303577,D:\Retina\Retinal-Vessel-Segmentation-Benchmark-main\Models_output\DCP_1024\test_data\CHASEDB1\pred_masks\Image_03R.png,D:\Retina\Retinal-Vessel-Segmentation-Benchmark-main\config\test_data\CHASEDB1\masks\Image_03R.png
DCP_1024,CHASEDB1,Image_04L,0.45,diagnostic_test_set_scan_equal_dataset_macro_F1,"TVS = |S_GT_thin intersect M_pred| / |S_GT_thin|; S_GT_thin uses skeletonize(GT), Dlocal=2*EDT(GT), tau=max(1 px, 0.018*DOD)",168.8,auto_detected,3.0383999999999998,2067,1253,0.606192549588776,D:\Retina\Retinal-Vessel-Segmentation-Benchmark-main\Models_output\DCP_1024\test_data\CHASEDB1\pred_masks\Image_04L.png,D:\Retina\Retinal-Vessel-Segmentation-Benchmark-main\config\test_data\CHASEDB1\masks\Image_04L.png
DCP_1024,CHASEDB1,Image_04R,0.45,diagnostic_test_set_scan_equal_dataset_macro_F1,"TVS = |S_GT_thin intersect M_pred| / |S_GT_thin|; S_GT_thin uses skeletonize(GT), Dlocal=2*EDT(GT), tau=max(1 px, 0.018*DOD)",156.8,annotation_csv,2.8224,2470,1217,0.49271255060728747,D:\Retina\Retinal-Vessel-Segmentation-Benchmark-main\Models_output\DCP_1024\test_data\CHASEDB1\pred_masks\Image_04R.png,D:\Retina\Retinal-Vessel-Segmentation-Benchmark-main\config\test_data\CHASEDB1\masks\Image_04R.png
DCP_1024,CHASEDB1,Image_05L,0.45,diagnostic_test_set_scan_equal_dataset_macro_F1,"TVS = |S_GT_thin intersect M_pred| / |S_GT_thin|; S_GT_thin uses skeletonize(GT), Dlocal=2*EDT(GT), tau=max(1 px, 0.018*DOD)",180.8,auto_detected,3.2544,2943,1978,0.672103295956507,D:\Retina\Retinal-Vessel-Segmentation-Benchmark-main\Models_output\DCP_1024\test_data\CHASEDB1\pred_masks\Image_05L.png,D:\Retina\Retinal-Vessel-Segmentation-Benchmark-main\config\test_data\CHASEDB1\masks\Image_05L.png
DCP_1024,CHASEDB1,Image_05R,0.45,diagnostic_test_set_scan_equal_dataset_macro_F1,"TVS = |S_GT_thin intersect M_pred| / |S_GT_thin|; S_GT_thin uses skeletonize(GT), Dlocal=2*EDT(GT), tau=max(1 px, 0.018*DOD)",184.8,auto_detected,3.3264,3705,2257,0.6091767881241565,D:\Retina\Retinal-Vessel-Segmentation-Benchmark-main\Models_output\DCP_1024\test_data\CHASEDB1\pred_masks\Image_05R.png,D:\Retina\Retinal-Vessel-Segmentation-Benchmark-main\config\test_data\CHASEDB1\masks\Image_05R.png
DCP_1024,CHASEDB1,Image_06L,0.45,diagnostic_test_set_scan_equal_dataset_macro_F1,"TVS = |S_GT_thin intersect M_pred| / |S_GT_thin|; S_GT_thin uses skeletonize(GT), Dlocal=2*EDT(GT), tau=max(1 px, 0.018*DOD)",204.8,auto_detected,3.6864,3212,1660,0.5168119551681195,D:\Retina\Retinal-Vessel-Segmentation-Benchmark-main\Models_output\DCP_1024\test_data\CHASEDB1\pred_masks\Image_06L.png,D:\Retina\Retinal-Vessel-Segmentation-Benchmark-main\config\test_data\CHASEDB1\masks\Image_06L.png
DCP_1024,CHASEDB1,Image_06R,0.45,diagnostic_test_set_scan_equal_dataset_macro_F1,"TVS = |S_GT_thin intersect M_pred| / |S_GT_thin|; S_GT_thin uses skeletonize(GT), Dlocal=2*EDT(GT), tau=max(1 px, 0.018*DOD)",169.58,auto_detected,3.05244,4389,2395,0.545682387787651,D:\Retina\Retinal-Vessel-Segmentation-Benchmark-main\Models_output\DCP_1024\test_data\CHASEDB1\pred_masks\Image_06R.png,D:\Retina\Retinal-Vessel-Segmentation-Benchmark-main\config\test_data\CHASEDB1\masks\Image_06R.png
DCP_1024,CHASEDB1,Image_07L,0.45,diagnostic_test_set_scan_equal_dataset_macro_F1,"TVS = |S_GT_thin intersect M_pred| / |S_GT_thin|; S_GT_thin uses skeletonize(GT), Dlocal=2*EDT(GT), tau=max(1 px, 0.018*DOD)",194.56,auto_detected,3.50208,4141,2292,0.5534894952909926,D:\Retina\Retinal-Vessel-Segmentation-Benchmark-main\Models_output\DCP_1024\test_data\CHASEDB1\pred_masks\Image_07L.png,D:\Retina\Retinal-Vessel-Segmentation-Benchmark-main\config\test_data\CHASEDB1\masks\Image_07L.png
DCP_1024,CHASEDB1,Image_07R,0.45,diagnostic_test_set_scan_equal_dataset_macro_F1,"TVS = |S_GT_thin intersect M_pred| / |S_GT_thin|; S_GT_thin uses skeletonize(GT), Dlocal=2*EDT(GT), tau=max(1 px, 0.018*DOD)",201.6,fallback_fov_center,3.6287999999999996,3669,1667,0.45434723357863177,D:\Retina\Retinal-Vessel-Segmentation-Benchmark-main\Models_output\DCP_1024\test_data\CHASEDB1\pred_masks\Image_07R.png,D:\Retina\Retinal-Vessel-Segmentation-Benchmark-main\config\test_data\CHASEDB1\masks\Image_07R.png
DCP_1024,CHASEDB1,Image_08L,0.45,diagnostic_test_set_scan_equal_dataset_macro_F1,"TVS = |S_GT_thin intersect M_pred| / |S_GT_thin|; S_GT_thin uses skeletonize(GT), Dlocal=2*EDT(GT), tau=max(1 px, 0.018*DOD)",192.21,auto_detected,3.45978,2869,1481,0.5162077378877657,D:\Retina\Retinal-Vessel-Segmentation-Benchmark-main\Models_output\DCP_1024\test_data\CHASEDB1\pred_masks\Image_08L.png,D:\Retina\Retinal-Vessel-Segmentation-Benchmark-main\config\test_data\CHASEDB1\masks\Image_08L.png
DCP_1024,CHASEDB1,Image_08R,0.45,diagnostic_test_set_scan_equal_dataset_macro_F1,"TVS = |S_GT_thin intersect M_pred| / |S_GT_thin|; S_GT_thin uses skeletonize(GT), Dlocal=2*EDT(GT), tau=max(1 px, 0.018*DOD)",200.43,auto_detected,3.6077399999999997,2327,1168,0.5019338203695746,D:\Retina\Retinal-Vessel-Segmentation-Benchmark-main\Models_output\DCP_1024\test_data\CHASEDB1\pred_masks\Image_08R.png,D:\Retina\Retinal-Vessel-Segmentation-Benchmark-main\config\test_data\CHASEDB1\masks\Image_08R.png
DCP_1024,CHASEDB1,Image_09L,0.45,diagnostic_test_set_scan_equal_dataset_macro_F1,"TVS = |S_GT_thin intersect M_pred| / |S_GT_thin|; S_GT_thin uses skeletonize(GT), Dlocal=2*EDT(GT), tau=max(1 px, 0.018*DOD)",176.8,auto_detected,3.1824,2317,1448,0.624946050927924,D:\Retina\Retinal-Vessel-Segmentation-Benchmark-main\Models_output\DCP_1024\test_data\CHASEDB1\pred_masks\Image_09L.png,D:\Retina\Retinal-Vessel-Segmentation-Benchmark-main\config\test_data\CHASEDB1\masks\Image_09L.png
DCP_1024,CHASEDB1,Image_09R,0.45,diagnostic_test_set_scan_equal_dataset_macro_F1,"TVS = |S_GT_thin intersect M_pred| / |S_GT_thin|; S_GT_thin uses skeletonize(GT), Dlocal=2*EDT(GT), tau=max(1 px, 0.018*DOD)",184.8,auto_detected,3.3264,2786,1541,0.5531227566403446,D:\Retina\Retinal-Vessel-Segmentation-Benchmark-main\Models_output\DCP_1024\test_data\CHASEDB1\pred_masks\Image_09R.png,D:\Retina\Retinal-Vessel-Segmentation-Benchmark-main\config\test_data\CHASEDB1\masks\Image_09R.png
DCP_1024,CHASEDB1,Image_10L,0.45,diagnostic_test_set_scan_equal_dataset_macro_F1,"TVS = |S_GT_thin intersect M_pred| / |S_GT_thin|; S_GT_thin uses skeletonize(GT), Dlocal=2*EDT(GT), tau=max(1 px, 0.018*DOD)",196.64,auto_detected,3.5395199999999996,4178,1979,0.4736716132120632,D:\Retina\Retinal-Vessel-Segmentation-Benchmark-main\Models_output\DCP_1024\test_data\CHASEDB1\pred_masks\Image_10L.png,D:\Retina\Retinal-Vessel-Segmentation-Benchmark-main\config\test_data\CHASEDB1\masks\Image_10L.png
DCP_1024,CHASEDB1,Image_10R,0.45,diagnostic_test_set_scan_equal_dataset_macro_F1,"TVS = |S_GT_thin intersect M_pred| / |S_GT_thin|; S_GT_thin uses skeletonize(GT), Dlocal=2*EDT(GT), tau=max(1 px, 0.018*DOD)",197.67,auto_detected,3.5580599999999993,5189,2939,0.5663904413181731,D:\Retina\Retinal-Vessel-Segmentation-Benchmark-main\Models_output\DCP_1024\test_data\CHASEDB1\pred_masks\Image_10R.png,D:\Retina\Retinal-Vessel-Segmentation-Benchmark-main\config\test_data\CHASEDB1\masks\Image_10R.png
DCP_1024,CHASEDB1,Image_11L,0.45,diagnostic_test_set_scan_equal_dataset_macro_F1,"TVS = |S_GT_thin intersect M_pred| / |S_GT_thin|; S_GT_thin uses skeletonize(GT), Dlocal=2*EDT(GT), tau=max(1 px, 0.018*DOD)",160.8,auto_detected,2.8944,3905,2704,0.6924455825864276,D:\Retina\Retinal-Vessel-Segmentation-Benchmark-main\Models_output\DCP_1024\test_data\CHASEDB1\pred_masks\Image_11L.png,D:\Retina\Retinal-Vessel-Segmentation-Benchmark-main\config\test_data\CHASEDB1\masks\Image_11L.png
DCP_1024,CHASEDB1,Image_11R,0.45,diagnostic_test_set_scan_equal_dataset_macro_F1,"TVS = |S_GT_thin intersect M_pred| / |S_GT_thin|; S_GT_thin uses skeletonize(GT), Dlocal=2*EDT(GT), tau=max(1 px, 0.018*DOD)",180.8,auto_detected,3.2544,2285,1419,0.6210065645514223,D:\Retina\Retinal-Vessel-Segmentation-Benchmark-main\Models_output\DCP_1024\test_data\CHASEDB1\pred_masks\Image_11R.png,D:\Retina\Retinal-Vessel-Segmentation-Benchmark-main\config\test_data\CHASEDB1\masks\Image_11R.png
DCP_1024,CHASEDB1,Image_12L,0.45,diagnostic_test_set_scan_equal_dataset_macro_F1,"TVS = |S_GT_thin intersect M_pred| / |S_GT_thin|; S_GT_thin uses skeletonize(GT), Dlocal=2*EDT(GT), tau=max(1 px, 0.018*DOD)",180.8,auto_detected,3.2544,2691,1178,0.4377554812337421,D:\Retina\Retinal-Vessel-Segmentation-Benchmark-main\Models_output\DCP_1024\test_data\CHASEDB1\pred_masks\Image_12L.png,D:\Retina\Retinal-Vessel-Segmentation-Benchmark-main\config\test_data\CHASEDB1\masks\Image_12L.png
DCP_1024,CHASEDB1,Image_12R,0.45,diagnostic_test_set_scan_equal_dataset_macro_F1,"TVS = |S_GT_thin intersect M_pred| / |S_GT_thin|; S_GT_thin uses skeletonize(GT), Dlocal=2*EDT(GT), tau=max(1 px, 0.018*DOD)",196.8,auto_detected,3.5423999999999998,3799,2152,0.5664648591734667,D:\Retina\Retinal-Vessel-Segmentation-Benchmark-main\Models_output\DCP_1024\test_data\CHASEDB1\pred_masks\Image_12R.png,D:\Retina\Retinal-Vessel-Segmentation-Benchmark-main\config\test_data\CHASEDB1\masks\Image_12R.png
DCP_1024,CHASEDB1,Image_13L,0.45,diagnostic_test_set_scan_equal_dataset_macro_F1,"TVS = |S_GT_thin intersect M_pred| / |S_GT_thin|; S_GT_thin uses skeletonize(GT), Dlocal=2*EDT(GT), tau=max(1 px, 0.018*DOD)",197.23,auto_detected,3.5501399999999994,1820,653,0.3587912087912088,D:\Retina\Retinal-Vessel-Segmentation-Benchmark-main\Models_output\DCP_1024\test_data\CHASEDB1\pred_masks\Image_13L.png,D:\Retina\Retinal-Vessel-Segmentation-Benchmark-main\config\test_data\CHASEDB1\masks\Image_13L.png
DCP_1024,CHASEDB1,Image_13R,0.45,diagnostic_test_set_scan_equal_dataset_macro_F1,"TVS = |S_GT_thin intersect M_pred| / |S_GT_thin|; S_GT_thin uses skeletonize(GT), Dlocal=2*EDT(GT), tau=max(1 px, 0.018*DOD)",190.12,auto_detected,3.42216,2561,1061,0.4142912924638813,D:\Retina\Retinal-Vessel-Segmentation-Benchmark-main\Models_output\DCP_1024\test_data\CHASEDB1\pred_masks\Image_13R.png,D:\Retina\Retinal-Vessel-Segmentation-Benchmark-main\config\test_data\CHASEDB1\masks\Image_13R.png
DCP_1024,CHASEDB1,Image_14L,0.45,diagnostic_test_set_scan_equal_dataset_macro_F1,"TVS = |S_GT_thin intersect M_pred| / |S_GT_thin|; S_GT_thin uses skeletonize(GT), Dlocal=2*EDT(GT), tau=max(1 px, 0.018*DOD)",168.8,auto_detected,3.0383999999999998,1508,1006,0.6671087533156499,D:\Retina\Retinal-Vessel-Segmentation-Benchmark-main\Models_output\DCP_1024\test_data\CHASEDB1\pred_masks\Image_14L.png,D:\Retina\Retinal-Vessel-Segmentation-Benchmark-main\config\test_data\CHASEDB1\masks\Image_14L.png
DCP_1024,CHASEDB1,Image_14R,0.45,diagnostic_test_set_scan_equal_dataset_macro_F1,"TVS = |S_GT_thin intersect M_pred| / |S_GT_thin|; S_GT_thin uses skeletonize(GT), Dlocal=2*EDT(GT), tau=max(1 px, 0.018*DOD)",180.8,auto_detected,3.2544,1076,545,0.5065055762081785,D:\Retina\Retinal-Vessel-Segmentation-Benchmark-main\Models_output\DCP_1024\test_data\CHASEDB1\pred_masks\Image_14R.png,D:\Retina\Retinal-Vessel-Segmentation-Benchmark-main\config\test_data\CHASEDB1\masks\Image_14R.png
DCP_1024,DualModal2019,DualModal2019_A1_L4,0.45,diagnostic_test_set_scan_equal_dataset_macro_F1,"TVS = |S_GT_thin intersect M_pred| / |S_GT_thin|; S_GT_thin uses skeletonize(GT), Dlocal=2*EDT(GT), tau=max(1 px, 0.018*DOD)",157.89,auto_detected,2.8420199999999993,2887,2114,0.7322480083131279,D:\Retina\Retinal-Vessel-Segmentation-Benchmark-main\Models_output\DCP_1024\test_data\DualModal2019\pred_masks\DualModal2019_A1_L4.png,D:\Retina\Retinal-Vessel-Segmentation-Benchmark-main\config\test_data\DualModal2019\masks\DualModal2019_A1_L4.png
DCP_1024,DualModal2019,DualModal2019_A1_R2,0.45,diagnostic_test_set_scan_equal_dataset_macro_F1,"TVS = |S_GT_thin intersect M_pred| / |S_GT_thin|; S_GT_thin uses skeletonize(GT), Dlocal=2*EDT(GT), tau=max(1 px, 0.018*DOD)",184.35,auto_detected,3.3183,6573,5119,0.7787920279933059,D:\Retina\Retinal-Vessel-Segmentation-Benchmark-main\Models_output\DCP_1024\test_data\DualModal2019\pred_masks\DualModal2019_A1_R2.png,D:\Retina\Retinal-Vessel-Segmentation-Benchmark-main\config\test_data\DualModal2019\masks\DualModal2019_A1_R2.png
DCP_1024,DualModal2019,DualModal2019_A2_R2,0.45,diagnostic_test_set_scan_equal_dataset_macro_F1,"TVS = |S_GT_thin intersect M_pred| / |S_GT_thin|; S_GT_thin uses skeletonize(GT), Dlocal=2*EDT(GT), tau=max(1 px, 0.018*DOD)",202.37,auto_detected,3.64266,6048,4769,0.7885251322751323,D:\Retina\Retinal-Vessel-Segmentation-Benchmark-main\Models_output\DCP_1024\test_data\DualModal2019\pred_masks\DualModal2019_A2_R2.png,D:\Retina\Retinal-Vessel-Segmentation-Benchmark-main\config\test_data\DualModal2019\masks\DualModal2019_A2_R2.png
DCP_1024,DualModal2019,DualModal2019_A3_L1,0.45,diagnostic_test_set_scan_equal_dataset_macro_F1,"TVS = |S_GT_thin intersect M_pred| / |S_GT_thin|; S_GT_thin uses skeletonize(GT), Dlocal=2*EDT(GT), tau=max(1 px, 0.018*DOD)",184.35,auto_detected,3.3183,4224,3254,0.7703598484848485,D:\Retina\Retinal-Vessel-Segmentation-Benchmark-main\Models_output\DCP_1024\test_data\DualModal2019\pred_masks\DualModal2019_A3_L1.png,D:\Retina\Retinal-Vessel-Segmentation-Benchmark-main\config\test_data\DualModal2019\masks\DualModal2019_A3_L1.png
DCP_1024,DualModal2019,DualModal2019_A3_R1,0.45,diagnostic_test_set_scan_equal_dataset_macro_F1,"TVS = |S_GT_thin intersect M_pred| / |S_GT_thin|; S_GT_thin uses skeletonize(GT), Dlocal=2*EDT(GT), tau=max(1 px, 0.018*DOD)",167.86,auto_detected,3.02148,7163,5271,0.7358648610917213,D:\Retina\Retinal-Vessel-Segmentation-Benchmark-main\Models_output\DCP_1024\test_data\DualModal2019\pred_masks\DualModal2019_A3_R1.png,D:\Retina\Retinal-Vessel-Segmentation-Benchmark-main\config\test_data\DualModal2019\masks\DualModal2019_A3_R1.png
DCP_1024,DualModal2019,DualModal2019_A4_L3,0.45,diagnostic_test_set_scan_equal_dataset_macro_F1,"TVS = |S_GT_thin intersect M_pred| / |S_GT_thin|; S_GT_thin uses skeletonize(GT), Dlocal=2*EDT(GT), tau=max(1 px, 0.018*DOD)",193.4,auto_detected,3.4812,4671,3616,0.7741383001498608,D:\Retina\Retinal-Vessel-Segmentation-Benchmark-main\Models_output\DCP_1024\test_data\DualModal2019\pred_masks\DualModal2019_A4_L3.png,D:\Retina\Retinal-Vessel-Segmentation-Benchmark-main\config\test_data\DualModal2019\masks\DualModal2019_A4_L3.png
DCP_1024,DualModal2019,DualModal2019_A4_R2,0.45,diagnostic_test_set_scan_equal_dataset_macro_F1,"TVS = |S_GT_thin intersect M_pred| / |S_GT_thin|; S_GT_thin uses skeletonize(GT), Dlocal=2*EDT(GT), tau=max(1 px, 0.018*DOD)",198.25,auto_detected,3.5685,5678,4705,0.8286368439591405,D:\Retina\Retinal-Vessel-Segmentation-Benchmark-main\Models_output\DCP_1024\test_data\DualModal2019\pred_masks\DualModal2019_A4_R2.png,D:\Retina\Retinal-Vessel-Segmentation-Benchmark-main\config\test_data\DualModal2019\masks\DualModal2019_A4_R2.png
DCP_1024,DualModal2019,DualModal2019_A5_R4,0.45,diagnostic_test_set_scan_equal_dataset_macro_F1,"TVS = |S_GT_thin intersect M_pred| / |S_GT_thin|; S_GT_thin uses skeletonize(GT), Dlocal=2*EDT(GT), tau=max(1 px, 0.018*DOD)",218.97,auto_detected,3.9414599999999997,5527,4813,0.8708159942102406,D:\Retina\Retinal-Vessel-Segmentation-Benchmark-main\Models_output\DCP_1024\test_data\DualModal2019\pred_masks\DualModal2019_A5_R4.png,D:\Retina\Retinal-Vessel-Segmentation-Benchmark-main\config\test_data\DualModal2019\masks\DualModal2019_A5_R4.png
DCP_1024,DualModal2019,DualModal2019_A6_L2,0.45,diagnostic_test_set_scan_equal_dataset_macro_F1,"TVS = |S_GT_thin intersect M_pred| / |S_GT_thin|; S_GT_thin uses skeletonize(GT), Dlocal=2*EDT(GT), tau=max(1 px, 0.018*DOD)",163.94,auto_detected,2.9509199999999995,4745,3868,0.8151738672286617,D:\Retina\Retinal-Vessel-Segmentation-Benchmark-main\Models_output\DCP_1024\test_data\DualModal2019\pred_masks\DualModal2019_A6_L2.png,D:\Retina\Retinal-Vessel-Segmentation-Benchmark-main\config\test_data\DualModal2019\masks\DualModal2019_A6_L2.png
DCP_1024,DualModal2019,DualModal2019_A6_R3,0.45,diagnostic_test_set_scan_equal_dataset_macro_F1,"TVS = |S_GT_thin intersect M_pred| / |S_GT_thin|; S_GT_thin uses skeletonize(GT), Dlocal=2*EDT(GT), tau=max(1 px, 0.018*DOD)",169.94,auto_detected,3.0589199999999996,6542,5723,0.8748089269336594,D:\Retina\Retinal-Vessel-Segmentation-Benchmark-main\Models_output\DCP_1024\test_data\DualModal2019\pred_masks\DualModal2019_A6_R3.png,D:\Retina\Retinal-Vessel-Segmentation-Benchmark-main\config\test_data\DualModal2019\masks\DualModal2019_A6_R3.png
DCP_1024,DualModal2019,DualModal2019_A7_L1,0.45,diagnostic_test_set_scan_equal_dataset_macro_F1,"TVS = |S_GT_thin intersect M_pred| / |S_GT_thin|; S_GT_thin uses skeletonize(GT), Dlocal=2*EDT(GT), tau=max(1 px, 0.018*DOD)",160.82,auto_detected,2.8947599999999998,7901,5539,0.7010504999367169,D:\Retina\Retinal-Vessel-Segmentation-Benchmark-main\Models_output\DCP_1024\test_data\DualModal2019\pred_masks\DualModal2019_A7_L1.png,D:\Retina\Retinal-Vessel-Segmentation-Benchmark-main\config\test_data\DualModal2019\masks\DualModal2019_A7_L1.png
DCP_1024,DualModal2019,DualModal2019_A7_R1,0.45,diagnostic_test_set_scan_equal_dataset_macro_F1,"TVS = |S_GT_thin intersect M_pred| / |S_GT_thin|; S_GT_thin uses skeletonize(GT), Dlocal=2*EDT(GT), tau=max(1 px, 0.018*DOD)",154.5,auto_detected,2.7809999999999997,4757,3794,0.797561488332983,D:\Retina\Retinal-Vessel-Segmentation-Benchmark-main\Models_output\DCP_1024\test_data\DualModal2019\pred_masks\DualModal2019_A7_R1.png,D:\Retina\Retinal-Vessel-Segmentation-Benchmark-main\config\test_data\DualModal2019\masks\DualModal2019_A7_R1.png
DCP_1024,DualModal2019,DualModal2019_C1_L4,0.45,diagnostic_test_set_scan_equal_dataset_macro_F1,"TVS = |S_GT_thin intersect M_pred| / |S_GT_thin|; S_GT_thin uses skeletonize(GT), Dlocal=2*EDT(GT), tau=max(1 px, 0.018*DOD)",167.59,auto_detected,3.0166199999999996,5336,4325,0.8105322338830585,D:\Retina\Retinal-Vessel-Segmentation-Benchmark-main\Models_output\DCP_1024\test_data\DualModal2019\pred_masks\DualModal2019_C1_L4.png,D:\Retina\Retinal-Vessel-Segmentation-Benchmark-main\config\test_data\DualModal2019\masks\DualModal2019_C1_L4.png
DCP_1024,DualModal2019,DualModal2019_C1_R4,0.45,diagnostic_test_set_scan_equal_dataset_macro_F1,"TVS = |S_GT_thin intersect M_pred| / |S_GT_thin|; S_GT_thin uses skeletonize(GT), Dlocal=2*EDT(GT), tau=max(1 px, 0.018*DOD)",157.62,annotation_csv,2.83716,6507,5040,0.7745504840940526,D:\Retina\Retinal-Vessel-Segmentation-Benchmark-main\Models_output\DCP_1024\test_data\DualModal2019\pred_masks\DualModal2019_C1_R4.png,D:\Retina\Retinal-Vessel-Segmentation-Benchmark-main\config\test_data\DualModal2019\masks\DualModal2019_C1_R4.png
DCP_1024,DualModal2019,DualModal2019_C2_L4,0.45,diagnostic_test_set_scan_equal_dataset_macro_F1,"TVS = |S_GT_thin intersect M_pred| / |S_GT_thin|; S_GT_thin uses skeletonize(GT), Dlocal=2*EDT(GT), tau=max(1 px, 0.018*DOD)",175.4,auto_detected,3.1572,4584,3548,0.7739965095986039,D:\Retina\Retinal-Vessel-Segmentation-Benchmark-main\Models_output\DCP_1024\test_data\DualModal2019\pred_masks\DualModal2019_C2_L4.png,D:\Retina\Retinal-Vessel-Segmentation-Benchmark-main\config\test_data\DualModal2019\masks\DualModal2019_C2_L4.png
DCP_1024,DualModal2019,DualModal2019_C2_R3,0.45,diagnostic_test_set_scan_equal_dataset_macro_F1,"TVS = |S_GT_thin intersect M_pred| / |S_GT_thin|; S_GT_thin uses skeletonize(GT), Dlocal=2*EDT(GT), tau=max(1 px, 0.018*DOD)",162.22,auto_detected,2.9199599999999997,6852,5554,0.8105662580268534,D:\Retina\Retinal-Vessel-Segmentation-Benchmark-main\Models_output\DCP_1024\test_data\DualModal2019\pred_masks\DualModal2019_C2_R3.png,D:\Retina\Retinal-Vessel-Segmentation-Benchmark-main\config\test_data\DualModal2019\masks\DualModal2019_C2_R3.png
DCP_1024,DualModal2019,DualModal2019_C3_L1,0.45,diagnostic_test_set_scan_equal_dataset_macro_F1,"TVS = |S_GT_thin intersect M_pred| / |S_GT_thin|; S_GT_thin uses skeletonize(GT), Dlocal=2*EDT(GT), tau=max(1 px, 0.018*DOD)",186.34,auto_detected,3.35412,5496,4262,0.7754730713245997,D:\Retina\Retinal-Vessel-Segmentation-Benchmark-main\Models_output\DCP_1024\test_data\DualModal2019\pred_masks\DualModal2019_C3_L1.png,D:\Retina\Retinal-Vessel-Segmentation-Benchmark-main\config\test_data\DualModal2019\masks\DualModal2019_C3_L1.png
DCP_1024,DualModal2019,DualModal2019_C3_R1,0.45,diagnostic_test_set_scan_equal_dataset_macro_F1,"TVS = |S_GT_thin intersect M_pred| / |S_GT_thin|; S_GT_thin uses skeletonize(GT), Dlocal=2*EDT(GT), tau=max(1 px, 0.018*DOD)",178.15,annotation_csv,3.2066999999999997,5180,4058,0.7833976833976835,D:\Retina\Retinal-Vessel-Segmentation-Benchmark-main\Models_output\DCP_1024\test_data\DualModal2019\pred_masks\DualModal2019_C3_R1.png,D:\Retina\Retinal-Vessel-Segmentation-Benchmark-main\config\test_data\DualModal2019\masks\DualModal2019_C3_R1.png
DCP_1024,DualModal2019,DualModal2019_C4_L2,0.45,diagnostic_test_set_scan_equal_dataset_macro_F1,"TVS = |S_GT_thin intersect M_pred| / |S_GT_thin|; S_GT_thin uses skeletonize(GT), Dlocal=2*EDT(GT), tau=max(1 px, 0.018*DOD)",197.44,auto_detected,3.5539199999999997,4441,3158,0.7111011033551002,D:\Retina\Retinal-Vessel-Segmentation-Benchmark-main\Models_output\DCP_1024\test_data\DualModal2019\pred_masks\DualModal2019_C4_L2.png,D:\Retina\Retinal-Vessel-Segmentation-Benchmark-main\config\test_data\DualModal2019\masks\DualModal2019_C4_L2.png
DCP_1024,DualModal2019,DualModal2019_C4_R2,0.45,diagnostic_test_set_scan_equal_dataset_macro_F1,"TVS = |S_GT_thin intersect M_pred| / |S_GT_thin|; S_GT_thin uses skeletonize(GT), Dlocal=2*EDT(GT), tau=max(1 px, 0.018*DOD)",201.33,auto_detected,3.62394,4245,3151,0.7422850412249705,D:\Retina\Retinal-Vessel-Segmentation-Benchmark-main\Models_output\DCP_1024\test_data\DualModal2019\pred_masks\DualModal2019_C4_R2.png,D:\Retina\Retinal-Vessel-Segmentation-Benchmark-main\config\test_data\DualModal2019\masks\DualModal2019_C4_R2.png
DCP_1024,DualModal2019,DualModal2019_C5_L1,0.45,diagnostic_test_set_scan_equal_dataset_macro_F1,"TVS = |S_GT_thin intersect M_pred| / |S_GT_thin|; S_GT_thin uses skeletonize(GT), Dlocal=2*EDT(GT), tau=max(1 px, 0.018*DOD)",174.39,auto_detected,3.1390199999999995,5587,4285,0.7669590119921246,D:\Retina\Retinal-Vessel-Segmentation-Benchmark-main\Models_output\DCP_1024\test_data\DualModal2019\pred_masks\DualModal2019_C5_L1.png,D:\Retina\Retinal-Vessel-Segmentation-Benchmark-main\config\test_data\DualModal2019\masks\DualModal2019_C5_L1.png
DCP_1024,DualModal2019,DualModal2019_C5_R1,0.45,diagnostic_test_set_scan_equal_dataset_macro_F1,"TVS = |S_GT_thin intersect M_pred| / |S_GT_thin|; S_GT_thin uses skeletonize(GT), Dlocal=2*EDT(GT), tau=max(1 px, 0.018*DOD)",157.41,auto_detected,2.8333799999999996,6504,5592,0.8597785977859779,D:\Retina\Retinal-Vessel-Segmentation-Benchmark-main\Models_output\DCP_1024\test_data\DualModal2019\pred_masks\DualModal2019_C5_R1.png,D:\Retina\Retinal-Vessel-Segmentation-Benchmark-main\config\test_data\DualModal2019\masks\DualModal2019_C5_R1.png
DCP_1024,DualModal2019,DualModal2019_C6_L2,0.45,diagnostic_test_set_scan_equal_dataset_macro_F1,"TVS = |S_GT_thin intersect M_pred| / |S_GT_thin|; S_GT_thin uses skeletonize(GT), Dlocal=2*EDT(GT), tau=max(1 px, 0.018*DOD)",164.36,auto_detected,2.95848,4361,3045,0.6982343499197432,D:\Retina\Retinal-Vessel-Segmentation-Benchmark-main\Models_output\DCP_1024\test_data\DualModal2019\pred_masks\DualModal2019_C6_L2.png,D:\Retina\Retinal-Vessel-Segmentation-Benchmark-main\config\test_data\DualModal2019\masks\DualModal2019_C6_L2.png
DCP_1024,DualModal2019,DualModal2019_C6_R2,0.45,diagnostic_test_set_scan_equal_dataset_macro_F1,"TVS = |S_GT_thin intersect M_pred| / |S_GT_thin|; S_GT_thin uses skeletonize(GT), Dlocal=2*EDT(GT), tau=max(1 px, 0.018*DOD)",172.35,auto_detected,3.1022999999999996,4334,3400,0.7844946931241348,D:\Retina\Retinal-Vessel-Segmentation-Benchmark-main\Models_output\DCP_1024\test_data\DualModal2019\pred_masks\DualModal2019_C6_R2.png,D:\Retina\Retinal-Vessel-Segmentation-Benchmark-main\config\test_data\DualModal2019\masks\DualModal2019_C6_R2.png
DCP_1024,DualModal2019,DualModal2019_C7_L4,0.45,diagnostic_test_set_scan_equal_dataset_macro_F1,"TVS = |S_GT_thin intersect M_pred| / |S_GT_thin|; S_GT_thin uses skeletonize(GT), Dlocal=2*EDT(GT), tau=max(1 px, 0.018*DOD)",170.65,auto_detected,3.0717,6314,4596,0.7279062401013621,D:\Retina\Retinal-Vessel-Segmentation-Benchmark-main\Models_output\DCP_1024\test_data\DualModal2019\pred_masks\DualModal2019_C7_L4.png,D:\Retina\Retinal-Vessel-Segmentation-Benchmark-main\config\test_data\DualModal2019\masks\DualModal2019_C7_L4.png
DCP_1024,DualModal2019,DualModal2019_C7_R3,0.45,diagnostic_test_set_scan_equal_dataset_macro_F1,"TVS = |S_GT_thin intersect M_pred| / |S_GT_thin|; S_GT_thin uses skeletonize(GT), Dlocal=2*EDT(GT), tau=max(1 px, 0.018*DOD)",148.64,auto_detected,2.6755199999999997,4610,3109,0.6744034707158352,D:\Retina\Retinal-Vessel-Segmentation-Benchmark-main\Models_output\DCP_1024\test_data\DualModal2019\pred_masks\DualModal2019_C7_R3.png,D:\Retina\Retinal-Vessel-Segmentation-Benchmark-main\config\test_data\DualModal2019\masks\DualModal2019_C7_R3.png
DCP_1024,DualModal2019,DualModal2019_C8_L4,0.45,diagnostic_test_set_scan_equal_dataset_macro_F1,"TVS = |S_GT_thin intersect M_pred| / |S_GT_thin|; S_GT_thin uses skeletonize(GT), Dlocal=2*EDT(GT), tau=max(1 px, 0.018*DOD)",162.08,auto_detected,2.91744,4897,3458,0.7061466203798243,D:\Retina\Retinal-Vessel-Segmentation-Benchmark-main\Models_output\DCP_1024\test_data\DualModal2019\pred_masks\DualModal2019_C8_L4.png,D:\Retina\Retinal-Vessel-Segmentation-Benchmark-main\config\test_data\DualModal2019\masks\DualModal2019_C8_L4.png
DCP_1024,DualModal2019,DualModal2019_C8_R2,0.45,diagnostic_test_set_scan_equal_dataset_macro_F1,"TVS = |S_GT_thin intersect M_pred| / |S_GT_thin|; S_GT_thin uses skeletonize(GT), Dlocal=2*EDT(GT), tau=max(1 px, 0.018*DOD)",154.54,auto_detected,2.7817199999999995,4859,3542,0.7289565754270426,D:\Retina\Retinal-Vessel-Segmentation-Benchmark-main\Models_output\DCP_1024\test_data\DualModal2019\pred_masks\DualModal2019_C8_R2.png,D:\Retina\Retinal-Vessel-Segmentation-Benchmark-main\config\test_data\DualModal2019\masks\DualModal2019_C8_R2.png
DCP_1024,DualModal2019,DualModal2019_C9_L4,0.45,diagnostic_test_set_scan_equal_dataset_macro_F1,"TVS = |S_GT_thin intersect M_pred| / |S_GT_thin|; S_GT_thin uses skeletonize(GT), Dlocal=2*EDT(GT), tau=max(1 px, 0.018*DOD)",180.71,auto_detected,3.25278,3495,2973,0.8506437768240344,D:\Retina\Retinal-Vessel-Segmentation-Benchmark-main\Models_output\DCP_1024\test_data\DualModal2019\pred_masks\DualModal2019_C9_L4.png,D:\Retina\Retinal-Vessel-Segmentation-Benchmark-main\config\test_data\DualModal2019\masks\DualModal2019_C9_L4.png
DCP_1024,DualModal2019,DualModal2019_C9_R5,0.45,diagnostic_test_set_scan_equal_dataset_macro_F1,"TVS = |S_GT_thin intersect M_pred| / |S_GT_thin|; S_GT_thin uses skeletonize(GT), Dlocal=2*EDT(GT), tau=max(1 px, 0.018*DOD)",175.31,auto_detected,3.1555799999999996,4420,3514,0.7950226244343891,D:\Retina\Retinal-Vessel-Segmentation-Benchmark-main\Models_output\DCP_1024\test_data\DualModal2019\pred_masks\DualModal2019_C9_R5.png,D:\Retina\Retinal-Vessel-Segmentation-Benchmark-main\config\test_data\DualModal2019\masks\DualModal2019_C9_R5.png
DCP_1024,HRF,01_dr,0.45,diagnostic_test_set_scan_equal_dataset_macro_F1,"TVS = |S_GT_thin intersect M_pred| / |S_GT_thin|; S_GT_thin uses skeletonize(GT), Dlocal=2*EDT(GT), tau=max(1 px, 0.018*DOD)",407.64,annotation_csv,7.33752,35729,21808,0.6103725265190741,D:\Retina\Retinal-Vessel-Segmentation-Benchmark-main\Models_output\DCP_1024\test_data\HRF\pred_masks\01_dr.png,D:\Retina\Retinal-Vessel-Segmentation-Benchmark-main\config\test_data\HRF\masks\01_dr.tif
DCP_1024,HRF,01_g,0.45,diagnostic_test_set_scan_equal_dataset_macro_F1,"TVS = |S_GT_thin intersect M_pred| / |S_GT_thin|; S_GT_thin uses skeletonize(GT), Dlocal=2*EDT(GT), tau=max(1 px, 0.018*DOD)",371.41,auto_detected,6.68538,41622,18772,0.4510114843111816,D:\Retina\Retinal-Vessel-Segmentation-Benchmark-main\Models_output\DCP_1024\test_data\HRF\pred_masks\01_g.png,D:\Retina\Retinal-Vessel-Segmentation-Benchmark-main\config\test_data\HRF\masks\01_g.tif
DCP_1024,HRF,01_h,0.45,diagnostic_test_set_scan_equal_dataset_macro_F1,"TVS = |S_GT_thin intersect M_pred| / |S_GT_thin|; S_GT_thin uses skeletonize(GT), Dlocal=2*EDT(GT), tau=max(1 px, 0.018*DOD)",391.49,auto_detected,7.046819999999999,32262,9327,0.28910172958899016,D:\Retina\Retinal-Vessel-Segmentation-Benchmark-main\Models_output\DCP_1024\test_data\HRF\pred_masks\01_h.png,D:\Retina\Retinal-Vessel-Segmentation-Benchmark-main\config\test_data\HRF\masks\01_h.tif
DCP_1024,HRF,02_dr,0.45,diagnostic_test_set_scan_equal_dataset_macro_F1,"TVS = |S_GT_thin intersect M_pred| / |S_GT_thin|; S_GT_thin uses skeletonize(GT), Dlocal=2*EDT(GT), tau=max(1 px, 0.018*DOD)",355.58,auto_detected,6.400439999999999,35476,15753,0.4440466794452588,D:\Retina\Retinal-Vessel-Segmentation-Benchmark-main\Models_output\DCP_1024\test_data\HRF\pred_masks\02_dr.png,D:\Retina\Retinal-Vessel-Segmentation-Benchmark-main\config\test_data\HRF\masks\02_dr.tif
DCP_1024,HRF,02_g,0.45,diagnostic_test_set_scan_equal_dataset_macro_F1,"TVS = |S_GT_thin intersect M_pred| / |S_GT_thin|; S_GT_thin uses skeletonize(GT), Dlocal=2*EDT(GT), tau=max(1 px, 0.018*DOD)",388.86,auto_detected,6.99948,44401,17267,0.38888763766581835,D:\Retina\Retinal-Vessel-Segmentation-Benchmark-main\Models_output\DCP_1024\test_data\HRF\pred_masks\02_g.png,D:\Retina\Retinal-Vessel-Segmentation-Benchmark-main\config\test_data\HRF\masks\02_g.tif
DCP_1024,HRF,02_h,0.45,diagnostic_test_set_scan_equal_dataset_macro_F1,"TVS = |S_GT_thin intersect M_pred| / |S_GT_thin|; S_GT_thin uses skeletonize(GT), Dlocal=2*EDT(GT), tau=max(1 px, 0.018*DOD)",404.64,auto_detected,7.283519999999999,25328,10623,0.4194172457359444,D:\Retina\Retinal-Vessel-Segmentation-Benchmark-main\Models_output\DCP_1024\test_data\HRF\pred_masks\02_h.png,D:\Retina\Retinal-Vessel-Segmentation-Benchmark-main\config\test_data\HRF\masks\02_h.tif
DCP_1024,HRF,03_dr,0.45,diagnostic_test_set_scan_equal_dataset_macro_F1,"TVS = |S_GT_thin intersect M_pred| / |S_GT_thin|; S_GT_thin uses skeletonize(GT), Dlocal=2*EDT(GT), tau=max(1 px, 0.018*DOD)",345.74,auto_detected,6.223319999999999,27021,9717,0.35960919285000553,D:\Retina\Retinal-Vessel-Segmentation-Benchmark-main\Models_output\DCP_1024\test_data\HRF\pred_masks\03_dr.png,D:\Retina\Retinal-Vessel-Segmentation-Benchmark-main\config\test_data\HRF\masks\03_dr.tif
DCP_1024,HRF,03_g,0.45,diagnostic_test_set_scan_equal_dataset_macro_F1,"TVS = |S_GT_thin intersect M_pred| / |S_GT_thin|; S_GT_thin uses skeletonize(GT), Dlocal=2*EDT(GT), tau=max(1 px, 0.018*DOD)",394.24,auto_detected,7.0963199999999995,28857,12824,0.44439823959524555,D:\Retina\Retinal-Vessel-Segmentation-Benchmark-main\Models_output\DCP_1024\test_data\HRF\pred_masks\03_g.png,D:\Retina\Retinal-Vessel-Segmentation-Benchmark-main\config\test_data\HRF\masks\03_g.tif
DCP_1024,HRF,03_h,0.45,diagnostic_test_set_scan_equal_dataset_macro_F1,"TVS = |S_GT_thin intersect M_pred| / |S_GT_thin|; S_GT_thin uses skeletonize(GT), Dlocal=2*EDT(GT), tau=max(1 px, 0.018*DOD)",404.96,auto_detected,7.289279999999999,17085,6027,0.3527655838454785,D:\Retina\Retinal-Vessel-Segmentation-Benchmark-main\Models_output\DCP_1024\test_data\HRF\pred_masks\03_h.png,D:\Retina\Retinal-Vessel-Segmentation-Benchmark-main\config\test_data\HRF\masks\03_h.tif
DCP_1024,HRF,04_dr,0.45,diagnostic_test_set_scan_equal_dataset_macro_F1,"TVS = |S_GT_thin intersect M_pred| / |S_GT_thin|; S_GT_thin uses skeletonize(GT), Dlocal=2*EDT(GT), tau=max(1 px, 0.018*DOD)",349.68,auto_detected,6.294239999999999,29026,9622,0.33149590022738235,D:\Retina\Retinal-Vessel-Segmentation-Benchmark-main\Models_output\DCP_1024\test_data\HRF\pred_masks\04_dr.png,D:\Retina\Retinal-Vessel-Segmentation-Benchmark-main\config\test_data\HRF\masks\04_dr.tif
DCP_1024,HRF,04_g,0.45,diagnostic_test_set_scan_equal_dataset_macro_F1,"TVS = |S_GT_thin intersect M_pred| / |S_GT_thin|; S_GT_thin uses skeletonize(GT), Dlocal=2*EDT(GT), tau=max(1 px, 0.018*DOD)",381.53,auto_detected,6.867539999999999,32562,13634,0.41870892451323627,D:\Retina\Retinal-Vessel-Segmentation-Benchmark-main\Models_output\DCP_1024\test_data\HRF\pred_masks\04_g.png,D:\Retina\Retinal-Vessel-Segmentation-Benchmark-main\config\test_data\HRF\masks\04_g.tif
DCP_1024,HRF,04_h,0.45,diagnostic_test_set_scan_equal_dataset_macro_F1,"TVS = |S_GT_thin intersect M_pred| / |S_GT_thin|; S_GT_thin uses skeletonize(GT), Dlocal=2*EDT(GT), tau=max(1 px, 0.018*DOD)",389.28,auto_detected,7.007039999999999,22097,7737,0.3501380277865774,D:\Retina\Retinal-Vessel-Segmentation-Benchmark-main\Models_output\DCP_1024\test_data\HRF\pred_masks\04_h.png,D:\Retina\Retinal-Vessel-Segmentation-Benchmark-main\config\test_data\HRF\masks\04_h.tif
DCP_1024,HRF,05_dr,0.45,diagnostic_test_set_scan_equal_dataset_macro_F1,"TVS = |S_GT_thin intersect M_pred| / |S_GT_thin|; S_GT_thin uses skeletonize(GT), Dlocal=2*EDT(GT), tau=max(1 px, 0.018*DOD)",343.34,auto_detected,6.180119999999999,34984,17760,0.5076606448662245,D:\Retina\Retinal-Vessel-Segmentation-Benchmark-main\Models_output\DCP_1024\test_data\HRF\pred_masks\05_dr.png,D:\Retina\Retinal-Vessel-Segmentation-Benchmark-main\config\test_data\HRF\masks\05_dr.tif
DCP_1024,HRF,05_g,0.45,diagnostic_test_set_scan_equal_dataset_macro_F1,"TVS = |S_GT_thin intersect M_pred| / |S_GT_thin|; S_GT_thin uses skeletonize(GT), Dlocal=2*EDT(GT), tau=max(1 px, 0.018*DOD)",355.21,auto_detected,6.39378,34679,16445,0.474206291992272,D:\Retina\Retinal-Vessel-Segmentation-Benchmark-main\Models_output\DCP_1024\test_data\HRF\pred_masks\05_g.png,D:\Retina\Retinal-Vessel-Segmentation-Benchmark-main\config\test_data\HRF\masks\05_g.tif
DCP_1024,HRF,05_h,0.45,diagnostic_test_set_scan_equal_dataset_macro_F1,"TVS = |S_GT_thin intersect M_pred| / |S_GT_thin|; S_GT_thin uses skeletonize(GT), Dlocal=2*EDT(GT), tau=max(1 px, 0.018*DOD)",411.55,auto_detected,7.4079,26869,12576,0.4680486806356768,D:\Retina\Retinal-Vessel-Segmentation-Benchmark-main\Models_output\DCP_1024\test_data\HRF\pred_masks\05_h.png,D:\Retina\Retinal-Vessel-Segmentation-Benchmark-main\config\test_data\HRF\masks\05_h.tif
DCP_1024,HRF,06_dr,0.45,diagnostic_test_set_scan_equal_dataset_macro_F1,"TVS = |S_GT_thin intersect M_pred| / |S_GT_thin|; S_GT_thin uses skeletonize(GT), Dlocal=2*EDT(GT), tau=max(1 px, 0.018*DOD)",377.23,annotation_csv,6.79014,55802,15237,0.27305472922117485,D:\Retina\Retinal-Vessel-Segmentation-Benchmark-main\Models_output\DCP_1024\test_data\HRF\pred_masks\06_dr.png,D:\Retina\Retinal-Vessel-Segmentation-Benchmark-main\config\test_data\HRF\masks\06_dr.tif
DCP_1024,HRF,06_g,0.45,diagnostic_test_set_scan_equal_dataset_macro_F1,"TVS = |S_GT_thin intersect M_pred| / |S_GT_thin|; S_GT_thin uses skeletonize(GT), Dlocal=2*EDT(GT), tau=max(1 px, 0.018*DOD)",364.73,auto_detected,6.5651399999999995,35175,15757,0.44796019900497513,D:\Retina\Retinal-Vessel-Segmentation-Benchmark-main\Models_output\DCP_1024\test_data\HRF\pred_masks\06_g.png,D:\Retina\Retinal-Vessel-Segmentation-Benchmark-main\config\test_data\HRF\masks\06_g.tif
DCP_1024,HRF,06_h,0.45,diagnostic_test_set_scan_equal_dataset_macro_F1,"TVS = |S_GT_thin intersect M_pred| / |S_GT_thin|; S_GT_thin uses skeletonize(GT), Dlocal=2*EDT(GT), tau=max(1 px, 0.018*DOD)",352.93,auto_detected,6.35274,33343,13957,0.41858860930330205,D:\Retina\Retinal-Vessel-Segmentation-Benchmark-main\Models_output\DCP_1024\test_data\HRF\pred_masks\06_h.png,D:\Retina\Retinal-Vessel-Segmentation-Benchmark-main\config\test_data\HRF\masks\06_h.tif
DCP_1024,HRF,07_dr,0.45,diagnostic_test_set_scan_equal_dataset_macro_F1,"TVS = |S_GT_thin intersect M_pred| / |S_GT_thin|; S_GT_thin uses skeletonize(GT), Dlocal=2*EDT(GT), tau=max(1 px, 0.018*DOD)",370.0,auto_detected,6.659999999999999,35584,17374,0.48825314748201437,D:\Retina\Retinal-Vessel-Segmentation-Benchmark-main\Models_output\DCP_1024\test_data\HRF\pred_masks\07_dr.png,D:\Retina\Retinal-Vessel-Segmentation-Benchmark-main\config\test_data\HRF\masks\07_dr.tif
DCP_1024,HRF,07_g,0.45,diagnostic_test_set_scan_equal_dataset_macro_F1,"TVS = |S_GT_thin intersect M_pred| / |S_GT_thin|; S_GT_thin uses skeletonize(GT), Dlocal=2*EDT(GT), tau=max(1 px, 0.018*DOD)",350.91,auto_detected,6.31638,39662,15112,0.3810196157531138,D:\Retina\Retinal-Vessel-Segmentation-Benchmark-main\Models_output\DCP_1024\test_data\HRF\pred_masks\07_g.png,D:\Retina\Retinal-Vessel-Segmentation-Benchmark-main\config\test_data\HRF\masks\07_g.tif
DCP_1024,HRF,07_h,0.45,diagnostic_test_set_scan_equal_dataset_macro_F1,"TVS = |S_GT_thin intersect M_pred| / |S_GT_thin|; S_GT_thin uses skeletonize(GT), Dlocal=2*EDT(GT), tau=max(1 px, 0.018*DOD)",407.9,auto_detected,7.342199999999999,27803,12304,0.44254217170808907,D:\Retina\Retinal-Vessel-Segmentation-Benchmark-main\Models_output\DCP_1024\test_data\HRF\pred_masks\07_h.png,D:\Retina\Retinal-Vessel-Segmentation-Benchmark-main\config\test_data\HRF\masks\07_h.tif
DCP_1024,HRF,08_dr,0.45,diagnostic_test_set_scan_equal_dataset_macro_F1,"TVS = |S_GT_thin intersect M_pred| / |S_GT_thin|; S_GT_thin uses skeletonize(GT), Dlocal=2*EDT(GT), tau=max(1 px, 0.018*DOD)",350.04,auto_detected,6.30072,34040,12709,0.3733548766157462,D:\Retina\Retinal-Vessel-Segmentation-Benchmark-main\Models_output\DCP_1024\test_data\HRF\pred_masks\08_dr.png,D:\Retina\Retinal-Vessel-Segmentation-Benchmark-main\config\test_data\HRF\masks\08_dr.tif
DCP_1024,HRF,08_g,0.45,diagnostic_test_set_scan_equal_dataset_macro_F1,"TVS = |S_GT_thin intersect M_pred| / |S_GT_thin|; S_GT_thin uses skeletonize(GT), Dlocal=2*EDT(GT), tau=max(1 px, 0.018*DOD)",368.1,auto_detected,6.6258,46547,21219,0.45586181708810447,D:\Retina\Retinal-Vessel-Segmentation-Benchmark-main\Models_output\DCP_1024\test_data\HRF\pred_masks\08_g.png,D:\Retina\Retinal-Vessel-Segmentation-Benchmark-main\config\test_data\HRF\masks\08_g.tif
DCP_1024,HRF,08_h,0.45,diagnostic_test_set_scan_equal_dataset_macro_F1,"TVS = |S_GT_thin intersect M_pred| / |S_GT_thin|; S_GT_thin uses skeletonize(GT), Dlocal=2*EDT(GT), tau=max(1 px, 0.018*DOD)",404.11,auto_detected,7.27398,31988,12012,0.37551581843191195,D:\Retina\Retinal-Vessel-Segmentation-Benchmark-main\Models_output\DCP_1024\test_data\HRF\pred_masks\08_h.png,D:\Retina\Retinal-Vessel-Segmentation-Benchmark-main\config\test_data\HRF\masks\08_h.tif
DCP_1024,HRF,09_dr,0.45,diagnostic_test_set_scan_equal_dataset_macro_F1,"TVS = |S_GT_thin intersect M_pred| / |S_GT_thin|; S_GT_thin uses skeletonize(GT), Dlocal=2*EDT(GT), tau=max(1 px, 0.018*DOD)",346.98,auto_detected,6.24564,26319,8893,0.3378927770811961,D:\Retina\Retinal-Vessel-Segmentation-Benchmark-main\Models_output\DCP_1024\test_data\HRF\pred_masks\09_dr.png,D:\Retina\Retinal-Vessel-Segmentation-Benchmark-main\config\test_data\HRF\masks\09_dr.tif
DCP_1024,HRF,09_g,0.45,diagnostic_test_set_scan_equal_dataset_macro_F1,"TVS = |S_GT_thin intersect M_pred| / |S_GT_thin|; S_GT_thin uses skeletonize(GT), Dlocal=2*EDT(GT), tau=max(1 px, 0.018*DOD)",379.64,auto_detected,6.833519999999999,42842,19931,0.46522104476915177,D:\Retina\Retinal-Vessel-Segmentation-Benchmark-main\Models_output\DCP_1024\test_data\HRF\pred_masks\09_g.png,D:\Retina\Retinal-Vessel-Segmentation-Benchmark-main\config\test_data\HRF\masks\09_g.tif
DCP_1024,HRF,09_h,0.45,diagnostic_test_set_scan_equal_dataset_macro_F1,"TVS = |S_GT_thin intersect M_pred| / |S_GT_thin|; S_GT_thin uses skeletonize(GT), Dlocal=2*EDT(GT), tau=max(1 px, 0.018*DOD)",399.61,auto_detected,7.1929799999999995,30678,10316,0.3362670317491362,D:\Retina\Retinal-Vessel-Segmentation-Benchmark-main\Models_output\DCP_1024\test_data\HRF\pred_masks\09_h.png,D:\Retina\Retinal-Vessel-Segmentation-Benchmark-main\config\test_data\HRF\masks\09_h.tif
DCP_1024,HRF,10_dr,0.45,diagnostic_test_set_scan_equal_dataset_macro_F1,"TVS = |S_GT_thin intersect M_pred| / |S_GT_thin|; S_GT_thin uses skeletonize(GT), Dlocal=2*EDT(GT), tau=max(1 px, 0.018*DOD)",366.16,auto_detected,6.59088,37150,16208,0.43628532974427997,D:\Retina\Retinal-Vessel-Segmentation-Benchmark-main\Models_output\DCP_1024\test_data\HRF\pred_masks\10_dr.png,D:\Retina\Retinal-Vessel-Segmentation-Benchmark-main\config\test_data\HRF\masks\10_dr.tif
DCP_1024,HRF,10_g,0.45,diagnostic_test_set_scan_equal_dataset_macro_F1,"TVS = |S_GT_thin intersect M_pred| / |S_GT_thin|; S_GT_thin uses skeletonize(GT), Dlocal=2*EDT(GT), tau=max(1 px, 0.018*DOD)",382.96,auto_detected,6.893279999999999,43463,21000,0.48316959252697694,D:\Retina\Retinal-Vessel-Segmentation-Benchmark-main\Models_output\DCP_1024\test_data\HRF\pred_masks\10_g.png,D:\Retina\Retinal-Vessel-Segmentation-Benchmark-main\config\test_data\HRF\masks\10_g.tif
DCP_1024,HRF,10_h,0.45,diagnostic_test_set_scan_equal_dataset_macro_F1,"TVS = |S_GT_thin intersect M_pred| / |S_GT_thin|; S_GT_thin uses skeletonize(GT), Dlocal=2*EDT(GT), tau=max(1 px, 0.018*DOD)",377.06,auto_detected,6.78708,35092,9149,0.2607146928074775,D:\Retina\Retinal-Vessel-Segmentation-Benchmark-main\Models_output\DCP_1024\test_data\HRF\pred_masks\10_h.png,D:\Retina\Retinal-Vessel-Segmentation-Benchmark-main\config\test_data\HRF\masks\10_h.tif
DCP_1024,HRF,11_dr,0.45,diagnostic_test_set_scan_equal_dataset_macro_F1,"TVS = |S_GT_thin intersect M_pred| / |S_GT_thin|; S_GT_thin uses skeletonize(GT), Dlocal=2*EDT(GT), tau=max(1 px, 0.018*DOD)",366.23,auto_detected,6.59214,42816,20565,0.4803110986547085,D:\Retina\Retinal-Vessel-Segmentation-Benchmark-main\Models_output\DCP_1024\test_data\HRF\pred_masks\11_dr.png,D:\Retina\Retinal-Vessel-Segmentation-Benchmark-main\config\test_data\HRF\masks\11_dr.tif
DCP_1024,HRF,11_g,0.45,diagnostic_test_set_scan_equal_dataset_macro_F1,"TVS = |S_GT_thin intersect M_pred| / |S_GT_thin|; S_GT_thin uses skeletonize(GT), Dlocal=2*EDT(GT), tau=max(1 px, 0.018*DOD)",388.59,auto_detected,6.994619999999999,45178,19286,0.42688919385541635,D:\Retina\Retinal-Vessel-Segmentation-Benchmark-main\Models_output\DCP_1024\test_data\HRF\pred_masks\11_g.png,D:\Retina\Retinal-Vessel-Segmentation-Benchmark-main\config\test_data\HRF\masks\11_g.tif
DCP_1024,HRF,11_h,0.45,diagnostic_test_set_scan_equal_dataset_macro_F1,"TVS = |S_GT_thin intersect M_pred| / |S_GT_thin|; S_GT_thin uses skeletonize(GT), Dlocal=2*EDT(GT), tau=max(1 px, 0.018*DOD)",364.47,auto_detected,6.56046,16866,8348,0.49496027510968815,D:\Retina\Retinal-Vessel-Segmentation-Benchmark-main\Models_output\DCP_1024\test_data\HRF\pred_masks\11_h.png,D:\Retina\Retinal-Vessel-Segmentation-Benchmark-main\config\test_data\HRF\masks\11_h.tif
DCP_1024,HRF,12_dr,0.45,diagnostic_test_set_scan_equal_dataset_macro_F1,"TVS = |S_GT_thin intersect M_pred| / |S_GT_thin|; S_GT_thin uses skeletonize(GT), Dlocal=2*EDT(GT), tau=max(1 px, 0.018*DOD)",343.86,auto_detected,6.18948,42185,16132,0.3824108095294536,D:\Retina\Retinal-Vessel-Segmentation-Benchmark-main\Models_output\DCP_1024\test_data\HRF\pred_masks\12_dr.png,D:\Retina\Retinal-Vessel-Segmentation-Benchmark-main\config\test_data\HRF\masks\12_dr.tif
DCP_1024,HRF,12_g,0.45,diagnostic_test_set_scan_equal_dataset_macro_F1,"TVS = |S_GT_thin intersect M_pred| / |S_GT_thin|; S_GT_thin uses skeletonize(GT), Dlocal=2*EDT(GT), tau=max(1 px, 0.018*DOD)",370.63,auto_detected,6.67134,50637,22150,0.43742717775539625,D:\Retina\Retinal-Vessel-Segmentation-Benchmark-main\Models_output\DCP_1024\test_data\HRF\pred_masks\12_g.png,D:\Retina\Retinal-Vessel-Segmentation-Benchmark-main\config\test_data\HRF\masks\12_g.tif
DCP_1024,HRF,12_h,0.45,diagnostic_test_set_scan_equal_dataset_macro_F1,"TVS = |S_GT_thin intersect M_pred| / |S_GT_thin|; S_GT_thin uses skeletonize(GT), Dlocal=2*EDT(GT), tau=max(1 px, 0.018*DOD)",399.76,auto_detected,7.195679999999999,20378,11092,0.5443124938659338,D:\Retina\Retinal-Vessel-Segmentation-Benchmark-main\Models_output\DCP_1024\test_data\HRF\pred_masks\12_h.png,D:\Retina\Retinal-Vessel-Segmentation-Benchmark-main\config\test_data\HRF\masks\12_h.tif
DCP_1024,HRF,13_dr,0.45,diagnostic_test_set_scan_equal_dataset_macro_F1,"TVS = |S_GT_thin intersect M_pred| / |S_GT_thin|; S_GT_thin uses skeletonize(GT), Dlocal=2*EDT(GT), tau=max(1 px, 0.018*DOD)",326.7,auto_detected,5.880599999999999,31848,11929,0.3745604119567948,D:\Retina\Retinal-Vessel-Segmentation-Benchmark-main\Models_output\DCP_1024\test_data\HRF\pred_masks\13_dr.png,D:\Retina\Retinal-Vessel-Segmentation-Benchmark-main\config\test_data\HRF\masks\13_dr.tif
DCP_1024,HRF,13_g,0.45,diagnostic_test_set_scan_equal_dataset_macro_F1,"TVS = |S_GT_thin intersect M_pred| / |S_GT_thin|; S_GT_thin uses skeletonize(GT), Dlocal=2*EDT(GT), tau=max(1 px, 0.018*DOD)",363.2,auto_detected,6.537599999999999,43757,18934,0.4327079095916082,D:\Retina\Retinal-Vessel-Segmentation-Benchmark-main\Models_output\DCP_1024\test_data\HRF\pred_masks\13_g.png,D:\Retina\Retinal-Vessel-Segmentation-Benchmark-main\config\test_data\HRF\masks\13_g.tif
DCP_1024,HRF,13_h,0.45,diagnostic_test_set_scan_equal_dataset_macro_F1,"TVS = |S_GT_thin intersect M_pred| / |S_GT_thin|; S_GT_thin uses skeletonize(GT), Dlocal=2*EDT(GT), tau=max(1 px, 0.018*DOD)",358.42,auto_detected,6.45156,22564,13632,0.6041482006736394,D:\Retina\Retinal-Vessel-Segmentation-Benchmark-main\Models_output\DCP_1024\test_data\HRF\pred_masks\13_h.png,D:\Retina\Retinal-Vessel-Segmentation-Benchmark-main\config\test_data\HRF\masks\13_h.tif
DCP_1024,HRF,14_dr,0.45,diagnostic_test_set_scan_equal_dataset_macro_F1,"TVS = |S_GT_thin intersect M_pred| / |S_GT_thin|; S_GT_thin uses skeletonize(GT), Dlocal=2*EDT(GT), tau=max(1 px, 0.018*DOD)",357.84,auto_detected,6.441119999999999,44873,16012,0.356829273728077,D:\Retina\Retinal-Vessel-Segmentation-Benchmark-main\Models_output\DCP_1024\test_data\HRF\pred_masks\14_dr.png,D:\Retina\Retinal-Vessel-Segmentation-Benchmark-main\config\test_data\HRF\masks\14_dr.tif
DCP_1024,HRF,14_g,0.45,diagnostic_test_set_scan_equal_dataset_macro_F1,"TVS = |S_GT_thin intersect M_pred| / |S_GT_thin|; S_GT_thin uses skeletonize(GT), Dlocal=2*EDT(GT), tau=max(1 px, 0.018*DOD)",354.74,auto_detected,6.38532,43318,16824,0.3883835818828201,D:\Retina\Retinal-Vessel-Segmentation-Benchmark-main\Models_output\DCP_1024\test_data\HRF\pred_masks\14_g.png,D:\Retina\Retinal-Vessel-Segmentation-Benchmark-main\config\test_data\HRF\masks\14_g.tif
DCP_1024,HRF,14_h,0.45,diagnostic_test_set_scan_equal_dataset_macro_F1,"TVS = |S_GT_thin intersect M_pred| / |S_GT_thin|; S_GT_thin uses skeletonize(GT), Dlocal=2*EDT(GT), tau=max(1 px, 0.018*DOD)",360.28,auto_detected,6.485039999999999,20730,11747,0.5666666666666667,D:\Retina\Retinal-Vessel-Segmentation-Benchmark-main\Models_output\DCP_1024\test_data\HRF\pred_masks\14_h.png,D:\Retina\Retinal-Vessel-Segmentation-Benchmark-main\config\test_data\HRF\masks\14_h.tif
DCP_1024,HRF,15_dr,0.45,diagnostic_test_set_scan_equal_dataset_macro_F1,"TVS = |S_GT_thin intersect M_pred| / |S_GT_thin|; S_GT_thin uses skeletonize(GT), Dlocal=2*EDT(GT), tau=max(1 px, 0.018*DOD)",375.46,auto_detected,6.758279999999999,30865,12062,0.3907986392353799,D:\Retina\Retinal-Vessel-Segmentation-Benchmark-main\Models_output\DCP_1024\test_data\HRF\pred_masks\15_dr.png,D:\Retina\Retinal-Vessel-Segmentation-Benchmark-main\config\test_data\HRF\masks\15_dr.tif
DCP_1024,HRF,15_g,0.45,diagnostic_test_set_scan_equal_dataset_macro_F1,"TVS = |S_GT_thin intersect M_pred| / |S_GT_thin|; S_GT_thin uses skeletonize(GT), Dlocal=2*EDT(GT), tau=max(1 px, 0.018*DOD)",387.83,auto_detected,6.9809399999999995,39198,15051,0.3839736721261289,D:\Retina\Retinal-Vessel-Segmentation-Benchmark-main\Models_output\DCP_1024\test_data\HRF\pred_masks\15_g.png,D:\Retina\Retinal-Vessel-Segmentation-Benchmark-main\config\test_data\HRF\masks\15_g.tif
DCP_1024,HRF,15_h,0.45,diagnostic_test_set_scan_equal_dataset_macro_F1,"TVS = |S_GT_thin intersect M_pred| / |S_GT_thin|; S_GT_thin uses skeletonize(GT), Dlocal=2*EDT(GT), tau=max(1 px, 0.018*DOD)",355.9,auto_detected,6.406199999999999,17490,12230,0.6992567181246426,D:\Retina\Retinal-Vessel-Segmentation-Benchmark-main\Models_output\DCP_1024\test_data\HRF\pred_masks\15_h.png,D:\Retina\Retinal-Vessel-Segmentation-Benchmark-main\config\test_data\HRF\masks\15_h.tif
DCP_1024,LES,111,0.45,diagnostic_test_set_scan_equal_dataset_macro_F1,"TVS = |S_GT_thin intersect M_pred| / |S_GT_thin|; S_GT_thin uses skeletonize(GT), Dlocal=2*EDT(GT), tau=max(1 px, 0.018*DOD)",306.16,manual_les_csv,5.51088,4813,1759,0.36546852275088304,D:\Retina\Retinal-Vessel-Segmentation-Benchmark-main\Models_output\DCP_1024\test_data\LES\pred_masks\111.png,D:\Retina\Retinal-Vessel-Segmentation-Benchmark-main\config\test_data\LES\masks\111.png
DCP_1024,LES,119,0.45,diagnostic_test_set_scan_equal_dataset_macro_F1,"TVS = |S_GT_thin intersect M_pred| / |S_GT_thin|; S_GT_thin uses skeletonize(GT), Dlocal=2*EDT(GT), tau=max(1 px, 0.018*DOD)",346.16,manual_les_csv,6.23088,6466,4094,0.6331580575317043,D:\Retina\Retinal-Vessel-Segmentation-Benchmark-main\Models_output\DCP_1024\test_data\LES\pred_masks\119.png,D:\Retina\Retinal-Vessel-Segmentation-Benchmark-main\config\test_data\LES\masks\119.png
DCP_1024,LES,12,0.45,diagnostic_test_set_scan_equal_dataset_macro_F1,"TVS = |S_GT_thin intersect M_pred| / |S_GT_thin|; S_GT_thin uses skeletonize(GT), Dlocal=2*EDT(GT), tau=max(1 px, 0.018*DOD)",342.16,manual_les_csv,6.15888,7323,4567,0.6236515089444217,D:\Retina\Retinal-Vessel-Segmentation-Benchmark-main\Models_output\DCP_1024\test_data\LES\pred_masks\12.png,D:\Retina\Retinal-Vessel-Segmentation-Benchmark-main\config\test_data\LES\masks\12.png
DCP_1024,LES,15,0.45,diagnostic_test_set_scan_equal_dataset_macro_F1,"TVS = |S_GT_thin intersect M_pred| / |S_GT_thin|; S_GT_thin uses skeletonize(GT), Dlocal=2*EDT(GT), tau=max(1 px, 0.018*DOD)",310.16,manual_les_csv,5.58288,2343,1260,0.5377720870678617,D:\Retina\Retinal-Vessel-Segmentation-Benchmark-main\Models_output\DCP_1024\test_data\LES\pred_masks\15.png,D:\Retina\Retinal-Vessel-Segmentation-Benchmark-main\config\test_data\LES\masks\15.png
DCP_1024,LES,224,0.45,diagnostic_test_set_scan_equal_dataset_macro_F1,"TVS = |S_GT_thin intersect M_pred| / |S_GT_thin|; S_GT_thin uses skeletonize(GT), Dlocal=2*EDT(GT), tau=max(1 px, 0.018*DOD)",294.16,manual_les_csv,5.29488,3116,1693,0.5433247753530167,D:\Retina\Retinal-Vessel-Segmentation-Benchmark-main\Models_output\DCP_1024\test_data\LES\pred_masks\224.png,D:\Retina\Retinal-Vessel-Segmentation-Benchmark-main\config\test_data\LES\masks\224.png
DCP_1024,LES,240,0.45,diagnostic_test_set_scan_equal_dataset_macro_F1,"TVS = |S_GT_thin intersect M_pred| / |S_GT_thin|; S_GT_thin uses skeletonize(GT), Dlocal=2*EDT(GT), tau=max(1 px, 0.018*DOD)",286.16,manual_les_csv,5.15088,3616,2309,0.6385508849557522,D:\Retina\Retinal-Vessel-Segmentation-Benchmark-main\Models_output\DCP_1024\test_data\LES\pred_masks\240.png,D:\Retina\Retinal-Vessel-Segmentation-Benchmark-main\config\test_data\LES\masks\240.png
DCP_1024,LES,275,0.45,diagnostic_test_set_scan_equal_dataset_macro_F1,"TVS = |S_GT_thin intersect M_pred| / |S_GT_thin|; S_GT_thin uses skeletonize(GT), Dlocal=2*EDT(GT), tau=max(1 px, 0.018*DOD)",322.16,manual_les_csv,5.79888,4652,2619,0.5629836629406707,D:\Retina\Retinal-Vessel-Segmentation-Benchmark-main\Models_output\DCP_1024\test_data\LES\pred_masks\275.png,D:\Retina\Retinal-Vessel-Segmentation-Benchmark-main\config\test_data\LES\masks\275.png
DCP_1024,LES,279,0.45,diagnostic_test_set_scan_equal_dataset_macro_F1,"TVS = |S_GT_thin intersect M_pred| / |S_GT_thin|; S_GT_thin uses skeletonize(GT), Dlocal=2*EDT(GT), tau=max(1 px, 0.018*DOD)",354.16,manual_les_csv,6.37488,5525,3678,0.6657013574660634,D:\Retina\Retinal-Vessel-Segmentation-Benchmark-main\Models_output\DCP_1024\test_data\LES\pred_masks\279.png,D:\Retina\Retinal-Vessel-Segmentation-Benchmark-main\config\test_data\LES\masks\279.png
DCP_1024,LES,304,0.45,diagnostic_test_set_scan_equal_dataset_macro_F1,"TVS = |S_GT_thin intersect M_pred| / |S_GT_thin|; S_GT_thin uses skeletonize(GT), Dlocal=2*EDT(GT), tau=max(1 px, 0.018*DOD)",322.16,manual_les_csv,5.79888,2415,1561,0.6463768115942029,D:\Retina\Retinal-Vessel-Segmentation-Benchmark-main\Models_output\DCP_1024\test_data\LES\pred_masks\304.png,D:\Retina\Retinal-Vessel-Segmentation-Benchmark-main\config\test_data\LES\masks\304.png
DCP_1024,LES,318,0.45,diagnostic_test_set_scan_equal_dataset_macro_F1,"TVS = |S_GT_thin intersect M_pred| / |S_GT_thin|; S_GT_thin uses skeletonize(GT), Dlocal=2*EDT(GT), tau=max(1 px, 0.018*DOD)",262.16,manual_les_csv,4.71888,3218,2159,0.6709136109384711,D:\Retina\Retinal-Vessel-Segmentation-Benchmark-main\Models_output\DCP_1024\test_data\LES\pred_masks\318.png,D:\Retina\Retinal-Vessel-Segmentation-Benchmark-main\config\test_data\LES\masks\318.png
DCP_1024,LES,33,0.45,diagnostic_test_set_scan_equal_dataset_macro_F1,"TVS = |S_GT_thin intersect M_pred| / |S_GT_thin|; S_GT_thin uses skeletonize(GT), Dlocal=2*EDT(GT), tau=max(1 px, 0.018*DOD)",290.16,manual_les_csv,5.22288,5124,1569,0.30620608899297425,D:\Retina\Retinal-Vessel-Segmentation-Benchmark-main\Models_output\DCP_1024\test_data\LES\pred_masks\33.png,D:\Retina\Retinal-Vessel-Segmentation-Benchmark-main\config\test_data\LES\masks\33.png
DCP_1024,LES,34,0.45,diagnostic_test_set_scan_equal_dataset_macro_F1,"TVS = |S_GT_thin intersect M_pred| / |S_GT_thin|; S_GT_thin uses skeletonize(GT), Dlocal=2*EDT(GT), tau=max(1 px, 0.018*DOD)",310.12,manual_les_csv,5.58216,7573,2115,0.2792816585237026,D:\Retina\Retinal-Vessel-Segmentation-Benchmark-main\Models_output\DCP_1024\test_data\LES\pred_masks\34.png,D:\Retina\Retinal-Vessel-Segmentation-Benchmark-main\config\test_data\LES\masks\34.png
DCP_1024,LES,367,0.45,diagnostic_test_set_scan_equal_dataset_macro_F1,"TVS = |S_GT_thin intersect M_pred| / |S_GT_thin|; S_GT_thin uses skeletonize(GT), Dlocal=2*EDT(GT), tau=max(1 px, 0.018*DOD)",266.16,manual_les_csv,4.7908800000000005,3456,2092,0.6053240740740741,D:\Retina\Retinal-Vessel-Segmentation-Benchmark-main\Models_output\DCP_1024\test_data\LES\pred_masks\367.png,D:\Retina\Retinal-Vessel-Segmentation-Benchmark-main\config\test_data\LES\masks\367.png
DCP_1024,LES,37,0.45,diagnostic_test_set_scan_equal_dataset_macro_F1,"TVS = |S_GT_thin intersect M_pred| / |S_GT_thin|; S_GT_thin uses skeletonize(GT), Dlocal=2*EDT(GT), tau=max(1 px, 0.018*DOD)",326.16,manual_les_csv,5.87088,3535,1714,0.4848656294200849,D:\Retina\Retinal-Vessel-Segmentation-Benchmark-main\Models_output\DCP_1024\test_data\LES\pred_masks\37.png,D:\Retina\Retinal-Vessel-Segmentation-Benchmark-main\config\test_data\LES\masks\37.png
DCP_1024,LES,370,0.45,diagnostic_test_set_scan_equal_dataset_macro_F1,"TVS = |S_GT_thin intersect M_pred| / |S_GT_thin|; S_GT_thin uses skeletonize(GT), Dlocal=2*EDT(GT), tau=max(1 px, 0.018*DOD)",270.16,manual_les_csv,4.86288,3505,2527,0.7209700427960057,D:\Retina\Retinal-Vessel-Segmentation-Benchmark-main\Models_output\DCP_1024\test_data\LES\pred_masks\370.png,D:\Retina\Retinal-Vessel-Segmentation-Benchmark-main\config\test_data\LES\masks\370.png
DCP_1024,LES,42,0.45,diagnostic_test_set_scan_equal_dataset_macro_F1,"TVS = |S_GT_thin intersect M_pred| / |S_GT_thin|; S_GT_thin uses skeletonize(GT), Dlocal=2*EDT(GT), tau=max(1 px, 0.018*DOD)",306.16,manual_les_csv,5.51088,3697,1602,0.433324317013795,D:\Retina\Retinal-Vessel-Segmentation-Benchmark-main\Models_output\DCP_1024\test_data\LES\pred_masks\42.png,D:\Retina\Retinal-Vessel-Segmentation-Benchmark-main\config\test_data\LES\masks\42.png
DCP_1024,LES,486,0.45,diagnostic_test_set_scan_equal_dataset_macro_F1,"TVS = |S_GT_thin intersect M_pred| / |S_GT_thin|; S_GT_thin uses skeletonize(GT), Dlocal=2*EDT(GT), tau=max(1 px, 0.018*DOD)",270.16,manual_les_csv,4.86288,2614,1742,0.6664116296863045,D:\Retina\Retinal-Vessel-Segmentation-Benchmark-main\Models_output\DCP_1024\test_data\LES\pred_masks\486.png,D:\Retina\Retinal-Vessel-Segmentation-Benchmark-main\config\test_data\LES\masks\486.png
DCP_1024,LES,49,0.45,diagnostic_test_set_scan_equal_dataset_macro_F1,"TVS = |S_GT_thin intersect M_pred| / |S_GT_thin|; S_GT_thin uses skeletonize(GT), Dlocal=2*EDT(GT), tau=max(1 px, 0.018*DOD)",258.16,manual_les_csv,4.64688,2818,1090,0.38679914833215046,D:\Retina\Retinal-Vessel-Segmentation-Benchmark-main\Models_output\DCP_1024\test_data\LES\pred_masks\49.png,D:\Retina\Retinal-Vessel-Segmentation-Benchmark-main\config\test_data\LES\masks\49.png
DCP_1024,LES,529,0.45,diagnostic_test_set_scan_equal_dataset_macro_F1,"TVS = |S_GT_thin intersect M_pred| / |S_GT_thin|; S_GT_thin uses skeletonize(GT), Dlocal=2*EDT(GT), tau=max(1 px, 0.018*DOD)",314.16,manual_les_csv,5.65488,1939,1170,0.6034038164002062,D:\Retina\Retinal-Vessel-Segmentation-Benchmark-main\Models_output\DCP_1024\test_data\LES\pred_masks\529.png,D:\Retina\Retinal-Vessel-Segmentation-Benchmark-main\config\test_data\LES\masks\529.png
DCP_1024,LES,53,0.45,diagnostic_test_set_scan_equal_dataset_macro_F1,"TVS = |S_GT_thin intersect M_pred| / |S_GT_thin|; S_GT_thin uses skeletonize(GT), Dlocal=2*EDT(GT), tau=max(1 px, 0.018*DOD)",290.16,manual_les_csv,5.22288,3970,1559,0.39269521410579344,D:\Retina\Retinal-Vessel-Segmentation-Benchmark-main\Models_output\DCP_1024\test_data\LES\pred_masks\53.png,D:\Retina\Retinal-Vessel-Segmentation-Benchmark-main\config\test_data\LES\masks\53.png
DCP_1024,LES,586,0.45,diagnostic_test_set_scan_equal_dataset_macro_F1,"TVS = |S_GT_thin intersect M_pred| / |S_GT_thin|; S_GT_thin uses skeletonize(GT), Dlocal=2*EDT(GT), tau=max(1 px, 0.018*DOD)",326.16,manual_les_csv,5.87088,4752,2978,0.6266835016835017,D:\Retina\Retinal-Vessel-Segmentation-Benchmark-main\Models_output\DCP_1024\test_data\LES\pred_masks\586.png,D:\Retina\Retinal-Vessel-Segmentation-Benchmark-main\config\test_data\LES\masks\586.png
DCP_1024,LES,90,0.45,diagnostic_test_set_scan_equal_dataset_macro_F1,"TVS = |S_GT_thin intersect M_pred| / |S_GT_thin|; S_GT_thin uses skeletonize(GT), Dlocal=2*EDT(GT), tau=max(1 px, 0.018*DOD)",282.16,manual_les_csv,5.07888,2987,1186,0.39705390023434883,D:\Retina\Retinal-Vessel-Segmentation-Benchmark-main\Models_output\DCP_1024\test_data\LES\pred_masks\90.png,D:\Retina\Retinal-Vessel-Segmentation-Benchmark-main\config\test_data\LES\masks\90.png
DCP_1024,STARE,im0001,0.45,diagnostic_test_set_scan_equal_dataset_macro_F1,"TVS = |S_GT_thin intersect M_pred| / |S_GT_thin|; S_GT_thin uses skeletonize(GT), Dlocal=2*EDT(GT), tau=max(1 px, 0.018*DOD)",119.04,annotation_csv,2.1427199999999997,2392,1468,0.6137123745819398,D:\Retina\Retinal-Vessel-Segmentation-Benchmark-main\Models_output\DCP_1024\test_data\STARE\pred_masks\im0001.png,D:\Retina\Retinal-Vessel-Segmentation-Benchmark-main\config\test_data\STARE\masks\im0001.png
DCP_1024,STARE,im0002,0.45,diagnostic_test_set_scan_equal_dataset_macro_F1,"TVS = |S_GT_thin intersect M_pred| / |S_GT_thin|; S_GT_thin uses skeletonize(GT), Dlocal=2*EDT(GT), tau=max(1 px, 0.018*DOD)",97.74,auto_detected,1.7593199999999998,0,0,0.0,D:\Retina\Retinal-Vessel-Segmentation-Benchmark-main\Models_output\DCP_1024\test_data\STARE\pred_masks\im0002.png,D:\Retina\Retinal-Vessel-Segmentation-Benchmark-main\config\test_data\STARE\masks\im0002.png
DCP_1024,STARE,im0003,0.45,diagnostic_test_set_scan_equal_dataset_macro_F1,"TVS = |S_GT_thin intersect M_pred| / |S_GT_thin|; S_GT_thin uses skeletonize(GT), Dlocal=2*EDT(GT), tau=max(1 px, 0.018*DOD)",130.73,auto_detected,2.35314,1973,1066,0.5402939685757729,D:\Retina\Retinal-Vessel-Segmentation-Benchmark-main\Models_output\DCP_1024\test_data\STARE\pred_masks\im0003.png,D:\Retina\Retinal-Vessel-Segmentation-Benchmark-main\config\test_data\STARE\masks\im0003.png
DCP_1024,STARE,im0004,0.45,diagnostic_test_set_scan_equal_dataset_macro_F1,"TVS = |S_GT_thin intersect M_pred| / |S_GT_thin|; S_GT_thin uses skeletonize(GT), Dlocal=2*EDT(GT), tau=max(1 px, 0.018*DOD)",111.92,auto_detected,2.01456,629,328,0.5214626391096979,D:\Retina\Retinal-Vessel-Segmentation-Benchmark-main\Models_output\DCP_1024\test_data\STARE\pred_masks\im0004.png,D:\Retina\Retinal-Vessel-Segmentation-Benchmark-main\config\test_data\STARE\masks\im0004.png
DCP_1024,STARE,im0005,0.45,diagnostic_test_set_scan_equal_dataset_macro_F1,"TVS = |S_GT_thin intersect M_pred| / |S_GT_thin|; S_GT_thin uses skeletonize(GT), Dlocal=2*EDT(GT), tau=max(1 px, 0.018*DOD)",131.87,auto_detected,2.37366,814,579,0.7113022113022113,D:\Retina\Retinal-Vessel-Segmentation-Benchmark-main\Models_output\DCP_1024\test_data\STARE\pred_masks\im0005.png,D:\Retina\Retinal-Vessel-Segmentation-Benchmark-main\config\test_data\STARE\masks\im0005.png
DCP_1024,STARE,im0044,0.45,diagnostic_test_set_scan_equal_dataset_macro_F1,"TVS = |S_GT_thin intersect M_pred| / |S_GT_thin|; S_GT_thin uses skeletonize(GT), Dlocal=2*EDT(GT), tau=max(1 px, 0.018*DOD)",133.3,auto_detected,2.3994,1979,1335,0.6745831227892876,D:\Retina\Retinal-Vessel-Segmentation-Benchmark-main\Models_output\DCP_1024\test_data\STARE\pred_masks\im0044.png,D:\Retina\Retinal-Vessel-Segmentation-Benchmark-main\config\test_data\STARE\masks\im0044.png
DCP_1024,STARE,im0077,0.45,diagnostic_test_set_scan_equal_dataset_macro_F1,"TVS = |S_GT_thin intersect M_pred| / |S_GT_thin|; S_GT_thin uses skeletonize(GT), Dlocal=2*EDT(GT), tau=max(1 px, 0.018*DOD)",134.65,auto_detected,2.4236999999999997,3465,2935,0.847041847041847,D:\Retina\Retinal-Vessel-Segmentation-Benchmark-main\Models_output\DCP_1024\test_data\STARE\pred_masks\im0077.png,D:\Retina\Retinal-Vessel-Segmentation-Benchmark-main\config\test_data\STARE\masks\im0077.png
DCP_1024,STARE,im0081,0.45,diagnostic_test_set_scan_equal_dataset_macro_F1,"TVS = |S_GT_thin intersect M_pred| / |S_GT_thin|; S_GT_thin uses skeletonize(GT), Dlocal=2*EDT(GT), tau=max(1 px, 0.018*DOD)",116.54,auto_detected,2.09772,3163,2599,0.8216882706291495,D:\Retina\Retinal-Vessel-Segmentation-Benchmark-main\Models_output\DCP_1024\test_data\STARE\pred_masks\im0081.png,D:\Retina\Retinal-Vessel-Segmentation-Benchmark-main\config\test_data\STARE\masks\im0081.png
DCP_1024,STARE,im0082,0.45,diagnostic_test_set_scan_equal_dataset_macro_F1,"TVS = |S_GT_thin intersect M_pred| / |S_GT_thin|; S_GT_thin uses skeletonize(GT), Dlocal=2*EDT(GT), tau=max(1 px, 0.018*DOD)",120.44,auto_detected,2.1679199999999996,3691,2724,0.7380113790300732,D:\Retina\Retinal-Vessel-Segmentation-Benchmark-main\Models_output\DCP_1024\test_data\STARE\pred_masks\im0082.png,D:\Retina\Retinal-Vessel-Segmentation-Benchmark-main\config\test_data\STARE\masks\im0082.png
DCP_1024,STARE,im0139,0.45,diagnostic_test_set_scan_equal_dataset_macro_F1,"TVS = |S_GT_thin intersect M_pred| / |S_GT_thin|; S_GT_thin uses skeletonize(GT), Dlocal=2*EDT(GT), tau=max(1 px, 0.018*DOD)",93.91,auto_detected,1.6903799999999998,0,0,0.0,D:\Retina\Retinal-Vessel-Segmentation-Benchmark-main\Models_output\DCP_1024\test_data\STARE\pred_masks\im0139.png,D:\Retina\Retinal-Vessel-Segmentation-Benchmark-main\config\test_data\STARE\masks\im0139.png
DCP_1024,STARE,im0162,0.45,diagnostic_test_set_scan_equal_dataset_macro_F1,"TVS = |S_GT_thin intersect M_pred| / |S_GT_thin|; S_GT_thin uses skeletonize(GT), Dlocal=2*EDT(GT), tau=max(1 px, 0.018*DOD)",93.13,auto_detected,1.6763399999999997,0,0,0.0,D:\Retina\Retinal-Vessel-Segmentation-Benchmark-main\Models_output\DCP_1024\test_data\STARE\pred_masks\im0162.png,D:\Retina\Retinal-Vessel-Segmentation-Benchmark-main\config\test_data\STARE\masks\im0162.png
DCP_1024,STARE,im0163,0.45,diagnostic_test_set_scan_equal_dataset_macro_F1,"TVS = |S_GT_thin intersect M_pred| / |S_GT_thin|; S_GT_thin uses skeletonize(GT), Dlocal=2*EDT(GT), tau=max(1 px, 0.018*DOD)",121.3,auto_detected,2.1834,3200,2679,0.8371875,D:\Retina\Retinal-Vessel-Segmentation-Benchmark-main\Models_output\DCP_1024\test_data\STARE\pred_masks\im0163.png,D:\Retina\Retinal-Vessel-Segmentation-Benchmark-main\config\test_data\STARE\masks\im0163.png
DCP_1024,STARE,im0235,0.45,diagnostic_test_set_scan_equal_dataset_macro_F1,"TVS = |S_GT_thin intersect M_pred| / |S_GT_thin|; S_GT_thin uses skeletonize(GT), Dlocal=2*EDT(GT), tau=max(1 px, 0.018*DOD)",122.39,annotation_csv,2.20302,3131,2281,0.7285212392206962,D:\Retina\Retinal-Vessel-Segmentation-Benchmark-main\Models_output\DCP_1024\test_data\STARE\pred_masks\im0235.png,D:\Retina\Retinal-Vessel-Segmentation-Benchmark-main\config\test_data\STARE\masks\im0235.png
DCP_1024,STARE,im0236,0.45,diagnostic_test_set_scan_equal_dataset_macro_F1,"TVS = |S_GT_thin intersect M_pred| / |S_GT_thin|; S_GT_thin uses skeletonize(GT), Dlocal=2*EDT(GT), tau=max(1 px, 0.018*DOD)",121.2,auto_detected,2.1816,2506,1659,0.6620111731843575,D:\Retina\Retinal-Vessel-Segmentation-Benchmark-main\Models_output\DCP_1024\test_data\STARE\pred_masks\im0236.png,D:\Retina\Retinal-Vessel-Segmentation-Benchmark-main\config\test_data\STARE\masks\im0236.png
DCP_1024,STARE,im0239,0.45,diagnostic_test_set_scan_equal_dataset_macro_F1,"TVS = |S_GT_thin intersect M_pred| / |S_GT_thin|; S_GT_thin uses skeletonize(GT), Dlocal=2*EDT(GT), tau=max(1 px, 0.018*DOD)",125.87,auto_detected,2.26566,2969,1823,0.614011451667228,D:\Retina\Retinal-Vessel-Segmentation-Benchmark-main\Models_output\DCP_1024\test_data\STARE\pred_masks\im0239.png,D:\Retina\Retinal-Vessel-Segmentation-Benchmark-main\config\test_data\STARE\masks\im0239.png
DCP_1024,STARE,im0240,0.45,diagnostic_test_set_scan_equal_dataset_macro_F1,"TVS = |S_GT_thin intersect M_pred| / |S_GT_thin|; S_GT_thin uses skeletonize(GT), Dlocal=2*EDT(GT), tau=max(1 px, 0.018*DOD)",133.44,auto_detected,2.4019199999999996,1136,889,0.7825704225352113,D:\Retina\Retinal-Vessel-Segmentation-Benchmark-main\Models_output\DCP_1024\test_data\STARE\pred_masks\im0240.png,D:\Retina\Retinal-Vessel-Segmentation-Benchmark-main\config\test_data\STARE\masks\im0240.png
DCP_1024,STARE,im0255,0.45,diagnostic_test_set_scan_equal_dataset_macro_F1,"TVS = |S_GT_thin intersect M_pred| / |S_GT_thin|; S_GT_thin uses skeletonize(GT), Dlocal=2*EDT(GT), tau=max(1 px, 0.018*DOD)",89.18,auto_detected,1.60524,0,0,0.0,D:\Retina\Retinal-Vessel-Segmentation-Benchmark-main\Models_output\DCP_1024\test_data\STARE\pred_masks\im0255.png,D:\Retina\Retinal-Vessel-Segmentation-Benchmark-main\config\test_data\STARE\masks\im0255.png
DCP_1024,STARE,im0291,0.45,diagnostic_test_set_scan_equal_dataset_macro_F1,"TVS = |S_GT_thin intersect M_pred| / |S_GT_thin|; S_GT_thin uses skeletonize(GT), Dlocal=2*EDT(GT), tau=max(1 px, 0.018*DOD)",109.2,auto_detected,1.9655999999999998,0,0,0.0,D:\Retina\Retinal-Vessel-Segmentation-Benchmark-main\Models_output\DCP_1024\test_data\STARE\pred_masks\im0291.png,D:\Retina\Retinal-Vessel-Segmentation-Benchmark-main\config\test_data\STARE\masks\im0291.png
DCP_1024,STARE,im0319,0.45,diagnostic_test_set_scan_equal_dataset_macro_F1,"TVS = |S_GT_thin intersect M_pred| / |S_GT_thin|; S_GT_thin uses skeletonize(GT), Dlocal=2*EDT(GT), tau=max(1 px, 0.018*DOD)",125.2,auto_detected,2.2536,1459,897,0.6148046607265251,D:\Retina\Retinal-Vessel-Segmentation-Benchmark-main\Models_output\DCP_1024\test_data\STARE\pred_masks\im0319.png,D:\Retina\Retinal-Vessel-Segmentation-Benchmark-main\config\test_data\STARE\masks\im0319.png
DCP_1024,STARE,im0324,0.45,diagnostic_test_set_scan_equal_dataset_macro_F1,"TVS = |S_GT_thin intersect M_pred| / |S_GT_thin|; S_GT_thin uses skeletonize(GT), Dlocal=2*EDT(GT), tau=max(1 px, 0.018*DOD)",138.12,auto_detected,2.48616,1101,695,0.631244323342416,D:\Retina\Retinal-Vessel-Segmentation-Benchmark-main\Models_output\DCP_1024\test_data\STARE\pred_masks\im0324.png,D:\Retina\Retinal-Vessel-Segmentation-Benchmark-main\config\test_data\STARE\masks\im0324.png
FRUnet,AFIO,IM000001,0.5,diagnostic_test_set_scan_equal_dataset_macro_F1,"TVS = |S_GT_thin intersect M_pred| / |S_GT_thin|; S_GT_thin uses skeletonize(GT), Dlocal=2*EDT(GT), tau=max(1 px, 0.018*DOD)",119.7,auto_detected,2.1546,49,19,0.3877551020408163,D:\Retina\Retinal-Vessel-Segmentation-Benchmark-main\Models_output\FRUnet\test_data\AFIO\pred_masks\IM000001.png,D:\Retina\Retinal-Vessel-Segmentation-Benchmark-main\config\test_data\AFIO\masks\IM000001.png
FRUnet,AFIO,IM000004,0.5,diagnostic_test_set_scan_equal_dataset_macro_F1,"TVS = |S_GT_thin intersect M_pred| / |S_GT_thin|; S_GT_thin uses skeletonize(GT), Dlocal=2*EDT(GT), tau=max(1 px, 0.018*DOD)",124.56,auto_detected,2.24208,233,71,0.30472103004291845,D:\Retina\Retinal-Vessel-Segmentation-Benchmark-main\Models_output\FRUnet\test_data\AFIO\pred_masks\IM000004.png,D:\Retina\Retinal-Vessel-Segmentation-Benchmark-main\config\test_data\AFIO\masks\IM000004.png
FRUnet,AFIO,IM000023,0.5,diagnostic_test_set_scan_equal_dataset_macro_F1,"TVS = |S_GT_thin intersect M_pred| / |S_GT_thin|; S_GT_thin uses skeletonize(GT), Dlocal=2*EDT(GT), tau=max(1 px, 0.018*DOD)",128.0,auto_detected,2.304,189,56,0.2962962962962963,D:\Retina\Retinal-Vessel-Segmentation-Benchmark-main\Models_output\FRUnet\test_data\AFIO\pred_masks\IM000023.png,D:\Retina\Retinal-Vessel-Segmentation-Benchmark-main\config\test_data\AFIO\masks\IM000023.png
FRUnet,AFIO,IM000024,0.5,diagnostic_test_set_scan_equal_dataset_macro_F1,"TVS = |S_GT_thin intersect M_pred| / |S_GT_thin|; S_GT_thin uses skeletonize(GT), Dlocal=2*EDT(GT), tau=max(1 px, 0.018*DOD)",135.87,auto_detected,2.4456599999999997,225,56,0.24888888888888888,D:\Retina\Retinal-Vessel-Segmentation-Benchmark-main\Models_output\FRUnet\test_data\AFIO\pred_masks\IM000024.png,D:\Retina\Retinal-Vessel-Segmentation-Benchmark-main\config\test_data\AFIO\masks\IM000024.png
FRUnet,AFIO,IM000135,0.5,diagnostic_test_set_scan_equal_dataset_macro_F1,"TVS = |S_GT_thin intersect M_pred| / |S_GT_thin|; S_GT_thin uses skeletonize(GT), Dlocal=2*EDT(GT), tau=max(1 px, 0.018*DOD)",150.24,auto_detected,2.70432,598,104,0.17391304347826086,D:\Retina\Retinal-Vessel-Segmentation-Benchmark-main\Models_output\FRUnet\test_data\AFIO\pred_masks\IM000135.png,D:\Retina\Retinal-Vessel-Segmentation-Benchmark-main\config\test_data\AFIO\masks\IM000135.png
FRUnet,AFIO,IM000136,0.5,diagnostic_test_set_scan_equal_dataset_macro_F1,"TVS = |S_GT_thin intersect M_pred| / |S_GT_thin|; S_GT_thin uses skeletonize(GT), Dlocal=2*EDT(GT), tau=max(1 px, 0.018*DOD)",141.64,auto_detected,2.5495199999999993,26,10,0.38461538461538464,D:\Retina\Retinal-Vessel-Segmentation-Benchmark-main\Models_output\FRUnet\test_data\AFIO\pred_masks\IM000136.png,D:\Retina\Retinal-Vessel-Segmentation-Benchmark-main\config\test_data\AFIO\masks\IM000136.png
FRUnet,AFIO,IM000167,0.5,diagnostic_test_set_scan_equal_dataset_macro_F1,"TVS = |S_GT_thin intersect M_pred| / |S_GT_thin|; S_GT_thin uses skeletonize(GT), Dlocal=2*EDT(GT), tau=max(1 px, 0.018*DOD)",121.13,auto_detected,2.1803399999999997,31,15,0.4838709677419355,D:\Retina\Retinal-Vessel-Segmentation-Benchmark-main\Models_output\FRUnet\test_data\AFIO\pred_masks\IM000167.png,D:\Retina\Retinal-Vessel-Segmentation-Benchmark-main\config\test_data\AFIO\masks\IM000167.png
FRUnet,AFIO,IM000168,0.5,diagnostic_test_set_scan_equal_dataset_macro_F1,"TVS = |S_GT_thin intersect M_pred| / |S_GT_thin|; S_GT_thin uses skeletonize(GT), Dlocal=2*EDT(GT), tau=max(1 px, 0.018*DOD)",139.57,auto_detected,2.5122599999999995,184,29,0.15760869565217392,D:\Retina\Retinal-Vessel-Segmentation-Benchmark-main\Models_output\FRUnet\test_data\AFIO\pred_masks\IM000168.png,D:\Retina\Retinal-Vessel-Segmentation-Benchmark-main\config\test_data\AFIO\masks\IM000168.png
FRUnet,AFIO,IM000189,0.5,diagnostic_test_set_scan_equal_dataset_macro_F1,"TVS = |S_GT_thin intersect M_pred| / |S_GT_thin|; S_GT_thin uses skeletonize(GT), Dlocal=2*EDT(GT), tau=max(1 px, 0.018*DOD)",149.53,auto_detected,2.69154,148,52,0.35135135135135137,D:\Retina\Retinal-Vessel-Segmentation-Benchmark-main\Models_output\FRUnet\test_data\AFIO\pred_masks\IM000189.png,D:\Retina\Retinal-Vessel-Segmentation-Benchmark-main\config\test_data\AFIO\masks\IM000189.png
FRUnet,AFIO,IM000209,0.5,diagnostic_test_set_scan_equal_dataset_macro_F1,"TVS = |S_GT_thin intersect M_pred| / |S_GT_thin|; S_GT_thin uses skeletonize(GT), Dlocal=2*EDT(GT), tau=max(1 px, 0.018*DOD)",140.0,auto_detected,2.52,74,15,0.20270270270270271,D:\Retina\Retinal-Vessel-Segmentation-Benchmark-main\Models_output\FRUnet\test_data\AFIO\pred_masks\IM000209.png,D:\Retina\Retinal-Vessel-Segmentation-Benchmark-main\config\test_data\AFIO\masks\IM000209.png
FRUnet,AFIO,IM000210,0.5,diagnostic_test_set_scan_equal_dataset_macro_F1,"TVS = |S_GT_thin intersect M_pred| / |S_GT_thin|; S_GT_thin uses skeletonize(GT), Dlocal=2*EDT(GT), tau=max(1 px, 0.018*DOD)",164.3,auto_detected,2.9574,922,208,0.22559652928416485,D:\Retina\Retinal-Vessel-Segmentation-Benchmark-main\Models_output\FRUnet\test_data\AFIO\pred_masks\IM000210.png,D:\Retina\Retinal-Vessel-Segmentation-Benchmark-main\config\test_data\AFIO\masks\IM000210.png
FRUnet,AFIO,IM000333,0.5,diagnostic_test_set_scan_equal_dataset_macro_F1,"TVS = |S_GT_thin intersect M_pred| / |S_GT_thin|; S_GT_thin uses skeletonize(GT), Dlocal=2*EDT(GT), tau=max(1 px, 0.018*DOD)",134.96,auto_detected,2.42928,41,22,0.5365853658536586,D:\Retina\Retinal-Vessel-Segmentation-Benchmark-main\Models_output\FRUnet\test_data\AFIO\pred_masks\IM000333.png,D:\Retina\Retinal-Vessel-Segmentation-Benchmark-main\config\test_data\AFIO\masks\IM000333.png
FRUnet,AFIO,IM000389,0.5,diagnostic_test_set_scan_equal_dataset_macro_F1,"TVS = |S_GT_thin intersect M_pred| / |S_GT_thin|; S_GT_thin uses skeletonize(GT), Dlocal=2*EDT(GT), tau=max(1 px, 0.018*DOD)",137.55,auto_detected,2.4759,43,2,0.046511627906976744,D:\Retina\Retinal-Vessel-Segmentation-Benchmark-main\Models_output\FRUnet\test_data\AFIO\pred_masks\IM000389.png,D:\Retina\Retinal-Vessel-Segmentation-Benchmark-main\config\test_data\AFIO\masks\IM000389.png
FRUnet,AFIO,IM000390,0.5,diagnostic_test_set_scan_equal_dataset_macro_F1,"TVS = |S_GT_thin intersect M_pred| / |S_GT_thin|; S_GT_thin uses skeletonize(GT), Dlocal=2*EDT(GT), tau=max(1 px, 0.018*DOD)",138.93,auto_detected,2.50074,34,14,0.4117647058823529,D:\Retina\Retinal-Vessel-Segmentation-Benchmark-main\Models_output\FRUnet\test_data\AFIO\pred_masks\IM000390.png,D:\Retina\Retinal-Vessel-Segmentation-Benchmark-main\config\test_data\AFIO\masks\IM000390.png
FRUnet,AFIO,IM000678,0.5,diagnostic_test_set_scan_equal_dataset_macro_F1,"TVS = |S_GT_thin intersect M_pred| / |S_GT_thin|; S_GT_thin uses skeletonize(GT), Dlocal=2*EDT(GT), tau=max(1 px, 0.018*DOD)",148.0,auto_detected,2.6639999999999997,92,51,0.5543478260869565,D:\Retina\Retinal-Vessel-Segmentation-Benchmark-main\Models_output\FRUnet\test_data\AFIO\pred_masks\IM000678.png,D:\Retina\Retinal-Vessel-Segmentation-Benchmark-main\config\test_data\AFIO\masks\IM000678.png
FRUnet,AFIO,IM000679,0.5,diagnostic_test_set_scan_equal_dataset_macro_F1,"TVS = |S_GT_thin intersect M_pred| / |S_GT_thin|; S_GT_thin uses skeletonize(GT), Dlocal=2*EDT(GT), tau=max(1 px, 0.018*DOD)",148.0,annotation_csv,2.6639999999999997,55,22,0.4,D:\Retina\Retinal-Vessel-Segmentation-Benchmark-main\Models_output\FRUnet\test_data\AFIO\pred_masks\IM000679.png,D:\Retina\Retinal-Vessel-Segmentation-Benchmark-main\config\test_data\AFIO\masks\IM000679.png
FRUnet,AFIO,IM000715,0.5,diagnostic_test_set_scan_equal_dataset_macro_F1,"TVS = |S_GT_thin intersect M_pred| / |S_GT_thin|; S_GT_thin uses skeletonize(GT), Dlocal=2*EDT(GT), tau=max(1 px, 0.018*DOD)",159.12,auto_detected,2.86416,556,382,0.6870503597122302,D:\Retina\Retinal-Vessel-Segmentation-Benchmark-main\Models_output\FRUnet\test_data\AFIO\pred_masks\IM000715.png,D:\Retina\Retinal-Vessel-Segmentation-Benchmark-main\config\test_data\AFIO\masks\IM000715.png
FRUnet,AFIO,IM000716,0.5,diagnostic_test_set_scan_equal_dataset_macro_F1,"TVS = |S_GT_thin intersect M_pred| / |S_GT_thin|; S_GT_thin uses skeletonize(GT), Dlocal=2*EDT(GT), tau=max(1 px, 0.018*DOD)",161.11,auto_detected,2.8999800000000002,1574,738,0.46886912325285895,D:\Retina\Retinal-Vessel-Segmentation-Benchmark-main\Models_output\FRUnet\test_data\AFIO\pred_masks\IM000716.png,D:\Retina\Retinal-Vessel-Segmentation-Benchmark-main\config\test_data\AFIO\masks\IM000716.png
FRUnet,AFIO,IM000938,0.5,diagnostic_test_set_scan_equal_dataset_macro_F1,"TVS = |S_GT_thin intersect M_pred| / |S_GT_thin|; S_GT_thin uses skeletonize(GT), Dlocal=2*EDT(GT), tau=max(1 px, 0.018*DOD)",150.69,auto_detected,2.71242,46,15,0.32608695652173914,D:\Retina\Retinal-Vessel-Segmentation-Benchmark-main\Models_output\FRUnet\test_data\AFIO\pred_masks\IM000938.png,D:\Retina\Retinal-Vessel-Segmentation-Benchmark-main\config\test_data\AFIO\masks\IM000938.png
FRUnet,AFIO,IM001031,0.5,diagnostic_test_set_scan_equal_dataset_macro_F1,"TVS = |S_GT_thin intersect M_pred| / |S_GT_thin|; S_GT_thin uses skeletonize(GT), Dlocal=2*EDT(GT), tau=max(1 px, 0.018*DOD)",135.38,auto_detected,2.4368399999999997,55,9,0.16363636363636364,D:\Retina\Retinal-Vessel-Segmentation-Benchmark-main\Models_output\FRUnet\test_data\AFIO\pred_masks\IM001031.png,D:\Retina\Retinal-Vessel-Segmentation-Benchmark-main\config\test_data\AFIO\masks\IM001031.png
FRUnet,AFIO,IM001032,0.5,diagnostic_test_set_scan_equal_dataset_macro_F1,"TVS = |S_GT_thin intersect M_pred| / |S_GT_thin|; S_GT_thin uses skeletonize(GT), Dlocal=2*EDT(GT), tau=max(1 px, 0.018*DOD)",135.38,auto_detected,2.4368399999999997,55,9,0.16363636363636364,D:\Retina\Retinal-Vessel-Segmentation-Benchmark-main\Models_output\FRUnet\test_data\AFIO\pred_masks\IM001032.png,D:\Retina\Retinal-Vessel-Segmentation-Benchmark-main\config\test_data\AFIO\masks\IM001032.png
FRUnet,AFIO,IM001034,0.5,diagnostic_test_set_scan_equal_dataset_macro_F1,"TVS = |S_GT_thin intersect M_pred| / |S_GT_thin|; S_GT_thin uses skeletonize(GT), Dlocal=2*EDT(GT), tau=max(1 px, 0.018*DOD)",145.08,auto_detected,2.61144,8,4,0.5,D:\Retina\Retinal-Vessel-Segmentation-Benchmark-main\Models_output\FRUnet\test_data\AFIO\pred_masks\IM001034.png,D:\Retina\Retinal-Vessel-Segmentation-Benchmark-main\config\test_data\AFIO\masks\IM001034.png
FRUnet,AFIO,IM001069,0.5,diagnostic_test_set_scan_equal_dataset_macro_F1,"TVS = |S_GT_thin intersect M_pred| / |S_GT_thin|; S_GT_thin uses skeletonize(GT), Dlocal=2*EDT(GT), tau=max(1 px, 0.018*DOD)",157.83,auto_detected,2.84094,38,12,0.3157894736842105,D:\Retina\Retinal-Vessel-Segmentation-Benchmark-main\Models_output\FRUnet\test_data\AFIO\pred_masks\IM001069.png,D:\Retina\Retinal-Vessel-Segmentation-Benchmark-main\config\test_data\AFIO\masks\IM001069.png
FRUnet,AFIO,IM001070,0.5,diagnostic_test_set_scan_equal_dataset_macro_F1,"TVS = |S_GT_thin intersect M_pred| / |S_GT_thin|; S_GT_thin uses skeletonize(GT), Dlocal=2*EDT(GT), tau=max(1 px, 0.018*DOD)",164.62,auto_detected,2.96316,460,50,0.10869565217391304,D:\Retina\Retinal-Vessel-Segmentation-Benchmark-main\Models_output\FRUnet\test_data\AFIO\pred_masks\IM001070.png,D:\Retina\Retinal-Vessel-Segmentation-Benchmark-main\config\test_data\AFIO\masks\IM001070.png
FRUnet,AFIO,IM001096,0.5,diagnostic_test_set_scan_equal_dataset_macro_F1,"TVS = |S_GT_thin intersect M_pred| / |S_GT_thin|; S_GT_thin uses skeletonize(GT), Dlocal=2*EDT(GT), tau=max(1 px, 0.018*DOD)",158.59,auto_detected,2.8546199999999997,380,38,0.1,D:\Retina\Retinal-Vessel-Segmentation-Benchmark-main\Models_output\FRUnet\test_data\AFIO\pred_masks\IM001096.png,D:\Retina\Retinal-Vessel-Segmentation-Benchmark-main\config\test_data\AFIO\masks\IM001096.png
FRUnet,AFIO,IM001097,0.5,diagnostic_test_set_scan_equal_dataset_macro_F1,"TVS = |S_GT_thin intersect M_pred| / |S_GT_thin|; S_GT_thin uses skeletonize(GT), Dlocal=2*EDT(GT), tau=max(1 px, 0.018*DOD)",164.41,auto_detected,2.95938,39,24,0.6153846153846154,D:\Retina\Retinal-Vessel-Segmentation-Benchmark-main\Models_output\FRUnet\test_data\AFIO\pred_masks\IM001097.png,D:\Retina\Retinal-Vessel-Segmentation-Benchmark-main\config\test_data\AFIO\masks\IM001097.png
FRUnet,AFIO,IM001126,0.5,diagnostic_test_set_scan_equal_dataset_macro_F1,"TVS = |S_GT_thin intersect M_pred| / |S_GT_thin|; S_GT_thin uses skeletonize(GT), Dlocal=2*EDT(GT), tau=max(1 px, 0.018*DOD)",161.79,auto_detected,2.9122199999999996,102,38,0.37254901960784315,D:\Retina\Retinal-Vessel-Segmentation-Benchmark-main\Models_output\FRUnet\test_data\AFIO\pred_masks\IM001126.png,D:\Retina\Retinal-Vessel-Segmentation-Benchmark-main\config\test_data\AFIO\masks\IM001126.png
FRUnet,AFIO,IM001127,0.5,diagnostic_test_set_scan_equal_dataset_macro_F1,"TVS = |S_GT_thin intersect M_pred| / |S_GT_thin|; S_GT_thin uses skeletonize(GT), Dlocal=2*EDT(GT), tau=max(1 px, 0.018*DOD)",138.39,auto_detected,2.4910199999999993,20,0,0.0,D:\Retina\Retinal-Vessel-Segmentation-Benchmark-main\Models_output\FRUnet\test_data\AFIO\pred_masks\IM001127.png,D:\Retina\Retinal-Vessel-Segmentation-Benchmark-main\config\test_data\AFIO\masks\IM001127.png
FRUnet,AFIO,IM001154,0.5,diagnostic_test_set_scan_equal_dataset_macro_F1,"TVS = |S_GT_thin intersect M_pred| / |S_GT_thin|; S_GT_thin uses skeletonize(GT), Dlocal=2*EDT(GT), tau=max(1 px, 0.018*DOD)",140.28,auto_detected,2.5250399999999997,158,35,0.22151898734177214,D:\Retina\Retinal-Vessel-Segmentation-Benchmark-main\Models_output\FRUnet\test_data\AFIO\pred_masks\IM001154.png,D:\Retina\Retinal-Vessel-Segmentation-Benchmark-main\config\test_data\AFIO\masks\IM001154.png
FRUnet,AFIO,IM001155,0.5,diagnostic_test_set_scan_equal_dataset_macro_F1,"TVS = |S_GT_thin intersect M_pred| / |S_GT_thin|; S_GT_thin uses skeletonize(GT), Dlocal=2*EDT(GT), tau=max(1 px, 0.018*DOD)",147.34,auto_detected,2.65212,37,12,0.32432432432432434,D:\Retina\Retinal-Vessel-Segmentation-Benchmark-main\Models_output\FRUnet\test_data\AFIO\pred_masks\IM001155.png,D:\Retina\Retinal-Vessel-Segmentation-Benchmark-main\config\test_data\AFIO\masks\IM001155.png
FRUnet,AFIO,IM001192,0.5,diagnostic_test_set_scan_equal_dataset_macro_F1,"TVS = |S_GT_thin intersect M_pred| / |S_GT_thin|; S_GT_thin uses skeletonize(GT), Dlocal=2*EDT(GT), tau=max(1 px, 0.018*DOD)",172.78,auto_detected,3.1100399999999997,99,43,0.43434343434343436,D:\Retina\Retinal-Vessel-Segmentation-Benchmark-main\Models_output\FRUnet\test_data\AFIO\pred_masks\IM001192.png,D:\Retina\Retinal-Vessel-Segmentation-Benchmark-main\config\test_data\AFIO\masks\IM001192.png
FRUnet,AFIO,IM001193,0.5,diagnostic_test_set_scan_equal_dataset_macro_F1,"TVS = |S_GT_thin intersect M_pred| / |S_GT_thin|; S_GT_thin uses skeletonize(GT), Dlocal=2*EDT(GT), tau=max(1 px, 0.018*DOD)",159.65,auto_detected,2.8737,1412,112,0.07932011331444759,D:\Retina\Retinal-Vessel-Segmentation-Benchmark-main\Models_output\FRUnet\test_data\AFIO\pred_masks\IM001193.png,D:\Retina\Retinal-Vessel-Segmentation-Benchmark-main\config\test_data\AFIO\masks\IM001193.png
FRUnet,AFIO,IM001218,0.5,diagnostic_test_set_scan_equal_dataset_macro_F1,"TVS = |S_GT_thin intersect M_pred| / |S_GT_thin|; S_GT_thin uses skeletonize(GT), Dlocal=2*EDT(GT), tau=max(1 px, 0.018*DOD)",138.68,auto_detected,2.49624,173,62,0.3583815028901734,D:\Retina\Retinal-Vessel-Segmentation-Benchmark-main\Models_output\FRUnet\test_data\AFIO\pred_masks\IM001218.png,D:\Retina\Retinal-Vessel-Segmentation-Benchmark-main\config\test_data\AFIO\masks\IM001218.png
FRUnet,AFIO,IM001219,0.5,diagnostic_test_set_scan_equal_dataset_macro_F1,"TVS = |S_GT_thin intersect M_pred| / |S_GT_thin|; S_GT_thin uses skeletonize(GT), Dlocal=2*EDT(GT), tau=max(1 px, 0.018*DOD)",142.62,auto_detected,2.56716,53,24,0.4528301886792453,D:\Retina\Retinal-Vessel-Segmentation-Benchmark-main\Models_output\FRUnet\test_data\AFIO\pred_masks\IM001219.png,D:\Retina\Retinal-Vessel-Segmentation-Benchmark-main\config\test_data\AFIO\masks\IM001219.png
FRUnet,AFIO,IM001246,0.5,diagnostic_test_set_scan_equal_dataset_macro_F1,"TVS = |S_GT_thin intersect M_pred| / |S_GT_thin|; S_GT_thin uses skeletonize(GT), Dlocal=2*EDT(GT), tau=max(1 px, 0.018*DOD)",124.34,auto_detected,2.23812,50,25,0.5,D:\Retina\Retinal-Vessel-Segmentation-Benchmark-main\Models_output\FRUnet\test_data\AFIO\pred_masks\IM001246.png,D:\Retina\Retinal-Vessel-Segmentation-Benchmark-main\config\test_data\AFIO\masks\IM001246.png
FRUnet,AFIO,IM001686,0.5,diagnostic_test_set_scan_equal_dataset_macro_F1,"TVS = |S_GT_thin intersect M_pred| / |S_GT_thin|; S_GT_thin uses skeletonize(GT), Dlocal=2*EDT(GT), tau=max(1 px, 0.018*DOD)",129.59,auto_detected,2.33262,5,4,0.8,D:\Retina\Retinal-Vessel-Segmentation-Benchmark-main\Models_output\FRUnet\test_data\AFIO\pred_masks\IM001686.png,D:\Retina\Retinal-Vessel-Segmentation-Benchmark-main\config\test_data\AFIO\masks\IM001686.png
FRUnet,AFIO,IM001749,0.5,diagnostic_test_set_scan_equal_dataset_macro_F1,"TVS = |S_GT_thin intersect M_pred| / |S_GT_thin|; S_GT_thin uses skeletonize(GT), Dlocal=2*EDT(GT), tau=max(1 px, 0.018*DOD)",143.19,auto_detected,2.5774199999999996,100,36,0.36,D:\Retina\Retinal-Vessel-Segmentation-Benchmark-main\Models_output\FRUnet\test_data\AFIO\pred_masks\IM001749.png,D:\Retina\Retinal-Vessel-Segmentation-Benchmark-main\config\test_data\AFIO\masks\IM001749.png
FRUnet,AFIO,IM001750,0.5,diagnostic_test_set_scan_equal_dataset_macro_F1,"TVS = |S_GT_thin intersect M_pred| / |S_GT_thin|; S_GT_thin uses skeletonize(GT), Dlocal=2*EDT(GT), tau=max(1 px, 0.018*DOD)",141.86,auto_detected,2.55348,50,25,0.5,D:\Retina\Retinal-Vessel-Segmentation-Benchmark-main\Models_output\FRUnet\test_data\AFIO\pred_masks\IM001750.png,D:\Retina\Retinal-Vessel-Segmentation-Benchmark-main\config\test_data\AFIO\masks\IM001750.png
FRUnet,AFIO,IM001791,0.5,diagnostic_test_set_scan_equal_dataset_macro_F1,"TVS = |S_GT_thin intersect M_pred| / |S_GT_thin|; S_GT_thin uses skeletonize(GT), Dlocal=2*EDT(GT), tau=max(1 px, 0.018*DOD)",125.81,auto_detected,2.26458,65,46,0.7076923076923077,D:\Retina\Retinal-Vessel-Segmentation-Benchmark-main\Models_output\FRUnet\test_data\AFIO\pred_masks\IM001791.png,D:\Retina\Retinal-Vessel-Segmentation-Benchmark-main\config\test_data\AFIO\masks\IM001791.png
FRUnet,AFIO,IM001792,0.5,diagnostic_test_set_scan_equal_dataset_macro_F1,"TVS = |S_GT_thin intersect M_pred| / |S_GT_thin|; S_GT_thin uses skeletonize(GT), Dlocal=2*EDT(GT), tau=max(1 px, 0.018*DOD)",143.34,auto_detected,2.58012,165,32,0.19393939393939394,D:\Retina\Retinal-Vessel-Segmentation-Benchmark-main\Models_output\FRUnet\test_data\AFIO\pred_masks\IM001792.png,D:\Retina\Retinal-Vessel-Segmentation-Benchmark-main\config\test_data\AFIO\masks\IM001792.png
FRUnet,AFIO,IM001814,0.5,diagnostic_test_set_scan_equal_dataset_macro_F1,"TVS = |S_GT_thin intersect M_pred| / |S_GT_thin|; S_GT_thin uses skeletonize(GT), Dlocal=2*EDT(GT), tau=max(1 px, 0.018*DOD)",166.34,annotation_csv,2.9941199999999997,673,227,0.337295690936107,D:\Retina\Retinal-Vessel-Segmentation-Benchmark-main\Models_output\FRUnet\test_data\AFIO\pred_masks\IM001814.png,D:\Retina\Retinal-Vessel-Segmentation-Benchmark-main\config\test_data\AFIO\masks\IM001814.png
FRUnet,AFIO,IM001858,0.5,diagnostic_test_set_scan_equal_dataset_macro_F1,"TVS = |S_GT_thin intersect M_pred| / |S_GT_thin|; S_GT_thin uses skeletonize(GT), Dlocal=2*EDT(GT), tau=max(1 px, 0.018*DOD)",158.83,auto_detected,2.85894,1437,284,0.19763395963813501,D:\Retina\Retinal-Vessel-Segmentation-Benchmark-main\Models_output\FRUnet\test_data\AFIO\pred_masks\IM001858.png,D:\Retina\Retinal-Vessel-Segmentation-Benchmark-main\config\test_data\AFIO\masks\IM001858.png
FRUnet,AFIO,IM001859,0.5,diagnostic_test_set_scan_equal_dataset_macro_F1,"TVS = |S_GT_thin intersect M_pred| / |S_GT_thin|; S_GT_thin uses skeletonize(GT), Dlocal=2*EDT(GT), tau=max(1 px, 0.018*DOD)",151.65,auto_detected,2.7297,166,64,0.3855421686746988,D:\Retina\Retinal-Vessel-Segmentation-Benchmark-main\Models_output\FRUnet\test_data\AFIO\pred_masks\IM001859.png,D:\Retina\Retinal-Vessel-Segmentation-Benchmark-main\config\test_data\AFIO\masks\IM001859.png
FRUnet,AFIO,IM002094,0.5,diagnostic_test_set_scan_equal_dataset_macro_F1,"TVS = |S_GT_thin intersect M_pred| / |S_GT_thin|; S_GT_thin uses skeletonize(GT), Dlocal=2*EDT(GT), tau=max(1 px, 0.018*DOD)",156.0,auto_detected,2.808,14,12,0.8571428571428571,D:\Retina\Retinal-Vessel-Segmentation-Benchmark-main\Models_output\FRUnet\test_data\AFIO\pred_masks\IM002094.png,D:\Retina\Retinal-Vessel-Segmentation-Benchmark-main\config\test_data\AFIO\masks\IM002094.png
FRUnet,AFIO,IM002348,0.5,diagnostic_test_set_scan_equal_dataset_macro_F1,"TVS = |S_GT_thin intersect M_pred| / |S_GT_thin|; S_GT_thin uses skeletonize(GT), Dlocal=2*EDT(GT), tau=max(1 px, 0.018*DOD)",140.45,auto_detected,2.5281,16,7,0.4375,D:\Retina\Retinal-Vessel-Segmentation-Benchmark-main\Models_output\FRUnet\test_data\AFIO\pred_masks\IM002348.png,D:\Retina\Retinal-Vessel-Segmentation-Benchmark-main\config\test_data\AFIO\masks\IM002348.png
FRUnet,AFIO,IM002350,0.5,diagnostic_test_set_scan_equal_dataset_macro_F1,"TVS = |S_GT_thin intersect M_pred| / |S_GT_thin|; S_GT_thin uses skeletonize(GT), Dlocal=2*EDT(GT), tau=max(1 px, 0.018*DOD)",144.92,auto_detected,2.6085599999999998,88,12,0.13636363636363635,D:\Retina\Retinal-Vessel-Segmentation-Benchmark-main\Models_output\FRUnet\test_data\AFIO\pred_masks\IM002350.png,D:\Retina\Retinal-Vessel-Segmentation-Benchmark-main\config\test_data\AFIO\masks\IM002350.png
FRUnet,AFIO,IM002421,0.5,diagnostic_test_set_scan_equal_dataset_macro_F1,"TVS = |S_GT_thin intersect M_pred| / |S_GT_thin|; S_GT_thin uses skeletonize(GT), Dlocal=2*EDT(GT), tau=max(1 px, 0.018*DOD)",141.35,auto_detected,2.5443,45,25,0.5555555555555556,D:\Retina\Retinal-Vessel-Segmentation-Benchmark-main\Models_output\FRUnet\test_data\AFIO\pred_masks\IM002421.png,D:\Retina\Retinal-Vessel-Segmentation-Benchmark-main\config\test_data\AFIO\masks\IM002421.png
FRUnet,AFIO,IM002422,0.5,diagnostic_test_set_scan_equal_dataset_macro_F1,"TVS = |S_GT_thin intersect M_pred| / |S_GT_thin|; S_GT_thin uses skeletonize(GT), Dlocal=2*EDT(GT), tau=max(1 px, 0.018*DOD)",133.68,auto_detected,2.40624,49,34,0.6938775510204082,D:\Retina\Retinal-Vessel-Segmentation-Benchmark-main\Models_output\FRUnet\test_data\AFIO\pred_masks\IM002422.png,D:\Retina\Retinal-Vessel-Segmentation-Benchmark-main\config\test_data\AFIO\masks\IM002422.png
FRUnet,AFIO,IM002471,0.5,diagnostic_test_set_scan_equal_dataset_macro_F1,"TVS = |S_GT_thin intersect M_pred| / |S_GT_thin|; S_GT_thin uses skeletonize(GT), Dlocal=2*EDT(GT), tau=max(1 px, 0.018*DOD)",142.27,auto_detected,2.56086,10,5,0.5,D:\Retina\Retinal-Vessel-Segmentation-Benchmark-main\Models_output\FRUnet\test_data\AFIO\pred_masks\IM002471.png,D:\Retina\Retinal-Vessel-Segmentation-Benchmark-main\config\test_data\AFIO\masks\IM002471.png
FRUnet,AFIO,IM002587,0.5,diagnostic_test_set_scan_equal_dataset_macro_F1,"TVS = |S_GT_thin intersect M_pred| / |S_GT_thin|; S_GT_thin uses skeletonize(GT), Dlocal=2*EDT(GT), tau=max(1 px, 0.018*DOD)",149.54,auto_detected,2.6917199999999997,83,29,0.3493975903614458,D:\Retina\Retinal-Vessel-Segmentation-Benchmark-main\Models_output\FRUnet\test_data\AFIO\pred_masks\IM002587.png,D:\Retina\Retinal-Vessel-Segmentation-Benchmark-main\config\test_data\AFIO\masks\IM002587.png
FRUnet,AFIO,IM002649,0.5,diagnostic_test_set_scan_equal_dataset_macro_F1,"TVS = |S_GT_thin intersect M_pred| / |S_GT_thin|; S_GT_thin uses skeletonize(GT), Dlocal=2*EDT(GT), tau=max(1 px, 0.018*DOD)",151.98,auto_detected,2.7356399999999996,78,61,0.782051282051282,D:\Retina\Retinal-Vessel-Segmentation-Benchmark-main\Models_output\FRUnet\test_data\AFIO\pred_masks\IM002649.png,D:\Retina\Retinal-Vessel-Segmentation-Benchmark-main\config\test_data\AFIO\masks\IM002649.png
FRUnet,AFIO,IM002742,0.5,diagnostic_test_set_scan_equal_dataset_macro_F1,"TVS = |S_GT_thin intersect M_pred| / |S_GT_thin|; S_GT_thin uses skeletonize(GT), Dlocal=2*EDT(GT), tau=max(1 px, 0.018*DOD)",140.97,auto_detected,2.53746,6,4,0.6666666666666666,D:\Retina\Retinal-Vessel-Segmentation-Benchmark-main\Models_output\FRUnet\test_data\AFIO\pred_masks\IM002742.png,D:\Retina\Retinal-Vessel-Segmentation-Benchmark-main\config\test_data\AFIO\masks\IM002742.png
FRUnet,AFIO,IM002743,0.5,diagnostic_test_set_scan_equal_dataset_macro_F1,"TVS = |S_GT_thin intersect M_pred| / |S_GT_thin|; S_GT_thin uses skeletonize(GT), Dlocal=2*EDT(GT), tau=max(1 px, 0.018*DOD)",134.0,auto_detected,2.412,24,18,0.75,D:\Retina\Retinal-Vessel-Segmentation-Benchmark-main\Models_output\FRUnet\test_data\AFIO\pred_masks\IM002743.png,D:\Retina\Retinal-Vessel-Segmentation-Benchmark-main\config\test_data\AFIO\masks\IM002743.png
FRUnet,AFIO,IM003024,0.5,diagnostic_test_set_scan_equal_dataset_macro_F1,"TVS = |S_GT_thin intersect M_pred| / |S_GT_thin|; S_GT_thin uses skeletonize(GT), Dlocal=2*EDT(GT), tau=max(1 px, 0.018*DOD)",136.0,auto_detected,2.448,23,10,0.43478260869565216,D:\Retina\Retinal-Vessel-Segmentation-Benchmark-main\Models_output\FRUnet\test_data\AFIO\pred_masks\IM003024.png,D:\Retina\Retinal-Vessel-Segmentation-Benchmark-main\config\test_data\AFIO\masks\IM003024.png
FRUnet,AFIO,IM003537,0.5,diagnostic_test_set_scan_equal_dataset_macro_F1,"TVS = |S_GT_thin intersect M_pred| / |S_GT_thin|; S_GT_thin uses skeletonize(GT), Dlocal=2*EDT(GT), tau=max(1 px, 0.018*DOD)",132.0,auto_detected,2.376,39,29,0.7435897435897436,D:\Retina\Retinal-Vessel-Segmentation-Benchmark-main\Models_output\FRUnet\test_data\AFIO\pred_masks\IM003537.png,D:\Retina\Retinal-Vessel-Segmentation-Benchmark-main\config\test_data\AFIO\masks\IM003537.png
FRUnet,AFIO,IM003630,0.5,diagnostic_test_set_scan_equal_dataset_macro_F1,"TVS = |S_GT_thin intersect M_pred| / |S_GT_thin|; S_GT_thin uses skeletonize(GT), Dlocal=2*EDT(GT), tau=max(1 px, 0.018*DOD)",136.0,auto_detected,2.448,36,11,0.3055555555555556,D:\Retina\Retinal-Vessel-Segmentation-Benchmark-main\Models_output\FRUnet\test_data\AFIO\pred_masks\IM003630.png,D:\Retina\Retinal-Vessel-Segmentation-Benchmark-main\config\test_data\AFIO\masks\IM003630.png
FRUnet,AFIO,IM003631,0.5,diagnostic_test_set_scan_equal_dataset_macro_F1,"TVS = |S_GT_thin intersect M_pred| / |S_GT_thin|; S_GT_thin uses skeletonize(GT), Dlocal=2*EDT(GT), tau=max(1 px, 0.018*DOD)",142.22,auto_detected,2.55996,53,18,0.33962264150943394,D:\Retina\Retinal-Vessel-Segmentation-Benchmark-main\Models_output\FRUnet\test_data\AFIO\pred_masks\IM003631.png,D:\Retina\Retinal-Vessel-Segmentation-Benchmark-main\config\test_data\AFIO\masks\IM003631.png
FRUnet,AFIO,IM003705,0.5,diagnostic_test_set_scan_equal_dataset_macro_F1,"TVS = |S_GT_thin intersect M_pred| / |S_GT_thin|; S_GT_thin uses skeletonize(GT), Dlocal=2*EDT(GT), tau=max(1 px, 0.018*DOD)",173.07,auto_detected,3.1152599999999997,36,27,0.75,D:\Retina\Retinal-Vessel-Segmentation-Benchmark-main\Models_output\FRUnet\test_data\AFIO\pred_masks\IM003705.png,D:\Retina\Retinal-Vessel-Segmentation-Benchmark-main\config\test_data\AFIO\masks\IM003705.png
FRUnet,AFIO,IM004162,0.5,diagnostic_test_set_scan_equal_dataset_macro_F1,"TVS = |S_GT_thin intersect M_pred| / |S_GT_thin|; S_GT_thin uses skeletonize(GT), Dlocal=2*EDT(GT), tau=max(1 px, 0.018*DOD)",124.0,auto_detected,2.2319999999999998,14,7,0.5,D:\Retina\Retinal-Vessel-Segmentation-Benchmark-main\Models_output\FRUnet\test_data\AFIO\pred_masks\IM004162.png,D:\Retina\Retinal-Vessel-Segmentation-Benchmark-main\config\test_data\AFIO\masks\IM004162.png
FRUnet,AFIO,IM004163,0.5,diagnostic_test_set_scan_equal_dataset_macro_F1,"TVS = |S_GT_thin intersect M_pred| / |S_GT_thin|; S_GT_thin uses skeletonize(GT), Dlocal=2*EDT(GT), tau=max(1 px, 0.018*DOD)",140.12,auto_detected,2.52216,46,32,0.6956521739130435,D:\Retina\Retinal-Vessel-Segmentation-Benchmark-main\Models_output\FRUnet\test_data\AFIO\pred_masks\IM004163.png,D:\Retina\Retinal-Vessel-Segmentation-Benchmark-main\config\test_data\AFIO\masks\IM004163.png
FRUnet,AFIO,IM004455,0.5,diagnostic_test_set_scan_equal_dataset_macro_F1,"TVS = |S_GT_thin intersect M_pred| / |S_GT_thin|; S_GT_thin uses skeletonize(GT), Dlocal=2*EDT(GT), tau=max(1 px, 0.018*DOD)",136.0,auto_detected,2.448,20,18,0.9,D:\Retina\Retinal-Vessel-Segmentation-Benchmark-main\Models_output\FRUnet\test_data\AFIO\pred_masks\IM004455.png,D:\Retina\Retinal-Vessel-Segmentation-Benchmark-main\config\test_data\AFIO\masks\IM004455.png
FRUnet,AFIO,IM004512,0.5,diagnostic_test_set_scan_equal_dataset_macro_F1,"TVS = |S_GT_thin intersect M_pred| / |S_GT_thin|; S_GT_thin uses skeletonize(GT), Dlocal=2*EDT(GT), tau=max(1 px, 0.018*DOD)",152.53,auto_detected,2.7455399999999996,20,7,0.35,D:\Retina\Retinal-Vessel-Segmentation-Benchmark-main\Models_output\FRUnet\test_data\AFIO\pred_masks\IM004512.png,D:\Retina\Retinal-Vessel-Segmentation-Benchmark-main\config\test_data\AFIO\masks\IM004512.png
FRUnet,AFIO,IM004513,0.5,diagnostic_test_set_scan_equal_dataset_macro_F1,"TVS = |S_GT_thin intersect M_pred| / |S_GT_thin|; S_GT_thin uses skeletonize(GT), Dlocal=2*EDT(GT), tau=max(1 px, 0.018*DOD)",157.62,auto_detected,2.83716,35,16,0.45714285714285713,D:\Retina\Retinal-Vessel-Segmentation-Benchmark-main\Models_output\FRUnet\test_data\AFIO\pred_masks\IM004513.png,D:\Retina\Retinal-Vessel-Segmentation-Benchmark-main\config\test_data\AFIO\masks\IM004513.png
FRUnet,AFIO,IM004515,0.5,diagnostic_test_set_scan_equal_dataset_macro_F1,"TVS = |S_GT_thin intersect M_pred| / |S_GT_thin|; S_GT_thin uses skeletonize(GT), Dlocal=2*EDT(GT), tau=max(1 px, 0.018*DOD)",164.84,auto_detected,2.96712,22,8,0.36363636363636365,D:\Retina\Retinal-Vessel-Segmentation-Benchmark-main\Models_output\FRUnet\test_data\AFIO\pred_masks\IM004515.png,D:\Retina\Retinal-Vessel-Segmentation-Benchmark-main\config\test_data\AFIO\masks\IM004515.png
FRUnet,AFIO,IM004516,0.5,diagnostic_test_set_scan_equal_dataset_macro_F1,"TVS = |S_GT_thin intersect M_pred| / |S_GT_thin|; S_GT_thin uses skeletonize(GT), Dlocal=2*EDT(GT), tau=max(1 px, 0.018*DOD)",162.38,auto_detected,2.92284,17,2,0.11764705882352941,D:\Retina\Retinal-Vessel-Segmentation-Benchmark-main\Models_output\FRUnet\test_data\AFIO\pred_masks\IM004516.png,D:\Retina\Retinal-Vessel-Segmentation-Benchmark-main\config\test_data\AFIO\masks\IM004516.png
FRUnet,AFIO,IM004538,0.5,diagnostic_test_set_scan_equal_dataset_macro_F1,"TVS = |S_GT_thin intersect M_pred| / |S_GT_thin|; S_GT_thin uses skeletonize(GT), Dlocal=2*EDT(GT), tau=max(1 px, 0.018*DOD)",144.48,auto_detected,2.60064,29,15,0.5172413793103449,D:\Retina\Retinal-Vessel-Segmentation-Benchmark-main\Models_output\FRUnet\test_data\AFIO\pred_masks\IM004538.png,D:\Retina\Retinal-Vessel-Segmentation-Benchmark-main\config\test_data\AFIO\masks\IM004538.png
FRUnet,AFIO,IM004539,0.5,diagnostic_test_set_scan_equal_dataset_macro_F1,"TVS = |S_GT_thin intersect M_pred| / |S_GT_thin|; S_GT_thin uses skeletonize(GT), Dlocal=2*EDT(GT), tau=max(1 px, 0.018*DOD)",141.99,auto_detected,2.5558199999999998,14,9,0.6428571428571429,D:\Retina\Retinal-Vessel-Segmentation-Benchmark-main\Models_output\FRUnet\test_data\AFIO\pred_masks\IM004539.png,D:\Retina\Retinal-Vessel-Segmentation-Benchmark-main\config\test_data\AFIO\masks\IM004539.png
FRUnet,AFIO,IM004564,0.5,diagnostic_test_set_scan_equal_dataset_macro_F1,"TVS = |S_GT_thin intersect M_pred| / |S_GT_thin|; S_GT_thin uses skeletonize(GT), Dlocal=2*EDT(GT), tau=max(1 px, 0.018*DOD)",129.9,auto_detected,2.3382,27,24,0.8888888888888888,D:\Retina\Retinal-Vessel-Segmentation-Benchmark-main\Models_output\FRUnet\test_data\AFIO\pred_masks\IM004564.png,D:\Retina\Retinal-Vessel-Segmentation-Benchmark-main\config\test_data\AFIO\masks\IM004564.png
FRUnet,AFIO,IM004790,0.5,diagnostic_test_set_scan_equal_dataset_macro_F1,"TVS = |S_GT_thin intersect M_pred| / |S_GT_thin|; S_GT_thin uses skeletonize(GT), Dlocal=2*EDT(GT), tau=max(1 px, 0.018*DOD)",146.5,auto_detected,2.637,17,11,0.6470588235294118,D:\Retina\Retinal-Vessel-Segmentation-Benchmark-main\Models_output\FRUnet\test_data\AFIO\pred_masks\IM004790.png,D:\Retina\Retinal-Vessel-Segmentation-Benchmark-main\config\test_data\AFIO\masks\IM004790.png
FRUnet,AFIO,IM004993,0.5,diagnostic_test_set_scan_equal_dataset_macro_F1,"TVS = |S_GT_thin intersect M_pred| / |S_GT_thin|; S_GT_thin uses skeletonize(GT), Dlocal=2*EDT(GT), tau=max(1 px, 0.018*DOD)",139.9,auto_detected,2.5181999999999998,39,31,0.7948717948717948,D:\Retina\Retinal-Vessel-Segmentation-Benchmark-main\Models_output\FRUnet\test_data\AFIO\pred_masks\IM004993.png,D:\Retina\Retinal-Vessel-Segmentation-Benchmark-main\config\test_data\AFIO\masks\IM004993.png
FRUnet,AFIO,IM005024,0.5,diagnostic_test_set_scan_equal_dataset_macro_F1,"TVS = |S_GT_thin intersect M_pred| / |S_GT_thin|; S_GT_thin uses skeletonize(GT), Dlocal=2*EDT(GT), tau=max(1 px, 0.018*DOD)",156.88,auto_detected,2.8238399999999997,41,30,0.7317073170731707,D:\Retina\Retinal-Vessel-Segmentation-Benchmark-main\Models_output\FRUnet\test_data\AFIO\pred_masks\IM005024.png,D:\Retina\Retinal-Vessel-Segmentation-Benchmark-main\config\test_data\AFIO\masks\IM005024.png
FRUnet,AFIO,IM005025,0.5,diagnostic_test_set_scan_equal_dataset_macro_F1,"TVS = |S_GT_thin intersect M_pred| / |S_GT_thin|; S_GT_thin uses skeletonize(GT), Dlocal=2*EDT(GT), tau=max(1 px, 0.018*DOD)",150.29,auto_detected,2.7052199999999997,24,18,0.75,D:\Retina\Retinal-Vessel-Segmentation-Benchmark-main\Models_output\FRUnet\test_data\AFIO\pred_masks\IM005025.png,D:\Retina\Retinal-Vessel-Segmentation-Benchmark-main\config\test_data\AFIO\masks\IM005025.png
FRUnet,AFIO,IM005060,0.5,diagnostic_test_set_scan_equal_dataset_macro_F1,"TVS = |S_GT_thin intersect M_pred| / |S_GT_thin|; S_GT_thin uses skeletonize(GT), Dlocal=2*EDT(GT), tau=max(1 px, 0.018*DOD)",154.57,auto_detected,2.7822599999999995,32,24,0.75,D:\Retina\Retinal-Vessel-Segmentation-Benchmark-main\Models_output\FRUnet\test_data\AFIO\pred_masks\IM005060.png,D:\Retina\Retinal-Vessel-Segmentation-Benchmark-main\config\test_data\AFIO\masks\IM005060.png
FRUnet,AFIO,IM005092,0.5,diagnostic_test_set_scan_equal_dataset_macro_F1,"TVS = |S_GT_thin intersect M_pred| / |S_GT_thin|; S_GT_thin uses skeletonize(GT), Dlocal=2*EDT(GT), tau=max(1 px, 0.018*DOD)",160.35,auto_detected,2.8863,21,15,0.7142857142857143,D:\Retina\Retinal-Vessel-Segmentation-Benchmark-main\Models_output\FRUnet\test_data\AFIO\pred_masks\IM005092.png,D:\Retina\Retinal-Vessel-Segmentation-Benchmark-main\config\test_data\AFIO\masks\IM005092.png
FRUnet,AFIO,IM005093,0.5,diagnostic_test_set_scan_equal_dataset_macro_F1,"TVS = |S_GT_thin intersect M_pred| / |S_GT_thin|; S_GT_thin uses skeletonize(GT), Dlocal=2*EDT(GT), tau=max(1 px, 0.018*DOD)",150.01,auto_detected,2.7001799999999996,7,6,0.8571428571428571,D:\Retina\Retinal-Vessel-Segmentation-Benchmark-main\Models_output\FRUnet\test_data\AFIO\pred_masks\IM005093.png,D:\Retina\Retinal-Vessel-Segmentation-Benchmark-main\config\test_data\AFIO\masks\IM005093.png
FRUnet,AFIO,IM005132,0.5,diagnostic_test_set_scan_equal_dataset_macro_F1,"TVS = |S_GT_thin intersect M_pred| / |S_GT_thin|; S_GT_thin uses skeletonize(GT), Dlocal=2*EDT(GT), tau=max(1 px, 0.018*DOD)",137.87,auto_detected,2.4816599999999998,51,46,0.9019607843137255,D:\Retina\Retinal-Vessel-Segmentation-Benchmark-main\Models_output\FRUnet\test_data\AFIO\pred_masks\IM005132.png,D:\Retina\Retinal-Vessel-Segmentation-Benchmark-main\config\test_data\AFIO\masks\IM005132.png
FRUnet,AFIO,IM005133,0.5,diagnostic_test_set_scan_equal_dataset_macro_F1,"TVS = |S_GT_thin intersect M_pred| / |S_GT_thin|; S_GT_thin uses skeletonize(GT), Dlocal=2*EDT(GT), tau=max(1 px, 0.018*DOD)",145.1,auto_detected,2.6117999999999997,14,9,0.6428571428571429,D:\Retina\Retinal-Vessel-Segmentation-Benchmark-main\Models_output\FRUnet\test_data\AFIO\pred_masks\IM005133.png,D:\Retina\Retinal-Vessel-Segmentation-Benchmark-main\config\test_data\AFIO\masks\IM005133.png
FRUnet,AFIO,IM005190,0.5,diagnostic_test_set_scan_equal_dataset_macro_F1,"TVS = |S_GT_thin intersect M_pred| / |S_GT_thin|; S_GT_thin uses skeletonize(GT), Dlocal=2*EDT(GT), tau=max(1 px, 0.018*DOD)",157.31,auto_detected,2.8315799999999998,16,4,0.25,D:\Retina\Retinal-Vessel-Segmentation-Benchmark-main\Models_output\FRUnet\test_data\AFIO\pred_masks\IM005190.png,D:\Retina\Retinal-Vessel-Segmentation-Benchmark-main\config\test_data\AFIO\masks\IM005190.png
FRUnet,AFIO,IM005191,0.5,diagnostic_test_set_scan_equal_dataset_macro_F1,"TVS = |S_GT_thin intersect M_pred| / |S_GT_thin|; S_GT_thin uses skeletonize(GT), Dlocal=2*EDT(GT), tau=max(1 px, 0.018*DOD)",146.99,auto_detected,2.64582,20,12,0.6,D:\Retina\Retinal-Vessel-Segmentation-Benchmark-main\Models_output\FRUnet\test_data\AFIO\pred_masks\IM005191.png,D:\Retina\Retinal-Vessel-Segmentation-Benchmark-main\config\test_data\AFIO\masks\IM005191.png
FRUnet,AFIO,IM005249,0.5,diagnostic_test_set_scan_equal_dataset_macro_F1,"TVS = |S_GT_thin intersect M_pred| / |S_GT_thin|; S_GT_thin uses skeletonize(GT), Dlocal=2*EDT(GT), tau=max(1 px, 0.018*DOD)",154.95,auto_detected,2.7890999999999995,23,18,0.782608695652174,D:\Retina\Retinal-Vessel-Segmentation-Benchmark-main\Models_output\FRUnet\test_data\AFIO\pred_masks\IM005249.png,D:\Retina\Retinal-Vessel-Segmentation-Benchmark-main\config\test_data\AFIO\masks\IM005249.png
FRUnet,AFIO,IM005283,0.5,diagnostic_test_set_scan_equal_dataset_macro_F1,"TVS = |S_GT_thin intersect M_pred| / |S_GT_thin|; S_GT_thin uses skeletonize(GT), Dlocal=2*EDT(GT), tau=max(1 px, 0.018*DOD)",145.56,auto_detected,2.6200799999999997,12,5,0.4166666666666667,D:\Retina\Retinal-Vessel-Segmentation-Benchmark-main\Models_output\FRUnet\test_data\AFIO\pred_masks\IM005283.png,D:\Retina\Retinal-Vessel-Segmentation-Benchmark-main\config\test_data\AFIO\masks\IM005283.png
FRUnet,AFIO,IM005320,0.5,diagnostic_test_set_scan_equal_dataset_macro_F1,"TVS = |S_GT_thin intersect M_pred| / |S_GT_thin|; S_GT_thin uses skeletonize(GT), Dlocal=2*EDT(GT), tau=max(1 px, 0.018*DOD)",137.9,auto_detected,2.4821999999999997,14,10,0.7142857142857143,D:\Retina\Retinal-Vessel-Segmentation-Benchmark-main\Models_output\FRUnet\test_data\AFIO\pred_masks\IM005320.png,D:\Retina\Retinal-Vessel-Segmentation-Benchmark-main\config\test_data\AFIO\masks\IM005320.png
FRUnet,AFIO,IM005321,0.5,diagnostic_test_set_scan_equal_dataset_macro_F1,"TVS = |S_GT_thin intersect M_pred| / |S_GT_thin|; S_GT_thin uses skeletonize(GT), Dlocal=2*EDT(GT), tau=max(1 px, 0.018*DOD)",131.99,auto_detected,2.37582,8,4,0.5,D:\Retina\Retinal-Vessel-Segmentation-Benchmark-main\Models_output\FRUnet\test_data\AFIO\pred_masks\IM005321.png,D:\Retina\Retinal-Vessel-Segmentation-Benchmark-main\config\test_data\AFIO\masks\IM005321.png
FRUnet,AFIO,IM005357,0.5,diagnostic_test_set_scan_equal_dataset_macro_F1,"TVS = |S_GT_thin intersect M_pred| / |S_GT_thin|; S_GT_thin uses skeletonize(GT), Dlocal=2*EDT(GT), tau=max(1 px, 0.018*DOD)",156.0,auto_detected,2.808,24,19,0.7916666666666666,D:\Retina\Retinal-Vessel-Segmentation-Benchmark-main\Models_output\FRUnet\test_data\AFIO\pred_masks\IM005357.png,D:\Retina\Retinal-Vessel-Segmentation-Benchmark-main\config\test_data\AFIO\masks\IM005357.png
FRUnet,AFIO,IM005387,0.5,diagnostic_test_set_scan_equal_dataset_macro_F1,"TVS = |S_GT_thin intersect M_pred| / |S_GT_thin|; S_GT_thin uses skeletonize(GT), Dlocal=2*EDT(GT), tau=max(1 px, 0.018*DOD)",158.81,auto_detected,2.85858,30,18,0.6,D:\Retina\Retinal-Vessel-Segmentation-Benchmark-main\Models_output\FRUnet\test_data\AFIO\pred_masks\IM005387.png,D:\Retina\Retinal-Vessel-Segmentation-Benchmark-main\config\test_data\AFIO\masks\IM005387.png
FRUnet,AFIO,IM005456,0.5,diagnostic_test_set_scan_equal_dataset_macro_F1,"TVS = |S_GT_thin intersect M_pred| / |S_GT_thin|; S_GT_thin uses skeletonize(GT), Dlocal=2*EDT(GT), tau=max(1 px, 0.018*DOD)",157.26,auto_detected,2.8306799999999996,14,7,0.5,D:\Retina\Retinal-Vessel-Segmentation-Benchmark-main\Models_output\FRUnet\test_data\AFIO\pred_masks\IM005456.png,D:\Retina\Retinal-Vessel-Segmentation-Benchmark-main\config\test_data\AFIO\masks\IM005456.png
FRUnet,AFIO,IM005457,0.5,diagnostic_test_set_scan_equal_dataset_macro_F1,"TVS = |S_GT_thin intersect M_pred| / |S_GT_thin|; S_GT_thin uses skeletonize(GT), Dlocal=2*EDT(GT), tau=max(1 px, 0.018*DOD)",173.81,auto_detected,3.12858,17,16,0.9411764705882353,D:\Retina\Retinal-Vessel-Segmentation-Benchmark-main\Models_output\FRUnet\test_data\AFIO\pred_masks\IM005457.png,D:\Retina\Retinal-Vessel-Segmentation-Benchmark-main\config\test_data\AFIO\masks\IM005457.png
FRUnet,AFIO,IM005488,0.5,diagnostic_test_set_scan_equal_dataset_macro_F1,"TVS = |S_GT_thin intersect M_pred| / |S_GT_thin|; S_GT_thin uses skeletonize(GT), Dlocal=2*EDT(GT), tau=max(1 px, 0.018*DOD)",151.77,auto_detected,2.73186,36,13,0.3611111111111111,D:\Retina\Retinal-Vessel-Segmentation-Benchmark-main\Models_output\FRUnet\test_data\AFIO\pred_masks\IM005488.png,D:\Retina\Retinal-Vessel-Segmentation-Benchmark-main\config\test_data\AFIO\masks\IM005488.png
FRUnet,AFIO,IM005489,0.5,diagnostic_test_set_scan_equal_dataset_macro_F1,"TVS = |S_GT_thin intersect M_pred| / |S_GT_thin|; S_GT_thin uses skeletonize(GT), Dlocal=2*EDT(GT), tau=max(1 px, 0.018*DOD)",154.77,auto_detected,2.78586,69,55,0.7971014492753623,D:\Retina\Retinal-Vessel-Segmentation-Benchmark-main\Models_output\FRUnet\test_data\AFIO\pred_masks\IM005489.png,D:\Retina\Retinal-Vessel-Segmentation-Benchmark-main\config\test_data\AFIO\masks\IM005489.png
FRUnet,AFIO,IM005523,0.5,diagnostic_test_set_scan_equal_dataset_macro_F1,"TVS = |S_GT_thin intersect M_pred| / |S_GT_thin|; S_GT_thin uses skeletonize(GT), Dlocal=2*EDT(GT), tau=max(1 px, 0.018*DOD)",159.3,auto_detected,2.8674,27,14,0.5185185185185185,D:\Retina\Retinal-Vessel-Segmentation-Benchmark-main\Models_output\FRUnet\test_data\AFIO\pred_masks\IM005523.png,D:\Retina\Retinal-Vessel-Segmentation-Benchmark-main\config\test_data\AFIO\masks\IM005523.png
FRUnet,AFIO,IM005524,0.5,diagnostic_test_set_scan_equal_dataset_macro_F1,"TVS = |S_GT_thin intersect M_pred| / |S_GT_thin|; S_GT_thin uses skeletonize(GT), Dlocal=2*EDT(GT), tau=max(1 px, 0.018*DOD)",158.03,auto_detected,2.84454,106,51,0.4811320754716981,D:\Retina\Retinal-Vessel-Segmentation-Benchmark-main\Models_output\FRUnet\test_data\AFIO\pred_masks\IM005524.png,D:\Retina\Retinal-Vessel-Segmentation-Benchmark-main\config\test_data\AFIO\masks\IM005524.png
FRUnet,AFIO,IM005558,0.5,diagnostic_test_set_scan_equal_dataset_macro_F1,"TVS = |S_GT_thin intersect M_pred| / |S_GT_thin|; S_GT_thin uses skeletonize(GT), Dlocal=2*EDT(GT), tau=max(1 px, 0.018*DOD)",157.11,auto_detected,2.82798,10,8,0.8,D:\Retina\Retinal-Vessel-Segmentation-Benchmark-main\Models_output\FRUnet\test_data\AFIO\pred_masks\IM005558.png,D:\Retina\Retinal-Vessel-Segmentation-Benchmark-main\config\test_data\AFIO\masks\IM005558.png
FRUnet,AFIO,IM005713,0.5,diagnostic_test_set_scan_equal_dataset_macro_F1,"TVS = |S_GT_thin intersect M_pred| / |S_GT_thin|; S_GT_thin uses skeletonize(GT), Dlocal=2*EDT(GT), tau=max(1 px, 0.018*DOD)",140.0,auto_detected,2.52,21,9,0.42857142857142855,D:\Retina\Retinal-Vessel-Segmentation-Benchmark-main\Models_output\FRUnet\test_data\AFIO\pred_masks\IM005713.png,D:\Retina\Retinal-Vessel-Segmentation-Benchmark-main\config\test_data\AFIO\masks\IM005713.png
FRUnet,AFIO,IM005806,0.5,diagnostic_test_set_scan_equal_dataset_macro_F1,"TVS = |S_GT_thin intersect M_pred| / |S_GT_thin|; S_GT_thin uses skeletonize(GT), Dlocal=2*EDT(GT), tau=max(1 px, 0.018*DOD)",140.31,auto_detected,2.5255799999999997,16,5,0.3125,D:\Retina\Retinal-Vessel-Segmentation-Benchmark-main\Models_output\FRUnet\test_data\AFIO\pred_masks\IM005806.png,D:\Retina\Retinal-Vessel-Segmentation-Benchmark-main\config\test_data\AFIO\masks\IM005806.png
FRUnet,AFIO,IM005833,0.5,diagnostic_test_set_scan_equal_dataset_macro_F1,"TVS = |S_GT_thin intersect M_pred| / |S_GT_thin|; S_GT_thin uses skeletonize(GT), Dlocal=2*EDT(GT), tau=max(1 px, 0.018*DOD)",157.84,auto_detected,2.8411199999999996,20,16,0.8,D:\Retina\Retinal-Vessel-Segmentation-Benchmark-main\Models_output\FRUnet\test_data\AFIO\pred_masks\IM005833.png,D:\Retina\Retinal-Vessel-Segmentation-Benchmark-main\config\test_data\AFIO\masks\IM005833.png
FRUnet,AFIO,IM005834,0.5,diagnostic_test_set_scan_equal_dataset_macro_F1,"TVS = |S_GT_thin intersect M_pred| / |S_GT_thin|; S_GT_thin uses skeletonize(GT), Dlocal=2*EDT(GT), tau=max(1 px, 0.018*DOD)",158.02,auto_detected,2.84436,23,17,0.7391304347826086,D:\Retina\Retinal-Vessel-Segmentation-Benchmark-main\Models_output\FRUnet\test_data\AFIO\pred_masks\IM005834.png,D:\Retina\Retinal-Vessel-Segmentation-Benchmark-main\config\test_data\AFIO\masks\IM005834.png
FRUnet,AFIO,IM006037,0.5,diagnostic_test_set_scan_equal_dataset_macro_F1,"TVS = |S_GT_thin intersect M_pred| / |S_GT_thin|; S_GT_thin uses skeletonize(GT), Dlocal=2*EDT(GT), tau=max(1 px, 0.018*DOD)",159.22,auto_detected,2.86596,24,23,0.9583333333333334,D:\Retina\Retinal-Vessel-Segmentation-Benchmark-main\Models_output\FRUnet\test_data\AFIO\pred_masks\IM006037.png,D:\Retina\Retinal-Vessel-Segmentation-Benchmark-main\config\test_data\AFIO\masks\IM006037.png
FRUnet,AFIO,IM006105,0.5,diagnostic_test_set_scan_equal_dataset_macro_F1,"TVS = |S_GT_thin intersect M_pred| / |S_GT_thin|; S_GT_thin uses skeletonize(GT), Dlocal=2*EDT(GT), tau=max(1 px, 0.018*DOD)",136.13,auto_detected,2.4503399999999997,12,4,0.3333333333333333,D:\Retina\Retinal-Vessel-Segmentation-Benchmark-main\Models_output\FRUnet\test_data\AFIO\pred_masks\IM006105.png,D:\Retina\Retinal-Vessel-Segmentation-Benchmark-main\config\test_data\AFIO\masks\IM006105.png
FRUnet,AFIO,IM006106,0.5,diagnostic_test_set_scan_equal_dataset_macro_F1,"TVS = |S_GT_thin intersect M_pred| / |S_GT_thin|; S_GT_thin uses skeletonize(GT), Dlocal=2*EDT(GT), tau=max(1 px, 0.018*DOD)",151.82,auto_detected,2.73276,29,13,0.4482758620689655,D:\Retina\Retinal-Vessel-Segmentation-Benchmark-main\Models_output\FRUnet\test_data\AFIO\pred_masks\IM006106.png,D:\Retina\Retinal-Vessel-Segmentation-Benchmark-main\config\test_data\AFIO\masks\IM006106.png
FRUnet,CHASEDB1,Image_01L,0.5,diagnostic_test_set_scan_equal_dataset_macro_F1,"TVS = |S_GT_thin intersect M_pred| / |S_GT_thin|; S_GT_thin uses skeletonize(GT), Dlocal=2*EDT(GT), tau=max(1 px, 0.018*DOD)",204.8,auto_detected,3.6864,3772,1788,0.4740190880169671,D:\Retina\Retinal-Vessel-Segmentation-Benchmark-main\Models_output\FRUnet\test_data\CHASEDB1\pred_masks\Image_01L.png,D:\Retina\Retinal-Vessel-Segmentation-Benchmark-main\config\test_data\CHASEDB1\masks\Image_01L.png
FRUnet,CHASEDB1,Image_01R,0.5,diagnostic_test_set_scan_equal_dataset_macro_F1,"TVS = |S_GT_thin intersect M_pred| / |S_GT_thin|; S_GT_thin uses skeletonize(GT), Dlocal=2*EDT(GT), tau=max(1 px, 0.018*DOD)",198.26,auto_detected,3.5686799999999996,2702,898,0.3323464100666173,D:\Retina\Retinal-Vessel-Segmentation-Benchmark-main\Models_output\FRUnet\test_data\CHASEDB1\pred_masks\Image_01R.png,D:\Retina\Retinal-Vessel-Segmentation-Benchmark-main\config\test_data\CHASEDB1\masks\Image_01R.png
FRUnet,CHASEDB1,Image_02L,0.5,diagnostic_test_set_scan_equal_dataset_macro_F1,"TVS = |S_GT_thin intersect M_pred| / |S_GT_thin|; S_GT_thin uses skeletonize(GT), Dlocal=2*EDT(GT), tau=max(1 px, 0.018*DOD)",192.8,auto_detected,3.4704,4816,1782,0.3700166112956811,D:\Retina\Retinal-Vessel-Segmentation-Benchmark-main\Models_output\FRUnet\test_data\CHASEDB1\pred_masks\Image_02L.png,D:\Retina\Retinal-Vessel-Segmentation-Benchmark-main\config\test_data\CHASEDB1\masks\Image_02L.png
FRUnet,CHASEDB1,Image_02R,0.5,diagnostic_test_set_scan_equal_dataset_macro_F1,"TVS = |S_GT_thin intersect M_pred| / |S_GT_thin|; S_GT_thin uses skeletonize(GT), Dlocal=2*EDT(GT), tau=max(1 px, 0.018*DOD)",173.55,annotation_csv,3.1239,4614,1577,0.34178586909406156,D:\Retina\Retinal-Vessel-Segmentation-Benchmark-main\Models_output\FRUnet\test_data\CHASEDB1\pred_masks\Image_02R.png,D:\Retina\Retinal-Vessel-Segmentation-Benchmark-main\config\test_data\CHASEDB1\masks\Image_02R.png
FRUnet,CHASEDB1,Image_03L,0.5,diagnostic_test_set_scan_equal_dataset_macro_F1,"TVS = |S_GT_thin intersect M_pred| / |S_GT_thin|; S_GT_thin uses skeletonize(GT), Dlocal=2*EDT(GT), tau=max(1 px, 0.018*DOD)",180.8,auto_detected,3.2544,5217,2234,0.42821544949204526,D:\Retina\Retinal-Vessel-Segmentation-Benchmark-main\Models_output\FRUnet\test_data\CHASEDB1\pred_masks\Image_03L.png,D:\Retina\Retinal-Vessel-Segmentation-Benchmark-main\config\test_data\CHASEDB1\masks\Image_03L.png
FRUnet,CHASEDB1,Image_03R,0.5,diagnostic_test_set_scan_equal_dataset_macro_F1,"TVS = |S_GT_thin intersect M_pred| / |S_GT_thin|; S_GT_thin uses skeletonize(GT), Dlocal=2*EDT(GT), tau=max(1 px, 0.018*DOD)",196.8,auto_detected,3.5423999999999998,3439,1784,0.5187554521663275,D:\Retina\Retinal-Vessel-Segmentation-Benchmark-main\Models_output\FRUnet\test_data\CHASEDB1\pred_masks\Image_03R.png,D:\Retina\Retinal-Vessel-Segmentation-Benchmark-main\config\test_data\CHASEDB1\masks\Image_03R.png
FRUnet,CHASEDB1,Image_04L,0.5,diagnostic_test_set_scan_equal_dataset_macro_F1,"TVS = |S_GT_thin intersect M_pred| / |S_GT_thin|; S_GT_thin uses skeletonize(GT), Dlocal=2*EDT(GT), tau=max(1 px, 0.018*DOD)",168.8,auto_detected,3.0383999999999998,2067,1038,0.502177068214804,D:\Retina\Retinal-Vessel-Segmentation-Benchmark-main\Models_output\FRUnet\test_data\CHASEDB1\pred_masks\Image_04L.png,D:\Retina\Retinal-Vessel-Segmentation-Benchmark-main\config\test_data\CHASEDB1\masks\Image_04L.png
FRUnet,CHASEDB1,Image_04R,0.5,diagnostic_test_set_scan_equal_dataset_macro_F1,"TVS = |S_GT_thin intersect M_pred| / |S_GT_thin|; S_GT_thin uses skeletonize(GT), Dlocal=2*EDT(GT), tau=max(1 px, 0.018*DOD)",156.8,annotation_csv,2.8224,2470,1026,0.4153846153846154,D:\Retina\Retinal-Vessel-Segmentation-Benchmark-main\Models_output\FRUnet\test_data\CHASEDB1\pred_masks\Image_04R.png,D:\Retina\Retinal-Vessel-Segmentation-Benchmark-main\config\test_data\CHASEDB1\masks\Image_04R.png
FRUnet,CHASEDB1,Image_05L,0.5,diagnostic_test_set_scan_equal_dataset_macro_F1,"TVS = |S_GT_thin intersect M_pred| / |S_GT_thin|; S_GT_thin uses skeletonize(GT), Dlocal=2*EDT(GT), tau=max(1 px, 0.018*DOD)",180.8,auto_detected,3.2544,2943,1743,0.5922528032619776,D:\Retina\Retinal-Vessel-Segmentation-Benchmark-main\Models_output\FRUnet\test_data\CHASEDB1\pred_masks\Image_05L.png,D:\Retina\Retinal-Vessel-Segmentation-Benchmark-main\config\test_data\CHASEDB1\masks\Image_05L.png
FRUnet,CHASEDB1,Image_05R,0.5,diagnostic_test_set_scan_equal_dataset_macro_F1,"TVS = |S_GT_thin intersect M_pred| / |S_GT_thin|; S_GT_thin uses skeletonize(GT), Dlocal=2*EDT(GT), tau=max(1 px, 0.018*DOD)",184.8,auto_detected,3.3264,3705,1796,0.4847503373819163,D:\Retina\Retinal-Vessel-Segmentation-Benchmark-main\Models_output\FRUnet\test_data\CHASEDB1\pred_masks\Image_05R.png,D:\Retina\Retinal-Vessel-Segmentation-Benchmark-main\config\test_data\CHASEDB1\masks\Image_05R.png
FRUnet,CHASEDB1,Image_06L,0.5,diagnostic_test_set_scan_equal_dataset_macro_F1,"TVS = |S_GT_thin intersect M_pred| / |S_GT_thin|; S_GT_thin uses skeletonize(GT), Dlocal=2*EDT(GT), tau=max(1 px, 0.018*DOD)",204.8,auto_detected,3.6864,3212,1214,0.3779576587795766,D:\Retina\Retinal-Vessel-Segmentation-Benchmark-main\Models_output\FRUnet\test_data\CHASEDB1\pred_masks\Image_06L.png,D:\Retina\Retinal-Vessel-Segmentation-Benchmark-main\config\test_data\CHASEDB1\masks\Image_06L.png
FRUnet,CHASEDB1,Image_06R,0.5,diagnostic_test_set_scan_equal_dataset_macro_F1,"TVS = |S_GT_thin intersect M_pred| / |S_GT_thin|; S_GT_thin uses skeletonize(GT), Dlocal=2*EDT(GT), tau=max(1 px, 0.018*DOD)",169.58,auto_detected,3.05244,4389,1884,0.42925495557074506,D:\Retina\Retinal-Vessel-Segmentation-Benchmark-main\Models_output\FRUnet\test_data\CHASEDB1\pred_masks\Image_06R.png,D:\Retina\Retinal-Vessel-Segmentation-Benchmark-main\config\test_data\CHASEDB1\masks\Image_06R.png
FRUnet,CHASEDB1,Image_07L,0.5,diagnostic_test_set_scan_equal_dataset_macro_F1,"TVS = |S_GT_thin intersect M_pred| / |S_GT_thin|; S_GT_thin uses skeletonize(GT), Dlocal=2*EDT(GT), tau=max(1 px, 0.018*DOD)",194.56,auto_detected,3.50208,4141,1812,0.4375754648635595,D:\Retina\Retinal-Vessel-Segmentation-Benchmark-main\Models_output\FRUnet\test_data\CHASEDB1\pred_masks\Image_07L.png,D:\Retina\Retinal-Vessel-Segmentation-Benchmark-main\config\test_data\CHASEDB1\masks\Image_07L.png
FRUnet,CHASEDB1,Image_07R,0.5,diagnostic_test_set_scan_equal_dataset_macro_F1,"TVS = |S_GT_thin intersect M_pred| / |S_GT_thin|; S_GT_thin uses skeletonize(GT), Dlocal=2*EDT(GT), tau=max(1 px, 0.018*DOD)",201.6,fallback_fov_center,3.6287999999999996,3669,1360,0.37067320795857184,D:\Retina\Retinal-Vessel-Segmentation-Benchmark-main\Models_output\FRUnet\test_data\CHASEDB1\pred_masks\Image_07R.png,D:\Retina\Retinal-Vessel-Segmentation-Benchmark-main\config\test_data\CHASEDB1\masks\Image_07R.png
FRUnet,CHASEDB1,Image_08L,0.5,diagnostic_test_set_scan_equal_dataset_macro_F1,"TVS = |S_GT_thin intersect M_pred| / |S_GT_thin|; S_GT_thin uses skeletonize(GT), Dlocal=2*EDT(GT), tau=max(1 px, 0.018*DOD)",192.21,auto_detected,3.45978,2869,1337,0.4660160334611363,D:\Retina\Retinal-Vessel-Segmentation-Benchmark-main\Models_output\FRUnet\test_data\CHASEDB1\pred_masks\Image_08L.png,D:\Retina\Retinal-Vessel-Segmentation-Benchmark-main\config\test_data\CHASEDB1\masks\Image_08L.png
FRUnet,CHASEDB1,Image_08R,0.5,diagnostic_test_set_scan_equal_dataset_macro_F1,"TVS = |S_GT_thin intersect M_pred| / |S_GT_thin|; S_GT_thin uses skeletonize(GT), Dlocal=2*EDT(GT), tau=max(1 px, 0.018*DOD)",200.43,auto_detected,3.6077399999999997,2327,1175,0.5049419853889128,D:\Retina\Retinal-Vessel-Segmentation-Benchmark-main\Models_output\FRUnet\test_data\CHASEDB1\pred_masks\Image_08R.png,D:\Retina\Retinal-Vessel-Segmentation-Benchmark-main\config\test_data\CHASEDB1\masks\Image_08R.png
FRUnet,CHASEDB1,Image_09L,0.5,diagnostic_test_set_scan_equal_dataset_macro_F1,"TVS = |S_GT_thin intersect M_pred| / |S_GT_thin|; S_GT_thin uses skeletonize(GT), Dlocal=2*EDT(GT), tau=max(1 px, 0.018*DOD)",176.8,auto_detected,3.1824,2317,1146,0.49460509279240394,D:\Retina\Retinal-Vessel-Segmentation-Benchmark-main\Models_output\FRUnet\test_data\CHASEDB1\pred_masks\Image_09L.png,D:\Retina\Retinal-Vessel-Segmentation-Benchmark-main\config\test_data\CHASEDB1\masks\Image_09L.png
FRUnet,CHASEDB1,Image_09R,0.5,diagnostic_test_set_scan_equal_dataset_macro_F1,"TVS = |S_GT_thin intersect M_pred| / |S_GT_thin|; S_GT_thin uses skeletonize(GT), Dlocal=2*EDT(GT), tau=max(1 px, 0.018*DOD)",184.8,auto_detected,3.3264,2786,1316,0.4723618090452261,D:\Retina\Retinal-Vessel-Segmentation-Benchmark-main\Models_output\FRUnet\test_data\CHASEDB1\pred_masks\Image_09R.png,D:\Retina\Retinal-Vessel-Segmentation-Benchmark-main\config\test_data\CHASEDB1\masks\Image_09R.png
FRUnet,CHASEDB1,Image_10L,0.5,diagnostic_test_set_scan_equal_dataset_macro_F1,"TVS = |S_GT_thin intersect M_pred| / |S_GT_thin|; S_GT_thin uses skeletonize(GT), Dlocal=2*EDT(GT), tau=max(1 px, 0.018*DOD)",196.64,auto_detected,3.5395199999999996,4178,1748,0.41838200095739586,D:\Retina\Retinal-Vessel-Segmentation-Benchmark-main\Models_output\FRUnet\test_data\CHASEDB1\pred_masks\Image_10L.png,D:\Retina\Retinal-Vessel-Segmentation-Benchmark-main\config\test_data\CHASEDB1\masks\Image_10L.png
FRUnet,CHASEDB1,Image_10R,0.5,diagnostic_test_set_scan_equal_dataset_macro_F1,"TVS = |S_GT_thin intersect M_pred| / |S_GT_thin|; S_GT_thin uses skeletonize(GT), Dlocal=2*EDT(GT), tau=max(1 px, 0.018*DOD)",197.67,auto_detected,3.5580599999999993,5189,2406,0.46367315475043364,D:\Retina\Retinal-Vessel-Segmentation-Benchmark-main\Models_output\FRUnet\test_data\CHASEDB1\pred_masks\Image_10R.png,D:\Retina\Retinal-Vessel-Segmentation-Benchmark-main\config\test_data\CHASEDB1\masks\Image_10R.png
FRUnet,CHASEDB1,Image_11L,0.5,diagnostic_test_set_scan_equal_dataset_macro_F1,"TVS = |S_GT_thin intersect M_pred| / |S_GT_thin|; S_GT_thin uses skeletonize(GT), Dlocal=2*EDT(GT), tau=max(1 px, 0.018*DOD)",160.8,auto_detected,2.8944,3905,2318,0.5935979513444302,D:\Retina\Retinal-Vessel-Segmentation-Benchmark-main\Models_output\FRUnet\test_data\CHASEDB1\pred_masks\Image_11L.png,D:\Retina\Retinal-Vessel-Segmentation-Benchmark-main\config\test_data\CHASEDB1\masks\Image_11L.png
FRUnet,CHASEDB1,Image_11R,0.5,diagnostic_test_set_scan_equal_dataset_macro_F1,"TVS = |S_GT_thin intersect M_pred| / |S_GT_thin|; S_GT_thin uses skeletonize(GT), Dlocal=2*EDT(GT), tau=max(1 px, 0.018*DOD)",180.8,auto_detected,3.2544,2285,1051,0.4599562363238512,D:\Retina\Retinal-Vessel-Segmentation-Benchmark-main\Models_output\FRUnet\test_data\CHASEDB1\pred_masks\Image_11R.png,D:\Retina\Retinal-Vessel-Segmentation-Benchmark-main\config\test_data\CHASEDB1\masks\Image_11R.png
FRUnet,CHASEDB1,Image_12L,0.5,diagnostic_test_set_scan_equal_dataset_macro_F1,"TVS = |S_GT_thin intersect M_pred| / |S_GT_thin|; S_GT_thin uses skeletonize(GT), Dlocal=2*EDT(GT), tau=max(1 px, 0.018*DOD)",180.8,auto_detected,3.2544,2691,993,0.3690078037904125,D:\Retina\Retinal-Vessel-Segmentation-Benchmark-main\Models_output\FRUnet\test_data\CHASEDB1\pred_masks\Image_12L.png,D:\Retina\Retinal-Vessel-Segmentation-Benchmark-main\config\test_data\CHASEDB1\masks\Image_12L.png
FRUnet,CHASEDB1,Image_12R,0.5,diagnostic_test_set_scan_equal_dataset_macro_F1,"TVS = |S_GT_thin intersect M_pred| / |S_GT_thin|; S_GT_thin uses skeletonize(GT), Dlocal=2*EDT(GT), tau=max(1 px, 0.018*DOD)",196.8,auto_detected,3.5423999999999998,3799,1658,0.43643063964201106,D:\Retina\Retinal-Vessel-Segmentation-Benchmark-main\Models_output\FRUnet\test_data\CHASEDB1\pred_masks\Image_12R.png,D:\Retina\Retinal-Vessel-Segmentation-Benchmark-main\config\test_data\CHASEDB1\masks\Image_12R.png
FRUnet,CHASEDB1,Image_13L,0.5,diagnostic_test_set_scan_equal_dataset_macro_F1,"TVS = |S_GT_thin intersect M_pred| / |S_GT_thin|; S_GT_thin uses skeletonize(GT), Dlocal=2*EDT(GT), tau=max(1 px, 0.018*DOD)",197.23,auto_detected,3.5501399999999994,1820,719,0.39505494505494504,D:\Retina\Retinal-Vessel-Segmentation-Benchmark-main\Models_output\FRUnet\test_data\CHASEDB1\pred_masks\Image_13L.png,D:\Retina\Retinal-Vessel-Segmentation-Benchmark-main\config\test_data\CHASEDB1\masks\Image_13L.png
FRUnet,CHASEDB1,Image_13R,0.5,diagnostic_test_set_scan_equal_dataset_macro_F1,"TVS = |S_GT_thin intersect M_pred| / |S_GT_thin|; S_GT_thin uses skeletonize(GT), Dlocal=2*EDT(GT), tau=max(1 px, 0.018*DOD)",190.12,auto_detected,3.42216,2561,1151,0.4494338149160484,D:\Retina\Retinal-Vessel-Segmentation-Benchmark-main\Models_output\FRUnet\test_data\CHASEDB1\pred_masks\Image_13R.png,D:\Retina\Retinal-Vessel-Segmentation-Benchmark-main\config\test_data\CHASEDB1\masks\Image_13R.png
FRUnet,CHASEDB1,Image_14L,0.5,diagnostic_test_set_scan_equal_dataset_macro_F1,"TVS = |S_GT_thin intersect M_pred| / |S_GT_thin|; S_GT_thin uses skeletonize(GT), Dlocal=2*EDT(GT), tau=max(1 px, 0.018*DOD)",168.8,auto_detected,3.0383999999999998,1508,776,0.5145888594164456,D:\Retina\Retinal-Vessel-Segmentation-Benchmark-main\Models_output\FRUnet\test_data\CHASEDB1\pred_masks\Image_14L.png,D:\Retina\Retinal-Vessel-Segmentation-Benchmark-main\config\test_data\CHASEDB1\masks\Image_14L.png
FRUnet,CHASEDB1,Image_14R,0.5,diagnostic_test_set_scan_equal_dataset_macro_F1,"TVS = |S_GT_thin intersect M_pred| / |S_GT_thin|; S_GT_thin uses skeletonize(GT), Dlocal=2*EDT(GT), tau=max(1 px, 0.018*DOD)",180.8,auto_detected,3.2544,1076,329,0.30576208178438663,D:\Retina\Retinal-Vessel-Segmentation-Benchmark-main\Models_output\FRUnet\test_data\CHASEDB1\pred_masks\Image_14R.png,D:\Retina\Retinal-Vessel-Segmentation-Benchmark-main\config\test_data\CHASEDB1\masks\Image_14R.png
FRUnet,DualModal2019,DualModal2019_A1_L4,0.5,diagnostic_test_set_scan_equal_dataset_macro_F1,"TVS = |S_GT_thin intersect M_pred| / |S_GT_thin|; S_GT_thin uses skeletonize(GT), Dlocal=2*EDT(GT), tau=max(1 px, 0.018*DOD)",157.89,auto_detected,2.8420199999999993,2887,2112,0.7315552476619328,D:\Retina\Retinal-Vessel-Segmentation-Benchmark-main\Models_output\FRUnet\test_data\DualModal2019\pred_masks\DualModal2019_A1_L4.png,D:\Retina\Retinal-Vessel-Segmentation-Benchmark-main\config\test_data\DualModal2019\masks\DualModal2019_A1_L4.png
FRUnet,DualModal2019,DualModal2019_A1_R2,0.5,diagnostic_test_set_scan_equal_dataset_macro_F1,"TVS = |S_GT_thin intersect M_pred| / |S_GT_thin|; S_GT_thin uses skeletonize(GT), Dlocal=2*EDT(GT), tau=max(1 px, 0.018*DOD)",184.35,auto_detected,3.3183,6573,5247,0.7982656321314469,D:\Retina\Retinal-Vessel-Segmentation-Benchmark-main\Models_output\FRUnet\test_data\DualModal2019\pred_masks\DualModal2019_A1_R2.png,D:\Retina\Retinal-Vessel-Segmentation-Benchmark-main\config\test_data\DualModal2019\masks\DualModal2019_A1_R2.png
FRUnet,DualModal2019,DualModal2019_A2_R2,0.5,diagnostic_test_set_scan_equal_dataset_macro_F1,"TVS = |S_GT_thin intersect M_pred| / |S_GT_thin|; S_GT_thin uses skeletonize(GT), Dlocal=2*EDT(GT), tau=max(1 px, 0.018*DOD)",202.37,auto_detected,3.64266,6048,4789,0.7918320105820106,D:\Retina\Retinal-Vessel-Segmentation-Benchmark-main\Models_output\FRUnet\test_data\DualModal2019\pred_masks\DualModal2019_A2_R2.png,D:\Retina\Retinal-Vessel-Segmentation-Benchmark-main\config\test_data\DualModal2019\masks\DualModal2019_A2_R2.png
FRUnet,DualModal2019,DualModal2019_A3_L1,0.5,diagnostic_test_set_scan_equal_dataset_macro_F1,"TVS = |S_GT_thin intersect M_pred| / |S_GT_thin|; S_GT_thin uses skeletonize(GT), Dlocal=2*EDT(GT), tau=max(1 px, 0.018*DOD)",184.35,auto_detected,3.3183,4224,3453,0.8174715909090909,D:\Retina\Retinal-Vessel-Segmentation-Benchmark-main\Models_output\FRUnet\test_data\DualModal2019\pred_masks\DualModal2019_A3_L1.png,D:\Retina\Retinal-Vessel-Segmentation-Benchmark-main\config\test_data\DualModal2019\masks\DualModal2019_A3_L1.png
FRUnet,DualModal2019,DualModal2019_A3_R1,0.5,diagnostic_test_set_scan_equal_dataset_macro_F1,"TVS = |S_GT_thin intersect M_pred| / |S_GT_thin|; S_GT_thin uses skeletonize(GT), Dlocal=2*EDT(GT), tau=max(1 px, 0.018*DOD)",167.86,auto_detected,3.02148,7163,5799,0.8095769928800782,D:\Retina\Retinal-Vessel-Segmentation-Benchmark-main\Models_output\FRUnet\test_data\DualModal2019\pred_masks\DualModal2019_A3_R1.png,D:\Retina\Retinal-Vessel-Segmentation-Benchmark-main\config\test_data\DualModal2019\masks\DualModal2019_A3_R1.png
FRUnet,DualModal2019,DualModal2019_A4_L3,0.5,diagnostic_test_set_scan_equal_dataset_macro_F1,"TVS = |S_GT_thin intersect M_pred| / |S_GT_thin|; S_GT_thin uses skeletonize(GT), Dlocal=2*EDT(GT), tau=max(1 px, 0.018*DOD)",193.4,auto_detected,3.4812,4671,3873,0.8291586384071933,D:\Retina\Retinal-Vessel-Segmentation-Benchmark-main\Models_output\FRUnet\test_data\DualModal2019\pred_masks\DualModal2019_A4_L3.png,D:\Retina\Retinal-Vessel-Segmentation-Benchmark-main\config\test_data\DualModal2019\masks\DualModal2019_A4_L3.png
FRUnet,DualModal2019,DualModal2019_A4_R2,0.5,diagnostic_test_set_scan_equal_dataset_macro_F1,"TVS = |S_GT_thin intersect M_pred| / |S_GT_thin|; S_GT_thin uses skeletonize(GT), Dlocal=2*EDT(GT), tau=max(1 px, 0.018*DOD)",198.25,auto_detected,3.5685,5678,4915,0.8656216977809088,D:\Retina\Retinal-Vessel-Segmentation-Benchmark-main\Models_output\FRUnet\test_data\DualModal2019\pred_masks\DualModal2019_A4_R2.png,D:\Retina\Retinal-Vessel-Segmentation-Benchmark-main\config\test_data\DualModal2019\masks\DualModal2019_A4_R2.png
FRUnet,DualModal2019,DualModal2019_A5_R4,0.5,diagnostic_test_set_scan_equal_dataset_macro_F1,"TVS = |S_GT_thin intersect M_pred| / |S_GT_thin|; S_GT_thin uses skeletonize(GT), Dlocal=2*EDT(GT), tau=max(1 px, 0.018*DOD)",218.97,auto_detected,3.9414599999999997,5527,4799,0.8682829744888728,D:\Retina\Retinal-Vessel-Segmentation-Benchmark-main\Models_output\FRUnet\test_data\DualModal2019\pred_masks\DualModal2019_A5_R4.png,D:\Retina\Retinal-Vessel-Segmentation-Benchmark-main\config\test_data\DualModal2019\masks\DualModal2019_A5_R4.png
FRUnet,DualModal2019,DualModal2019_A6_L2,0.5,diagnostic_test_set_scan_equal_dataset_macro_F1,"TVS = |S_GT_thin intersect M_pred| / |S_GT_thin|; S_GT_thin uses skeletonize(GT), Dlocal=2*EDT(GT), tau=max(1 px, 0.018*DOD)",163.94,auto_detected,2.9509199999999995,4745,4003,0.8436248682824026,D:\Retina\Retinal-Vessel-Segmentation-Benchmark-main\Models_output\FRUnet\test_data\DualModal2019\pred_masks\DualModal2019_A6_L2.png,D:\Retina\Retinal-Vessel-Segmentation-Benchmark-main\config\test_data\DualModal2019\masks\DualModal2019_A6_L2.png
FRUnet,DualModal2019,DualModal2019_A6_R3,0.5,diagnostic_test_set_scan_equal_dataset_macro_F1,"TVS = |S_GT_thin intersect M_pred| / |S_GT_thin|; S_GT_thin uses skeletonize(GT), Dlocal=2*EDT(GT), tau=max(1 px, 0.018*DOD)",169.94,auto_detected,3.0589199999999996,6542,5872,0.8975848364414553,D:\Retina\Retinal-Vessel-Segmentation-Benchmark-main\Models_output\FRUnet\test_data\DualModal2019\pred_masks\DualModal2019_A6_R3.png,D:\Retina\Retinal-Vessel-Segmentation-Benchmark-main\config\test_data\DualModal2019\masks\DualModal2019_A6_R3.png
FRUnet,DualModal2019,DualModal2019_A7_L1,0.5,diagnostic_test_set_scan_equal_dataset_macro_F1,"TVS = |S_GT_thin intersect M_pred| / |S_GT_thin|; S_GT_thin uses skeletonize(GT), Dlocal=2*EDT(GT), tau=max(1 px, 0.018*DOD)",160.82,auto_detected,2.8947599999999998,7901,6118,0.7743323629920263,D:\Retina\Retinal-Vessel-Segmentation-Benchmark-main\Models_output\FRUnet\test_data\DualModal2019\pred_masks\DualModal2019_A7_L1.png,D:\Retina\Retinal-Vessel-Segmentation-Benchmark-main\config\test_data\DualModal2019\masks\DualModal2019_A7_L1.png
FRUnet,DualModal2019,DualModal2019_A7_R1,0.5,diagnostic_test_set_scan_equal_dataset_macro_F1,"TVS = |S_GT_thin intersect M_pred| / |S_GT_thin|; S_GT_thin uses skeletonize(GT), Dlocal=2*EDT(GT), tau=max(1 px, 0.018*DOD)",154.5,auto_detected,2.7809999999999997,4757,4028,0.8467521547193609,D:\Retina\Retinal-Vessel-Segmentation-Benchmark-main\Models_output\FRUnet\test_data\DualModal2019\pred_masks\DualModal2019_A7_R1.png,D:\Retina\Retinal-Vessel-Segmentation-Benchmark-main\config\test_data\DualModal2019\masks\DualModal2019_A7_R1.png
FRUnet,DualModal2019,DualModal2019_C1_L4,0.5,diagnostic_test_set_scan_equal_dataset_macro_F1,"TVS = |S_GT_thin intersect M_pred| / |S_GT_thin|; S_GT_thin uses skeletonize(GT), Dlocal=2*EDT(GT), tau=max(1 px, 0.018*DOD)",167.59,auto_detected,3.0166199999999996,5336,4519,0.8468890554722639,D:\Retina\Retinal-Vessel-Segmentation-Benchmark-main\Models_output\FRUnet\test_data\DualModal2019\pred_masks\DualModal2019_C1_L4.png,D:\Retina\Retinal-Vessel-Segmentation-Benchmark-main\config\test_data\DualModal2019\masks\DualModal2019_C1_L4.png
FRUnet,DualModal2019,DualModal2019_C1_R4,0.5,diagnostic_test_set_scan_equal_dataset_macro_F1,"TVS = |S_GT_thin intersect M_pred| / |S_GT_thin|; S_GT_thin uses skeletonize(GT), Dlocal=2*EDT(GT), tau=max(1 px, 0.018*DOD)",157.62,annotation_csv,2.83716,6507,5297,0.814046411556785,D:\Retina\Retinal-Vessel-Segmentation-Benchmark-main\Models_output\FRUnet\test_data\DualModal2019\pred_masks\DualModal2019_C1_R4.png,D:\Retina\Retinal-Vessel-Segmentation-Benchmark-main\config\test_data\DualModal2019\masks\DualModal2019_C1_R4.png
FRUnet,DualModal2019,DualModal2019_C2_L4,0.5,diagnostic_test_set_scan_equal_dataset_macro_F1,"TVS = |S_GT_thin intersect M_pred| / |S_GT_thin|; S_GT_thin uses skeletonize(GT), Dlocal=2*EDT(GT), tau=max(1 px, 0.018*DOD)",175.4,auto_detected,3.1572,4584,3774,0.8232984293193717,D:\Retina\Retinal-Vessel-Segmentation-Benchmark-main\Models_output\FRUnet\test_data\DualModal2019\pred_masks\DualModal2019_C2_L4.png,D:\Retina\Retinal-Vessel-Segmentation-Benchmark-main\config\test_data\DualModal2019\masks\DualModal2019_C2_L4.png
FRUnet,DualModal2019,DualModal2019_C2_R3,0.5,diagnostic_test_set_scan_equal_dataset_macro_F1,"TVS = |S_GT_thin intersect M_pred| / |S_GT_thin|; S_GT_thin uses skeletonize(GT), Dlocal=2*EDT(GT), tau=max(1 px, 0.018*DOD)",162.22,auto_detected,2.9199599999999997,6852,5636,0.822533566841798,D:\Retina\Retinal-Vessel-Segmentation-Benchmark-main\Models_output\FRUnet\test_data\DualModal2019\pred_masks\DualModal2019_C2_R3.png,D:\Retina\Retinal-Vessel-Segmentation-Benchmark-main\config\test_data\DualModal2019\masks\DualModal2019_C2_R3.png
FRUnet,DualModal2019,DualModal2019_C3_L1,0.5,diagnostic_test_set_scan_equal_dataset_macro_F1,"TVS = |S_GT_thin intersect M_pred| / |S_GT_thin|; S_GT_thin uses skeletonize(GT), Dlocal=2*EDT(GT), tau=max(1 px, 0.018*DOD)",186.34,auto_detected,3.35412,5496,4562,0.8300582241630277,D:\Retina\Retinal-Vessel-Segmentation-Benchmark-main\Models_output\FRUnet\test_data\DualModal2019\pred_masks\DualModal2019_C3_L1.png,D:\Retina\Retinal-Vessel-Segmentation-Benchmark-main\config\test_data\DualModal2019\masks\DualModal2019_C3_L1.png
FRUnet,DualModal2019,DualModal2019_C3_R1,0.5,diagnostic_test_set_scan_equal_dataset_macro_F1,"TVS = |S_GT_thin intersect M_pred| / |S_GT_thin|; S_GT_thin uses skeletonize(GT), Dlocal=2*EDT(GT), tau=max(1 px, 0.018*DOD)",178.15,annotation_csv,3.2066999999999997,5180,4366,0.8428571428571429,D:\Retina\Retinal-Vessel-Segmentation-Benchmark-main\Models_output\FRUnet\test_data\DualModal2019\pred_masks\DualModal2019_C3_R1.png,D:\Retina\Retinal-Vessel-Segmentation-Benchmark-main\config\test_data\DualModal2019\masks\DualModal2019_C3_R1.png
FRUnet,DualModal2019,DualModal2019_C4_L2,0.5,diagnostic_test_set_scan_equal_dataset_macro_F1,"TVS = |S_GT_thin intersect M_pred| / |S_GT_thin|; S_GT_thin uses skeletonize(GT), Dlocal=2*EDT(GT), tau=max(1 px, 0.018*DOD)",197.44,auto_detected,3.5539199999999997,4441,3372,0.7592884485476245,D:\Retina\Retinal-Vessel-Segmentation-Benchmark-main\Models_output\FRUnet\test_data\DualModal2019\pred_masks\DualModal2019_C4_L2.png,D:\Retina\Retinal-Vessel-Segmentation-Benchmark-main\config\test_data\DualModal2019\masks\DualModal2019_C4_L2.png
FRUnet,DualModal2019,DualModal2019_C4_R2,0.5,diagnostic_test_set_scan_equal_dataset_macro_F1,"TVS = |S_GT_thin intersect M_pred| / |S_GT_thin|; S_GT_thin uses skeletonize(GT), Dlocal=2*EDT(GT), tau=max(1 px, 0.018*DOD)",201.33,auto_detected,3.62394,4245,3448,0.8122497055359246,D:\Retina\Retinal-Vessel-Segmentation-Benchmark-main\Models_output\FRUnet\test_data\DualModal2019\pred_masks\DualModal2019_C4_R2.png,D:\Retina\Retinal-Vessel-Segmentation-Benchmark-main\config\test_data\DualModal2019\masks\DualModal2019_C4_R2.png
FRUnet,DualModal2019,DualModal2019_C5_L1,0.5,diagnostic_test_set_scan_equal_dataset_macro_F1,"TVS = |S_GT_thin intersect M_pred| / |S_GT_thin|; S_GT_thin uses skeletonize(GT), Dlocal=2*EDT(GT), tau=max(1 px, 0.018*DOD)",174.39,auto_detected,3.1390199999999995,5587,4631,0.8288884911401467,D:\Retina\Retinal-Vessel-Segmentation-Benchmark-main\Models_output\FRUnet\test_data\DualModal2019\pred_masks\DualModal2019_C5_L1.png,D:\Retina\Retinal-Vessel-Segmentation-Benchmark-main\config\test_data\DualModal2019\masks\DualModal2019_C5_L1.png
FRUnet,DualModal2019,DualModal2019_C5_R1,0.5,diagnostic_test_set_scan_equal_dataset_macro_F1,"TVS = |S_GT_thin intersect M_pred| / |S_GT_thin|; S_GT_thin uses skeletonize(GT), Dlocal=2*EDT(GT), tau=max(1 px, 0.018*DOD)",157.41,auto_detected,2.8333799999999996,6504,5787,0.889760147601476,D:\Retina\Retinal-Vessel-Segmentation-Benchmark-main\Models_output\FRUnet\test_data\DualModal2019\pred_masks\DualModal2019_C5_R1.png,D:\Retina\Retinal-Vessel-Segmentation-Benchmark-main\config\test_data\DualModal2019\masks\DualModal2019_C5_R1.png
FRUnet,DualModal2019,DualModal2019_C6_L2,0.5,diagnostic_test_set_scan_equal_dataset_macro_F1,"TVS = |S_GT_thin intersect M_pred| / |S_GT_thin|; S_GT_thin uses skeletonize(GT), Dlocal=2*EDT(GT), tau=max(1 px, 0.018*DOD)",164.36,auto_detected,2.95848,4361,3346,0.7672552166934189,D:\Retina\Retinal-Vessel-Segmentation-Benchmark-main\Models_output\FRUnet\test_data\DualModal2019\pred_masks\DualModal2019_C6_L2.png,D:\Retina\Retinal-Vessel-Segmentation-Benchmark-main\config\test_data\DualModal2019\masks\DualModal2019_C6_L2.png
FRUnet,DualModal2019,DualModal2019_C6_R2,0.5,diagnostic_test_set_scan_equal_dataset_macro_F1,"TVS = |S_GT_thin intersect M_pred| / |S_GT_thin|; S_GT_thin uses skeletonize(GT), Dlocal=2*EDT(GT), tau=max(1 px, 0.018*DOD)",172.35,auto_detected,3.1022999999999996,4334,3505,0.8087217351176742,D:\Retina\Retinal-Vessel-Segmentation-Benchmark-main\Models_output\FRUnet\test_data\DualModal2019\pred_masks\DualModal2019_C6_R2.png,D:\Retina\Retinal-Vessel-Segmentation-Benchmark-main\config\test_data\DualModal2019\masks\DualModal2019_C6_R2.png
FRUnet,DualModal2019,DualModal2019_C7_L4,0.5,diagnostic_test_set_scan_equal_dataset_macro_F1,"TVS = |S_GT_thin intersect M_pred| / |S_GT_thin|; S_GT_thin uses skeletonize(GT), Dlocal=2*EDT(GT), tau=max(1 px, 0.018*DOD)",170.65,auto_detected,3.0717,6314,5071,0.8031358885017421,D:\Retina\Retinal-Vessel-Segmentation-Benchmark-main\Models_output\FRUnet\test_data\DualModal2019\pred_masks\DualModal2019_C7_L4.png,D:\Retina\Retinal-Vessel-Segmentation-Benchmark-main\config\test_data\DualModal2019\masks\DualModal2019_C7_L4.png
FRUnet,DualModal2019,DualModal2019_C7_R3,0.5,diagnostic_test_set_scan_equal_dataset_macro_F1,"TVS = |S_GT_thin intersect M_pred| / |S_GT_thin|; S_GT_thin uses skeletonize(GT), Dlocal=2*EDT(GT), tau=max(1 px, 0.018*DOD)",148.64,auto_detected,2.6755199999999997,4610,3447,0.7477223427331887,D:\Retina\Retinal-Vessel-Segmentation-Benchmark-main\Models_output\FRUnet\test_data\DualModal2019\pred_masks\DualModal2019_C7_R3.png,D:\Retina\Retinal-Vessel-Segmentation-Benchmark-main\config\test_data\DualModal2019\masks\DualModal2019_C7_R3.png
FRUnet,DualModal2019,DualModal2019_C8_L4,0.5,diagnostic_test_set_scan_equal_dataset_macro_F1,"TVS = |S_GT_thin intersect M_pred| / |S_GT_thin|; S_GT_thin uses skeletonize(GT), Dlocal=2*EDT(GT), tau=max(1 px, 0.018*DOD)",162.08,auto_detected,2.91744,4897,3765,0.7688380641208904,D:\Retina\Retinal-Vessel-Segmentation-Benchmark-main\Models_output\FRUnet\test_data\DualModal2019\pred_masks\DualModal2019_C8_L4.png,D:\Retina\Retinal-Vessel-Segmentation-Benchmark-main\config\test_data\DualModal2019\masks\DualModal2019_C8_L4.png
FRUnet,DualModal2019,DualModal2019_C8_R2,0.5,diagnostic_test_set_scan_equal_dataset_macro_F1,"TVS = |S_GT_thin intersect M_pred| / |S_GT_thin|; S_GT_thin uses skeletonize(GT), Dlocal=2*EDT(GT), tau=max(1 px, 0.018*DOD)",154.54,auto_detected,2.7817199999999995,4859,3749,0.7715579337312204,D:\Retina\Retinal-Vessel-Segmentation-Benchmark-main\Models_output\FRUnet\test_data\DualModal2019\pred_masks\DualModal2019_C8_R2.png,D:\Retina\Retinal-Vessel-Segmentation-Benchmark-main\config\test_data\DualModal2019\masks\DualModal2019_C8_R2.png
FRUnet,DualModal2019,DualModal2019_C9_L4,0.5,diagnostic_test_set_scan_equal_dataset_macro_F1,"TVS = |S_GT_thin intersect M_pred| / |S_GT_thin|; S_GT_thin uses skeletonize(GT), Dlocal=2*EDT(GT), tau=max(1 px, 0.018*DOD)",180.71,auto_detected,3.25278,3495,3036,0.8686695278969957,D:\Retina\Retinal-Vessel-Segmentation-Benchmark-main\Models_output\FRUnet\test_data\DualModal2019\pred_masks\DualModal2019_C9_L4.png,D:\Retina\Retinal-Vessel-Segmentation-Benchmark-main\config\test_data\DualModal2019\masks\DualModal2019_C9_L4.png
FRUnet,DualModal2019,DualModal2019_C9_R5,0.5,diagnostic_test_set_scan_equal_dataset_macro_F1,"TVS = |S_GT_thin intersect M_pred| / |S_GT_thin|; S_GT_thin uses skeletonize(GT), Dlocal=2*EDT(GT), tau=max(1 px, 0.018*DOD)",175.31,auto_detected,3.1555799999999996,4420,3657,0.8273755656108597,D:\Retina\Retinal-Vessel-Segmentation-Benchmark-main\Models_output\FRUnet\test_data\DualModal2019\pred_masks\DualModal2019_C9_R5.png,D:\Retina\Retinal-Vessel-Segmentation-Benchmark-main\config\test_data\DualModal2019\masks\DualModal2019_C9_R5.png
FRUnet,HRF,01_dr,0.5,diagnostic_test_set_scan_equal_dataset_macro_F1,"TVS = |S_GT_thin intersect M_pred| / |S_GT_thin|; S_GT_thin uses skeletonize(GT), Dlocal=2*EDT(GT), tau=max(1 px, 0.018*DOD)",407.64,annotation_csv,7.33752,35729,20671,0.5785496375493296,D:\Retina\Retinal-Vessel-Segmentation-Benchmark-main\Models_output\FRUnet\test_data\HRF\pred_masks\01_dr.png,D:\Retina\Retinal-Vessel-Segmentation-Benchmark-main\config\test_data\HRF\masks\01_dr.tif
FRUnet,HRF,01_g,0.5,diagnostic_test_set_scan_equal_dataset_macro_F1,"TVS = |S_GT_thin intersect M_pred| / |S_GT_thin|; S_GT_thin uses skeletonize(GT), Dlocal=2*EDT(GT), tau=max(1 px, 0.018*DOD)",371.41,auto_detected,6.68538,41622,15634,0.37561866320695786,D:\Retina\Retinal-Vessel-Segmentation-Benchmark-main\Models_output\FRUnet\test_data\HRF\pred_masks\01_g.png,D:\Retina\Retinal-Vessel-Segmentation-Benchmark-main\config\test_data\HRF\masks\01_g.tif
FRUnet,HRF,01_h,0.5,diagnostic_test_set_scan_equal_dataset_macro_F1,"TVS = |S_GT_thin intersect M_pred| / |S_GT_thin|; S_GT_thin uses skeletonize(GT), Dlocal=2*EDT(GT), tau=max(1 px, 0.018*DOD)",391.49,auto_detected,7.046819999999999,32262,8741,0.2709379455706404,D:\Retina\Retinal-Vessel-Segmentation-Benchmark-main\Models_output\FRUnet\test_data\HRF\pred_masks\01_h.png,D:\Retina\Retinal-Vessel-Segmentation-Benchmark-main\config\test_data\HRF\masks\01_h.tif
FRUnet,HRF,02_dr,0.5,diagnostic_test_set_scan_equal_dataset_macro_F1,"TVS = |S_GT_thin intersect M_pred| / |S_GT_thin|; S_GT_thin uses skeletonize(GT), Dlocal=2*EDT(GT), tau=max(1 px, 0.018*DOD)",355.58,auto_detected,6.400439999999999,35476,13064,0.3682489570413801,D:\Retina\Retinal-Vessel-Segmentation-Benchmark-main\Models_output\FRUnet\test_data\HRF\pred_masks\02_dr.png,D:\Retina\Retinal-Vessel-Segmentation-Benchmark-main\config\test_data\HRF\masks\02_dr.tif
FRUnet,HRF,02_g,0.5,diagnostic_test_set_scan_equal_dataset_macro_F1,"TVS = |S_GT_thin intersect M_pred| / |S_GT_thin|; S_GT_thin uses skeletonize(GT), Dlocal=2*EDT(GT), tau=max(1 px, 0.018*DOD)",388.86,auto_detected,6.99948,44401,15451,0.3479876579356321,D:\Retina\Retinal-Vessel-Segmentation-Benchmark-main\Models_output\FRUnet\test_data\HRF\pred_masks\02_g.png,D:\Retina\Retinal-Vessel-Segmentation-Benchmark-main\config\test_data\HRF\masks\02_g.tif
FRUnet,HRF,02_h,0.5,diagnostic_test_set_scan_equal_dataset_macro_F1,"TVS = |S_GT_thin intersect M_pred| / |S_GT_thin|; S_GT_thin uses skeletonize(GT), Dlocal=2*EDT(GT), tau=max(1 px, 0.018*DOD)",404.64,auto_detected,7.283519999999999,25328,9582,0.3783164876816172,D:\Retina\Retinal-Vessel-Segmentation-Benchmark-main\Models_output\FRUnet\test_data\HRF\pred_masks\02_h.png,D:\Retina\Retinal-Vessel-Segmentation-Benchmark-main\config\test_data\HRF\masks\02_h.tif
FRUnet,HRF,03_dr,0.5,diagnostic_test_set_scan_equal_dataset_macro_F1,"TVS = |S_GT_thin intersect M_pred| / |S_GT_thin|; S_GT_thin uses skeletonize(GT), Dlocal=2*EDT(GT), tau=max(1 px, 0.018*DOD)",345.74,auto_detected,6.223319999999999,27021,8386,0.31035120831945523,D:\Retina\Retinal-Vessel-Segmentation-Benchmark-main\Models_output\FRUnet\test_data\HRF\pred_masks\03_dr.png,D:\Retina\Retinal-Vessel-Segmentation-Benchmark-main\config\test_data\HRF\masks\03_dr.tif
FRUnet,HRF,03_g,0.5,diagnostic_test_set_scan_equal_dataset_macro_F1,"TVS = |S_GT_thin intersect M_pred| / |S_GT_thin|; S_GT_thin uses skeletonize(GT), Dlocal=2*EDT(GT), tau=max(1 px, 0.018*DOD)",394.24,auto_detected,7.0963199999999995,28857,9381,0.3250857677513255,D:\Retina\Retinal-Vessel-Segmentation-Benchmark-main\Models_output\FRUnet\test_data\HRF\pred_masks\03_g.png,D:\Retina\Retinal-Vessel-Segmentation-Benchmark-main\config\test_data\HRF\masks\03_g.tif
FRUnet,HRF,03_h,0.5,diagnostic_test_set_scan_equal_dataset_macro_F1,"TVS = |S_GT_thin intersect M_pred| / |S_GT_thin|; S_GT_thin uses skeletonize(GT), Dlocal=2*EDT(GT), tau=max(1 px, 0.018*DOD)",404.96,auto_detected,7.289279999999999,17085,3545,0.20749195200468246,D:\Retina\Retinal-Vessel-Segmentation-Benchmark-main\Models_output\FRUnet\test_data\HRF\pred_masks\03_h.png,D:\Retina\Retinal-Vessel-Segmentation-Benchmark-main\config\test_data\HRF\masks\03_h.tif
FRUnet,HRF,04_dr,0.5,diagnostic_test_set_scan_equal_dataset_macro_F1,"TVS = |S_GT_thin intersect M_pred| / |S_GT_thin|; S_GT_thin uses skeletonize(GT), Dlocal=2*EDT(GT), tau=max(1 px, 0.018*DOD)",349.68,auto_detected,6.294239999999999,29026,8208,0.2827809550058568,D:\Retina\Retinal-Vessel-Segmentation-Benchmark-main\Models_output\FRUnet\test_data\HRF\pred_masks\04_dr.png,D:\Retina\Retinal-Vessel-Segmentation-Benchmark-main\config\test_data\HRF\masks\04_dr.tif
FRUnet,HRF,04_g,0.5,diagnostic_test_set_scan_equal_dataset_macro_F1,"TVS = |S_GT_thin intersect M_pred| / |S_GT_thin|; S_GT_thin uses skeletonize(GT), Dlocal=2*EDT(GT), tau=max(1 px, 0.018*DOD)",381.53,auto_detected,6.867539999999999,32562,10411,0.3197285179043056,D:\Retina\Retinal-Vessel-Segmentation-Benchmark-main\Models_output\FRUnet\test_data\HRF\pred_masks\04_g.png,D:\Retina\Retinal-Vessel-Segmentation-Benchmark-main\config\test_data\HRF\masks\04_g.tif
FRUnet,HRF,04_h,0.5,diagnostic_test_set_scan_equal_dataset_macro_F1,"TVS = |S_GT_thin intersect M_pred| / |S_GT_thin|; S_GT_thin uses skeletonize(GT), Dlocal=2*EDT(GT), tau=max(1 px, 0.018*DOD)",389.28,auto_detected,7.007039999999999,22097,4518,0.20446214418246822,D:\Retina\Retinal-Vessel-Segmentation-Benchmark-main\Models_output\FRUnet\test_data\HRF\pred_masks\04_h.png,D:\Retina\Retinal-Vessel-Segmentation-Benchmark-main\config\test_data\HRF\masks\04_h.tif
FRUnet,HRF,05_dr,0.5,diagnostic_test_set_scan_equal_dataset_macro_F1,"TVS = |S_GT_thin intersect M_pred| / |S_GT_thin|; S_GT_thin uses skeletonize(GT), Dlocal=2*EDT(GT), tau=max(1 px, 0.018*DOD)",343.34,auto_detected,6.180119999999999,34984,13754,0.3931511548136291,D:\Retina\Retinal-Vessel-Segmentation-Benchmark-main\Models_output\FRUnet\test_data\HRF\pred_masks\05_dr.png,D:\Retina\Retinal-Vessel-Segmentation-Benchmark-main\config\test_data\HRF\masks\05_dr.tif
FRUnet,HRF,05_g,0.5,diagnostic_test_set_scan_equal_dataset_macro_F1,"TVS = |S_GT_thin intersect M_pred| / |S_GT_thin|; S_GT_thin uses skeletonize(GT), Dlocal=2*EDT(GT), tau=max(1 px, 0.018*DOD)",355.21,auto_detected,6.39378,34679,13146,0.3790766746445976,D:\Retina\Retinal-Vessel-Segmentation-Benchmark-main\Models_output\FRUnet\test_data\HRF\pred_masks\05_g.png,D:\Retina\Retinal-Vessel-Segmentation-Benchmark-main\config\test_data\HRF\masks\05_g.tif
FRUnet,HRF,05_h,0.5,diagnostic_test_set_scan_equal_dataset_macro_F1,"TVS = |S_GT_thin intersect M_pred| / |S_GT_thin|; S_GT_thin uses skeletonize(GT), Dlocal=2*EDT(GT), tau=max(1 px, 0.018*DOD)",411.55,auto_detected,7.4079,26869,10369,0.3859094123339164,D:\Retina\Retinal-Vessel-Segmentation-Benchmark-main\Models_output\FRUnet\test_data\HRF\pred_masks\05_h.png,D:\Retina\Retinal-Vessel-Segmentation-Benchmark-main\config\test_data\HRF\masks\05_h.tif
FRUnet,HRF,06_dr,0.5,diagnostic_test_set_scan_equal_dataset_macro_F1,"TVS = |S_GT_thin intersect M_pred| / |S_GT_thin|; S_GT_thin uses skeletonize(GT), Dlocal=2*EDT(GT), tau=max(1 px, 0.018*DOD)",377.23,annotation_csv,6.79014,55802,13006,0.2330740833661876,D:\Retina\Retinal-Vessel-Segmentation-Benchmark-main\Models_output\FRUnet\test_data\HRF\pred_masks\06_dr.png,D:\Retina\Retinal-Vessel-Segmentation-Benchmark-main\config\test_data\HRF\masks\06_dr.tif
FRUnet,HRF,06_g,0.5,diagnostic_test_set_scan_equal_dataset_macro_F1,"TVS = |S_GT_thin intersect M_pred| / |S_GT_thin|; S_GT_thin uses skeletonize(GT), Dlocal=2*EDT(GT), tau=max(1 px, 0.018*DOD)",364.73,auto_detected,6.5651399999999995,35175,12858,0.36554371002132197,D:\Retina\Retinal-Vessel-Segmentation-Benchmark-main\Models_output\FRUnet\test_data\HRF\pred_masks\06_g.png,D:\Retina\Retinal-Vessel-Segmentation-Benchmark-main\config\test_data\HRF\masks\06_g.tif
FRUnet,HRF,06_h,0.5,diagnostic_test_set_scan_equal_dataset_macro_F1,"TVS = |S_GT_thin intersect M_pred| / |S_GT_thin|; S_GT_thin uses skeletonize(GT), Dlocal=2*EDT(GT), tau=max(1 px, 0.018*DOD)",352.93,auto_detected,6.35274,33343,11834,0.3549170740485259,D:\Retina\Retinal-Vessel-Segmentation-Benchmark-main\Models_output\FRUnet\test_data\HRF\pred_masks\06_h.png,D:\Retina\Retinal-Vessel-Segmentation-Benchmark-main\config\test_data\HRF\masks\06_h.tif
FRUnet,HRF,07_dr,0.5,diagnostic_test_set_scan_equal_dataset_macro_F1,"TVS = |S_GT_thin intersect M_pred| / |S_GT_thin|; S_GT_thin uses skeletonize(GT), Dlocal=2*EDT(GT), tau=max(1 px, 0.018*DOD)",370.0,auto_detected,6.659999999999999,35584,15832,0.4449190647482014,D:\Retina\Retinal-Vessel-Segmentation-Benchmark-main\Models_output\FRUnet\test_data\HRF\pred_masks\07_dr.png,D:\Retina\Retinal-Vessel-Segmentation-Benchmark-main\config\test_data\HRF\masks\07_dr.tif
FRUnet,HRF,07_g,0.5,diagnostic_test_set_scan_equal_dataset_macro_F1,"TVS = |S_GT_thin intersect M_pred| / |S_GT_thin|; S_GT_thin uses skeletonize(GT), Dlocal=2*EDT(GT), tau=max(1 px, 0.018*DOD)",350.91,auto_detected,6.31638,39662,13834,0.34879733750189096,D:\Retina\Retinal-Vessel-Segmentation-Benchmark-main\Models_output\FRUnet\test_data\HRF\pred_masks\07_g.png,D:\Retina\Retinal-Vessel-Segmentation-Benchmark-main\config\test_data\HRF\masks\07_g.tif
FRUnet,HRF,07_h,0.5,diagnostic_test_set_scan_equal_dataset_macro_F1,"TVS = |S_GT_thin intersect M_pred| / |S_GT_thin|; S_GT_thin uses skeletonize(GT), Dlocal=2*EDT(GT), tau=max(1 px, 0.018*DOD)",407.9,auto_detected,7.342199999999999,27803,6118,0.22004819623781607,D:\Retina\Retinal-Vessel-Segmentation-Benchmark-main\Models_output\FRUnet\test_data\HRF\pred_masks\07_h.png,D:\Retina\Retinal-Vessel-Segmentation-Benchmark-main\config\test_data\HRF\masks\07_h.tif
FRUnet,HRF,08_dr,0.5,diagnostic_test_set_scan_equal_dataset_macro_F1,"TVS = |S_GT_thin intersect M_pred| / |S_GT_thin|; S_GT_thin uses skeletonize(GT), Dlocal=2*EDT(GT), tau=max(1 px, 0.018*DOD)",350.04,auto_detected,6.30072,34040,11928,0.35041128084606343,D:\Retina\Retinal-Vessel-Segmentation-Benchmark-main\Models_output\FRUnet\test_data\HRF\pred_masks\08_dr.png,D:\Retina\Retinal-Vessel-Segmentation-Benchmark-main\config\test_data\HRF\masks\08_dr.tif
FRUnet,HRF,08_g,0.5,diagnostic_test_set_scan_equal_dataset_macro_F1,"TVS = |S_GT_thin intersect M_pred| / |S_GT_thin|; S_GT_thin uses skeletonize(GT), Dlocal=2*EDT(GT), tau=max(1 px, 0.018*DOD)",368.1,auto_detected,6.6258,46547,20552,0.4415322147506821,D:\Retina\Retinal-Vessel-Segmentation-Benchmark-main\Models_output\FRUnet\test_data\HRF\pred_masks\08_g.png,D:\Retina\Retinal-Vessel-Segmentation-Benchmark-main\config\test_data\HRF\masks\08_g.tif
FRUnet,HRF,08_h,0.5,diagnostic_test_set_scan_equal_dataset_macro_F1,"TVS = |S_GT_thin intersect M_pred| / |S_GT_thin|; S_GT_thin uses skeletonize(GT), Dlocal=2*EDT(GT), tau=max(1 px, 0.018*DOD)",404.11,auto_detected,7.27398,31988,7506,0.23465049393522572,D:\Retina\Retinal-Vessel-Segmentation-Benchmark-main\Models_output\FRUnet\test_data\HRF\pred_masks\08_h.png,D:\Retina\Retinal-Vessel-Segmentation-Benchmark-main\config\test_data\HRF\masks\08_h.tif
FRUnet,HRF,09_dr,0.5,diagnostic_test_set_scan_equal_dataset_macro_F1,"TVS = |S_GT_thin intersect M_pred| / |S_GT_thin|; S_GT_thin uses skeletonize(GT), Dlocal=2*EDT(GT), tau=max(1 px, 0.018*DOD)",346.98,auto_detected,6.24564,26319,6339,0.24085261598085034,D:\Retina\Retinal-Vessel-Segmentation-Benchmark-main\Models_output\FRUnet\test_data\HRF\pred_masks\09_dr.png,D:\Retina\Retinal-Vessel-Segmentation-Benchmark-main\config\test_data\HRF\masks\09_dr.tif
FRUnet,HRF,09_g,0.5,diagnostic_test_set_scan_equal_dataset_macro_F1,"TVS = |S_GT_thin intersect M_pred| / |S_GT_thin|; S_GT_thin uses skeletonize(GT), Dlocal=2*EDT(GT), tau=max(1 px, 0.018*DOD)",379.64,auto_detected,6.833519999999999,42842,17629,0.41148872601652586,D:\Retina\Retinal-Vessel-Segmentation-Benchmark-main\Models_output\FRUnet\test_data\HRF\pred_masks\09_g.png,D:\Retina\Retinal-Vessel-Segmentation-Benchmark-main\config\test_data\HRF\masks\09_g.tif
FRUnet,HRF,09_h,0.5,diagnostic_test_set_scan_equal_dataset_macro_F1,"TVS = |S_GT_thin intersect M_pred| / |S_GT_thin|; S_GT_thin uses skeletonize(GT), Dlocal=2*EDT(GT), tau=max(1 px, 0.018*DOD)",399.61,auto_detected,7.1929799999999995,30678,5830,0.19003846404589608,D:\Retina\Retinal-Vessel-Segmentation-Benchmark-main\Models_output\FRUnet\test_data\HRF\pred_masks\09_h.png,D:\Retina\Retinal-Vessel-Segmentation-Benchmark-main\config\test_data\HRF\masks\09_h.tif
FRUnet,HRF,10_dr,0.5,diagnostic_test_set_scan_equal_dataset_macro_F1,"TVS = |S_GT_thin intersect M_pred| / |S_GT_thin|; S_GT_thin uses skeletonize(GT), Dlocal=2*EDT(GT), tau=max(1 px, 0.018*DOD)",366.16,auto_detected,6.59088,37150,13051,0.3513055181695828,D:\Retina\Retinal-Vessel-Segmentation-Benchmark-main\Models_output\FRUnet\test_data\HRF\pred_masks\10_dr.png,D:\Retina\Retinal-Vessel-Segmentation-Benchmark-main\config\test_data\HRF\masks\10_dr.tif
FRUnet,HRF,10_g,0.5,diagnostic_test_set_scan_equal_dataset_macro_F1,"TVS = |S_GT_thin intersect M_pred| / |S_GT_thin|; S_GT_thin uses skeletonize(GT), Dlocal=2*EDT(GT), tau=max(1 px, 0.018*DOD)",382.96,auto_detected,6.893279999999999,43463,19735,0.45406437659618526,D:\Retina\Retinal-Vessel-Segmentation-Benchmark-main\Models_output\FRUnet\test_data\HRF\pred_masks\10_g.png,D:\Retina\Retinal-Vessel-Segmentation-Benchmark-main\config\test_data\HRF\masks\10_g.tif
FRUnet,HRF,10_h,0.5,diagnostic_test_set_scan_equal_dataset_macro_F1,"TVS = |S_GT_thin intersect M_pred| / |S_GT_thin|; S_GT_thin uses skeletonize(GT), Dlocal=2*EDT(GT), tau=max(1 px, 0.018*DOD)",377.06,auto_detected,6.78708,35092,5126,0.1460731790721532,D:\Retina\Retinal-Vessel-Segmentation-Benchmark-main\Models_output\FRUnet\test_data\HRF\pred_masks\10_h.png,D:\Retina\Retinal-Vessel-Segmentation-Benchmark-main\config\test_data\HRF\masks\10_h.tif
FRUnet,HRF,11_dr,0.5,diagnostic_test_set_scan_equal_dataset_macro_F1,"TVS = |S_GT_thin intersect M_pred| / |S_GT_thin|; S_GT_thin uses skeletonize(GT), Dlocal=2*EDT(GT), tau=max(1 px, 0.018*DOD)",366.23,auto_detected,6.59214,42816,17131,0.4001074364723468,D:\Retina\Retinal-Vessel-Segmentation-Benchmark-main\Models_output\FRUnet\test_data\HRF\pred_masks\11_dr.png,D:\Retina\Retinal-Vessel-Segmentation-Benchmark-main\config\test_data\HRF\masks\11_dr.tif
FRUnet,HRF,11_g,0.5,diagnostic_test_set_scan_equal_dataset_macro_F1,"TVS = |S_GT_thin intersect M_pred| / |S_GT_thin|; S_GT_thin uses skeletonize(GT), Dlocal=2*EDT(GT), tau=max(1 px, 0.018*DOD)",388.59,auto_detected,6.994619999999999,45178,16921,0.37454070565319403,D:\Retina\Retinal-Vessel-Segmentation-Benchmark-main\Models_output\FRUnet\test_data\HRF\pred_masks\11_g.png,D:\Retina\Retinal-Vessel-Segmentation-Benchmark-main\config\test_data\HRF\masks\11_g.tif
FRUnet,HRF,11_h,0.5,diagnostic_test_set_scan_equal_dataset_macro_F1,"TVS = |S_GT_thin intersect M_pred| / |S_GT_thin|; S_GT_thin uses skeletonize(GT), Dlocal=2*EDT(GT), tau=max(1 px, 0.018*DOD)",364.47,auto_detected,6.56046,16866,6468,0.38349341871220205,D:\Retina\Retinal-Vessel-Segmentation-Benchmark-main\Models_output\FRUnet\test_data\HRF\pred_masks\11_h.png,D:\Retina\Retinal-Vessel-Segmentation-Benchmark-main\config\test_data\HRF\masks\11_h.tif
FRUnet,HRF,12_dr,0.5,diagnostic_test_set_scan_equal_dataset_macro_F1,"TVS = |S_GT_thin intersect M_pred| / |S_GT_thin|; S_GT_thin uses skeletonize(GT), Dlocal=2*EDT(GT), tau=max(1 px, 0.018*DOD)",343.86,auto_detected,6.18948,42185,14920,0.35368021808699773,D:\Retina\Retinal-Vessel-Segmentation-Benchmark-main\Models_output\FRUnet\test_data\HRF\pred_masks\12_dr.png,D:\Retina\Retinal-Vessel-Segmentation-Benchmark-main\config\test_data\HRF\masks\12_dr.tif
FRUnet,HRF,12_g,0.5,diagnostic_test_set_scan_equal_dataset_macro_F1,"TVS = |S_GT_thin intersect M_pred| / |S_GT_thin|; S_GT_thin uses skeletonize(GT), Dlocal=2*EDT(GT), tau=max(1 px, 0.018*DOD)",370.63,auto_detected,6.67134,50637,19750,0.3900310049963465,D:\Retina\Retinal-Vessel-Segmentation-Benchmark-main\Models_output\FRUnet\test_data\HRF\pred_masks\12_g.png,D:\Retina\Retinal-Vessel-Segmentation-Benchmark-main\config\test_data\HRF\masks\12_g.tif
FRUnet,HRF,12_h,0.5,diagnostic_test_set_scan_equal_dataset_macro_F1,"TVS = |S_GT_thin intersect M_pred| / |S_GT_thin|; S_GT_thin uses skeletonize(GT), Dlocal=2*EDT(GT), tau=max(1 px, 0.018*DOD)",399.76,auto_detected,7.195679999999999,20378,9625,0.47232309353224067,D:\Retina\Retinal-Vessel-Segmentation-Benchmark-main\Models_output\FRUnet\test_data\HRF\pred_masks\12_h.png,D:\Retina\Retinal-Vessel-Segmentation-Benchmark-main\config\test_data\HRF\masks\12_h.tif
FRUnet,HRF,13_dr,0.5,diagnostic_test_set_scan_equal_dataset_macro_F1,"TVS = |S_GT_thin intersect M_pred| / |S_GT_thin|; S_GT_thin uses skeletonize(GT), Dlocal=2*EDT(GT), tau=max(1 px, 0.018*DOD)",326.7,auto_detected,5.880599999999999,31848,9358,0.29383320773674954,D:\Retina\Retinal-Vessel-Segmentation-Benchmark-main\Models_output\FRUnet\test_data\HRF\pred_masks\13_dr.png,D:\Retina\Retinal-Vessel-Segmentation-Benchmark-main\config\test_data\HRF\masks\13_dr.tif
FRUnet,HRF,13_g,0.5,diagnostic_test_set_scan_equal_dataset_macro_F1,"TVS = |S_GT_thin intersect M_pred| / |S_GT_thin|; S_GT_thin uses skeletonize(GT), Dlocal=2*EDT(GT), tau=max(1 px, 0.018*DOD)",363.2,auto_detected,6.537599999999999,43757,16953,0.3874351532326256,D:\Retina\Retinal-Vessel-Segmentation-Benchmark-main\Models_output\FRUnet\test_data\HRF\pred_masks\13_g.png,D:\Retina\Retinal-Vessel-Segmentation-Benchmark-main\config\test_data\HRF\masks\13_g.tif
FRUnet,HRF,13_h,0.5,diagnostic_test_set_scan_equal_dataset_macro_F1,"TVS = |S_GT_thin intersect M_pred| / |S_GT_thin|; S_GT_thin uses skeletonize(GT), Dlocal=2*EDT(GT), tau=max(1 px, 0.018*DOD)",358.42,auto_detected,6.45156,22564,11468,0.5082432192873604,D:\Retina\Retinal-Vessel-Segmentation-Benchmark-main\Models_output\FRUnet\test_data\HRF\pred_masks\13_h.png,D:\Retina\Retinal-Vessel-Segmentation-Benchmark-main\config\test_data\HRF\masks\13_h.tif
FRUnet,HRF,14_dr,0.5,diagnostic_test_set_scan_equal_dataset_macro_F1,"TVS = |S_GT_thin intersect M_pred| / |S_GT_thin|; S_GT_thin uses skeletonize(GT), Dlocal=2*EDT(GT), tau=max(1 px, 0.018*DOD)",357.84,auto_detected,6.441119999999999,44873,16228,0.36164285873465113,D:\Retina\Retinal-Vessel-Segmentation-Benchmark-main\Models_output\FRUnet\test_data\HRF\pred_masks\14_dr.png,D:\Retina\Retinal-Vessel-Segmentation-Benchmark-main\config\test_data\HRF\masks\14_dr.tif
FRUnet,HRF,14_g,0.5,diagnostic_test_set_scan_equal_dataset_macro_F1,"TVS = |S_GT_thin intersect M_pred| / |S_GT_thin|; S_GT_thin uses skeletonize(GT), Dlocal=2*EDT(GT), tau=max(1 px, 0.018*DOD)",354.74,auto_detected,6.38532,43318,15038,0.34715360819982455,D:\Retina\Retinal-Vessel-Segmentation-Benchmark-main\Models_output\FRUnet\test_data\HRF\pred_masks\14_g.png,D:\Retina\Retinal-Vessel-Segmentation-Benchmark-main\config\test_data\HRF\masks\14_g.tif
FRUnet,HRF,14_h,0.5,diagnostic_test_set_scan_equal_dataset_macro_F1,"TVS = |S_GT_thin intersect M_pred| / |S_GT_thin|; S_GT_thin uses skeletonize(GT), Dlocal=2*EDT(GT), tau=max(1 px, 0.018*DOD)",360.28,auto_detected,6.485039999999999,20730,10052,0.48490110950313553,D:\Retina\Retinal-Vessel-Segmentation-Benchmark-main\Models_output\FRUnet\test_data\HRF\pred_masks\14_h.png,D:\Retina\Retinal-Vessel-Segmentation-Benchmark-main\config\test_data\HRF\masks\14_h.tif
FRUnet,HRF,15_dr,0.5,diagnostic_test_set_scan_equal_dataset_macro_F1,"TVS = |S_GT_thin intersect M_pred| / |S_GT_thin|; S_GT_thin uses skeletonize(GT), Dlocal=2*EDT(GT), tau=max(1 px, 0.018*DOD)",375.46,auto_detected,6.758279999999999,30865,12233,0.3963388951887251,D:\Retina\Retinal-Vessel-Segmentation-Benchmark-main\Models_output\FRUnet\test_data\HRF\pred_masks\15_dr.png,D:\Retina\Retinal-Vessel-Segmentation-Benchmark-main\config\test_data\HRF\masks\15_dr.tif
FRUnet,HRF,15_g,0.5,diagnostic_test_set_scan_equal_dataset_macro_F1,"TVS = |S_GT_thin intersect M_pred| / |S_GT_thin|; S_GT_thin uses skeletonize(GT), Dlocal=2*EDT(GT), tau=max(1 px, 0.018*DOD)",387.83,auto_detected,6.9809399999999995,39198,9401,0.23983366498290729,D:\Retina\Retinal-Vessel-Segmentation-Benchmark-main\Models_output\FRUnet\test_data\HRF\pred_masks\15_g.png,D:\Retina\Retinal-Vessel-Segmentation-Benchmark-main\config\test_data\HRF\masks\15_g.tif
FRUnet,HRF,15_h,0.5,diagnostic_test_set_scan_equal_dataset_macro_F1,"TVS = |S_GT_thin intersect M_pred| / |S_GT_thin|; S_GT_thin uses skeletonize(GT), Dlocal=2*EDT(GT), tau=max(1 px, 0.018*DOD)",355.9,auto_detected,6.406199999999999,17490,10332,0.5907375643224699,D:\Retina\Retinal-Vessel-Segmentation-Benchmark-main\Models_output\FRUnet\test_data\HRF\pred_masks\15_h.png,D:\Retina\Retinal-Vessel-Segmentation-Benchmark-main\config\test_data\HRF\masks\15_h.tif
FRUnet,LES,111,0.5,diagnostic_test_set_scan_equal_dataset_macro_F1,"TVS = |S_GT_thin intersect M_pred| / |S_GT_thin|; S_GT_thin uses skeletonize(GT), Dlocal=2*EDT(GT), tau=max(1 px, 0.018*DOD)",306.16,manual_les_csv,5.51088,4813,1408,0.29254103469769377,D:\Retina\Retinal-Vessel-Segmentation-Benchmark-main\Models_output\FRUnet\test_data\LES\pred_masks\111.png,D:\Retina\Retinal-Vessel-Segmentation-Benchmark-main\config\test_data\LES\masks\111.png
FRUnet,LES,119,0.5,diagnostic_test_set_scan_equal_dataset_macro_F1,"TVS = |S_GT_thin intersect M_pred| / |S_GT_thin|; S_GT_thin uses skeletonize(GT), Dlocal=2*EDT(GT), tau=max(1 px, 0.018*DOD)",346.16,manual_les_csv,6.23088,6466,3953,0.611351685740798,D:\Retina\Retinal-Vessel-Segmentation-Benchmark-main\Models_output\FRUnet\test_data\LES\pred_masks\119.png,D:\Retina\Retinal-Vessel-Segmentation-Benchmark-main\config\test_data\LES\masks\119.png
FRUnet,LES,12,0.5,diagnostic_test_set_scan_equal_dataset_macro_F1,"TVS = |S_GT_thin intersect M_pred| / |S_GT_thin|; S_GT_thin uses skeletonize(GT), Dlocal=2*EDT(GT), tau=max(1 px, 0.018*DOD)",342.16,manual_les_csv,6.15888,7323,3966,0.5415813191315035,D:\Retina\Retinal-Vessel-Segmentation-Benchmark-main\Models_output\FRUnet\test_data\LES\pred_masks\12.png,D:\Retina\Retinal-Vessel-Segmentation-Benchmark-main\config\test_data\LES\masks\12.png
FRUnet,LES,15,0.5,diagnostic_test_set_scan_equal_dataset_macro_F1,"TVS = |S_GT_thin intersect M_pred| / |S_GT_thin|; S_GT_thin uses skeletonize(GT), Dlocal=2*EDT(GT), tau=max(1 px, 0.018*DOD)",310.16,manual_les_csv,5.58288,2343,787,0.33589415279556123,D:\Retina\Retinal-Vessel-Segmentation-Benchmark-main\Models_output\FRUnet\test_data\LES\pred_masks\15.png,D:\Retina\Retinal-Vessel-Segmentation-Benchmark-main\config\test_data\LES\masks\15.png
FRUnet,LES,224,0.5,diagnostic_test_set_scan_equal_dataset_macro_F1,"TVS = |S_GT_thin intersect M_pred| / |S_GT_thin|; S_GT_thin uses skeletonize(GT), Dlocal=2*EDT(GT), tau=max(1 px, 0.018*DOD)",294.16,manual_les_csv,5.29488,3116,1446,0.46405648267008986,D:\Retina\Retinal-Vessel-Segmentation-Benchmark-main\Models_output\FRUnet\test_data\LES\pred_masks\224.png,D:\Retina\Retinal-Vessel-Segmentation-Benchmark-main\config\test_data\LES\masks\224.png
FRUnet,LES,240,0.5,diagnostic_test_set_scan_equal_dataset_macro_F1,"TVS = |S_GT_thin intersect M_pred| / |S_GT_thin|; S_GT_thin uses skeletonize(GT), Dlocal=2*EDT(GT), tau=max(1 px, 0.018*DOD)",286.16,manual_les_csv,5.15088,3616,1885,0.5212942477876106,D:\Retina\Retinal-Vessel-Segmentation-Benchmark-main\Models_output\FRUnet\test_data\LES\pred_masks\240.png,D:\Retina\Retinal-Vessel-Segmentation-Benchmark-main\config\test_data\LES\masks\240.png
FRUnet,LES,275,0.5,diagnostic_test_set_scan_equal_dataset_macro_F1,"TVS = |S_GT_thin intersect M_pred| / |S_GT_thin|; S_GT_thin uses skeletonize(GT), Dlocal=2*EDT(GT), tau=max(1 px, 0.018*DOD)",322.16,manual_les_csv,5.79888,4652,2261,0.48602751504729147,D:\Retina\Retinal-Vessel-Segmentation-Benchmark-main\Models_output\FRUnet\test_data\LES\pred_masks\275.png,D:\Retina\Retinal-Vessel-Segmentation-Benchmark-main\config\test_data\LES\masks\275.png
FRUnet,LES,279,0.5,diagnostic_test_set_scan_equal_dataset_macro_F1,"TVS = |S_GT_thin intersect M_pred| / |S_GT_thin|; S_GT_thin uses skeletonize(GT), Dlocal=2*EDT(GT), tau=max(1 px, 0.018*DOD)",354.16,manual_les_csv,6.37488,5525,3280,0.5936651583710407,D:\Retina\Retinal-Vessel-Segmentation-Benchmark-main\Models_output\FRUnet\test_data\LES\pred_masks\279.png,D:\Retina\Retinal-Vessel-Segmentation-Benchmark-main\config\test_data\LES\masks\279.png
FRUnet,LES,304,0.5,diagnostic_test_set_scan_equal_dataset_macro_F1,"TVS = |S_GT_thin intersect M_pred| / |S_GT_thin|; S_GT_thin uses skeletonize(GT), Dlocal=2*EDT(GT), tau=max(1 px, 0.018*DOD)",322.16,manual_les_csv,5.79888,2415,1119,0.46335403726708074,D:\Retina\Retinal-Vessel-Segmentation-Benchmark-main\Models_output\FRUnet\test_data\LES\pred_masks\304.png,D:\Retina\Retinal-Vessel-Segmentation-Benchmark-main\config\test_data\LES\masks\304.png
FRUnet,LES,318,0.5,diagnostic_test_set_scan_equal_dataset_macro_F1,"TVS = |S_GT_thin intersect M_pred| / |S_GT_thin|; S_GT_thin uses skeletonize(GT), Dlocal=2*EDT(GT), tau=max(1 px, 0.018*DOD)",262.16,manual_les_csv,4.71888,3218,1612,0.5009322560596644,D:\Retina\Retinal-Vessel-Segmentation-Benchmark-main\Models_output\FRUnet\test_data\LES\pred_masks\318.png,D:\Retina\Retinal-Vessel-Segmentation-Benchmark-main\config\test_data\LES\masks\318.png
FRUnet,LES,33,0.5,diagnostic_test_set_scan_equal_dataset_macro_F1,"TVS = |S_GT_thin intersect M_pred| / |S_GT_thin|; S_GT_thin uses skeletonize(GT), Dlocal=2*EDT(GT), tau=max(1 px, 0.018*DOD)",290.16,manual_les_csv,5.22288,5124,999,0.19496487119437939,D:\Retina\Retinal-Vessel-Segmentation-Benchmark-main\Models_output\FRUnet\test_data\LES\pred_masks\33.png,D:\Retina\Retinal-Vessel-Segmentation-Benchmark-main\config\test_data\LES\masks\33.png
FRUnet,LES,34,0.5,diagnostic_test_set_scan_equal_dataset_macro_F1,"TVS = |S_GT_thin intersect M_pred| / |S_GT_thin|; S_GT_thin uses skeletonize(GT), Dlocal=2*EDT(GT), tau=max(1 px, 0.018*DOD)",310.12,manual_les_csv,5.58216,7573,1117,0.14749768915885383,D:\Retina\Retinal-Vessel-Segmentation-Benchmark-main\Models_output\FRUnet\test_data\LES\pred_masks\34.png,D:\Retina\Retinal-Vessel-Segmentation-Benchmark-main\config\test_data\LES\masks\34.png
FRUnet,LES,367,0.5,diagnostic_test_set_scan_equal_dataset_macro_F1,"TVS = |S_GT_thin intersect M_pred| / |S_GT_thin|; S_GT_thin uses skeletonize(GT), Dlocal=2*EDT(GT), tau=max(1 px, 0.018*DOD)",266.16,manual_les_csv,4.7908800000000005,3456,1638,0.4739583333333333,D:\Retina\Retinal-Vessel-Segmentation-Benchmark-main\Models_output\FRUnet\test_data\LES\pred_masks\367.png,D:\Retina\Retinal-Vessel-Segmentation-Benchmark-main\config\test_data\LES\masks\367.png
FRUnet,LES,37,0.5,diagnostic_test_set_scan_equal_dataset_macro_F1,"TVS = |S_GT_thin intersect M_pred| / |S_GT_thin|; S_GT_thin uses skeletonize(GT), Dlocal=2*EDT(GT), tau=max(1 px, 0.018*DOD)",326.16,manual_les_csv,5.87088,3535,1386,0.3920792079207921,D:\Retina\Retinal-Vessel-Segmentation-Benchmark-main\Models_output\FRUnet\test_data\LES\pred_masks\37.png,D:\Retina\Retinal-Vessel-Segmentation-Benchmark-main\config\test_data\LES\masks\37.png
FRUnet,LES,370,0.5,diagnostic_test_set_scan_equal_dataset_macro_F1,"TVS = |S_GT_thin intersect M_pred| / |S_GT_thin|; S_GT_thin uses skeletonize(GT), Dlocal=2*EDT(GT), tau=max(1 px, 0.018*DOD)",270.16,manual_les_csv,4.86288,3505,2166,0.6179743223965763,D:\Retina\Retinal-Vessel-Segmentation-Benchmark-main\Models_output\FRUnet\test_data\LES\pred_masks\370.png,D:\Retina\Retinal-Vessel-Segmentation-Benchmark-main\config\test_data\LES\masks\370.png
FRUnet,LES,42,0.5,diagnostic_test_set_scan_equal_dataset_macro_F1,"TVS = |S_GT_thin intersect M_pred| / |S_GT_thin|; S_GT_thin uses skeletonize(GT), Dlocal=2*EDT(GT), tau=max(1 px, 0.018*DOD)",306.16,manual_les_csv,5.51088,3697,1176,0.31809575331349743,D:\Retina\Retinal-Vessel-Segmentation-Benchmark-main\Models_output\FRUnet\test_data\LES\pred_masks\42.png,D:\Retina\Retinal-Vessel-Segmentation-Benchmark-main\config\test_data\LES\masks\42.png
FRUnet,LES,486,0.5,diagnostic_test_set_scan_equal_dataset_macro_F1,"TVS = |S_GT_thin intersect M_pred| / |S_GT_thin|; S_GT_thin uses skeletonize(GT), Dlocal=2*EDT(GT), tau=max(1 px, 0.018*DOD)",270.16,manual_les_csv,4.86288,2614,1160,0.44376434583014535,D:\Retina\Retinal-Vessel-Segmentation-Benchmark-main\Models_output\FRUnet\test_data\LES\pred_masks\486.png,D:\Retina\Retinal-Vessel-Segmentation-Benchmark-main\config\test_data\LES\masks\486.png
FRUnet,LES,49,0.5,diagnostic_test_set_scan_equal_dataset_macro_F1,"TVS = |S_GT_thin intersect M_pred| / |S_GT_thin|; S_GT_thin uses skeletonize(GT), Dlocal=2*EDT(GT), tau=max(1 px, 0.018*DOD)",258.16,manual_les_csv,4.64688,2818,836,0.2966643009226402,D:\Retina\Retinal-Vessel-Segmentation-Benchmark-main\Models_output\FRUnet\test_data\LES\pred_masks\49.png,D:\Retina\Retinal-Vessel-Segmentation-Benchmark-main\config\test_data\LES\masks\49.png
FRUnet,LES,529,0.5,diagnostic_test_set_scan_equal_dataset_macro_F1,"TVS = |S_GT_thin intersect M_pred| / |S_GT_thin|; S_GT_thin uses skeletonize(GT), Dlocal=2*EDT(GT), tau=max(1 px, 0.018*DOD)",314.16,manual_les_csv,5.65488,1939,896,0.4620938628158845,D:\Retina\Retinal-Vessel-Segmentation-Benchmark-main\Models_output\FRUnet\test_data\LES\pred_masks\529.png,D:\Retina\Retinal-Vessel-Segmentation-Benchmark-main\config\test_data\LES\masks\529.png
FRUnet,LES,53,0.5,diagnostic_test_set_scan_equal_dataset_macro_F1,"TVS = |S_GT_thin intersect M_pred| / |S_GT_thin|; S_GT_thin uses skeletonize(GT), Dlocal=2*EDT(GT), tau=max(1 px, 0.018*DOD)",290.16,manual_les_csv,5.22288,3970,1462,0.36826196473551637,D:\Retina\Retinal-Vessel-Segmentation-Benchmark-main\Models_output\FRUnet\test_data\LES\pred_masks\53.png,D:\Retina\Retinal-Vessel-Segmentation-Benchmark-main\config\test_data\LES\masks\53.png
FRUnet,LES,586,0.5,diagnostic_test_set_scan_equal_dataset_macro_F1,"TVS = |S_GT_thin intersect M_pred| / |S_GT_thin|; S_GT_thin uses skeletonize(GT), Dlocal=2*EDT(GT), tau=max(1 px, 0.018*DOD)",326.16,manual_les_csv,5.87088,4752,2520,0.5303030303030303,D:\Retina\Retinal-Vessel-Segmentation-Benchmark-main\Models_output\FRUnet\test_data\LES\pred_masks\586.png,D:\Retina\Retinal-Vessel-Segmentation-Benchmark-main\config\test_data\LES\masks\586.png
FRUnet,LES,90,0.5,diagnostic_test_set_scan_equal_dataset_macro_F1,"TVS = |S_GT_thin intersect M_pred| / |S_GT_thin|; S_GT_thin uses skeletonize(GT), Dlocal=2*EDT(GT), tau=max(1 px, 0.018*DOD)",282.16,manual_les_csv,5.07888,2987,908,0.3039839303649146,D:\Retina\Retinal-Vessel-Segmentation-Benchmark-main\Models_output\FRUnet\test_data\LES\pred_masks\90.png,D:\Retina\Retinal-Vessel-Segmentation-Benchmark-main\config\test_data\LES\masks\90.png
FRUnet,STARE,im0001,0.5,diagnostic_test_set_scan_equal_dataset_macro_F1,"TVS = |S_GT_thin intersect M_pred| / |S_GT_thin|; S_GT_thin uses skeletonize(GT), Dlocal=2*EDT(GT), tau=max(1 px, 0.018*DOD)",119.04,annotation_csv,2.1427199999999997,2392,1333,0.5572742474916388,D:\Retina\Retinal-Vessel-Segmentation-Benchmark-main\Models_output\FRUnet\test_data\STARE\pred_masks\im0001.png,D:\Retina\Retinal-Vessel-Segmentation-Benchmark-main\config\test_data\STARE\masks\im0001.png
FRUnet,STARE,im0002,0.5,diagnostic_test_set_scan_equal_dataset_macro_F1,"TVS = |S_GT_thin intersect M_pred| / |S_GT_thin|; S_GT_thin uses skeletonize(GT), Dlocal=2*EDT(GT), tau=max(1 px, 0.018*DOD)",97.74,auto_detected,1.7593199999999998,0,0,0.0,D:\Retina\Retinal-Vessel-Segmentation-Benchmark-main\Models_output\FRUnet\test_data\STARE\pred_masks\im0002.png,D:\Retina\Retinal-Vessel-Segmentation-Benchmark-main\config\test_data\STARE\masks\im0002.png
FRUnet,STARE,im0003,0.5,diagnostic_test_set_scan_equal_dataset_macro_F1,"TVS = |S_GT_thin intersect M_pred| / |S_GT_thin|; S_GT_thin uses skeletonize(GT), Dlocal=2*EDT(GT), tau=max(1 px, 0.018*DOD)",130.73,auto_detected,2.35314,1973,987,0.5002534211860111,D:\Retina\Retinal-Vessel-Segmentation-Benchmark-main\Models_output\FRUnet\test_data\STARE\pred_masks\im0003.png,D:\Retina\Retinal-Vessel-Segmentation-Benchmark-main\config\test_data\STARE\masks\im0003.png
FRUnet,STARE,im0004,0.5,diagnostic_test_set_scan_equal_dataset_macro_F1,"TVS = |S_GT_thin intersect M_pred| / |S_GT_thin|; S_GT_thin uses skeletonize(GT), Dlocal=2*EDT(GT), tau=max(1 px, 0.018*DOD)",111.92,auto_detected,2.01456,629,213,0.3386327503974563,D:\Retina\Retinal-Vessel-Segmentation-Benchmark-main\Models_output\FRUnet\test_data\STARE\pred_masks\im0004.png,D:\Retina\Retinal-Vessel-Segmentation-Benchmark-main\config\test_data\STARE\masks\im0004.png
FRUnet,STARE,im0005,0.5,diagnostic_test_set_scan_equal_dataset_macro_F1,"TVS = |S_GT_thin intersect M_pred| / |S_GT_thin|; S_GT_thin uses skeletonize(GT), Dlocal=2*EDT(GT), tau=max(1 px, 0.018*DOD)",131.87,auto_detected,2.37366,814,487,0.5982800982800983,D:\Retina\Retinal-Vessel-Segmentation-Benchmark-main\Models_output\FRUnet\test_data\STARE\pred_masks\im0005.png,D:\Retina\Retinal-Vessel-Segmentation-Benchmark-main\config\test_data\STARE\masks\im0005.png
FRUnet,STARE,im0044,0.5,diagnostic_test_set_scan_equal_dataset_macro_F1,"TVS = |S_GT_thin intersect M_pred| / |S_GT_thin|; S_GT_thin uses skeletonize(GT), Dlocal=2*EDT(GT), tau=max(1 px, 0.018*DOD)",133.3,auto_detected,2.3994,1979,1217,0.6149570490146539,D:\Retina\Retinal-Vessel-Segmentation-Benchmark-main\Models_output\FRUnet\test_data\STARE\pred_masks\im0044.png,D:\Retina\Retinal-Vessel-Segmentation-Benchmark-main\config\test_data\STARE\masks\im0044.png
FRUnet,STARE,im0077,0.5,diagnostic_test_set_scan_equal_dataset_macro_F1,"TVS = |S_GT_thin intersect M_pred| / |S_GT_thin|; S_GT_thin uses skeletonize(GT), Dlocal=2*EDT(GT), tau=max(1 px, 0.018*DOD)",134.65,auto_detected,2.4236999999999997,3465,2643,0.7627705627705628,D:\Retina\Retinal-Vessel-Segmentation-Benchmark-main\Models_output\FRUnet\test_data\STARE\pred_masks\im0077.png,D:\Retina\Retinal-Vessel-Segmentation-Benchmark-main\config\test_data\STARE\masks\im0077.png
FRUnet,STARE,im0081,0.5,diagnostic_test_set_scan_equal_dataset_macro_F1,"TVS = |S_GT_thin intersect M_pred| / |S_GT_thin|; S_GT_thin uses skeletonize(GT), Dlocal=2*EDT(GT), tau=max(1 px, 0.018*DOD)",116.54,auto_detected,2.09772,3163,2396,0.7575086942775846,D:\Retina\Retinal-Vessel-Segmentation-Benchmark-main\Models_output\FRUnet\test_data\STARE\pred_masks\im0081.png,D:\Retina\Retinal-Vessel-Segmentation-Benchmark-main\config\test_data\STARE\masks\im0081.png
FRUnet,STARE,im0082,0.5,diagnostic_test_set_scan_equal_dataset_macro_F1,"TVS = |S_GT_thin intersect M_pred| / |S_GT_thin|; S_GT_thin uses skeletonize(GT), Dlocal=2*EDT(GT), tau=max(1 px, 0.018*DOD)",120.44,auto_detected,2.1679199999999996,3691,2230,0.604172311026822,D:\Retina\Retinal-Vessel-Segmentation-Benchmark-main\Models_output\FRUnet\test_data\STARE\pred_masks\im0082.png,D:\Retina\Retinal-Vessel-Segmentation-Benchmark-main\config\test_data\STARE\masks\im0082.png
FRUnet,STARE,im0139,0.5,diagnostic_test_set_scan_equal_dataset_macro_F1,"TVS = |S_GT_thin intersect M_pred| / |S_GT_thin|; S_GT_thin uses skeletonize(GT), Dlocal=2*EDT(GT), tau=max(1 px, 0.018*DOD)",93.91,auto_detected,1.6903799999999998,0,0,0.0,D:\Retina\Retinal-Vessel-Segmentation-Benchmark-main\Models_output\FRUnet\test_data\STARE\pred_masks\im0139.png,D:\Retina\Retinal-Vessel-Segmentation-Benchmark-main\config\test_data\STARE\masks\im0139.png
FRUnet,STARE,im0162,0.5,diagnostic_test_set_scan_equal_dataset_macro_F1,"TVS = |S_GT_thin intersect M_pred| / |S_GT_thin|; S_GT_thin uses skeletonize(GT), Dlocal=2*EDT(GT), tau=max(1 px, 0.018*DOD)",93.13,auto_detected,1.6763399999999997,0,0,0.0,D:\Retina\Retinal-Vessel-Segmentation-Benchmark-main\Models_output\FRUnet\test_data\STARE\pred_masks\im0162.png,D:\Retina\Retinal-Vessel-Segmentation-Benchmark-main\config\test_data\STARE\masks\im0162.png
FRUnet,STARE,im0163,0.5,diagnostic_test_set_scan_equal_dataset_macro_F1,"TVS = |S_GT_thin intersect M_pred| / |S_GT_thin|; S_GT_thin uses skeletonize(GT), Dlocal=2*EDT(GT), tau=max(1 px, 0.018*DOD)",121.3,auto_detected,2.1834,3200,2245,0.7015625,D:\Retina\Retinal-Vessel-Segmentation-Benchmark-main\Models_output\FRUnet\test_data\STARE\pred_masks\im0163.png,D:\Retina\Retinal-Vessel-Segmentation-Benchmark-main\config\test_data\STARE\masks\im0163.png
FRUnet,STARE,im0235,0.5,diagnostic_test_set_scan_equal_dataset_macro_F1,"TVS = |S_GT_thin intersect M_pred| / |S_GT_thin|; S_GT_thin uses skeletonize(GT), Dlocal=2*EDT(GT), tau=max(1 px, 0.018*DOD)",122.39,annotation_csv,2.20302,3131,2024,0.6464388374321303,D:\Retina\Retinal-Vessel-Segmentation-Benchmark-main\Models_output\FRUnet\test_data\STARE\pred_masks\im0235.png,D:\Retina\Retinal-Vessel-Segmentation-Benchmark-main\config\test_data\STARE\masks\im0235.png
FRUnet,STARE,im0236,0.5,diagnostic_test_set_scan_equal_dataset_macro_F1,"TVS = |S_GT_thin intersect M_pred| / |S_GT_thin|; S_GT_thin uses skeletonize(GT), Dlocal=2*EDT(GT), tau=max(1 px, 0.018*DOD)",121.2,auto_detected,2.1816,2506,1426,0.5690343176376695,D:\Retina\Retinal-Vessel-Segmentation-Benchmark-main\Models_output\FRUnet\test_data\STARE\pred_masks\im0236.png,D:\Retina\Retinal-Vessel-Segmentation-Benchmark-main\config\test_data\STARE\masks\im0236.png
FRUnet,STARE,im0239,0.5,diagnostic_test_set_scan_equal_dataset_macro_F1,"TVS = |S_GT_thin intersect M_pred| / |S_GT_thin|; S_GT_thin uses skeletonize(GT), Dlocal=2*EDT(GT), tau=max(1 px, 0.018*DOD)",125.87,auto_detected,2.26566,2969,1394,0.469518356348939,D:\Retina\Retinal-Vessel-Segmentation-Benchmark-main\Models_output\FRUnet\test_data\STARE\pred_masks\im0239.png,D:\Retina\Retinal-Vessel-Segmentation-Benchmark-main\config\test_data\STARE\masks\im0239.png
FRUnet,STARE,im0240,0.5,diagnostic_test_set_scan_equal_dataset_macro_F1,"TVS = |S_GT_thin intersect M_pred| / |S_GT_thin|; S_GT_thin uses skeletonize(GT), Dlocal=2*EDT(GT), tau=max(1 px, 0.018*DOD)",133.44,auto_detected,2.4019199999999996,1136,792,0.6971830985915493,D:\Retina\Retinal-Vessel-Segmentation-Benchmark-main\Models_output\FRUnet\test_data\STARE\pred_masks\im0240.png,D:\Retina\Retinal-Vessel-Segmentation-Benchmark-main\config\test_data\STARE\masks\im0240.png
FRUnet,STARE,im0255,0.5,diagnostic_test_set_scan_equal_dataset_macro_F1,"TVS = |S_GT_thin intersect M_pred| / |S_GT_thin|; S_GT_thin uses skeletonize(GT), Dlocal=2*EDT(GT), tau=max(1 px, 0.018*DOD)",89.18,auto_detected,1.60524,0,0,0.0,D:\Retina\Retinal-Vessel-Segmentation-Benchmark-main\Models_output\FRUnet\test_data\STARE\pred_masks\im0255.png,D:\Retina\Retinal-Vessel-Segmentation-Benchmark-main\config\test_data\STARE\masks\im0255.png
FRUnet,STARE,im0291,0.5,diagnostic_test_set_scan_equal_dataset_macro_F1,"TVS = |S_GT_thin intersect M_pred| / |S_GT_thin|; S_GT_thin uses skeletonize(GT), Dlocal=2*EDT(GT), tau=max(1 px, 0.018*DOD)",109.2,auto_detected,1.9655999999999998,0,0,0.0,D:\Retina\Retinal-Vessel-Segmentation-Benchmark-main\Models_output\FRUnet\test_data\STARE\pred_masks\im0291.png,D:\Retina\Retinal-Vessel-Segmentation-Benchmark-main\config\test_data\STARE\masks\im0291.png
FRUnet,STARE,im0319,0.5,diagnostic_test_set_scan_equal_dataset_macro_F1,"TVS = |S_GT_thin intersect M_pred| / |S_GT_thin|; S_GT_thin uses skeletonize(GT), Dlocal=2*EDT(GT), tau=max(1 px, 0.018*DOD)",125.2,auto_detected,2.2536,1459,456,0.3125428375599726,D:\Retina\Retinal-Vessel-Segmentation-Benchmark-main\Models_output\FRUnet\test_data\STARE\pred_masks\im0319.png,D:\Retina\Retinal-Vessel-Segmentation-Benchmark-main\config\test_data\STARE\masks\im0319.png
FRUnet,STARE,im0324,0.5,diagnostic_test_set_scan_equal_dataset_macro_F1,"TVS = |S_GT_thin intersect M_pred| / |S_GT_thin|; S_GT_thin uses skeletonize(GT), Dlocal=2*EDT(GT), tau=max(1 px, 0.018*DOD)",138.12,auto_detected,2.48616,1101,370,0.33605812897366033,D:\Retina\Retinal-Vessel-Segmentation-Benchmark-main\Models_output\FRUnet\test_data\STARE\pred_masks\im0324.png,D:\Retina\Retinal-Vessel-Segmentation-Benchmark-main\config\test_data\STARE\masks\im0324.png
FSG-Net-HRF,AFIO,IM000001,0.55,diagnostic_test_set_scan_equal_dataset_macro_F1,"TVS = |S_GT_thin intersect M_pred| / |S_GT_thin|; S_GT_thin uses skeletonize(GT), Dlocal=2*EDT(GT), tau=max(1 px, 0.018*DOD)",119.7,auto_detected,2.1546,49,31,0.6326530612244898,D:\Retina\Retinal-Vessel-Segmentation-Benchmark-main\Models_output\FSG-Net-HRF\test_data\AFIO\pred_masks\IM000001.png,D:\Retina\Retinal-Vessel-Segmentation-Benchmark-main\config\test_data\AFIO\masks\IM000001.png
FSG-Net-HRF,AFIO,IM000004,0.55,diagnostic_test_set_scan_equal_dataset_macro_F1,"TVS = |S_GT_thin intersect M_pred| / |S_GT_thin|; S_GT_thin uses skeletonize(GT), Dlocal=2*EDT(GT), tau=max(1 px, 0.018*DOD)",124.56,auto_detected,2.24208,233,97,0.41630901287553645,D:\Retina\Retinal-Vessel-Segmentation-Benchmark-main\Models_output\FSG-Net-HRF\test_data\AFIO\pred_masks\IM000004.png,D:\Retina\Retinal-Vessel-Segmentation-Benchmark-main\config\test_data\AFIO\masks\IM000004.png
FSG-Net-HRF,AFIO,IM000023,0.55,diagnostic_test_set_scan_equal_dataset_macro_F1,"TVS = |S_GT_thin intersect M_pred| / |S_GT_thin|; S_GT_thin uses skeletonize(GT), Dlocal=2*EDT(GT), tau=max(1 px, 0.018*DOD)",128.0,auto_detected,2.304,189,42,0.2222222222222222,D:\Retina\Retinal-Vessel-Segmentation-Benchmark-main\Models_output\FSG-Net-HRF\test_data\AFIO\pred_masks\IM000023.png,D:\Retina\Retinal-Vessel-Segmentation-Benchmark-main\config\test_data\AFIO\masks\IM000023.png
FSG-Net-HRF,AFIO,IM000024,0.55,diagnostic_test_set_scan_equal_dataset_macro_F1,"TVS = |S_GT_thin intersect M_pred| / |S_GT_thin|; S_GT_thin uses skeletonize(GT), Dlocal=2*EDT(GT), tau=max(1 px, 0.018*DOD)",135.87,auto_detected,2.4456599999999997,225,43,0.19111111111111112,D:\Retina\Retinal-Vessel-Segmentation-Benchmark-main\Models_output\FSG-Net-HRF\test_data\AFIO\pred_masks\IM000024.png,D:\Retina\Retinal-Vessel-Segmentation-Benchmark-main\config\test_data\AFIO\masks\IM000024.png
FSG-Net-HRF,AFIO,IM000135,0.55,diagnostic_test_set_scan_equal_dataset_macro_F1,"TVS = |S_GT_thin intersect M_pred| / |S_GT_thin|; S_GT_thin uses skeletonize(GT), Dlocal=2*EDT(GT), tau=max(1 px, 0.018*DOD)",150.24,auto_detected,2.70432,598,108,0.1806020066889632,D:\Retina\Retinal-Vessel-Segmentation-Benchmark-main\Models_output\FSG-Net-HRF\test_data\AFIO\pred_masks\IM000135.png,D:\Retina\Retinal-Vessel-Segmentation-Benchmark-main\config\test_data\AFIO\masks\IM000135.png
FSG-Net-HRF,AFIO,IM000136,0.55,diagnostic_test_set_scan_equal_dataset_macro_F1,"TVS = |S_GT_thin intersect M_pred| / |S_GT_thin|; S_GT_thin uses skeletonize(GT), Dlocal=2*EDT(GT), tau=max(1 px, 0.018*DOD)",141.64,auto_detected,2.5495199999999993,26,8,0.3076923076923077,D:\Retina\Retinal-Vessel-Segmentation-Benchmark-main\Models_output\FSG-Net-HRF\test_data\AFIO\pred_masks\IM000136.png,D:\Retina\Retinal-Vessel-Segmentation-Benchmark-main\config\test_data\AFIO\masks\IM000136.png
FSG-Net-HRF,AFIO,IM000167,0.55,diagnostic_test_set_scan_equal_dataset_macro_F1,"TVS = |S_GT_thin intersect M_pred| / |S_GT_thin|; S_GT_thin uses skeletonize(GT), Dlocal=2*EDT(GT), tau=max(1 px, 0.018*DOD)",121.13,auto_detected,2.1803399999999997,31,13,0.41935483870967744,D:\Retina\Retinal-Vessel-Segmentation-Benchmark-main\Models_output\FSG-Net-HRF\test_data\AFIO\pred_masks\IM000167.png,D:\Retina\Retinal-Vessel-Segmentation-Benchmark-main\config\test_data\AFIO\masks\IM000167.png
FSG-Net-HRF,AFIO,IM000168,0.55,diagnostic_test_set_scan_equal_dataset_macro_F1,"TVS = |S_GT_thin intersect M_pred| / |S_GT_thin|; S_GT_thin uses skeletonize(GT), Dlocal=2*EDT(GT), tau=max(1 px, 0.018*DOD)",139.57,auto_detected,2.5122599999999995,184,29,0.15760869565217392,D:\Retina\Retinal-Vessel-Segmentation-Benchmark-main\Models_output\FSG-Net-HRF\test_data\AFIO\pred_masks\IM000168.png,D:\Retina\Retinal-Vessel-Segmentation-Benchmark-main\config\test_data\AFIO\masks\IM000168.png
FSG-Net-HRF,AFIO,IM000189,0.55,diagnostic_test_set_scan_equal_dataset_macro_F1,"TVS = |S_GT_thin intersect M_pred| / |S_GT_thin|; S_GT_thin uses skeletonize(GT), Dlocal=2*EDT(GT), tau=max(1 px, 0.018*DOD)",149.53,auto_detected,2.69154,148,47,0.31756756756756754,D:\Retina\Retinal-Vessel-Segmentation-Benchmark-main\Models_output\FSG-Net-HRF\test_data\AFIO\pred_masks\IM000189.png,D:\Retina\Retinal-Vessel-Segmentation-Benchmark-main\config\test_data\AFIO\masks\IM000189.png
FSG-Net-HRF,AFIO,IM000209,0.55,diagnostic_test_set_scan_equal_dataset_macro_F1,"TVS = |S_GT_thin intersect M_pred| / |S_GT_thin|; S_GT_thin uses skeletonize(GT), Dlocal=2*EDT(GT), tau=max(1 px, 0.018*DOD)",140.0,auto_detected,2.52,74,20,0.2702702702702703,D:\Retina\Retinal-Vessel-Segmentation-Benchmark-main\Models_output\FSG-Net-HRF\test_data\AFIO\pred_masks\IM000209.png,D:\Retina\Retinal-Vessel-Segmentation-Benchmark-main\config\test_data\AFIO\masks\IM000209.png
FSG-Net-HRF,AFIO,IM000210,0.55,diagnostic_test_set_scan_equal_dataset_macro_F1,"TVS = |S_GT_thin intersect M_pred| / |S_GT_thin|; S_GT_thin uses skeletonize(GT), Dlocal=2*EDT(GT), tau=max(1 px, 0.018*DOD)",164.3,auto_detected,2.9574,922,235,0.25488069414316705,D:\Retina\Retinal-Vessel-Segmentation-Benchmark-main\Models_output\FSG-Net-HRF\test_data\AFIO\pred_masks\IM000210.png,D:\Retina\Retinal-Vessel-Segmentation-Benchmark-main\config\test_data\AFIO\masks\IM000210.png
FSG-Net-HRF,AFIO,IM000333,0.55,diagnostic_test_set_scan_equal_dataset_macro_F1,"TVS = |S_GT_thin intersect M_pred| / |S_GT_thin|; S_GT_thin uses skeletonize(GT), Dlocal=2*EDT(GT), tau=max(1 px, 0.018*DOD)",134.96,auto_detected,2.42928,41,22,0.5365853658536586,D:\Retina\Retinal-Vessel-Segmentation-Benchmark-main\Models_output\FSG-Net-HRF\test_data\AFIO\pred_masks\IM000333.png,D:\Retina\Retinal-Vessel-Segmentation-Benchmark-main\config\test_data\AFIO\masks\IM000333.png
FSG-Net-HRF,AFIO,IM000389,0.55,diagnostic_test_set_scan_equal_dataset_macro_F1,"TVS = |S_GT_thin intersect M_pred| / |S_GT_thin|; S_GT_thin uses skeletonize(GT), Dlocal=2*EDT(GT), tau=max(1 px, 0.018*DOD)",137.55,auto_detected,2.4759,43,2,0.046511627906976744,D:\Retina\Retinal-Vessel-Segmentation-Benchmark-main\Models_output\FSG-Net-HRF\test_data\AFIO\pred_masks\IM000389.png,D:\Retina\Retinal-Vessel-Segmentation-Benchmark-main\config\test_data\AFIO\masks\IM000389.png
FSG-Net-HRF,AFIO,IM000390,0.55,diagnostic_test_set_scan_equal_dataset_macro_F1,"TVS = |S_GT_thin intersect M_pred| / |S_GT_thin|; S_GT_thin uses skeletonize(GT), Dlocal=2*EDT(GT), tau=max(1 px, 0.018*DOD)",138.93,auto_detected,2.50074,34,16,0.47058823529411764,D:\Retina\Retinal-Vessel-Segmentation-Benchmark-main\Models_output\FSG-Net-HRF\test_data\AFIO\pred_masks\IM000390.png,D:\Retina\Retinal-Vessel-Segmentation-Benchmark-main\config\test_data\AFIO\masks\IM000390.png
FSG-Net-HRF,AFIO,IM000678,0.55,diagnostic_test_set_scan_equal_dataset_macro_F1,"TVS = |S_GT_thin intersect M_pred| / |S_GT_thin|; S_GT_thin uses skeletonize(GT), Dlocal=2*EDT(GT), tau=max(1 px, 0.018*DOD)",148.0,auto_detected,2.6639999999999997,92,44,0.4782608695652174,D:\Retina\Retinal-Vessel-Segmentation-Benchmark-main\Models_output\FSG-Net-HRF\test_data\AFIO\pred_masks\IM000678.png,D:\Retina\Retinal-Vessel-Segmentation-Benchmark-main\config\test_data\AFIO\masks\IM000678.png
FSG-Net-HRF,AFIO,IM000679,0.55,diagnostic_test_set_scan_equal_dataset_macro_F1,"TVS = |S_GT_thin intersect M_pred| / |S_GT_thin|; S_GT_thin uses skeletonize(GT), Dlocal=2*EDT(GT), tau=max(1 px, 0.018*DOD)",148.0,annotation_csv,2.6639999999999997,55,18,0.32727272727272727,D:\Retina\Retinal-Vessel-Segmentation-Benchmark-main\Models_output\FSG-Net-HRF\test_data\AFIO\pred_masks\IM000679.png,D:\Retina\Retinal-Vessel-Segmentation-Benchmark-main\config\test_data\AFIO\masks\IM000679.png
FSG-Net-HRF,AFIO,IM000715,0.55,diagnostic_test_set_scan_equal_dataset_macro_F1,"TVS = |S_GT_thin intersect M_pred| / |S_GT_thin|; S_GT_thin uses skeletonize(GT), Dlocal=2*EDT(GT), tau=max(1 px, 0.018*DOD)",159.12,auto_detected,2.86416,556,355,0.6384892086330936,D:\Retina\Retinal-Vessel-Segmentation-Benchmark-main\Models_output\FSG-Net-HRF\test_data\AFIO\pred_masks\IM000715.png,D:\Retina\Retinal-Vessel-Segmentation-Benchmark-main\config\test_data\AFIO\masks\IM000715.png
FSG-Net-HRF,AFIO,IM000716,0.55,diagnostic_test_set_scan_equal_dataset_macro_F1,"TVS = |S_GT_thin intersect M_pred| / |S_GT_thin|; S_GT_thin uses skeletonize(GT), Dlocal=2*EDT(GT), tau=max(1 px, 0.018*DOD)",161.11,auto_detected,2.8999800000000002,1574,618,0.3926302414231258,D:\Retina\Retinal-Vessel-Segmentation-Benchmark-main\Models_output\FSG-Net-HRF\test_data\AFIO\pred_masks\IM000716.png,D:\Retina\Retinal-Vessel-Segmentation-Benchmark-main\config\test_data\AFIO\masks\IM000716.png
FSG-Net-HRF,AFIO,IM000938,0.55,diagnostic_test_set_scan_equal_dataset_macro_F1,"TVS = |S_GT_thin intersect M_pred| / |S_GT_thin|; S_GT_thin uses skeletonize(GT), Dlocal=2*EDT(GT), tau=max(1 px, 0.018*DOD)",150.69,auto_detected,2.71242,46,15,0.32608695652173914,D:\Retina\Retinal-Vessel-Segmentation-Benchmark-main\Models_output\FSG-Net-HRF\test_data\AFIO\pred_masks\IM000938.png,D:\Retina\Retinal-Vessel-Segmentation-Benchmark-main\config\test_data\AFIO\masks\IM000938.png
FSG-Net-HRF,AFIO,IM001031,0.55,diagnostic_test_set_scan_equal_dataset_macro_F1,"TVS = |S_GT_thin intersect M_pred| / |S_GT_thin|; S_GT_thin uses skeletonize(GT), Dlocal=2*EDT(GT), tau=max(1 px, 0.018*DOD)",135.38,auto_detected,2.4368399999999997,55,13,0.23636363636363636,D:\Retina\Retinal-Vessel-Segmentation-Benchmark-main\Models_output\FSG-Net-HRF\test_data\AFIO\pred_masks\IM001031.png,D:\Retina\Retinal-Vessel-Segmentation-Benchmark-main\config\test_data\AFIO\masks\IM001031.png
FSG-Net-HRF,AFIO,IM001032,0.55,diagnostic_test_set_scan_equal_dataset_macro_F1,"TVS = |S_GT_thin intersect M_pred| / |S_GT_thin|; S_GT_thin uses skeletonize(GT), Dlocal=2*EDT(GT), tau=max(1 px, 0.018*DOD)",135.38,auto_detected,2.4368399999999997,55,13,0.23636363636363636,D:\Retina\Retinal-Vessel-Segmentation-Benchmark-main\Models_output\FSG-Net-HRF\test_data\AFIO\pred_masks\IM001032.png,D:\Retina\Retinal-Vessel-Segmentation-Benchmark-main\config\test_data\AFIO\masks\IM001032.png
FSG-Net-HRF,AFIO,IM001034,0.55,diagnostic_test_set_scan_equal_dataset_macro_F1,"TVS = |S_GT_thin intersect M_pred| / |S_GT_thin|; S_GT_thin uses skeletonize(GT), Dlocal=2*EDT(GT), tau=max(1 px, 0.018*DOD)",145.08,auto_detected,2.61144,8,2,0.25,D:\Retina\Retinal-Vessel-Segmentation-Benchmark-main\Models_output\FSG-Net-HRF\test_data\AFIO\pred_masks\IM001034.png,D:\Retina\Retinal-Vessel-Segmentation-Benchmark-main\config\test_data\AFIO\masks\IM001034.png
FSG-Net-HRF,AFIO,IM001069,0.55,diagnostic_test_set_scan_equal_dataset_macro_F1,"TVS = |S_GT_thin intersect M_pred| / |S_GT_thin|; S_GT_thin uses skeletonize(GT), Dlocal=2*EDT(GT), tau=max(1 px, 0.018*DOD)",157.83,auto_detected,2.84094,38,9,0.23684210526315788,D:\Retina\Retinal-Vessel-Segmentation-Benchmark-main\Models_output\FSG-Net-HRF\test_data\AFIO\pred_masks\IM001069.png,D:\Retina\Retinal-Vessel-Segmentation-Benchmark-main\config\test_data\AFIO\masks\IM001069.png
FSG-Net-HRF,AFIO,IM001070,0.55,diagnostic_test_set_scan_equal_dataset_macro_F1,"TVS = |S_GT_thin intersect M_pred| / |S_GT_thin|; S_GT_thin uses skeletonize(GT), Dlocal=2*EDT(GT), tau=max(1 px, 0.018*DOD)",164.62,auto_detected,2.96316,460,39,0.08478260869565217,D:\Retina\Retinal-Vessel-Segmentation-Benchmark-main\Models_output\FSG-Net-HRF\test_data\AFIO\pred_masks\IM001070.png,D:\Retina\Retinal-Vessel-Segmentation-Benchmark-main\config\test_data\AFIO\masks\IM001070.png
FSG-Net-HRF,AFIO,IM001096,0.55,diagnostic_test_set_scan_equal_dataset_macro_F1,"TVS = |S_GT_thin intersect M_pred| / |S_GT_thin|; S_GT_thin uses skeletonize(GT), Dlocal=2*EDT(GT), tau=max(1 px, 0.018*DOD)",158.59,auto_detected,2.8546199999999997,380,27,0.07105263157894737,D:\Retina\Retinal-Vessel-Segmentation-Benchmark-main\Models_output\FSG-Net-HRF\test_data\AFIO\pred_masks\IM001096.png,D:\Retina\Retinal-Vessel-Segmentation-Benchmark-main\config\test_data\AFIO\masks\IM001096.png
FSG-Net-HRF,AFIO,IM001097,0.55,diagnostic_test_set_scan_equal_dataset_macro_F1,"TVS = |S_GT_thin intersect M_pred| / |S_GT_thin|; S_GT_thin uses skeletonize(GT), Dlocal=2*EDT(GT), tau=max(1 px, 0.018*DOD)",164.41,auto_detected,2.95938,39,24,0.6153846153846154,D:\Retina\Retinal-Vessel-Segmentation-Benchmark-main\Models_output\FSG-Net-HRF\test_data\AFIO\pred_masks\IM001097.png,D:\Retina\Retinal-Vessel-Segmentation-Benchmark-main\config\test_data\AFIO\masks\IM001097.png
FSG-Net-HRF,AFIO,IM001126,0.55,diagnostic_test_set_scan_equal_dataset_macro_F1,"TVS = |S_GT_thin intersect M_pred| / |S_GT_thin|; S_GT_thin uses skeletonize(GT), Dlocal=2*EDT(GT), tau=max(1 px, 0.018*DOD)",161.79,auto_detected,2.9122199999999996,102,45,0.4411764705882353,D:\Retina\Retinal-Vessel-Segmentation-Benchmark-main\Models_output\FSG-Net-HRF\test_data\AFIO\pred_masks\IM001126.png,D:\Retina\Retinal-Vessel-Segmentation-Benchmark-main\config\test_data\AFIO\masks\IM001126.png
FSG-Net-HRF,AFIO,IM001127,0.55,diagnostic_test_set_scan_equal_dataset_macro_F1,"TVS = |S_GT_thin intersect M_pred| / |S_GT_thin|; S_GT_thin uses skeletonize(GT), Dlocal=2*EDT(GT), tau=max(1 px, 0.018*DOD)",138.39,auto_detected,2.4910199999999993,20,1,0.05,D:\Retina\Retinal-Vessel-Segmentation-Benchmark-main\Models_output\FSG-Net-HRF\test_data\AFIO\pred_masks\IM001127.png,D:\Retina\Retinal-Vessel-Segmentation-Benchmark-main\config\test_data\AFIO\masks\IM001127.png
FSG-Net-HRF,AFIO,IM001154,0.55,diagnostic_test_set_scan_equal_dataset_macro_F1,"TVS = |S_GT_thin intersect M_pred| / |S_GT_thin|; S_GT_thin uses skeletonize(GT), Dlocal=2*EDT(GT), tau=max(1 px, 0.018*DOD)",140.28,auto_detected,2.5250399999999997,158,67,0.4240506329113924,D:\Retina\Retinal-Vessel-Segmentation-Benchmark-main\Models_output\FSG-Net-HRF\test_data\AFIO\pred_masks\IM001154.png,D:\Retina\Retinal-Vessel-Segmentation-Benchmark-main\config\test_data\AFIO\masks\IM001154.png
FSG-Net-HRF,AFIO,IM001155,0.55,diagnostic_test_set_scan_equal_dataset_macro_F1,"TVS = |S_GT_thin intersect M_pred| / |S_GT_thin|; S_GT_thin uses skeletonize(GT), Dlocal=2*EDT(GT), tau=max(1 px, 0.018*DOD)",147.34,auto_detected,2.65212,37,8,0.21621621621621623,D:\Retina\Retinal-Vessel-Segmentation-Benchmark-main\Models_output\FSG-Net-HRF\test_data\AFIO\pred_masks\IM001155.png,D:\Retina\Retinal-Vessel-Segmentation-Benchmark-main\config\test_data\AFIO\masks\IM001155.png
FSG-Net-HRF,AFIO,IM001192,0.55,diagnostic_test_set_scan_equal_dataset_macro_F1,"TVS = |S_GT_thin intersect M_pred| / |S_GT_thin|; S_GT_thin uses skeletonize(GT), Dlocal=2*EDT(GT), tau=max(1 px, 0.018*DOD)",172.78,auto_detected,3.1100399999999997,99,43,0.43434343434343436,D:\Retina\Retinal-Vessel-Segmentation-Benchmark-main\Models_output\FSG-Net-HRF\test_data\AFIO\pred_masks\IM001192.png,D:\Retina\Retinal-Vessel-Segmentation-Benchmark-main\config\test_data\AFIO\masks\IM001192.png
FSG-Net-HRF,AFIO,IM001193,0.55,diagnostic_test_set_scan_equal_dataset_macro_F1,"TVS = |S_GT_thin intersect M_pred| / |S_GT_thin|; S_GT_thin uses skeletonize(GT), Dlocal=2*EDT(GT), tau=max(1 px, 0.018*DOD)",159.65,auto_detected,2.8737,1412,88,0.06232294617563739,D:\Retina\Retinal-Vessel-Segmentation-Benchmark-main\Models_output\FSG-Net-HRF\test_data\AFIO\pred_masks\IM001193.png,D:\Retina\Retinal-Vessel-Segmentation-Benchmark-main\config\test_data\AFIO\masks\IM001193.png
FSG-Net-HRF,AFIO,IM001218,0.55,diagnostic_test_set_scan_equal_dataset_macro_F1,"TVS = |S_GT_thin intersect M_pred| / |S_GT_thin|; S_GT_thin uses skeletonize(GT), Dlocal=2*EDT(GT), tau=max(1 px, 0.018*DOD)",138.68,auto_detected,2.49624,173,75,0.43352601156069365,D:\Retina\Retinal-Vessel-Segmentation-Benchmark-main\Models_output\FSG-Net-HRF\test_data\AFIO\pred_masks\IM001218.png,D:\Retina\Retinal-Vessel-Segmentation-Benchmark-main\config\test_data\AFIO\masks\IM001218.png
FSG-Net-HRF,AFIO,IM001219,0.55,diagnostic_test_set_scan_equal_dataset_macro_F1,"TVS = |S_GT_thin intersect M_pred| / |S_GT_thin|; S_GT_thin uses skeletonize(GT), Dlocal=2*EDT(GT), tau=max(1 px, 0.018*DOD)",142.62,auto_detected,2.56716,53,28,0.5283018867924528,D:\Retina\Retinal-Vessel-Segmentation-Benchmark-main\Models_output\FSG-Net-HRF\test_data\AFIO\pred_masks\IM001219.png,D:\Retina\Retinal-Vessel-Segmentation-Benchmark-main\config\test_data\AFIO\masks\IM001219.png
FSG-Net-HRF,AFIO,IM001246,0.55,diagnostic_test_set_scan_equal_dataset_macro_F1,"TVS = |S_GT_thin intersect M_pred| / |S_GT_thin|; S_GT_thin uses skeletonize(GT), Dlocal=2*EDT(GT), tau=max(1 px, 0.018*DOD)",124.34,auto_detected,2.23812,50,26,0.52,D:\Retina\Retinal-Vessel-Segmentation-Benchmark-main\Models_output\FSG-Net-HRF\test_data\AFIO\pred_masks\IM001246.png,D:\Retina\Retinal-Vessel-Segmentation-Benchmark-main\config\test_data\AFIO\masks\IM001246.png
FSG-Net-HRF,AFIO,IM001686,0.55,diagnostic_test_set_scan_equal_dataset_macro_F1,"TVS = |S_GT_thin intersect M_pred| / |S_GT_thin|; S_GT_thin uses skeletonize(GT), Dlocal=2*EDT(GT), tau=max(1 px, 0.018*DOD)",129.59,auto_detected,2.33262,5,4,0.8,D:\Retina\Retinal-Vessel-Segmentation-Benchmark-main\Models_output\FSG-Net-HRF\test_data\AFIO\pred_masks\IM001686.png,D:\Retina\Retinal-Vessel-Segmentation-Benchmark-main\config\test_data\AFIO\masks\IM001686.png
FSG-Net-HRF,AFIO,IM001749,0.55,diagnostic_test_set_scan_equal_dataset_macro_F1,"TVS = |S_GT_thin intersect M_pred| / |S_GT_thin|; S_GT_thin uses skeletonize(GT), Dlocal=2*EDT(GT), tau=max(1 px, 0.018*DOD)",143.19,auto_detected,2.5774199999999996,100,37,0.37,D:\Retina\Retinal-Vessel-Segmentation-Benchmark-main\Models_output\FSG-Net-HRF\test_data\AFIO\pred_masks\IM001749.png,D:\Retina\Retinal-Vessel-Segmentation-Benchmark-main\config\test_data\AFIO\masks\IM001749.png
FSG-Net-HRF,AFIO,IM001750,0.55,diagnostic_test_set_scan_equal_dataset_macro_F1,"TVS = |S_GT_thin intersect M_pred| / |S_GT_thin|; S_GT_thin uses skeletonize(GT), Dlocal=2*EDT(GT), tau=max(1 px, 0.018*DOD)",141.86,auto_detected,2.55348,50,26,0.52,D:\Retina\Retinal-Vessel-Segmentation-Benchmark-main\Models_output\FSG-Net-HRF\test_data\AFIO\pred_masks\IM001750.png,D:\Retina\Retinal-Vessel-Segmentation-Benchmark-main\config\test_data\AFIO\masks\IM001750.png
FSG-Net-HRF,AFIO,IM001791,0.55,diagnostic_test_set_scan_equal_dataset_macro_F1,"TVS = |S_GT_thin intersect M_pred| / |S_GT_thin|; S_GT_thin uses skeletonize(GT), Dlocal=2*EDT(GT), tau=max(1 px, 0.018*DOD)",125.81,auto_detected,2.26458,65,51,0.7846153846153846,D:\Retina\Retinal-Vessel-Segmentation-Benchmark-main\Models_output\FSG-Net-HRF\test_data\AFIO\pred_masks\IM001791.png,D:\Retina\Retinal-Vessel-Segmentation-Benchmark-main\config\test_data\AFIO\masks\IM001791.png
FSG-Net-HRF,AFIO,IM001792,0.55,diagnostic_test_set_scan_equal_dataset_macro_F1,"TVS = |S_GT_thin intersect M_pred| / |S_GT_thin|; S_GT_thin uses skeletonize(GT), Dlocal=2*EDT(GT), tau=max(1 px, 0.018*DOD)",143.34,auto_detected,2.58012,165,28,0.1696969696969697,D:\Retina\Retinal-Vessel-Segmentation-Benchmark-main\Models_output\FSG-Net-HRF\test_data\AFIO\pred_masks\IM001792.png,D:\Retina\Retinal-Vessel-Segmentation-Benchmark-main\config\test_data\AFIO\masks\IM001792.png
FSG-Net-HRF,AFIO,IM001814,0.55,diagnostic_test_set_scan_equal_dataset_macro_F1,"TVS = |S_GT_thin intersect M_pred| / |S_GT_thin|; S_GT_thin uses skeletonize(GT), Dlocal=2*EDT(GT), tau=max(1 px, 0.018*DOD)",166.34,annotation_csv,2.9941199999999997,673,261,0.38781575037147104,D:\Retina\Retinal-Vessel-Segmentation-Benchmark-main\Models_output\FSG-Net-HRF\test_data\AFIO\pred_masks\IM001814.png,D:\Retina\Retinal-Vessel-Segmentation-Benchmark-main\config\test_data\AFIO\masks\IM001814.png
FSG-Net-HRF,AFIO,IM001858,0.55,diagnostic_test_set_scan_equal_dataset_macro_F1,"TVS = |S_GT_thin intersect M_pred| / |S_GT_thin|; S_GT_thin uses skeletonize(GT), Dlocal=2*EDT(GT), tau=max(1 px, 0.018*DOD)",158.83,auto_detected,2.85894,1437,386,0.2686151704940849,D:\Retina\Retinal-Vessel-Segmentation-Benchmark-main\Models_output\FSG-Net-HRF\test_data\AFIO\pred_masks\IM001858.png,D:\Retina\Retinal-Vessel-Segmentation-Benchmark-main\config\test_data\AFIO\masks\IM001858.png
FSG-Net-HRF,AFIO,IM001859,0.55,diagnostic_test_set_scan_equal_dataset_macro_F1,"TVS = |S_GT_thin intersect M_pred| / |S_GT_thin|; S_GT_thin uses skeletonize(GT), Dlocal=2*EDT(GT), tau=max(1 px, 0.018*DOD)",151.65,auto_detected,2.7297,166,69,0.41566265060240964,D:\Retina\Retinal-Vessel-Segmentation-Benchmark-main\Models_output\FSG-Net-HRF\test_data\AFIO\pred_masks\IM001859.png,D:\Retina\Retinal-Vessel-Segmentation-Benchmark-main\config\test_data\AFIO\masks\IM001859.png
FSG-Net-HRF,AFIO,IM002094,0.55,diagnostic_test_set_scan_equal_dataset_macro_F1,"TVS = |S_GT_thin intersect M_pred| / |S_GT_thin|; S_GT_thin uses skeletonize(GT), Dlocal=2*EDT(GT), tau=max(1 px, 0.018*DOD)",156.0,auto_detected,2.808,14,7,0.5,D:\Retina\Retinal-Vessel-Segmentation-Benchmark-main\Models_output\FSG-Net-HRF\test_data\AFIO\pred_masks\IM002094.png,D:\Retina\Retinal-Vessel-Segmentation-Benchmark-main\config\test_data\AFIO\masks\IM002094.png
FSG-Net-HRF,AFIO,IM002348,0.55,diagnostic_test_set_scan_equal_dataset_macro_F1,"TVS = |S_GT_thin intersect M_pred| / |S_GT_thin|; S_GT_thin uses skeletonize(GT), Dlocal=2*EDT(GT), tau=max(1 px, 0.018*DOD)",140.45,auto_detected,2.5281,16,4,0.25,D:\Retina\Retinal-Vessel-Segmentation-Benchmark-main\Models_output\FSG-Net-HRF\test_data\AFIO\pred_masks\IM002348.png,D:\Retina\Retinal-Vessel-Segmentation-Benchmark-main\config\test_data\AFIO\masks\IM002348.png
FSG-Net-HRF,AFIO,IM002350,0.55,diagnostic_test_set_scan_equal_dataset_macro_F1,"TVS = |S_GT_thin intersect M_pred| / |S_GT_thin|; S_GT_thin uses skeletonize(GT), Dlocal=2*EDT(GT), tau=max(1 px, 0.018*DOD)",144.92,auto_detected,2.6085599999999998,88,23,0.26136363636363635,D:\Retina\Retinal-Vessel-Segmentation-Benchmark-main\Models_output\FSG-Net-HRF\test_data\AFIO\pred_masks\IM002350.png,D:\Retina\Retinal-Vessel-Segmentation-Benchmark-main\config\test_data\AFIO\masks\IM002350.png
FSG-Net-HRF,AFIO,IM002421,0.55,diagnostic_test_set_scan_equal_dataset_macro_F1,"TVS = |S_GT_thin intersect M_pred| / |S_GT_thin|; S_GT_thin uses skeletonize(GT), Dlocal=2*EDT(GT), tau=max(1 px, 0.018*DOD)",141.35,auto_detected,2.5443,45,22,0.4888888888888889,D:\Retina\Retinal-Vessel-Segmentation-Benchmark-main\Models_output\FSG-Net-HRF\test_data\AFIO\pred_masks\IM002421.png,D:\Retina\Retinal-Vessel-Segmentation-Benchmark-main\config\test_data\AFIO\masks\IM002421.png
FSG-Net-HRF,AFIO,IM002422,0.55,diagnostic_test_set_scan_equal_dataset_macro_F1,"TVS = |S_GT_thin intersect M_pred| / |S_GT_thin|; S_GT_thin uses skeletonize(GT), Dlocal=2*EDT(GT), tau=max(1 px, 0.018*DOD)",133.68,auto_detected,2.40624,49,35,0.7142857142857143,D:\Retina\Retinal-Vessel-Segmentation-Benchmark-main\Models_output\FSG-Net-HRF\test_data\AFIO\pred_masks\IM002422.png,D:\Retina\Retinal-Vessel-Segmentation-Benchmark-main\config\test_data\AFIO\masks\IM002422.png
FSG-Net-HRF,AFIO,IM002471,0.55,diagnostic_test_set_scan_equal_dataset_macro_F1,"TVS = |S_GT_thin intersect M_pred| / |S_GT_thin|; S_GT_thin uses skeletonize(GT), Dlocal=2*EDT(GT), tau=max(1 px, 0.018*DOD)",142.27,auto_detected,2.56086,10,4,0.4,D:\Retina\Retinal-Vessel-Segmentation-Benchmark-main\Models_output\FSG-Net-HRF\test_data\AFIO\pred_masks\IM002471.png,D:\Retina\Retinal-Vessel-Segmentation-Benchmark-main\config\test_data\AFIO\masks\IM002471.png
FSG-Net-HRF,AFIO,IM002587,0.55,diagnostic_test_set_scan_equal_dataset_macro_F1,"TVS = |S_GT_thin intersect M_pred| / |S_GT_thin|; S_GT_thin uses skeletonize(GT), Dlocal=2*EDT(GT), tau=max(1 px, 0.018*DOD)",149.54,auto_detected,2.6917199999999997,83,29,0.3493975903614458,D:\Retina\Retinal-Vessel-Segmentation-Benchmark-main\Models_output\FSG-Net-HRF\test_data\AFIO\pred_masks\IM002587.png,D:\Retina\Retinal-Vessel-Segmentation-Benchmark-main\config\test_data\AFIO\masks\IM002587.png
FSG-Net-HRF,AFIO,IM002649,0.55,diagnostic_test_set_scan_equal_dataset_macro_F1,"TVS = |S_GT_thin intersect M_pred| / |S_GT_thin|; S_GT_thin uses skeletonize(GT), Dlocal=2*EDT(GT), tau=max(1 px, 0.018*DOD)",151.98,auto_detected,2.7356399999999996,78,58,0.7435897435897436,D:\Retina\Retinal-Vessel-Segmentation-Benchmark-main\Models_output\FSG-Net-HRF\test_data\AFIO\pred_masks\IM002649.png,D:\Retina\Retinal-Vessel-Segmentation-Benchmark-main\config\test_data\AFIO\masks\IM002649.png
FSG-Net-HRF,AFIO,IM002742,0.55,diagnostic_test_set_scan_equal_dataset_macro_F1,"TVS = |S_GT_thin intersect M_pred| / |S_GT_thin|; S_GT_thin uses skeletonize(GT), Dlocal=2*EDT(GT), tau=max(1 px, 0.018*DOD)",140.97,auto_detected,2.53746,6,4,0.6666666666666666,D:\Retina\Retinal-Vessel-Segmentation-Benchmark-main\Models_output\FSG-Net-HRF\test_data\AFIO\pred_masks\IM002742.png,D:\Retina\Retinal-Vessel-Segmentation-Benchmark-main\config\test_data\AFIO\masks\IM002742.png
FSG-Net-HRF,AFIO,IM002743,0.55,diagnostic_test_set_scan_equal_dataset_macro_F1,"TVS = |S_GT_thin intersect M_pred| / |S_GT_thin|; S_GT_thin uses skeletonize(GT), Dlocal=2*EDT(GT), tau=max(1 px, 0.018*DOD)",134.0,auto_detected,2.412,24,13,0.5416666666666666,D:\Retina\Retinal-Vessel-Segmentation-Benchmark-main\Models_output\FSG-Net-HRF\test_data\AFIO\pred_masks\IM002743.png,D:\Retina\Retinal-Vessel-Segmentation-Benchmark-main\config\test_data\AFIO\masks\IM002743.png
FSG-Net-HRF,AFIO,IM003024,0.55,diagnostic_test_set_scan_equal_dataset_macro_F1,"TVS = |S_GT_thin intersect M_pred| / |S_GT_thin|; S_GT_thin uses skeletonize(GT), Dlocal=2*EDT(GT), tau=max(1 px, 0.018*DOD)",136.0,auto_detected,2.448,23,10,0.43478260869565216,D:\Retina\Retinal-Vessel-Segmentation-Benchmark-main\Models_output\FSG-Net-HRF\test_data\AFIO\pred_masks\IM003024.png,D:\Retina\Retinal-Vessel-Segmentation-Benchmark-main\config\test_data\AFIO\masks\IM003024.png
FSG-Net-HRF,AFIO,IM003537,0.55,diagnostic_test_set_scan_equal_dataset_macro_F1,"TVS = |S_GT_thin intersect M_pred| / |S_GT_thin|; S_GT_thin uses skeletonize(GT), Dlocal=2*EDT(GT), tau=max(1 px, 0.018*DOD)",132.0,auto_detected,2.376,39,28,0.717948717948718,D:\Retina\Retinal-Vessel-Segmentation-Benchmark-main\Models_output\FSG-Net-HRF\test_data\AFIO\pred_masks\IM003537.png,D:\Retina\Retinal-Vessel-Segmentation-Benchmark-main\config\test_data\AFIO\masks\IM003537.png
FSG-Net-HRF,AFIO,IM003630,0.55,diagnostic_test_set_scan_equal_dataset_macro_F1,"TVS = |S_GT_thin intersect M_pred| / |S_GT_thin|; S_GT_thin uses skeletonize(GT), Dlocal=2*EDT(GT), tau=max(1 px, 0.018*DOD)",136.0,auto_detected,2.448,36,8,0.2222222222222222,D:\Retina\Retinal-Vessel-Segmentation-Benchmark-main\Models_output\FSG-Net-HRF\test_data\AFIO\pred_masks\IM003630.png,D:\Retina\Retinal-Vessel-Segmentation-Benchmark-main\config\test_data\AFIO\masks\IM003630.png
FSG-Net-HRF,AFIO,IM003631,0.55,diagnostic_test_set_scan_equal_dataset_macro_F1,"TVS = |S_GT_thin intersect M_pred| / |S_GT_thin|; S_GT_thin uses skeletonize(GT), Dlocal=2*EDT(GT), tau=max(1 px, 0.018*DOD)",142.22,auto_detected,2.55996,53,18,0.33962264150943394,D:\Retina\Retinal-Vessel-Segmentation-Benchmark-main\Models_output\FSG-Net-HRF\test_data\AFIO\pred_masks\IM003631.png,D:\Retina\Retinal-Vessel-Segmentation-Benchmark-main\config\test_data\AFIO\masks\IM003631.png
FSG-Net-HRF,AFIO,IM003705,0.55,diagnostic_test_set_scan_equal_dataset_macro_F1,"TVS = |S_GT_thin intersect M_pred| / |S_GT_thin|; S_GT_thin uses skeletonize(GT), Dlocal=2*EDT(GT), tau=max(1 px, 0.018*DOD)",173.07,auto_detected,3.1152599999999997,36,27,0.75,D:\Retina\Retinal-Vessel-Segmentation-Benchmark-main\Models_output\FSG-Net-HRF\test_data\AFIO\pred_masks\IM003705.png,D:\Retina\Retinal-Vessel-Segmentation-Benchmark-main\config\test_data\AFIO\masks\IM003705.png
FSG-Net-HRF,AFIO,IM004162,0.55,diagnostic_test_set_scan_equal_dataset_macro_F1,"TVS = |S_GT_thin intersect M_pred| / |S_GT_thin|; S_GT_thin uses skeletonize(GT), Dlocal=2*EDT(GT), tau=max(1 px, 0.018*DOD)",124.0,auto_detected,2.2319999999999998,14,9,0.6428571428571429,D:\Retina\Retinal-Vessel-Segmentation-Benchmark-main\Models_output\FSG-Net-HRF\test_data\AFIO\pred_masks\IM004162.png,D:\Retina\Retinal-Vessel-Segmentation-Benchmark-main\config\test_data\AFIO\masks\IM004162.png
FSG-Net-HRF,AFIO,IM004163,0.55,diagnostic_test_set_scan_equal_dataset_macro_F1,"TVS = |S_GT_thin intersect M_pred| / |S_GT_thin|; S_GT_thin uses skeletonize(GT), Dlocal=2*EDT(GT), tau=max(1 px, 0.018*DOD)",140.12,auto_detected,2.52216,46,29,0.6304347826086957,D:\Retina\Retinal-Vessel-Segmentation-Benchmark-main\Models_output\FSG-Net-HRF\test_data\AFIO\pred_masks\IM004163.png,D:\Retina\Retinal-Vessel-Segmentation-Benchmark-main\config\test_data\AFIO\masks\IM004163.png
FSG-Net-HRF,AFIO,IM004455,0.55,diagnostic_test_set_scan_equal_dataset_macro_F1,"TVS = |S_GT_thin intersect M_pred| / |S_GT_thin|; S_GT_thin uses skeletonize(GT), Dlocal=2*EDT(GT), tau=max(1 px, 0.018*DOD)",136.0,auto_detected,2.448,20,18,0.9,D:\Retina\Retinal-Vessel-Segmentation-Benchmark-main\Models_output\FSG-Net-HRF\test_data\AFIO\pred_masks\IM004455.png,D:\Retina\Retinal-Vessel-Segmentation-Benchmark-main\config\test_data\AFIO\masks\IM004455.png
FSG-Net-HRF,AFIO,IM004512,0.55,diagnostic_test_set_scan_equal_dataset_macro_F1,"TVS = |S_GT_thin intersect M_pred| / |S_GT_thin|; S_GT_thin uses skeletonize(GT), Dlocal=2*EDT(GT), tau=max(1 px, 0.018*DOD)",152.53,auto_detected,2.7455399999999996,20,4,0.2,D:\Retina\Retinal-Vessel-Segmentation-Benchmark-main\Models_output\FSG-Net-HRF\test_data\AFIO\pred_masks\IM004512.png,D:\Retina\Retinal-Vessel-Segmentation-Benchmark-main\config\test_data\AFIO\masks\IM004512.png
FSG-Net-HRF,AFIO,IM004513,0.55,diagnostic_test_set_scan_equal_dataset_macro_F1,"TVS = |S_GT_thin intersect M_pred| / |S_GT_thin|; S_GT_thin uses skeletonize(GT), Dlocal=2*EDT(GT), tau=max(1 px, 0.018*DOD)",157.62,auto_detected,2.83716,35,18,0.5142857142857142,D:\Retina\Retinal-Vessel-Segmentation-Benchmark-main\Models_output\FSG-Net-HRF\test_data\AFIO\pred_masks\IM004513.png,D:\Retina\Retinal-Vessel-Segmentation-Benchmark-main\config\test_data\AFIO\masks\IM004513.png
FSG-Net-HRF,AFIO,IM004515,0.55,diagnostic_test_set_scan_equal_dataset_macro_F1,"TVS = |S_GT_thin intersect M_pred| / |S_GT_thin|; S_GT_thin uses skeletonize(GT), Dlocal=2*EDT(GT), tau=max(1 px, 0.018*DOD)",164.84,auto_detected,2.96712,22,5,0.22727272727272727,D:\Retina\Retinal-Vessel-Segmentation-Benchmark-main\Models_output\FSG-Net-HRF\test_data\AFIO\pred_masks\IM004515.png,D:\Retina\Retinal-Vessel-Segmentation-Benchmark-main\config\test_data\AFIO\masks\IM004515.png
FSG-Net-HRF,AFIO,IM004516,0.55,diagnostic_test_set_scan_equal_dataset_macro_F1,"TVS = |S_GT_thin intersect M_pred| / |S_GT_thin|; S_GT_thin uses skeletonize(GT), Dlocal=2*EDT(GT), tau=max(1 px, 0.018*DOD)",162.38,auto_detected,2.92284,17,2,0.11764705882352941,D:\Retina\Retinal-Vessel-Segmentation-Benchmark-main\Models_output\FSG-Net-HRF\test_data\AFIO\pred_masks\IM004516.png,D:\Retina\Retinal-Vessel-Segmentation-Benchmark-main\config\test_data\AFIO\masks\IM004516.png
FSG-Net-HRF,AFIO,IM004538,0.55,diagnostic_test_set_scan_equal_dataset_macro_F1,"TVS = |S_GT_thin intersect M_pred| / |S_GT_thin|; S_GT_thin uses skeletonize(GT), Dlocal=2*EDT(GT), tau=max(1 px, 0.018*DOD)",144.48,auto_detected,2.60064,29,12,0.41379310344827586,D:\Retina\Retinal-Vessel-Segmentation-Benchmark-main\Models_output\FSG-Net-HRF\test_data\AFIO\pred_masks\IM004538.png,D:\Retina\Retinal-Vessel-Segmentation-Benchmark-main\config\test_data\AFIO\masks\IM004538.png
FSG-Net-HRF,AFIO,IM004539,0.55,diagnostic_test_set_scan_equal_dataset_macro_F1,"TVS = |S_GT_thin intersect M_pred| / |S_GT_thin|; S_GT_thin uses skeletonize(GT), Dlocal=2*EDT(GT), tau=max(1 px, 0.018*DOD)",141.99,auto_detected,2.5558199999999998,14,9,0.6428571428571429,D:\Retina\Retinal-Vessel-Segmentation-Benchmark-main\Models_output\FSG-Net-HRF\test_data\AFIO\pred_masks\IM004539.png,D:\Retina\Retinal-Vessel-Segmentation-Benchmark-main\config\test_data\AFIO\masks\IM004539.png
FSG-Net-HRF,AFIO,IM004564,0.55,diagnostic_test_set_scan_equal_dataset_macro_F1,"TVS = |S_GT_thin intersect M_pred| / |S_GT_thin|; S_GT_thin uses skeletonize(GT), Dlocal=2*EDT(GT), tau=max(1 px, 0.018*DOD)",129.9,auto_detected,2.3382,27,17,0.6296296296296297,D:\Retina\Retinal-Vessel-Segmentation-Benchmark-main\Models_output\FSG-Net-HRF\test_data\AFIO\pred_masks\IM004564.png,D:\Retina\Retinal-Vessel-Segmentation-Benchmark-main\config\test_data\AFIO\masks\IM004564.png
FSG-Net-HRF,AFIO,IM004790,0.55,diagnostic_test_set_scan_equal_dataset_macro_F1,"TVS = |S_GT_thin intersect M_pred| / |S_GT_thin|; S_GT_thin uses skeletonize(GT), Dlocal=2*EDT(GT), tau=max(1 px, 0.018*DOD)",146.5,auto_detected,2.637,17,11,0.6470588235294118,D:\Retina\Retinal-Vessel-Segmentation-Benchmark-main\Models_output\FSG-Net-HRF\test_data\AFIO\pred_masks\IM004790.png,D:\Retina\Retinal-Vessel-Segmentation-Benchmark-main\config\test_data\AFIO\masks\IM004790.png
FSG-Net-HRF,AFIO,IM004993,0.55,diagnostic_test_set_scan_equal_dataset_macro_F1,"TVS = |S_GT_thin intersect M_pred| / |S_GT_thin|; S_GT_thin uses skeletonize(GT), Dlocal=2*EDT(GT), tau=max(1 px, 0.018*DOD)",139.9,auto_detected,2.5181999999999998,39,29,0.7435897435897436,D:\Retina\Retinal-Vessel-Segmentation-Benchmark-main\Models_output\FSG-Net-HRF\test_data\AFIO\pred_masks\IM004993.png,D:\Retina\Retinal-Vessel-Segmentation-Benchmark-main\config\test_data\AFIO\masks\IM004993.png
FSG-Net-HRF,AFIO,IM005024,0.55,diagnostic_test_set_scan_equal_dataset_macro_F1,"TVS = |S_GT_thin intersect M_pred| / |S_GT_thin|; S_GT_thin uses skeletonize(GT), Dlocal=2*EDT(GT), tau=max(1 px, 0.018*DOD)",156.88,auto_detected,2.8238399999999997,41,20,0.4878048780487805,D:\Retina\Retinal-Vessel-Segmentation-Benchmark-main\Models_output\FSG-Net-HRF\test_data\AFIO\pred_masks\IM005024.png,D:\Retina\Retinal-Vessel-Segmentation-Benchmark-main\config\test_data\AFIO\masks\IM005024.png
FSG-Net-HRF,AFIO,IM005025,0.55,diagnostic_test_set_scan_equal_dataset_macro_F1,"TVS = |S_GT_thin intersect M_pred| / |S_GT_thin|; S_GT_thin uses skeletonize(GT), Dlocal=2*EDT(GT), tau=max(1 px, 0.018*DOD)",150.29,auto_detected,2.7052199999999997,24,18,0.75,D:\Retina\Retinal-Vessel-Segmentation-Benchmark-main\Models_output\FSG-Net-HRF\test_data\AFIO\pred_masks\IM005025.png,D:\Retina\Retinal-Vessel-Segmentation-Benchmark-main\config\test_data\AFIO\masks\IM005025.png
FSG-Net-HRF,AFIO,IM005060,0.55,diagnostic_test_set_scan_equal_dataset_macro_F1,"TVS = |S_GT_thin intersect M_pred| / |S_GT_thin|; S_GT_thin uses skeletonize(GT), Dlocal=2*EDT(GT), tau=max(1 px, 0.018*DOD)",154.57,auto_detected,2.7822599999999995,32,21,0.65625,D:\Retina\Retinal-Vessel-Segmentation-Benchmark-main\Models_output\FSG-Net-HRF\test_data\AFIO\pred_masks\IM005060.png,D:\Retina\Retinal-Vessel-Segmentation-Benchmark-main\config\test_data\AFIO\masks\IM005060.png
FSG-Net-HRF,AFIO,IM005092,0.55,diagnostic_test_set_scan_equal_dataset_macro_F1,"TVS = |S_GT_thin intersect M_pred| / |S_GT_thin|; S_GT_thin uses skeletonize(GT), Dlocal=2*EDT(GT), tau=max(1 px, 0.018*DOD)",160.35,auto_detected,2.8863,21,17,0.8095238095238095,D:\Retina\Retinal-Vessel-Segmentation-Benchmark-main\Models_output\FSG-Net-HRF\test_data\AFIO\pred_masks\IM005092.png,D:\Retina\Retinal-Vessel-Segmentation-Benchmark-main\config\test_data\AFIO\masks\IM005092.png
FSG-Net-HRF,AFIO,IM005093,0.55,diagnostic_test_set_scan_equal_dataset_macro_F1,"TVS = |S_GT_thin intersect M_pred| / |S_GT_thin|; S_GT_thin uses skeletonize(GT), Dlocal=2*EDT(GT), tau=max(1 px, 0.018*DOD)",150.01,auto_detected,2.7001799999999996,7,6,0.8571428571428571,D:\Retina\Retinal-Vessel-Segmentation-Benchmark-main\Models_output\FSG-Net-HRF\test_data\AFIO\pred_masks\IM005093.png,D:\Retina\Retinal-Vessel-Segmentation-Benchmark-main\config\test_data\AFIO\masks\IM005093.png
FSG-Net-HRF,AFIO,IM005132,0.55,diagnostic_test_set_scan_equal_dataset_macro_F1,"TVS = |S_GT_thin intersect M_pred| / |S_GT_thin|; S_GT_thin uses skeletonize(GT), Dlocal=2*EDT(GT), tau=max(1 px, 0.018*DOD)",137.87,auto_detected,2.4816599999999998,51,42,0.8235294117647058,D:\Retina\Retinal-Vessel-Segmentation-Benchmark-main\Models_output\FSG-Net-HRF\test_data\AFIO\pred_masks\IM005132.png,D:\Retina\Retinal-Vessel-Segmentation-Benchmark-main\config\test_data\AFIO\masks\IM005132.png
FSG-Net-HRF,AFIO,IM005133,0.55,diagnostic_test_set_scan_equal_dataset_macro_F1,"TVS = |S_GT_thin intersect M_pred| / |S_GT_thin|; S_GT_thin uses skeletonize(GT), Dlocal=2*EDT(GT), tau=max(1 px, 0.018*DOD)",145.1,auto_detected,2.6117999999999997,14,10,0.7142857142857143,D:\Retina\Retinal-Vessel-Segmentation-Benchmark-main\Models_output\FSG-Net-HRF\test_data\AFIO\pred_masks\IM005133.png,D:\Retina\Retinal-Vessel-Segmentation-Benchmark-main\config\test_data\AFIO\masks\IM005133.png
FSG-Net-HRF,AFIO,IM005190,0.55,diagnostic_test_set_scan_equal_dataset_macro_F1,"TVS = |S_GT_thin intersect M_pred| / |S_GT_thin|; S_GT_thin uses skeletonize(GT), Dlocal=2*EDT(GT), tau=max(1 px, 0.018*DOD)",157.31,auto_detected,2.8315799999999998,16,11,0.6875,D:\Retina\Retinal-Vessel-Segmentation-Benchmark-main\Models_output\FSG-Net-HRF\test_data\AFIO\pred_masks\IM005190.png,D:\Retina\Retinal-Vessel-Segmentation-Benchmark-main\config\test_data\AFIO\masks\IM005190.png
FSG-Net-HRF,AFIO,IM005191,0.55,diagnostic_test_set_scan_equal_dataset_macro_F1,"TVS = |S_GT_thin intersect M_pred| / |S_GT_thin|; S_GT_thin uses skeletonize(GT), Dlocal=2*EDT(GT), tau=max(1 px, 0.018*DOD)",146.99,auto_detected,2.64582,20,10,0.5,D:\Retina\Retinal-Vessel-Segmentation-Benchmark-main\Models_output\FSG-Net-HRF\test_data\AFIO\pred_masks\IM005191.png,D:\Retina\Retinal-Vessel-Segmentation-Benchmark-main\config\test_data\AFIO\masks\IM005191.png
FSG-Net-HRF,AFIO,IM005249,0.55,diagnostic_test_set_scan_equal_dataset_macro_F1,"TVS = |S_GT_thin intersect M_pred| / |S_GT_thin|; S_GT_thin uses skeletonize(GT), Dlocal=2*EDT(GT), tau=max(1 px, 0.018*DOD)",154.95,auto_detected,2.7890999999999995,23,20,0.8695652173913043,D:\Retina\Retinal-Vessel-Segmentation-Benchmark-main\Models_output\FSG-Net-HRF\test_data\AFIO\pred_masks\IM005249.png,D:\Retina\Retinal-Vessel-Segmentation-Benchmark-main\config\test_data\AFIO\masks\IM005249.png
FSG-Net-HRF,AFIO,IM005283,0.55,diagnostic_test_set_scan_equal_dataset_macro_F1,"TVS = |S_GT_thin intersect M_pred| / |S_GT_thin|; S_GT_thin uses skeletonize(GT), Dlocal=2*EDT(GT), tau=max(1 px, 0.018*DOD)",145.56,auto_detected,2.6200799999999997,12,0,0.0,D:\Retina\Retinal-Vessel-Segmentation-Benchmark-main\Models_output\FSG-Net-HRF\test_data\AFIO\pred_masks\IM005283.png,D:\Retina\Retinal-Vessel-Segmentation-Benchmark-main\config\test_data\AFIO\masks\IM005283.png
FSG-Net-HRF,AFIO,IM005320,0.55,diagnostic_test_set_scan_equal_dataset_macro_F1,"TVS = |S_GT_thin intersect M_pred| / |S_GT_thin|; S_GT_thin uses skeletonize(GT), Dlocal=2*EDT(GT), tau=max(1 px, 0.018*DOD)",137.9,auto_detected,2.4821999999999997,14,6,0.42857142857142855,D:\Retina\Retinal-Vessel-Segmentation-Benchmark-main\Models_output\FSG-Net-HRF\test_data\AFIO\pred_masks\IM005320.png,D:\Retina\Retinal-Vessel-Segmentation-Benchmark-main\config\test_data\AFIO\masks\IM005320.png
FSG-Net-HRF,AFIO,IM005321,0.55,diagnostic_test_set_scan_equal_dataset_macro_F1,"TVS = |S_GT_thin intersect M_pred| / |S_GT_thin|; S_GT_thin uses skeletonize(GT), Dlocal=2*EDT(GT), tau=max(1 px, 0.018*DOD)",131.99,auto_detected,2.37582,8,4,0.5,D:\Retina\Retinal-Vessel-Segmentation-Benchmark-main\Models_output\FSG-Net-HRF\test_data\AFIO\pred_masks\IM005321.png,D:\Retina\Retinal-Vessel-Segmentation-Benchmark-main\config\test_data\AFIO\masks\IM005321.png
FSG-Net-HRF,AFIO,IM005357,0.55,diagnostic_test_set_scan_equal_dataset_macro_F1,"TVS = |S_GT_thin intersect M_pred| / |S_GT_thin|; S_GT_thin uses skeletonize(GT), Dlocal=2*EDT(GT), tau=max(1 px, 0.018*DOD)",156.0,auto_detected,2.808,24,18,0.75,D:\Retina\Retinal-Vessel-Segmentation-Benchmark-main\Models_output\FSG-Net-HRF\test_data\AFIO\pred_masks\IM005357.png,D:\Retina\Retinal-Vessel-Segmentation-Benchmark-main\config\test_data\AFIO\masks\IM005357.png
FSG-Net-HRF,AFIO,IM005387,0.55,diagnostic_test_set_scan_equal_dataset_macro_F1,"TVS = |S_GT_thin intersect M_pred| / |S_GT_thin|; S_GT_thin uses skeletonize(GT), Dlocal=2*EDT(GT), tau=max(1 px, 0.018*DOD)",158.81,auto_detected,2.85858,30,19,0.6333333333333333,D:\Retina\Retinal-Vessel-Segmentation-Benchmark-main\Models_output\FSG-Net-HRF\test_data\AFIO\pred_masks\IM005387.png,D:\Retina\Retinal-Vessel-Segmentation-Benchmark-main\config\test_data\AFIO\masks\IM005387.png
FSG-Net-HRF,AFIO,IM005456,0.55,diagnostic_test_set_scan_equal_dataset_macro_F1,"TVS = |S_GT_thin intersect M_pred| / |S_GT_thin|; S_GT_thin uses skeletonize(GT), Dlocal=2*EDT(GT), tau=max(1 px, 0.018*DOD)",157.26,auto_detected,2.8306799999999996,14,7,0.5,D:\Retina\Retinal-Vessel-Segmentation-Benchmark-main\Models_output\FSG-Net-HRF\test_data\AFIO\pred_masks\IM005456.png,D:\Retina\Retinal-Vessel-Segmentation-Benchmark-main\config\test_data\AFIO\masks\IM005456.png
FSG-Net-HRF,AFIO,IM005457,0.55,diagnostic_test_set_scan_equal_dataset_macro_F1,"TVS = |S_GT_thin intersect M_pred| / |S_GT_thin|; S_GT_thin uses skeletonize(GT), Dlocal=2*EDT(GT), tau=max(1 px, 0.018*DOD)",173.81,auto_detected,3.12858,17,15,0.8823529411764706,D:\Retina\Retinal-Vessel-Segmentation-Benchmark-main\Models_output\FSG-Net-HRF\test_data\AFIO\pred_masks\IM005457.png,D:\Retina\Retinal-Vessel-Segmentation-Benchmark-main\config\test_data\AFIO\masks\IM005457.png
FSG-Net-HRF,AFIO,IM005488,0.55,diagnostic_test_set_scan_equal_dataset_macro_F1,"TVS = |S_GT_thin intersect M_pred| / |S_GT_thin|; S_GT_thin uses skeletonize(GT), Dlocal=2*EDT(GT), tau=max(1 px, 0.018*DOD)",151.77,auto_detected,2.73186,36,11,0.3055555555555556,D:\Retina\Retinal-Vessel-Segmentation-Benchmark-main\Models_output\FSG-Net-HRF\test_data\AFIO\pred_masks\IM005488.png,D:\Retina\Retinal-Vessel-Segmentation-Benchmark-main\config\test_data\AFIO\masks\IM005488.png
FSG-Net-HRF,AFIO,IM005489,0.55,diagnostic_test_set_scan_equal_dataset_macro_F1,"TVS = |S_GT_thin intersect M_pred| / |S_GT_thin|; S_GT_thin uses skeletonize(GT), Dlocal=2*EDT(GT), tau=max(1 px, 0.018*DOD)",154.77,auto_detected,2.78586,69,52,0.7536231884057971,D:\Retina\Retinal-Vessel-Segmentation-Benchmark-main\Models_output\FSG-Net-HRF\test_data\AFIO\pred_masks\IM005489.png,D:\Retina\Retinal-Vessel-Segmentation-Benchmark-main\config\test_data\AFIO\masks\IM005489.png
FSG-Net-HRF,AFIO,IM005523,0.55,diagnostic_test_set_scan_equal_dataset_macro_F1,"TVS = |S_GT_thin intersect M_pred| / |S_GT_thin|; S_GT_thin uses skeletonize(GT), Dlocal=2*EDT(GT), tau=max(1 px, 0.018*DOD)",159.3,auto_detected,2.8674,27,11,0.4074074074074074,D:\Retina\Retinal-Vessel-Segmentation-Benchmark-main\Models_output\FSG-Net-HRF\test_data\AFIO\pred_masks\IM005523.png,D:\Retina\Retinal-Vessel-Segmentation-Benchmark-main\config\test_data\AFIO\masks\IM005523.png
FSG-Net-HRF,AFIO,IM005524,0.55,diagnostic_test_set_scan_equal_dataset_macro_F1,"TVS = |S_GT_thin intersect M_pred| / |S_GT_thin|; S_GT_thin uses skeletonize(GT), Dlocal=2*EDT(GT), tau=max(1 px, 0.018*DOD)",158.03,auto_detected,2.84454,106,38,0.3584905660377358,D:\Retina\Retinal-Vessel-Segmentation-Benchmark-main\Models_output\FSG-Net-HRF\test_data\AFIO\pred_masks\IM005524.png,D:\Retina\Retinal-Vessel-Segmentation-Benchmark-main\config\test_data\AFIO\masks\IM005524.png
FSG-Net-HRF,AFIO,IM005558,0.55,diagnostic_test_set_scan_equal_dataset_macro_F1,"TVS = |S_GT_thin intersect M_pred| / |S_GT_thin|; S_GT_thin uses skeletonize(GT), Dlocal=2*EDT(GT), tau=max(1 px, 0.018*DOD)",157.11,auto_detected,2.82798,10,9,0.9,D:\Retina\Retinal-Vessel-Segmentation-Benchmark-main\Models_output\FSG-Net-HRF\test_data\AFIO\pred_masks\IM005558.png,D:\Retina\Retinal-Vessel-Segmentation-Benchmark-main\config\test_data\AFIO\masks\IM005558.png
FSG-Net-HRF,AFIO,IM005713,0.55,diagnostic_test_set_scan_equal_dataset_macro_F1,"TVS = |S_GT_thin intersect M_pred| / |S_GT_thin|; S_GT_thin uses skeletonize(GT), Dlocal=2*EDT(GT), tau=max(1 px, 0.018*DOD)",140.0,auto_detected,2.52,21,9,0.42857142857142855,D:\Retina\Retinal-Vessel-Segmentation-Benchmark-main\Models_output\FSG-Net-HRF\test_data\AFIO\pred_masks\IM005713.png,D:\Retina\Retinal-Vessel-Segmentation-Benchmark-main\config\test_data\AFIO\masks\IM005713.png
FSG-Net-HRF,AFIO,IM005806,0.55,diagnostic_test_set_scan_equal_dataset_macro_F1,"TVS = |S_GT_thin intersect M_pred| / |S_GT_thin|; S_GT_thin uses skeletonize(GT), Dlocal=2*EDT(GT), tau=max(1 px, 0.018*DOD)",140.31,auto_detected,2.5255799999999997,16,8,0.5,D:\Retina\Retinal-Vessel-Segmentation-Benchmark-main\Models_output\FSG-Net-HRF\test_data\AFIO\pred_masks\IM005806.png,D:\Retina\Retinal-Vessel-Segmentation-Benchmark-main\config\test_data\AFIO\masks\IM005806.png
FSG-Net-HRF,AFIO,IM005833,0.55,diagnostic_test_set_scan_equal_dataset_macro_F1,"TVS = |S_GT_thin intersect M_pred| / |S_GT_thin|; S_GT_thin uses skeletonize(GT), Dlocal=2*EDT(GT), tau=max(1 px, 0.018*DOD)",157.84,auto_detected,2.8411199999999996,20,10,0.5,D:\Retina\Retinal-Vessel-Segmentation-Benchmark-main\Models_output\FSG-Net-HRF\test_data\AFIO\pred_masks\IM005833.png,D:\Retina\Retinal-Vessel-Segmentation-Benchmark-main\config\test_data\AFIO\masks\IM005833.png
FSG-Net-HRF,AFIO,IM005834,0.55,diagnostic_test_set_scan_equal_dataset_macro_F1,"TVS = |S_GT_thin intersect M_pred| / |S_GT_thin|; S_GT_thin uses skeletonize(GT), Dlocal=2*EDT(GT), tau=max(1 px, 0.018*DOD)",158.02,auto_detected,2.84436,23,15,0.6521739130434783,D:\Retina\Retinal-Vessel-Segmentation-Benchmark-main\Models_output\FSG-Net-HRF\test_data\AFIO\pred_masks\IM005834.png,D:\Retina\Retinal-Vessel-Segmentation-Benchmark-main\config\test_data\AFIO\masks\IM005834.png
FSG-Net-HRF,AFIO,IM006037,0.55,diagnostic_test_set_scan_equal_dataset_macro_F1,"TVS = |S_GT_thin intersect M_pred| / |S_GT_thin|; S_GT_thin uses skeletonize(GT), Dlocal=2*EDT(GT), tau=max(1 px, 0.018*DOD)",159.22,auto_detected,2.86596,24,23,0.9583333333333334,D:\Retina\Retinal-Vessel-Segmentation-Benchmark-main\Models_output\FSG-Net-HRF\test_data\AFIO\pred_masks\IM006037.png,D:\Retina\Retinal-Vessel-Segmentation-Benchmark-main\config\test_data\AFIO\masks\IM006037.png
FSG-Net-HRF,AFIO,IM006105,0.55,diagnostic_test_set_scan_equal_dataset_macro_F1,"TVS = |S_GT_thin intersect M_pred| / |S_GT_thin|; S_GT_thin uses skeletonize(GT), Dlocal=2*EDT(GT), tau=max(1 px, 0.018*DOD)",136.13,auto_detected,2.4503399999999997,12,4,0.3333333333333333,D:\Retina\Retinal-Vessel-Segmentation-Benchmark-main\Models_output\FSG-Net-HRF\test_data\AFIO\pred_masks\IM006105.png,D:\Retina\Retinal-Vessel-Segmentation-Benchmark-main\config\test_data\AFIO\masks\IM006105.png
FSG-Net-HRF,AFIO,IM006106,0.55,diagnostic_test_set_scan_equal_dataset_macro_F1,"TVS = |S_GT_thin intersect M_pred| / |S_GT_thin|; S_GT_thin uses skeletonize(GT), Dlocal=2*EDT(GT), tau=max(1 px, 0.018*DOD)",151.82,auto_detected,2.73276,29,14,0.4827586206896552,D:\Retina\Retinal-Vessel-Segmentation-Benchmark-main\Models_output\FSG-Net-HRF\test_data\AFIO\pred_masks\IM006106.png,D:\Retina\Retinal-Vessel-Segmentation-Benchmark-main\config\test_data\AFIO\masks\IM006106.png
FSG-Net-HRF,CHASEDB1,Image_01L,0.55,diagnostic_test_set_scan_equal_dataset_macro_F1,"TVS = |S_GT_thin intersect M_pred| / |S_GT_thin|; S_GT_thin uses skeletonize(GT), Dlocal=2*EDT(GT), tau=max(1 px, 0.018*DOD)",204.8,auto_detected,3.6864,3772,1963,0.5204135737009544,D:\Retina\Retinal-Vessel-Segmentation-Benchmark-main\Models_output\FSG-Net-HRF\test_data\CHASEDB1\pred_masks\Image_01L.png,D:\Retina\Retinal-Vessel-Segmentation-Benchmark-main\config\test_data\CHASEDB1\masks\Image_01L.png
FSG-Net-HRF,CHASEDB1,Image_01R,0.55,diagnostic_test_set_scan_equal_dataset_macro_F1,"TVS = |S_GT_thin intersect M_pred| / |S_GT_thin|; S_GT_thin uses skeletonize(GT), Dlocal=2*EDT(GT), tau=max(1 px, 0.018*DOD)",198.26,auto_detected,3.5686799999999996,2702,1281,0.4740932642487047,D:\Retina\Retinal-Vessel-Segmentation-Benchmark-main\Models_output\FSG-Net-HRF\test_data\CHASEDB1\pred_masks\Image_01R.png,D:\Retina\Retinal-Vessel-Segmentation-Benchmark-main\config\test_data\CHASEDB1\masks\Image_01R.png
FSG-Net-HRF,CHASEDB1,Image_02L,0.55,diagnostic_test_set_scan_equal_dataset_macro_F1,"TVS = |S_GT_thin intersect M_pred| / |S_GT_thin|; S_GT_thin uses skeletonize(GT), Dlocal=2*EDT(GT), tau=max(1 px, 0.018*DOD)",192.8,auto_detected,3.4704,4816,2353,0.4885797342192691,D:\Retina\Retinal-Vessel-Segmentation-Benchmark-main\Models_output\FSG-Net-HRF\test_data\CHASEDB1\pred_masks\Image_02L.png,D:\Retina\Retinal-Vessel-Segmentation-Benchmark-main\config\test_data\CHASEDB1\masks\Image_02L.png
FSG-Net-HRF,CHASEDB1,Image_02R,0.55,diagnostic_test_set_scan_equal_dataset_macro_F1,"TVS = |S_GT_thin intersect M_pred| / |S_GT_thin|; S_GT_thin uses skeletonize(GT), Dlocal=2*EDT(GT), tau=max(1 px, 0.018*DOD)",173.55,annotation_csv,3.1239,4614,2037,0.44148244473342,D:\Retina\Retinal-Vessel-Segmentation-Benchmark-main\Models_output\FSG-Net-HRF\test_data\CHASEDB1\pred_masks\Image_02R.png,D:\Retina\Retinal-Vessel-Segmentation-Benchmark-main\config\test_data\CHASEDB1\masks\Image_02R.png
FSG-Net-HRF,CHASEDB1,Image_03L,0.55,diagnostic_test_set_scan_equal_dataset_macro_F1,"TVS = |S_GT_thin intersect M_pred| / |S_GT_thin|; S_GT_thin uses skeletonize(GT), Dlocal=2*EDT(GT), tau=max(1 px, 0.018*DOD)",180.8,auto_detected,3.2544,5217,2630,0.5041211424190147,D:\Retina\Retinal-Vessel-Segmentation-Benchmark-main\Models_output\FSG-Net-HRF\test_data\CHASEDB1\pred_masks\Image_03L.png,D:\Retina\Retinal-Vessel-Segmentation-Benchmark-main\config\test_data\CHASEDB1\masks\Image_03L.png
FSG-Net-HRF,CHASEDB1,Image_03R,0.55,diagnostic_test_set_scan_equal_dataset_macro_F1,"TVS = |S_GT_thin intersect M_pred| / |S_GT_thin|; S_GT_thin uses skeletonize(GT), Dlocal=2*EDT(GT), tau=max(1 px, 0.018*DOD)",196.8,auto_detected,3.5423999999999998,3439,2141,0.6225646990404188,D:\Retina\Retinal-Vessel-Segmentation-Benchmark-main\Models_output\FSG-Net-HRF\test_data\CHASEDB1\pred_masks\Image_03R.png,D:\Retina\Retinal-Vessel-Segmentation-Benchmark-main\config\test_data\CHASEDB1\masks\Image_03R.png
FSG-Net-HRF,CHASEDB1,Image_04L,0.55,diagnostic_test_set_scan_equal_dataset_macro_F1,"TVS = |S_GT_thin intersect M_pred| / |S_GT_thin|; S_GT_thin uses skeletonize(GT), Dlocal=2*EDT(GT), tau=max(1 px, 0.018*DOD)",168.8,auto_detected,3.0383999999999998,2067,1248,0.6037735849056604,D:\Retina\Retinal-Vessel-Segmentation-Benchmark-main\Models_output\FSG-Net-HRF\test_data\CHASEDB1\pred_masks\Image_04L.png,D:\Retina\Retinal-Vessel-Segmentation-Benchmark-main\config\test_data\CHASEDB1\masks\Image_04L.png
FSG-Net-HRF,CHASEDB1,Image_04R,0.55,diagnostic_test_set_scan_equal_dataset_macro_F1,"TVS = |S_GT_thin intersect M_pred| / |S_GT_thin|; S_GT_thin uses skeletonize(GT), Dlocal=2*EDT(GT), tau=max(1 px, 0.018*DOD)",156.8,annotation_csv,2.8224,2470,1174,0.47530364372469636,D:\Retina\Retinal-Vessel-Segmentation-Benchmark-main\Models_output\FSG-Net-HRF\test_data\CHASEDB1\pred_masks\Image_04R.png,D:\Retina\Retinal-Vessel-Segmentation-Benchmark-main\config\test_data\CHASEDB1\masks\Image_04R.png
FSG-Net-HRF,CHASEDB1,Image_05L,0.55,diagnostic_test_set_scan_equal_dataset_macro_F1,"TVS = |S_GT_thin intersect M_pred| / |S_GT_thin|; S_GT_thin uses skeletonize(GT), Dlocal=2*EDT(GT), tau=max(1 px, 0.018*DOD)",180.8,auto_detected,3.2544,2943,2002,0.6802582398912674,D:\Retina\Retinal-Vessel-Segmentation-Benchmark-main\Models_output\FSG-Net-HRF\test_data\CHASEDB1\pred_masks\Image_05L.png,D:\Retina\Retinal-Vessel-Segmentation-Benchmark-main\config\test_data\CHASEDB1\masks\Image_05L.png
FSG-Net-HRF,CHASEDB1,Image_05R,0.55,diagnostic_test_set_scan_equal_dataset_macro_F1,"TVS = |S_GT_thin intersect M_pred| / |S_GT_thin|; S_GT_thin uses skeletonize(GT), Dlocal=2*EDT(GT), tau=max(1 px, 0.018*DOD)",184.8,auto_detected,3.3264,3705,2340,0.631578947368421,D:\Retina\Retinal-Vessel-Segmentation-Benchmark-main\Models_output\FSG-Net-HRF\test_data\CHASEDB1\pred_masks\Image_05R.png,D:\Retina\Retinal-Vessel-Segmentation-Benchmark-main\config\test_data\CHASEDB1\masks\Image_05R.png
FSG-Net-HRF,CHASEDB1,Image_06L,0.55,diagnostic_test_set_scan_equal_dataset_macro_F1,"TVS = |S_GT_thin intersect M_pred| / |S_GT_thin|; S_GT_thin uses skeletonize(GT), Dlocal=2*EDT(GT), tau=max(1 px, 0.018*DOD)",204.8,auto_detected,3.6864,3212,1690,0.5261519302615193,D:\Retina\Retinal-Vessel-Segmentation-Benchmark-main\Models_output\FSG-Net-HRF\test_data\CHASEDB1\pred_masks\Image_06L.png,D:\Retina\Retinal-Vessel-Segmentation-Benchmark-main\config\test_data\CHASEDB1\masks\Image_06L.png
FSG-Net-HRF,CHASEDB1,Image_06R,0.55,diagnostic_test_set_scan_equal_dataset_macro_F1,"TVS = |S_GT_thin intersect M_pred| / |S_GT_thin|; S_GT_thin uses skeletonize(GT), Dlocal=2*EDT(GT), tau=max(1 px, 0.018*DOD)",169.58,auto_detected,3.05244,4389,2185,0.49783549783549785,D:\Retina\Retinal-Vessel-Segmentation-Benchmark-main\Models_output\FSG-Net-HRF\test_data\CHASEDB1\pred_masks\Image_06R.png,D:\Retina\Retinal-Vessel-Segmentation-Benchmark-main\config\test_data\CHASEDB1\masks\Image_06R.png
FSG-Net-HRF,CHASEDB1,Image_07L,0.55,diagnostic_test_set_scan_equal_dataset_macro_F1,"TVS = |S_GT_thin intersect M_pred| / |S_GT_thin|; S_GT_thin uses skeletonize(GT), Dlocal=2*EDT(GT), tau=max(1 px, 0.018*DOD)",194.56,auto_detected,3.50208,4141,2176,0.5254769379376962,D:\Retina\Retinal-Vessel-Segmentation-Benchmark-main\Models_output\FSG-Net-HRF\test_data\CHASEDB1\pred_masks\Image_07L.png,D:\Retina\Retinal-Vessel-Segmentation-Benchmark-main\config\test_data\CHASEDB1\masks\Image_07L.png
FSG-Net-HRF,CHASEDB1,Image_07R,0.55,diagnostic_test_set_scan_equal_dataset_macro_F1,"TVS = |S_GT_thin intersect M_pred| / |S_GT_thin|; S_GT_thin uses skeletonize(GT), Dlocal=2*EDT(GT), tau=max(1 px, 0.018*DOD)",201.6,fallback_fov_center,3.6287999999999996,3669,1815,0.4946852003270646,D:\Retina\Retinal-Vessel-Segmentation-Benchmark-main\Models_output\FSG-Net-HRF\test_data\CHASEDB1\pred_masks\Image_07R.png,D:\Retina\Retinal-Vessel-Segmentation-Benchmark-main\config\test_data\CHASEDB1\masks\Image_07R.png
FSG-Net-HRF,CHASEDB1,Image_08L,0.55,diagnostic_test_set_scan_equal_dataset_macro_F1,"TVS = |S_GT_thin intersect M_pred| / |S_GT_thin|; S_GT_thin uses skeletonize(GT), Dlocal=2*EDT(GT), tau=max(1 px, 0.018*DOD)",192.21,auto_detected,3.45978,2869,1379,0.4806552805855699,D:\Retina\Retinal-Vessel-Segmentation-Benchmark-main\Models_output\FSG-Net-HRF\test_data\CHASEDB1\pred_masks\Image_08L.png,D:\Retina\Retinal-Vessel-Segmentation-Benchmark-main\config\test_data\CHASEDB1\masks\Image_08L.png
FSG-Net-HRF,CHASEDB1,Image_08R,0.55,diagnostic_test_set_scan_equal_dataset_macro_F1,"TVS = |S_GT_thin intersect M_pred| / |S_GT_thin|; S_GT_thin uses skeletonize(GT), Dlocal=2*EDT(GT), tau=max(1 px, 0.018*DOD)",200.43,auto_detected,3.6077399999999997,2327,1184,0.5088096261280619,D:\Retina\Retinal-Vessel-Segmentation-Benchmark-main\Models_output\FSG-Net-HRF\test_data\CHASEDB1\pred_masks\Image_08R.png,D:\Retina\Retinal-Vessel-Segmentation-Benchmark-main\config\test_data\CHASEDB1\masks\Image_08R.png
FSG-Net-HRF,CHASEDB1,Image_09L,0.55,diagnostic_test_set_scan_equal_dataset_macro_F1,"TVS = |S_GT_thin intersect M_pred| / |S_GT_thin|; S_GT_thin uses skeletonize(GT), Dlocal=2*EDT(GT), tau=max(1 px, 0.018*DOD)",176.8,auto_detected,3.1824,2317,1485,0.6409149762624082,D:\Retina\Retinal-Vessel-Segmentation-Benchmark-main\Models_output\FSG-Net-HRF\test_data\CHASEDB1\pred_masks\Image_09L.png,D:\Retina\Retinal-Vessel-Segmentation-Benchmark-main\config\test_data\CHASEDB1\masks\Image_09L.png
FSG-Net-HRF,CHASEDB1,Image_09R,0.55,diagnostic_test_set_scan_equal_dataset_macro_F1,"TVS = |S_GT_thin intersect M_pred| / |S_GT_thin|; S_GT_thin uses skeletonize(GT), Dlocal=2*EDT(GT), tau=max(1 px, 0.018*DOD)",184.8,auto_detected,3.3264,2786,1480,0.5312275664034458,D:\Retina\Retinal-Vessel-Segmentation-Benchmark-main\Models_output\FSG-Net-HRF\test_data\CHASEDB1\pred_masks\Image_09R.png,D:\Retina\Retinal-Vessel-Segmentation-Benchmark-main\config\test_data\CHASEDB1\masks\Image_09R.png
FSG-Net-HRF,CHASEDB1,Image_10L,0.55,diagnostic_test_set_scan_equal_dataset_macro_F1,"TVS = |S_GT_thin intersect M_pred| / |S_GT_thin|; S_GT_thin uses skeletonize(GT), Dlocal=2*EDT(GT), tau=max(1 px, 0.018*DOD)",196.64,auto_detected,3.5395199999999996,4178,1922,0.4600287218764959,D:\Retina\Retinal-Vessel-Segmentation-Benchmark-main\Models_output\FSG-Net-HRF\test_data\CHASEDB1\pred_masks\Image_10L.png,D:\Retina\Retinal-Vessel-Segmentation-Benchmark-main\config\test_data\CHASEDB1\masks\Image_10L.png
FSG-Net-HRF,CHASEDB1,Image_10R,0.55,diagnostic_test_set_scan_equal_dataset_macro_F1,"TVS = |S_GT_thin intersect M_pred| / |S_GT_thin|; S_GT_thin uses skeletonize(GT), Dlocal=2*EDT(GT), tau=max(1 px, 0.018*DOD)",197.67,auto_detected,3.5580599999999993,5189,2521,0.4858354210830603,D:\Retina\Retinal-Vessel-Segmentation-Benchmark-main\Models_output\FSG-Net-HRF\test_data\CHASEDB1\pred_masks\Image_10R.png,D:\Retina\Retinal-Vessel-Segmentation-Benchmark-main\config\test_data\CHASEDB1\masks\Image_10R.png
FSG-Net-HRF,CHASEDB1,Image_11L,0.55,diagnostic_test_set_scan_equal_dataset_macro_F1,"TVS = |S_GT_thin intersect M_pred| / |S_GT_thin|; S_GT_thin uses skeletonize(GT), Dlocal=2*EDT(GT), tau=max(1 px, 0.018*DOD)",160.8,auto_detected,2.8944,3905,2755,0.70550576184379,D:\Retina\Retinal-Vessel-Segmentation-Benchmark-main\Models_output\FSG-Net-HRF\test_data\CHASEDB1\pred_masks\Image_11L.png,D:\Retina\Retinal-Vessel-Segmentation-Benchmark-main\config\test_data\CHASEDB1\masks\Image_11L.png
FSG-Net-HRF,CHASEDB1,Image_11R,0.55,diagnostic_test_set_scan_equal_dataset_macro_F1,"TVS = |S_GT_thin intersect M_pred| / |S_GT_thin|; S_GT_thin uses skeletonize(GT), Dlocal=2*EDT(GT), tau=max(1 px, 0.018*DOD)",180.8,auto_detected,3.2544,2285,1430,0.6258205689277899,D:\Retina\Retinal-Vessel-Segmentation-Benchmark-main\Models_output\FSG-Net-HRF\test_data\CHASEDB1\pred_masks\Image_11R.png,D:\Retina\Retinal-Vessel-Segmentation-Benchmark-main\config\test_data\CHASEDB1\masks\Image_11R.png
FSG-Net-HRF,CHASEDB1,Image_12L,0.55,diagnostic_test_set_scan_equal_dataset_macro_F1,"TVS = |S_GT_thin intersect M_pred| / |S_GT_thin|; S_GT_thin uses skeletonize(GT), Dlocal=2*EDT(GT), tau=max(1 px, 0.018*DOD)",180.8,auto_detected,3.2544,2691,1069,0.3972500929022668,D:\Retina\Retinal-Vessel-Segmentation-Benchmark-main\Models_output\FSG-Net-HRF\test_data\CHASEDB1\pred_masks\Image_12L.png,D:\Retina\Retinal-Vessel-Segmentation-Benchmark-main\config\test_data\CHASEDB1\masks\Image_12L.png
FSG-Net-HRF,CHASEDB1,Image_12R,0.55,diagnostic_test_set_scan_equal_dataset_macro_F1,"TVS = |S_GT_thin intersect M_pred| / |S_GT_thin|; S_GT_thin uses skeletonize(GT), Dlocal=2*EDT(GT), tau=max(1 px, 0.018*DOD)",196.8,auto_detected,3.5423999999999998,3799,2068,0.5443537773098184,D:\Retina\Retinal-Vessel-Segmentation-Benchmark-main\Models_output\FSG-Net-HRF\test_data\CHASEDB1\pred_masks\Image_12R.png,D:\Retina\Retinal-Vessel-Segmentation-Benchmark-main\config\test_data\CHASEDB1\masks\Image_12R.png
FSG-Net-HRF,CHASEDB1,Image_13L,0.55,diagnostic_test_set_scan_equal_dataset_macro_F1,"TVS = |S_GT_thin intersect M_pred| / |S_GT_thin|; S_GT_thin uses skeletonize(GT), Dlocal=2*EDT(GT), tau=max(1 px, 0.018*DOD)",197.23,auto_detected,3.5501399999999994,1820,838,0.4604395604395604,D:\Retina\Retinal-Vessel-Segmentation-Benchmark-main\Models_output\FSG-Net-HRF\test_data\CHASEDB1\pred_masks\Image_13L.png,D:\Retina\Retinal-Vessel-Segmentation-Benchmark-main\config\test_data\CHASEDB1\masks\Image_13L.png
FSG-Net-HRF,CHASEDB1,Image_13R,0.55,diagnostic_test_set_scan_equal_dataset_macro_F1,"TVS = |S_GT_thin intersect M_pred| / |S_GT_thin|; S_GT_thin uses skeletonize(GT), Dlocal=2*EDT(GT), tau=max(1 px, 0.018*DOD)",190.12,auto_detected,3.42216,2561,1287,0.5025380710659898,D:\Retina\Retinal-Vessel-Segmentation-Benchmark-main\Models_output\FSG-Net-HRF\test_data\CHASEDB1\pred_masks\Image_13R.png,D:\Retina\Retinal-Vessel-Segmentation-Benchmark-main\config\test_data\CHASEDB1\masks\Image_13R.png
FSG-Net-HRF,CHASEDB1,Image_14L,0.55,diagnostic_test_set_scan_equal_dataset_macro_F1,"TVS = |S_GT_thin intersect M_pred| / |S_GT_thin|; S_GT_thin uses skeletonize(GT), Dlocal=2*EDT(GT), tau=max(1 px, 0.018*DOD)",168.8,auto_detected,3.0383999999999998,1508,1016,0.6737400530503979,D:\Retina\Retinal-Vessel-Segmentation-Benchmark-main\Models_output\FSG-Net-HRF\test_data\CHASEDB1\pred_masks\Image_14L.png,D:\Retina\Retinal-Vessel-Segmentation-Benchmark-main\config\test_data\CHASEDB1\masks\Image_14L.png
FSG-Net-HRF,CHASEDB1,Image_14R,0.55,diagnostic_test_set_scan_equal_dataset_macro_F1,"TVS = |S_GT_thin intersect M_pred| / |S_GT_thin|; S_GT_thin uses skeletonize(GT), Dlocal=2*EDT(GT), tau=max(1 px, 0.018*DOD)",180.8,auto_detected,3.2544,1076,482,0.4479553903345725,D:\Retina\Retinal-Vessel-Segmentation-Benchmark-main\Models_output\FSG-Net-HRF\test_data\CHASEDB1\pred_masks\Image_14R.png,D:\Retina\Retinal-Vessel-Segmentation-Benchmark-main\config\test_data\CHASEDB1\masks\Image_14R.png
FSG-Net-HRF,DualModal2019,DualModal2019_A1_L4,0.55,diagnostic_test_set_scan_equal_dataset_macro_F1,"TVS = |S_GT_thin intersect M_pred| / |S_GT_thin|; S_GT_thin uses skeletonize(GT), Dlocal=2*EDT(GT), tau=max(1 px, 0.018*DOD)",157.89,auto_detected,2.8420199999999993,2887,1951,0.6757880152407343,D:\Retina\Retinal-Vessel-Segmentation-Benchmark-main\Models_output\FSG-Net-HRF\test_data\DualModal2019\pred_masks\DualModal2019_A1_L4.png,D:\Retina\Retinal-Vessel-Segmentation-Benchmark-main\config\test_data\DualModal2019\masks\DualModal2019_A1_L4.png
FSG-Net-HRF,DualModal2019,DualModal2019_A1_R2,0.55,diagnostic_test_set_scan_equal_dataset_macro_F1,"TVS = |S_GT_thin intersect M_pred| / |S_GT_thin|; S_GT_thin uses skeletonize(GT), Dlocal=2*EDT(GT), tau=max(1 px, 0.018*DOD)",184.35,auto_detected,3.3183,6573,4863,0.7398448197170242,D:\Retina\Retinal-Vessel-Segmentation-Benchmark-main\Models_output\FSG-Net-HRF\test_data\DualModal2019\pred_masks\DualModal2019_A1_R2.png,D:\Retina\Retinal-Vessel-Segmentation-Benchmark-main\config\test_data\DualModal2019\masks\DualModal2019_A1_R2.png
FSG-Net-HRF,DualModal2019,DualModal2019_A2_R2,0.55,diagnostic_test_set_scan_equal_dataset_macro_F1,"TVS = |S_GT_thin intersect M_pred| / |S_GT_thin|; S_GT_thin uses skeletonize(GT), Dlocal=2*EDT(GT), tau=max(1 px, 0.018*DOD)",202.37,auto_detected,3.64266,6048,4650,0.7688492063492064,D:\Retina\Retinal-Vessel-Segmentation-Benchmark-main\Models_output\FSG-Net-HRF\test_data\DualModal2019\pred_masks\DualModal2019_A2_R2.png,D:\Retina\Retinal-Vessel-Segmentation-Benchmark-main\config\test_data\DualModal2019\masks\DualModal2019_A2_R2.png
FSG-Net-HRF,DualModal2019,DualModal2019_A3_L1,0.55,diagnostic_test_set_scan_equal_dataset_macro_F1,"TVS = |S_GT_thin intersect M_pred| / |S_GT_thin|; S_GT_thin uses skeletonize(GT), Dlocal=2*EDT(GT), tau=max(1 px, 0.018*DOD)",184.35,auto_detected,3.3183,4224,3386,0.8016098484848485,D:\Retina\Retinal-Vessel-Segmentation-Benchmark-main\Models_output\FSG-Net-HRF\test_data\DualModal2019\pred_masks\DualModal2019_A3_L1.png,D:\Retina\Retinal-Vessel-Segmentation-Benchmark-main\config\test_data\DualModal2019\masks\DualModal2019_A3_L1.png
FSG-Net-HRF,DualModal2019,DualModal2019_A3_R1,0.55,diagnostic_test_set_scan_equal_dataset_macro_F1,"TVS = |S_GT_thin intersect M_pred| / |S_GT_thin|; S_GT_thin uses skeletonize(GT), Dlocal=2*EDT(GT), tau=max(1 px, 0.018*DOD)",167.86,auto_detected,3.02148,7163,5801,0.8098562055004886,D:\Retina\Retinal-Vessel-Segmentation-Benchmark-main\Models_output\FSG-Net-HRF\test_data\DualModal2019\pred_masks\DualModal2019_A3_R1.png,D:\Retina\Retinal-Vessel-Segmentation-Benchmark-main\config\test_data\DualModal2019\masks\DualModal2019_A3_R1.png
FSG-Net-HRF,DualModal2019,DualModal2019_A4_L3,0.55,diagnostic_test_set_scan_equal_dataset_macro_F1,"TVS = |S_GT_thin intersect M_pred| / |S_GT_thin|; S_GT_thin uses skeletonize(GT), Dlocal=2*EDT(GT), tau=max(1 px, 0.018*DOD)",193.4,auto_detected,3.4812,4671,3719,0.7961892528366517,D:\Retina\Retinal-Vessel-Segmentation-Benchmark-main\Models_output\FSG-Net-HRF\test_data\DualModal2019\pred_masks\DualModal2019_A4_L3.png,D:\Retina\Retinal-Vessel-Segmentation-Benchmark-main\config\test_data\DualModal2019\masks\DualModal2019_A4_L3.png
FSG-Net-HRF,DualModal2019,DualModal2019_A4_R2,0.55,diagnostic_test_set_scan_equal_dataset_macro_F1,"TVS = |S_GT_thin intersect M_pred| / |S_GT_thin|; S_GT_thin uses skeletonize(GT), Dlocal=2*EDT(GT), tau=max(1 px, 0.018*DOD)",198.25,auto_detected,3.5685,5678,5090,0.896442409299049,D:\Retina\Retinal-Vessel-Segmentation-Benchmark-main\Models_output\FSG-Net-HRF\test_data\DualModal2019\pred_masks\DualModal2019_A4_R2.png,D:\Retina\Retinal-Vessel-Segmentation-Benchmark-main\config\test_data\DualModal2019\masks\DualModal2019_A4_R2.png
FSG-Net-HRF,DualModal2019,DualModal2019_A5_R4,0.55,diagnostic_test_set_scan_equal_dataset_macro_F1,"TVS = |S_GT_thin intersect M_pred| / |S_GT_thin|; S_GT_thin uses skeletonize(GT), Dlocal=2*EDT(GT), tau=max(1 px, 0.018*DOD)",218.97,auto_detected,3.9414599999999997,5527,4742,0.8579699656233037,D:\Retina\Retinal-Vessel-Segmentation-Benchmark-main\Models_output\FSG-Net-HRF\test_data\DualModal2019\pred_masks\DualModal2019_A5_R4.png,D:\Retina\Retinal-Vessel-Segmentation-Benchmark-main\config\test_data\DualModal2019\masks\DualModal2019_A5_R4.png
FSG-Net-HRF,DualModal2019,DualModal2019_A6_L2,0.55,diagnostic_test_set_scan_equal_dataset_macro_F1,"TVS = |S_GT_thin intersect M_pred| / |S_GT_thin|; S_GT_thin uses skeletonize(GT), Dlocal=2*EDT(GT), tau=max(1 px, 0.018*DOD)",163.94,auto_detected,2.9509199999999995,4745,3835,0.8082191780821918,D:\Retina\Retinal-Vessel-Segmentation-Benchmark-main\Models_output\FSG-Net-HRF\test_data\DualModal2019\pred_masks\DualModal2019_A6_L2.png,D:\Retina\Retinal-Vessel-Segmentation-Benchmark-main\config\test_data\DualModal2019\masks\DualModal2019_A6_L2.png
FSG-Net-HRF,DualModal2019,DualModal2019_A6_R3,0.55,diagnostic_test_set_scan_equal_dataset_macro_F1,"TVS = |S_GT_thin intersect M_pred| / |S_GT_thin|; S_GT_thin uses skeletonize(GT), Dlocal=2*EDT(GT), tau=max(1 px, 0.018*DOD)",169.94,auto_detected,3.0589199999999996,6542,5471,0.8362885967594008,D:\Retina\Retinal-Vessel-Segmentation-Benchmark-main\Models_output\FSG-Net-HRF\test_data\DualModal2019\pred_masks\DualModal2019_A6_R3.png,D:\Retina\Retinal-Vessel-Segmentation-Benchmark-main\config\test_data\DualModal2019\masks\DualModal2019_A6_R3.png
FSG-Net-HRF,DualModal2019,DualModal2019_A7_L1,0.55,diagnostic_test_set_scan_equal_dataset_macro_F1,"TVS = |S_GT_thin intersect M_pred| / |S_GT_thin|; S_GT_thin uses skeletonize(GT), Dlocal=2*EDT(GT), tau=max(1 px, 0.018*DOD)",160.82,auto_detected,2.8947599999999998,7901,5836,0.7386406783951398,D:\Retina\Retinal-Vessel-Segmentation-Benchmark-main\Models_output\FSG-Net-HRF\test_data\DualModal2019\pred_masks\DualModal2019_A7_L1.png,D:\Retina\Retinal-Vessel-Segmentation-Benchmark-main\config\test_data\DualModal2019\masks\DualModal2019_A7_L1.png
FSG-Net-HRF,DualModal2019,DualModal2019_A7_R1,0.55,diagnostic_test_set_scan_equal_dataset_macro_F1,"TVS = |S_GT_thin intersect M_pred| / |S_GT_thin|; S_GT_thin uses skeletonize(GT), Dlocal=2*EDT(GT), tau=max(1 px, 0.018*DOD)",154.5,auto_detected,2.7809999999999997,4757,3719,0.7817952491065798,D:\Retina\Retinal-Vessel-Segmentation-Benchmark-main\Models_output\FSG-Net-HRF\test_data\DualModal2019\pred_masks\DualModal2019_A7_R1.png,D:\Retina\Retinal-Vessel-Segmentation-Benchmark-main\config\test_data\DualModal2019\masks\DualModal2019_A7_R1.png
FSG-Net-HRF,DualModal2019,DualModal2019_C1_L4,0.55,diagnostic_test_set_scan_equal_dataset_macro_F1,"TVS = |S_GT_thin intersect M_pred| / |S_GT_thin|; S_GT_thin uses skeletonize(GT), Dlocal=2*EDT(GT), tau=max(1 px, 0.018*DOD)",167.59,auto_detected,3.0166199999999996,5336,4353,0.8157796101949025,D:\Retina\Retinal-Vessel-Segmentation-Benchmark-main\Models_output\FSG-Net-HRF\test_data\DualModal2019\pred_masks\DualModal2019_C1_L4.png,D:\Retina\Retinal-Vessel-Segmentation-Benchmark-main\config\test_data\DualModal2019\masks\DualModal2019_C1_L4.png
FSG-Net-HRF,DualModal2019,DualModal2019_C1_R4,0.55,diagnostic_test_set_scan_equal_dataset_macro_F1,"TVS = |S_GT_thin intersect M_pred| / |S_GT_thin|; S_GT_thin uses skeletonize(GT), Dlocal=2*EDT(GT), tau=max(1 px, 0.018*DOD)",157.62,annotation_csv,2.83716,6507,5236,0.8046718918088213,D:\Retina\Retinal-Vessel-Segmentation-Benchmark-main\Models_output\FSG-Net-HRF\test_data\DualModal2019\pred_masks\DualModal2019_C1_R4.png,D:\Retina\Retinal-Vessel-Segmentation-Benchmark-main\config\test_data\DualModal2019\masks\DualModal2019_C1_R4.png
FSG-Net-HRF,DualModal2019,DualModal2019_C2_L4,0.55,diagnostic_test_set_scan_equal_dataset_macro_F1,"TVS = |S_GT_thin intersect M_pred| / |S_GT_thin|; S_GT_thin uses skeletonize(GT), Dlocal=2*EDT(GT), tau=max(1 px, 0.018*DOD)",175.4,auto_detected,3.1572,4584,3700,0.8071553228621291,D:\Retina\Retinal-Vessel-Segmentation-Benchmark-main\Models_output\FSG-Net-HRF\test_data\DualModal2019\pred_masks\DualModal2019_C2_L4.png,D:\Retina\Retinal-Vessel-Segmentation-Benchmark-main\config\test_data\DualModal2019\masks\DualModal2019_C2_L4.png
FSG-Net-HRF,DualModal2019,DualModal2019_C2_R3,0.55,diagnostic_test_set_scan_equal_dataset_macro_F1,"TVS = |S_GT_thin intersect M_pred| / |S_GT_thin|; S_GT_thin uses skeletonize(GT), Dlocal=2*EDT(GT), tau=max(1 px, 0.018*DOD)",162.22,auto_detected,2.9199599999999997,6852,5821,0.8495329830706363,D:\Retina\Retinal-Vessel-Segmentation-Benchmark-main\Models_output\FSG-Net-HRF\test_data\DualModal2019\pred_masks\DualModal2019_C2_R3.png,D:\Retina\Retinal-Vessel-Segmentation-Benchmark-main\config\test_data\DualModal2019\masks\DualModal2019_C2_R3.png
FSG-Net-HRF,DualModal2019,DualModal2019_C3_L1,0.55,diagnostic_test_set_scan_equal_dataset_macro_F1,"TVS = |S_GT_thin intersect M_pred| / |S_GT_thin|; S_GT_thin uses skeletonize(GT), Dlocal=2*EDT(GT), tau=max(1 px, 0.018*DOD)",186.34,auto_detected,3.35412,5496,4473,0.8138646288209607,D:\Retina\Retinal-Vessel-Segmentation-Benchmark-main\Models_output\FSG-Net-HRF\test_data\DualModal2019\pred_masks\DualModal2019_C3_L1.png,D:\Retina\Retinal-Vessel-Segmentation-Benchmark-main\config\test_data\DualModal2019\masks\DualModal2019_C3_L1.png
FSG-Net-HRF,DualModal2019,DualModal2019_C3_R1,0.55,diagnostic_test_set_scan_equal_dataset_macro_F1,"TVS = |S_GT_thin intersect M_pred| / |S_GT_thin|; S_GT_thin uses skeletonize(GT), Dlocal=2*EDT(GT), tau=max(1 px, 0.018*DOD)",178.15,annotation_csv,3.2066999999999997,5180,4319,0.8337837837837838,D:\Retina\Retinal-Vessel-Segmentation-Benchmark-main\Models_output\FSG-Net-HRF\test_data\DualModal2019\pred_masks\DualModal2019_C3_R1.png,D:\Retina\Retinal-Vessel-Segmentation-Benchmark-main\config\test_data\DualModal2019\masks\DualModal2019_C3_R1.png
FSG-Net-HRF,DualModal2019,DualModal2019_C4_L2,0.55,diagnostic_test_set_scan_equal_dataset_macro_F1,"TVS = |S_GT_thin intersect M_pred| / |S_GT_thin|; S_GT_thin uses skeletonize(GT), Dlocal=2*EDT(GT), tau=max(1 px, 0.018*DOD)",197.44,auto_detected,3.5539199999999997,4441,2939,0.6617878856113488,D:\Retina\Retinal-Vessel-Segmentation-Benchmark-main\Models_output\FSG-Net-HRF\test_data\DualModal2019\pred_masks\DualModal2019_C4_L2.png,D:\Retina\Retinal-Vessel-Segmentation-Benchmark-main\config\test_data\DualModal2019\masks\DualModal2019_C4_L2.png
FSG-Net-HRF,DualModal2019,DualModal2019_C4_R2,0.55,diagnostic_test_set_scan_equal_dataset_macro_F1,"TVS = |S_GT_thin intersect M_pred| / |S_GT_thin|; S_GT_thin uses skeletonize(GT), Dlocal=2*EDT(GT), tau=max(1 px, 0.018*DOD)",201.33,auto_detected,3.62394,4245,2989,0.7041224970553592,D:\Retina\Retinal-Vessel-Segmentation-Benchmark-main\Models_output\FSG-Net-HRF\test_data\DualModal2019\pred_masks\DualModal2019_C4_R2.png,D:\Retina\Retinal-Vessel-Segmentation-Benchmark-main\config\test_data\DualModal2019\masks\DualModal2019_C4_R2.png
FSG-Net-HRF,DualModal2019,DualModal2019_C5_L1,0.55,diagnostic_test_set_scan_equal_dataset_macro_F1,"TVS = |S_GT_thin intersect M_pred| / |S_GT_thin|; S_GT_thin uses skeletonize(GT), Dlocal=2*EDT(GT), tau=max(1 px, 0.018*DOD)",174.39,auto_detected,3.1390199999999995,5587,4811,0.8611061392518347,D:\Retina\Retinal-Vessel-Segmentation-Benchmark-main\Models_output\FSG-Net-HRF\test_data\DualModal2019\pred_masks\DualModal2019_C5_L1.png,D:\Retina\Retinal-Vessel-Segmentation-Benchmark-main\config\test_data\DualModal2019\masks\DualModal2019_C5_L1.png
FSG-Net-HRF,DualModal2019,DualModal2019_C5_R1,0.55,diagnostic_test_set_scan_equal_dataset_macro_F1,"TVS = |S_GT_thin intersect M_pred| / |S_GT_thin|; S_GT_thin uses skeletonize(GT), Dlocal=2*EDT(GT), tau=max(1 px, 0.018*DOD)",157.41,auto_detected,2.8333799999999996,6504,5604,0.8616236162361623,D:\Retina\Retinal-Vessel-Segmentation-Benchmark-main\Models_output\FSG-Net-HRF\test_data\DualModal2019\pred_masks\DualModal2019_C5_R1.png,D:\Retina\Retinal-Vessel-Segmentation-Benchmark-main\config\test_data\DualModal2019\masks\DualModal2019_C5_R1.png
FSG-Net-HRF,DualModal2019,DualModal2019_C6_L2,0.55,diagnostic_test_set_scan_equal_dataset_macro_F1,"TVS = |S_GT_thin intersect M_pred| / |S_GT_thin|; S_GT_thin uses skeletonize(GT), Dlocal=2*EDT(GT), tau=max(1 px, 0.018*DOD)",164.36,auto_detected,2.95848,4361,3533,0.8101352900710846,D:\Retina\Retinal-Vessel-Segmentation-Benchmark-main\Models_output\FSG-Net-HRF\test_data\DualModal2019\pred_masks\DualModal2019_C6_L2.png,D:\Retina\Retinal-Vessel-Segmentation-Benchmark-main\config\test_data\DualModal2019\masks\DualModal2019_C6_L2.png
FSG-Net-HRF,DualModal2019,DualModal2019_C6_R2,0.55,diagnostic_test_set_scan_equal_dataset_macro_F1,"TVS = |S_GT_thin intersect M_pred| / |S_GT_thin|; S_GT_thin uses skeletonize(GT), Dlocal=2*EDT(GT), tau=max(1 px, 0.018*DOD)",172.35,auto_detected,3.1022999999999996,4334,2970,0.6852791878172588,D:\Retina\Retinal-Vessel-Segmentation-Benchmark-main\Models_output\FSG-Net-HRF\test_data\DualModal2019\pred_masks\DualModal2019_C6_R2.png,D:\Retina\Retinal-Vessel-Segmentation-Benchmark-main\config\test_data\DualModal2019\masks\DualModal2019_C6_R2.png
FSG-Net-HRF,DualModal2019,DualModal2019_C7_L4,0.55,diagnostic_test_set_scan_equal_dataset_macro_F1,"TVS = |S_GT_thin intersect M_pred| / |S_GT_thin|; S_GT_thin uses skeletonize(GT), Dlocal=2*EDT(GT), tau=max(1 px, 0.018*DOD)",170.65,auto_detected,3.0717,6314,5143,0.8145391194171682,D:\Retina\Retinal-Vessel-Segmentation-Benchmark-main\Models_output\FSG-Net-HRF\test_data\DualModal2019\pred_masks\DualModal2019_C7_L4.png,D:\Retina\Retinal-Vessel-Segmentation-Benchmark-main\config\test_data\DualModal2019\masks\DualModal2019_C7_L4.png
FSG-Net-HRF,DualModal2019,DualModal2019_C7_R3,0.55,diagnostic_test_set_scan_equal_dataset_macro_F1,"TVS = |S_GT_thin intersect M_pred| / |S_GT_thin|; S_GT_thin uses skeletonize(GT), Dlocal=2*EDT(GT), tau=max(1 px, 0.018*DOD)",148.64,auto_detected,2.6755199999999997,4610,3635,0.7885032537960954,D:\Retina\Retinal-Vessel-Segmentation-Benchmark-main\Models_output\FSG-Net-HRF\test_data\DualModal2019\pred_masks\DualModal2019_C7_R3.png,D:\Retina\Retinal-Vessel-Segmentation-Benchmark-main\config\test_data\DualModal2019\masks\DualModal2019_C7_R3.png
FSG-Net-HRF,DualModal2019,DualModal2019_C8_L4,0.55,diagnostic_test_set_scan_equal_dataset_macro_F1,"TVS = |S_GT_thin intersect M_pred| / |S_GT_thin|; S_GT_thin uses skeletonize(GT), Dlocal=2*EDT(GT), tau=max(1 px, 0.018*DOD)",162.08,auto_detected,2.91744,4897,3770,0.7698590974065754,D:\Retina\Retinal-Vessel-Segmentation-Benchmark-main\Models_output\FSG-Net-HRF\test_data\DualModal2019\pred_masks\DualModal2019_C8_L4.png,D:\Retina\Retinal-Vessel-Segmentation-Benchmark-main\config\test_data\DualModal2019\masks\DualModal2019_C8_L4.png
FSG-Net-HRF,DualModal2019,DualModal2019_C8_R2,0.55,diagnostic_test_set_scan_equal_dataset_macro_F1,"TVS = |S_GT_thin intersect M_pred| / |S_GT_thin|; S_GT_thin uses skeletonize(GT), Dlocal=2*EDT(GT), tau=max(1 px, 0.018*DOD)",154.54,auto_detected,2.7817199999999995,4859,3607,0.742333813541881,D:\Retina\Retinal-Vessel-Segmentation-Benchmark-main\Models_output\FSG-Net-HRF\test_data\DualModal2019\pred_masks\DualModal2019_C8_R2.png,D:\Retina\Retinal-Vessel-Segmentation-Benchmark-main\config\test_data\DualModal2019\masks\DualModal2019_C8_R2.png
FSG-Net-HRF,DualModal2019,DualModal2019_C9_L4,0.55,diagnostic_test_set_scan_equal_dataset_macro_F1,"TVS = |S_GT_thin intersect M_pred| / |S_GT_thin|; S_GT_thin uses skeletonize(GT), Dlocal=2*EDT(GT), tau=max(1 px, 0.018*DOD)",180.71,auto_detected,3.25278,3495,2553,0.7304721030042919,D:\Retina\Retinal-Vessel-Segmentation-Benchmark-main\Models_output\FSG-Net-HRF\test_data\DualModal2019\pred_masks\DualModal2019_C9_L4.png,D:\Retina\Retinal-Vessel-Segmentation-Benchmark-main\config\test_data\DualModal2019\masks\DualModal2019_C9_L4.png
FSG-Net-HRF,DualModal2019,DualModal2019_C9_R5,0.55,diagnostic_test_set_scan_equal_dataset_macro_F1,"TVS = |S_GT_thin intersect M_pred| / |S_GT_thin|; S_GT_thin uses skeletonize(GT), Dlocal=2*EDT(GT), tau=max(1 px, 0.018*DOD)",175.31,auto_detected,3.1555799999999996,4420,3381,0.7649321266968325,D:\Retina\Retinal-Vessel-Segmentation-Benchmark-main\Models_output\FSG-Net-HRF\test_data\DualModal2019\pred_masks\DualModal2019_C9_R5.png,D:\Retina\Retinal-Vessel-Segmentation-Benchmark-main\config\test_data\DualModal2019\masks\DualModal2019_C9_R5.png
FSG-Net-HRF,HRF,01_dr,0.55,diagnostic_test_set_scan_equal_dataset_macro_F1,"TVS = |S_GT_thin intersect M_pred| / |S_GT_thin|; S_GT_thin uses skeletonize(GT), Dlocal=2*EDT(GT), tau=max(1 px, 0.018*DOD)",407.64,annotation_csv,7.33752,35729,19529,0.5465868062358309,D:\Retina\Retinal-Vessel-Segmentation-Benchmark-main\Models_output\FSG-Net-HRF\test_data\HRF\pred_masks\01_dr.png,D:\Retina\Retinal-Vessel-Segmentation-Benchmark-main\config\test_data\HRF\masks\01_dr.tif
FSG-Net-HRF,HRF,01_g,0.55,diagnostic_test_set_scan_equal_dataset_macro_F1,"TVS = |S_GT_thin intersect M_pred| / |S_GT_thin|; S_GT_thin uses skeletonize(GT), Dlocal=2*EDT(GT), tau=max(1 px, 0.018*DOD)",371.41,auto_detected,6.68538,41622,18569,0.44613425592234873,D:\Retina\Retinal-Vessel-Segmentation-Benchmark-main\Models_output\FSG-Net-HRF\test_data\HRF\pred_masks\01_g.png,D:\Retina\Retinal-Vessel-Segmentation-Benchmark-main\config\test_data\HRF\masks\01_g.tif
FSG-Net-HRF,HRF,01_h,0.55,diagnostic_test_set_scan_equal_dataset_macro_F1,"TVS = |S_GT_thin intersect M_pred| / |S_GT_thin|; S_GT_thin uses skeletonize(GT), Dlocal=2*EDT(GT), tau=max(1 px, 0.018*DOD)",391.49,auto_detected,7.046819999999999,32262,11368,0.35236501146860083,D:\Retina\Retinal-Vessel-Segmentation-Benchmark-main\Models_output\FSG-Net-HRF\test_data\HRF\pred_masks\01_h.png,D:\Retina\Retinal-Vessel-Segmentation-Benchmark-main\config\test_data\HRF\masks\01_h.tif
FSG-Net-HRF,HRF,02_dr,0.55,diagnostic_test_set_scan_equal_dataset_macro_F1,"TVS = |S_GT_thin intersect M_pred| / |S_GT_thin|; S_GT_thin uses skeletonize(GT), Dlocal=2*EDT(GT), tau=max(1 px, 0.018*DOD)",355.58,auto_detected,6.400439999999999,35476,15326,0.43201037321005753,D:\Retina\Retinal-Vessel-Segmentation-Benchmark-main\Models_output\FSG-Net-HRF\test_data\HRF\pred_masks\02_dr.png,D:\Retina\Retinal-Vessel-Segmentation-Benchmark-main\config\test_data\HRF\masks\02_dr.tif
FSG-Net-HRF,HRF,02_g,0.55,diagnostic_test_set_scan_equal_dataset_macro_F1,"TVS = |S_GT_thin intersect M_pred| / |S_GT_thin|; S_GT_thin uses skeletonize(GT), Dlocal=2*EDT(GT), tau=max(1 px, 0.018*DOD)",388.86,auto_detected,6.99948,44401,19005,0.4280309002049503,D:\Retina\Retinal-Vessel-Segmentation-Benchmark-main\Models_output\FSG-Net-HRF\test_data\HRF\pred_masks\02_g.png,D:\Retina\Retinal-Vessel-Segmentation-Benchmark-main\config\test_data\HRF\masks\02_g.tif
FSG-Net-HRF,HRF,02_h,0.55,diagnostic_test_set_scan_equal_dataset_macro_F1,"TVS = |S_GT_thin intersect M_pred| / |S_GT_thin|; S_GT_thin uses skeletonize(GT), Dlocal=2*EDT(GT), tau=max(1 px, 0.018*DOD)",404.64,auto_detected,7.283519999999999,25328,13830,0.5460360075805433,D:\Retina\Retinal-Vessel-Segmentation-Benchmark-main\Models_output\FSG-Net-HRF\test_data\HRF\pred_masks\02_h.png,D:\Retina\Retinal-Vessel-Segmentation-Benchmark-main\config\test_data\HRF\masks\02_h.tif
FSG-Net-HRF,HRF,03_dr,0.55,diagnostic_test_set_scan_equal_dataset_macro_F1,"TVS = |S_GT_thin intersect M_pred| / |S_GT_thin|; S_GT_thin uses skeletonize(GT), Dlocal=2*EDT(GT), tau=max(1 px, 0.018*DOD)",345.74,auto_detected,6.223319999999999,27021,8290,0.30679841604677843,D:\Retina\Retinal-Vessel-Segmentation-Benchmark-main\Models_output\FSG-Net-HRF\test_data\HRF\pred_masks\03_dr.png,D:\Retina\Retinal-Vessel-Segmentation-Benchmark-main\config\test_data\HRF\masks\03_dr.tif
FSG-Net-HRF,HRF,03_g,0.55,diagnostic_test_set_scan_equal_dataset_macro_F1,"TVS = |S_GT_thin intersect M_pred| / |S_GT_thin|; S_GT_thin uses skeletonize(GT), Dlocal=2*EDT(GT), tau=max(1 px, 0.018*DOD)",394.24,auto_detected,7.0963199999999995,28857,11621,0.40270991440551684,D:\Retina\Retinal-Vessel-Segmentation-Benchmark-main\Models_output\FSG-Net-HRF\test_data\HRF\pred_masks\03_g.png,D:\Retina\Retinal-Vessel-Segmentation-Benchmark-main\config\test_data\HRF\masks\03_g.tif
FSG-Net-HRF,HRF,03_h,0.55,diagnostic_test_set_scan_equal_dataset_macro_F1,"TVS = |S_GT_thin intersect M_pred| / |S_GT_thin|; S_GT_thin uses skeletonize(GT), Dlocal=2*EDT(GT), tau=max(1 px, 0.018*DOD)",404.96,auto_detected,7.289279999999999,17085,7993,0.4678372841673983,D:\Retina\Retinal-Vessel-Segmentation-Benchmark-main\Models_output\FSG-Net-HRF\test_data\HRF\pred_masks\03_h.png,D:\Retina\Retinal-Vessel-Segmentation-Benchmark-main\config\test_data\HRF\masks\03_h.tif
FSG-Net-HRF,HRF,04_dr,0.55,diagnostic_test_set_scan_equal_dataset_macro_F1,"TVS = |S_GT_thin intersect M_pred| / |S_GT_thin|; S_GT_thin uses skeletonize(GT), Dlocal=2*EDT(GT), tau=max(1 px, 0.018*DOD)",349.68,auto_detected,6.294239999999999,29026,8201,0.2825397919107008,D:\Retina\Retinal-Vessel-Segmentation-Benchmark-main\Models_output\FSG-Net-HRF\test_data\HRF\pred_masks\04_dr.png,D:\Retina\Retinal-Vessel-Segmentation-Benchmark-main\config\test_data\HRF\masks\04_dr.tif
FSG-Net-HRF,HRF,04_g,0.55,diagnostic_test_set_scan_equal_dataset_macro_F1,"TVS = |S_GT_thin intersect M_pred| / |S_GT_thin|; S_GT_thin uses skeletonize(GT), Dlocal=2*EDT(GT), tau=max(1 px, 0.018*DOD)",381.53,auto_detected,6.867539999999999,32562,13404,0.41164547632209325,D:\Retina\Retinal-Vessel-Segmentation-Benchmark-main\Models_output\FSG-Net-HRF\test_data\HRF\pred_masks\04_g.png,D:\Retina\Retinal-Vessel-Segmentation-Benchmark-main\config\test_data\HRF\masks\04_g.tif
FSG-Net-HRF,HRF,04_h,0.55,diagnostic_test_set_scan_equal_dataset_macro_F1,"TVS = |S_GT_thin intersect M_pred| / |S_GT_thin|; S_GT_thin uses skeletonize(GT), Dlocal=2*EDT(GT), tau=max(1 px, 0.018*DOD)",389.28,auto_detected,7.007039999999999,22097,10796,0.488573109471874,D:\Retina\Retinal-Vessel-Segmentation-Benchmark-main\Models_output\FSG-Net-HRF\test_data\HRF\pred_masks\04_h.png,D:\Retina\Retinal-Vessel-Segmentation-Benchmark-main\config\test_data\HRF\masks\04_h.tif
FSG-Net-HRF,HRF,05_dr,0.55,diagnostic_test_set_scan_equal_dataset_macro_F1,"TVS = |S_GT_thin intersect M_pred| / |S_GT_thin|; S_GT_thin uses skeletonize(GT), Dlocal=2*EDT(GT), tau=max(1 px, 0.018*DOD)",343.34,auto_detected,6.180119999999999,34984,19257,0.550451635033158,D:\Retina\Retinal-Vessel-Segmentation-Benchmark-main\Models_output\FSG-Net-HRF\test_data\HRF\pred_masks\05_dr.png,D:\Retina\Retinal-Vessel-Segmentation-Benchmark-main\config\test_data\HRF\masks\05_dr.tif
FSG-Net-HRF,HRF,05_g,0.55,diagnostic_test_set_scan_equal_dataset_macro_F1,"TVS = |S_GT_thin intersect M_pred| / |S_GT_thin|; S_GT_thin uses skeletonize(GT), Dlocal=2*EDT(GT), tau=max(1 px, 0.018*DOD)",355.21,auto_detected,6.39378,34679,16941,0.4885088958735834,D:\Retina\Retinal-Vessel-Segmentation-Benchmark-main\Models_output\FSG-Net-HRF\test_data\HRF\pred_masks\05_g.png,D:\Retina\Retinal-Vessel-Segmentation-Benchmark-main\config\test_data\HRF\masks\05_g.tif
FSG-Net-HRF,HRF,05_h,0.55,diagnostic_test_set_scan_equal_dataset_macro_F1,"TVS = |S_GT_thin intersect M_pred| / |S_GT_thin|; S_GT_thin uses skeletonize(GT), Dlocal=2*EDT(GT), tau=max(1 px, 0.018*DOD)",411.55,auto_detected,7.4079,26869,13995,0.52086047117496,D:\Retina\Retinal-Vessel-Segmentation-Benchmark-main\Models_output\FSG-Net-HRF\test_data\HRF\pred_masks\05_h.png,D:\Retina\Retinal-Vessel-Segmentation-Benchmark-main\config\test_data\HRF\masks\05_h.tif
FSG-Net-HRF,HRF,06_dr,0.55,diagnostic_test_set_scan_equal_dataset_macro_F1,"TVS = |S_GT_thin intersect M_pred| / |S_GT_thin|; S_GT_thin uses skeletonize(GT), Dlocal=2*EDT(GT), tau=max(1 px, 0.018*DOD)",377.23,annotation_csv,6.79014,55802,18646,0.33414572954374394,D:\Retina\Retinal-Vessel-Segmentation-Benchmark-main\Models_output\FSG-Net-HRF\test_data\HRF\pred_masks\06_dr.png,D:\Retina\Retinal-Vessel-Segmentation-Benchmark-main\config\test_data\HRF\masks\06_dr.tif
FSG-Net-HRF,HRF,06_g,0.55,diagnostic_test_set_scan_equal_dataset_macro_F1,"TVS = |S_GT_thin intersect M_pred| / |S_GT_thin|; S_GT_thin uses skeletonize(GT), Dlocal=2*EDT(GT), tau=max(1 px, 0.018*DOD)",364.73,auto_detected,6.5651399999999995,35175,16532,0.4699928926794598,D:\Retina\Retinal-Vessel-Segmentation-Benchmark-main\Models_output\FSG-Net-HRF\test_data\HRF\pred_masks\06_g.png,D:\Retina\Retinal-Vessel-Segmentation-Benchmark-main\config\test_data\HRF\masks\06_g.tif
FSG-Net-HRF,HRF,06_h,0.55,diagnostic_test_set_scan_equal_dataset_macro_F1,"TVS = |S_GT_thin intersect M_pred| / |S_GT_thin|; S_GT_thin uses skeletonize(GT), Dlocal=2*EDT(GT), tau=max(1 px, 0.018*DOD)",352.93,auto_detected,6.35274,33343,15734,0.4718831538853732,D:\Retina\Retinal-Vessel-Segmentation-Benchmark-main\Models_output\FSG-Net-HRF\test_data\HRF\pred_masks\06_h.png,D:\Retina\Retinal-Vessel-Segmentation-Benchmark-main\config\test_data\HRF\masks\06_h.tif
FSG-Net-HRF,HRF,07_dr,0.55,diagnostic_test_set_scan_equal_dataset_macro_F1,"TVS = |S_GT_thin intersect M_pred| / |S_GT_thin|; S_GT_thin uses skeletonize(GT), Dlocal=2*EDT(GT), tau=max(1 px, 0.018*DOD)",370.0,auto_detected,6.659999999999999,35584,19213,0.539933678057554,D:\Retina\Retinal-Vessel-Segmentation-Benchmark-main\Models_output\FSG-Net-HRF\test_data\HRF\pred_masks\07_dr.png,D:\Retina\Retinal-Vessel-Segmentation-Benchmark-main\config\test_data\HRF\masks\07_dr.tif
FSG-Net-HRF,HRF,07_g,0.55,diagnostic_test_set_scan_equal_dataset_macro_F1,"TVS = |S_GT_thin intersect M_pred| / |S_GT_thin|; S_GT_thin uses skeletonize(GT), Dlocal=2*EDT(GT), tau=max(1 px, 0.018*DOD)",350.91,auto_detected,6.31638,39662,17109,0.4313700771519338,D:\Retina\Retinal-Vessel-Segmentation-Benchmark-main\Models_output\FSG-Net-HRF\test_data\HRF\pred_masks\07_g.png,D:\Retina\Retinal-Vessel-Segmentation-Benchmark-main\config\test_data\HRF\masks\07_g.tif
FSG-Net-HRF,HRF,07_h,0.55,diagnostic_test_set_scan_equal_dataset_macro_F1,"TVS = |S_GT_thin intersect M_pred| / |S_GT_thin|; S_GT_thin uses skeletonize(GT), Dlocal=2*EDT(GT), tau=max(1 px, 0.018*DOD)",407.9,auto_detected,7.342199999999999,27803,14920,0.5366327374743732,D:\Retina\Retinal-Vessel-Segmentation-Benchmark-main\Models_output\FSG-Net-HRF\test_data\HRF\pred_masks\07_h.png,D:\Retina\Retinal-Vessel-Segmentation-Benchmark-main\config\test_data\HRF\masks\07_h.tif
FSG-Net-HRF,HRF,08_dr,0.55,diagnostic_test_set_scan_equal_dataset_macro_F1,"TVS = |S_GT_thin intersect M_pred| / |S_GT_thin|; S_GT_thin uses skeletonize(GT), Dlocal=2*EDT(GT), tau=max(1 px, 0.018*DOD)",350.04,auto_detected,6.30072,34040,12545,0.3685370152761457,D:\Retina\Retinal-Vessel-Segmentation-Benchmark-main\Models_output\FSG-Net-HRF\test_data\HRF\pred_masks\08_dr.png,D:\Retina\Retinal-Vessel-Segmentation-Benchmark-main\config\test_data\HRF\masks\08_dr.tif
FSG-Net-HRF,HRF,08_g,0.55,diagnostic_test_set_scan_equal_dataset_macro_F1,"TVS = |S_GT_thin intersect M_pred| / |S_GT_thin|; S_GT_thin uses skeletonize(GT), Dlocal=2*EDT(GT), tau=max(1 px, 0.018*DOD)",368.1,auto_detected,6.6258,46547,24036,0.5163812920274131,D:\Retina\Retinal-Vessel-Segmentation-Benchmark-main\Models_output\FSG-Net-HRF\test_data\HRF\pred_masks\08_g.png,D:\Retina\Retinal-Vessel-Segmentation-Benchmark-main\config\test_data\HRF\masks\08_g.tif
FSG-Net-HRF,HRF,08_h,0.55,diagnostic_test_set_scan_equal_dataset_macro_F1,"TVS = |S_GT_thin intersect M_pred| / |S_GT_thin|; S_GT_thin uses skeletonize(GT), Dlocal=2*EDT(GT), tau=max(1 px, 0.018*DOD)",404.11,auto_detected,7.27398,31988,14282,0.44647992997374014,D:\Retina\Retinal-Vessel-Segmentation-Benchmark-main\Models_output\FSG-Net-HRF\test_data\HRF\pred_masks\08_h.png,D:\Retina\Retinal-Vessel-Segmentation-Benchmark-main\config\test_data\HRF\masks\08_h.tif
FSG-Net-HRF,HRF,09_dr,0.55,diagnostic_test_set_scan_equal_dataset_macro_F1,"TVS = |S_GT_thin intersect M_pred| / |S_GT_thin|; S_GT_thin uses skeletonize(GT), Dlocal=2*EDT(GT), tau=max(1 px, 0.018*DOD)",346.98,auto_detected,6.24564,26319,7057,0.26813328773889583,D:\Retina\Retinal-Vessel-Segmentation-Benchmark-main\Models_output\FSG-Net-HRF\test_data\HRF\pred_masks\09_dr.png,D:\Retina\Retinal-Vessel-Segmentation-Benchmark-main\config\test_data\HRF\masks\09_dr.tif
FSG-Net-HRF,HRF,09_g,0.55,diagnostic_test_set_scan_equal_dataset_macro_F1,"TVS = |S_GT_thin intersect M_pred| / |S_GT_thin|; S_GT_thin uses skeletonize(GT), Dlocal=2*EDT(GT), tau=max(1 px, 0.018*DOD)",379.64,auto_detected,6.833519999999999,42842,21268,0.4964287381541478,D:\Retina\Retinal-Vessel-Segmentation-Benchmark-main\Models_output\FSG-Net-HRF\test_data\HRF\pred_masks\09_g.png,D:\Retina\Retinal-Vessel-Segmentation-Benchmark-main\config\test_data\HRF\masks\09_g.tif
FSG-Net-HRF,HRF,09_h,0.55,diagnostic_test_set_scan_equal_dataset_macro_F1,"TVS = |S_GT_thin intersect M_pred| / |S_GT_thin|; S_GT_thin uses skeletonize(GT), Dlocal=2*EDT(GT), tau=max(1 px, 0.018*DOD)",399.61,auto_detected,7.1929799999999995,30678,11780,0.3839885259795293,D:\Retina\Retinal-Vessel-Segmentation-Benchmark-main\Models_output\FSG-Net-HRF\test_data\HRF\pred_masks\09_h.png,D:\Retina\Retinal-Vessel-Segmentation-Benchmark-main\config\test_data\HRF\masks\09_h.tif
FSG-Net-HRF,HRF,10_dr,0.55,diagnostic_test_set_scan_equal_dataset_macro_F1,"TVS = |S_GT_thin intersect M_pred| / |S_GT_thin|; S_GT_thin uses skeletonize(GT), Dlocal=2*EDT(GT), tau=max(1 px, 0.018*DOD)",366.16,auto_detected,6.59088,37150,18971,0.5106594885598923,D:\Retina\Retinal-Vessel-Segmentation-Benchmark-main\Models_output\FSG-Net-HRF\test_data\HRF\pred_masks\10_dr.png,D:\Retina\Retinal-Vessel-Segmentation-Benchmark-main\config\test_data\HRF\masks\10_dr.tif
FSG-Net-HRF,HRF,10_g,0.55,diagnostic_test_set_scan_equal_dataset_macro_F1,"TVS = |S_GT_thin intersect M_pred| / |S_GT_thin|; S_GT_thin uses skeletonize(GT), Dlocal=2*EDT(GT), tau=max(1 px, 0.018*DOD)",382.96,auto_detected,6.893279999999999,43463,22937,0.5277362354186319,D:\Retina\Retinal-Vessel-Segmentation-Benchmark-main\Models_output\FSG-Net-HRF\test_data\HRF\pred_masks\10_g.png,D:\Retina\Retinal-Vessel-Segmentation-Benchmark-main\config\test_data\HRF\masks\10_g.tif
FSG-Net-HRF,HRF,10_h,0.55,diagnostic_test_set_scan_equal_dataset_macro_F1,"TVS = |S_GT_thin intersect M_pred| / |S_GT_thin|; S_GT_thin uses skeletonize(GT), Dlocal=2*EDT(GT), tau=max(1 px, 0.018*DOD)",377.06,auto_detected,6.78708,35092,10267,0.2925738059956685,D:\Retina\Retinal-Vessel-Segmentation-Benchmark-main\Models_output\FSG-Net-HRF\test_data\HRF\pred_masks\10_h.png,D:\Retina\Retinal-Vessel-Segmentation-Benchmark-main\config\test_data\HRF\masks\10_h.tif
FSG-Net-HRF,HRF,11_dr,0.55,diagnostic_test_set_scan_equal_dataset_macro_F1,"TVS = |S_GT_thin intersect M_pred| / |S_GT_thin|; S_GT_thin uses skeletonize(GT), Dlocal=2*EDT(GT), tau=max(1 px, 0.018*DOD)",366.23,auto_detected,6.59214,42816,22037,0.5146907698056801,D:\Retina\Retinal-Vessel-Segmentation-Benchmark-main\Models_output\FSG-Net-HRF\test_data\HRF\pred_masks\11_dr.png,D:\Retina\Retinal-Vessel-Segmentation-Benchmark-main\config\test_data\HRF\masks\11_dr.tif
FSG-Net-HRF,HRF,11_g,0.55,diagnostic_test_set_scan_equal_dataset_macro_F1,"TVS = |S_GT_thin intersect M_pred| / |S_GT_thin|; S_GT_thin uses skeletonize(GT), Dlocal=2*EDT(GT), tau=max(1 px, 0.018*DOD)",388.59,auto_detected,6.994619999999999,45178,22051,0.4880915489840188,D:\Retina\Retinal-Vessel-Segmentation-Benchmark-main\Models_output\FSG-Net-HRF\test_data\HRF\pred_masks\11_g.png,D:\Retina\Retinal-Vessel-Segmentation-Benchmark-main\config\test_data\HRF\masks\11_g.tif
FSG-Net-HRF,HRF,11_h,0.55,diagnostic_test_set_scan_equal_dataset_macro_F1,"TVS = |S_GT_thin intersect M_pred| / |S_GT_thin|; S_GT_thin uses skeletonize(GT), Dlocal=2*EDT(GT), tau=max(1 px, 0.018*DOD)",364.47,auto_detected,6.56046,16866,9698,0.5750029645440531,D:\Retina\Retinal-Vessel-Segmentation-Benchmark-main\Models_output\FSG-Net-HRF\test_data\HRF\pred_masks\11_h.png,D:\Retina\Retinal-Vessel-Segmentation-Benchmark-main\config\test_data\HRF\masks\11_h.tif
FSG-Net-HRF,HRF,12_dr,0.55,diagnostic_test_set_scan_equal_dataset_macro_F1,"TVS = |S_GT_thin intersect M_pred| / |S_GT_thin|; S_GT_thin uses skeletonize(GT), Dlocal=2*EDT(GT), tau=max(1 px, 0.018*DOD)",343.86,auto_detected,6.18948,42185,13722,0.3252814981628541,D:\Retina\Retinal-Vessel-Segmentation-Benchmark-main\Models_output\FSG-Net-HRF\test_data\HRF\pred_masks\12_dr.png,D:\Retina\Retinal-Vessel-Segmentation-Benchmark-main\config\test_data\HRF\masks\12_dr.tif
FSG-Net-HRF,HRF,12_g,0.55,diagnostic_test_set_scan_equal_dataset_macro_F1,"TVS = |S_GT_thin intersect M_pred| / |S_GT_thin|; S_GT_thin uses skeletonize(GT), Dlocal=2*EDT(GT), tau=max(1 px, 0.018*DOD)",370.63,auto_detected,6.67134,50637,23355,0.46122400616150244,D:\Retina\Retinal-Vessel-Segmentation-Benchmark-main\Models_output\FSG-Net-HRF\test_data\HRF\pred_masks\12_g.png,D:\Retina\Retinal-Vessel-Segmentation-Benchmark-main\config\test_data\HRF\masks\12_g.tif
FSG-Net-HRF,HRF,12_h,0.55,diagnostic_test_set_scan_equal_dataset_macro_F1,"TVS = |S_GT_thin intersect M_pred| / |S_GT_thin|; S_GT_thin uses skeletonize(GT), Dlocal=2*EDT(GT), tau=max(1 px, 0.018*DOD)",399.76,auto_detected,7.195679999999999,20378,12717,0.6240553538129355,D:\Retina\Retinal-Vessel-Segmentation-Benchmark-main\Models_output\FSG-Net-HRF\test_data\HRF\pred_masks\12_h.png,D:\Retina\Retinal-Vessel-Segmentation-Benchmark-main\config\test_data\HRF\masks\12_h.tif
FSG-Net-HRF,HRF,13_dr,0.55,diagnostic_test_set_scan_equal_dataset_macro_F1,"TVS = |S_GT_thin intersect M_pred| / |S_GT_thin|; S_GT_thin uses skeletonize(GT), Dlocal=2*EDT(GT), tau=max(1 px, 0.018*DOD)",326.7,auto_detected,5.880599999999999,31848,11177,0.35094825420748554,D:\Retina\Retinal-Vessel-Segmentation-Benchmark-main\Models_output\FSG-Net-HRF\test_data\HRF\pred_masks\13_dr.png,D:\Retina\Retinal-Vessel-Segmentation-Benchmark-main\config\test_data\HRF\masks\13_dr.tif
FSG-Net-HRF,HRF,13_g,0.55,diagnostic_test_set_scan_equal_dataset_macro_F1,"TVS = |S_GT_thin intersect M_pred| / |S_GT_thin|; S_GT_thin uses skeletonize(GT), Dlocal=2*EDT(GT), tau=max(1 px, 0.018*DOD)",363.2,auto_detected,6.537599999999999,43757,20371,0.46554836940375255,D:\Retina\Retinal-Vessel-Segmentation-Benchmark-main\Models_output\FSG-Net-HRF\test_data\HRF\pred_masks\13_g.png,D:\Retina\Retinal-Vessel-Segmentation-Benchmark-main\config\test_data\HRF\masks\13_g.tif
FSG-Net-HRF,HRF,13_h,0.55,diagnostic_test_set_scan_equal_dataset_macro_F1,"TVS = |S_GT_thin intersect M_pred| / |S_GT_thin|; S_GT_thin uses skeletonize(GT), Dlocal=2*EDT(GT), tau=max(1 px, 0.018*DOD)",358.42,auto_detected,6.45156,22564,16107,0.7138361992554512,D:\Retina\Retinal-Vessel-Segmentation-Benchmark-main\Models_output\FSG-Net-HRF\test_data\HRF\pred_masks\13_h.png,D:\Retina\Retinal-Vessel-Segmentation-Benchmark-main\config\test_data\HRF\masks\13_h.tif
FSG-Net-HRF,HRF,14_dr,0.55,diagnostic_test_set_scan_equal_dataset_macro_F1,"TVS = |S_GT_thin intersect M_pred| / |S_GT_thin|; S_GT_thin uses skeletonize(GT), Dlocal=2*EDT(GT), tau=max(1 px, 0.018*DOD)",357.84,auto_detected,6.441119999999999,44873,15554,0.3466226907048782,D:\Retina\Retinal-Vessel-Segmentation-Benchmark-main\Models_output\FSG-Net-HRF\test_data\HRF\pred_masks\14_dr.png,D:\Retina\Retinal-Vessel-Segmentation-Benchmark-main\config\test_data\HRF\masks\14_dr.tif
FSG-Net-HRF,HRF,14_g,0.55,diagnostic_test_set_scan_equal_dataset_macro_F1,"TVS = |S_GT_thin intersect M_pred| / |S_GT_thin|; S_GT_thin uses skeletonize(GT), Dlocal=2*EDT(GT), tau=max(1 px, 0.018*DOD)",354.74,auto_detected,6.38532,43318,18412,0.42504270741954847,D:\Retina\Retinal-Vessel-Segmentation-Benchmark-main\Models_output\FSG-Net-HRF\test_data\HRF\pred_masks\14_g.png,D:\Retina\Retinal-Vessel-Segmentation-Benchmark-main\config\test_data\HRF\masks\14_g.tif
FSG-Net-HRF,HRF,14_h,0.55,diagnostic_test_set_scan_equal_dataset_macro_F1,"TVS = |S_GT_thin intersect M_pred| / |S_GT_thin|; S_GT_thin uses skeletonize(GT), Dlocal=2*EDT(GT), tau=max(1 px, 0.018*DOD)",360.28,auto_detected,6.485039999999999,20730,13717,0.6616980221900627,D:\Retina\Retinal-Vessel-Segmentation-Benchmark-main\Models_output\FSG-Net-HRF\test_data\HRF\pred_masks\14_h.png,D:\Retina\Retinal-Vessel-Segmentation-Benchmark-main\config\test_data\HRF\masks\14_h.tif
FSG-Net-HRF,HRF,15_dr,0.55,diagnostic_test_set_scan_equal_dataset_macro_F1,"TVS = |S_GT_thin intersect M_pred| / |S_GT_thin|; S_GT_thin uses skeletonize(GT), Dlocal=2*EDT(GT), tau=max(1 px, 0.018*DOD)",375.46,auto_detected,6.758279999999999,30865,14047,0.455110967114855,D:\Retina\Retinal-Vessel-Segmentation-Benchmark-main\Models_output\FSG-Net-HRF\test_data\HRF\pred_masks\15_dr.png,D:\Retina\Retinal-Vessel-Segmentation-Benchmark-main\config\test_data\HRF\masks\15_dr.tif
FSG-Net-HRF,HRF,15_g,0.55,diagnostic_test_set_scan_equal_dataset_macro_F1,"TVS = |S_GT_thin intersect M_pred| / |S_GT_thin|; S_GT_thin uses skeletonize(GT), Dlocal=2*EDT(GT), tau=max(1 px, 0.018*DOD)",387.83,auto_detected,6.9809399999999995,39198,14323,0.365401295984489,D:\Retina\Retinal-Vessel-Segmentation-Benchmark-main\Models_output\FSG-Net-HRF\test_data\HRF\pred_masks\15_g.png,D:\Retina\Retinal-Vessel-Segmentation-Benchmark-main\config\test_data\HRF\masks\15_g.tif
FSG-Net-HRF,HRF,15_h,0.55,diagnostic_test_set_scan_equal_dataset_macro_F1,"TVS = |S_GT_thin intersect M_pred| / |S_GT_thin|; S_GT_thin uses skeletonize(GT), Dlocal=2*EDT(GT), tau=max(1 px, 0.018*DOD)",355.9,auto_detected,6.406199999999999,17490,12538,0.7168667810177244,D:\Retina\Retinal-Vessel-Segmentation-Benchmark-main\Models_output\FSG-Net-HRF\test_data\HRF\pred_masks\15_h.png,D:\Retina\Retinal-Vessel-Segmentation-Benchmark-main\config\test_data\HRF\masks\15_h.tif
FSG-Net-HRF,LES,111,0.55,diagnostic_test_set_scan_equal_dataset_macro_F1,"TVS = |S_GT_thin intersect M_pred| / |S_GT_thin|; S_GT_thin uses skeletonize(GT), Dlocal=2*EDT(GT), tau=max(1 px, 0.018*DOD)",306.16,manual_les_csv,5.51088,4813,1760,0.36567629337211716,D:\Retina\Retinal-Vessel-Segmentation-Benchmark-main\Models_output\FSG-Net-HRF\test_data\LES\pred_masks\111.png,D:\Retina\Retinal-Vessel-Segmentation-Benchmark-main\config\test_data\LES\masks\111.png
FSG-Net-HRF,LES,119,0.55,diagnostic_test_set_scan_equal_dataset_macro_F1,"TVS = |S_GT_thin intersect M_pred| / |S_GT_thin|; S_GT_thin uses skeletonize(GT), Dlocal=2*EDT(GT), tau=max(1 px, 0.018*DOD)",346.16,manual_les_csv,6.23088,6466,4002,0.6189297865759357,D:\Retina\Retinal-Vessel-Segmentation-Benchmark-main\Models_output\FSG-Net-HRF\test_data\LES\pred_masks\119.png,D:\Retina\Retinal-Vessel-Segmentation-Benchmark-main\config\test_data\LES\masks\119.png
FSG-Net-HRF,LES,12,0.55,diagnostic_test_set_scan_equal_dataset_macro_F1,"TVS = |S_GT_thin intersect M_pred| / |S_GT_thin|; S_GT_thin uses skeletonize(GT), Dlocal=2*EDT(GT), tau=max(1 px, 0.018*DOD)",342.16,manual_les_csv,6.15888,7323,4532,0.6188720469752833,D:\Retina\Retinal-Vessel-Segmentation-Benchmark-main\Models_output\FSG-Net-HRF\test_data\LES\pred_masks\12.png,D:\Retina\Retinal-Vessel-Segmentation-Benchmark-main\config\test_data\LES\masks\12.png
FSG-Net-HRF,LES,15,0.55,diagnostic_test_set_scan_equal_dataset_macro_F1,"TVS = |S_GT_thin intersect M_pred| / |S_GT_thin|; S_GT_thin uses skeletonize(GT), Dlocal=2*EDT(GT), tau=max(1 px, 0.018*DOD)",310.16,manual_les_csv,5.58288,2343,1180,0.5036278275714895,D:\Retina\Retinal-Vessel-Segmentation-Benchmark-main\Models_output\FSG-Net-HRF\test_data\LES\pred_masks\15.png,D:\Retina\Retinal-Vessel-Segmentation-Benchmark-main\config\test_data\LES\masks\15.png
FSG-Net-HRF,LES,224,0.55,diagnostic_test_set_scan_equal_dataset_macro_F1,"TVS = |S_GT_thin intersect M_pred| / |S_GT_thin|; S_GT_thin uses skeletonize(GT), Dlocal=2*EDT(GT), tau=max(1 px, 0.018*DOD)",294.16,manual_les_csv,5.29488,3116,1820,0.5840821566110398,D:\Retina\Retinal-Vessel-Segmentation-Benchmark-main\Models_output\FSG-Net-HRF\test_data\LES\pred_masks\224.png,D:\Retina\Retinal-Vessel-Segmentation-Benchmark-main\config\test_data\LES\masks\224.png
FSG-Net-HRF,LES,240,0.55,diagnostic_test_set_scan_equal_dataset_macro_F1,"TVS = |S_GT_thin intersect M_pred| / |S_GT_thin|; S_GT_thin uses skeletonize(GT), Dlocal=2*EDT(GT), tau=max(1 px, 0.018*DOD)",286.16,manual_les_csv,5.15088,3616,2383,0.6590154867256637,D:\Retina\Retinal-Vessel-Segmentation-Benchmark-main\Models_output\FSG-Net-HRF\test_data\LES\pred_masks\240.png,D:\Retina\Retinal-Vessel-Segmentation-Benchmark-main\config\test_data\LES\masks\240.png
FSG-Net-HRF,LES,275,0.55,diagnostic_test_set_scan_equal_dataset_macro_F1,"TVS = |S_GT_thin intersect M_pred| / |S_GT_thin|; S_GT_thin uses skeletonize(GT), Dlocal=2*EDT(GT), tau=max(1 px, 0.018*DOD)",322.16,manual_les_csv,5.79888,4652,2279,0.48989681857265693,D:\Retina\Retinal-Vessel-Segmentation-Benchmark-main\Models_output\FSG-Net-HRF\test_data\LES\pred_masks\275.png,D:\Retina\Retinal-Vessel-Segmentation-Benchmark-main\config\test_data\LES\masks\275.png
FSG-Net-HRF,LES,279,0.55,diagnostic_test_set_scan_equal_dataset_macro_F1,"TVS = |S_GT_thin intersect M_pred| / |S_GT_thin|; S_GT_thin uses skeletonize(GT), Dlocal=2*EDT(GT), tau=max(1 px, 0.018*DOD)",354.16,manual_les_csv,6.37488,5525,3846,0.6961085972850679,D:\Retina\Retinal-Vessel-Segmentation-Benchmark-main\Models_output\FSG-Net-HRF\test_data\LES\pred_masks\279.png,D:\Retina\Retinal-Vessel-Segmentation-Benchmark-main\config\test_data\LES\masks\279.png
FSG-Net-HRF,LES,304,0.55,diagnostic_test_set_scan_equal_dataset_macro_F1,"TVS = |S_GT_thin intersect M_pred| / |S_GT_thin|; S_GT_thin uses skeletonize(GT), Dlocal=2*EDT(GT), tau=max(1 px, 0.018*DOD)",322.16,manual_les_csv,5.79888,2415,1653,0.684472049689441,D:\Retina\Retinal-Vessel-Segmentation-Benchmark-main\Models_output\FSG-Net-HRF\test_data\LES\pred_masks\304.png,D:\Retina\Retinal-Vessel-Segmentation-Benchmark-main\config\test_data\LES\masks\304.png
FSG-Net-HRF,LES,318,0.55,diagnostic_test_set_scan_equal_dataset_macro_F1,"TVS = |S_GT_thin intersect M_pred| / |S_GT_thin|; S_GT_thin uses skeletonize(GT), Dlocal=2*EDT(GT), tau=max(1 px, 0.018*DOD)",262.16,manual_les_csv,4.71888,3218,2482,0.7712865133623369,D:\Retina\Retinal-Vessel-Segmentation-Benchmark-main\Models_output\FSG-Net-HRF\test_data\LES\pred_masks\318.png,D:\Retina\Retinal-Vessel-Segmentation-Benchmark-main\config\test_data\LES\masks\318.png
FSG-Net-HRF,LES,33,0.55,diagnostic_test_set_scan_equal_dataset_macro_F1,"TVS = |S_GT_thin intersect M_pred| / |S_GT_thin|; S_GT_thin uses skeletonize(GT), Dlocal=2*EDT(GT), tau=max(1 px, 0.018*DOD)",290.16,manual_les_csv,5.22288,5124,1674,0.32669789227166274,D:\Retina\Retinal-Vessel-Segmentation-Benchmark-main\Models_output\FSG-Net-HRF\test_data\LES\pred_masks\33.png,D:\Retina\Retinal-Vessel-Segmentation-Benchmark-main\config\test_data\LES\masks\33.png
FSG-Net-HRF,LES,34,0.55,diagnostic_test_set_scan_equal_dataset_macro_F1,"TVS = |S_GT_thin intersect M_pred| / |S_GT_thin|; S_GT_thin uses skeletonize(GT), Dlocal=2*EDT(GT), tau=max(1 px, 0.018*DOD)",310.12,manual_les_csv,5.58216,7573,2451,0.323649808530305,D:\Retina\Retinal-Vessel-Segmentation-Benchmark-main\Models_output\FSG-Net-HRF\test_data\LES\pred_masks\34.png,D:\Retina\Retinal-Vessel-Segmentation-Benchmark-main\config\test_data\LES\masks\34.png
FSG-Net-HRF,LES,367,0.55,diagnostic_test_set_scan_equal_dataset_macro_F1,"TVS = |S_GT_thin intersect M_pred| / |S_GT_thin|; S_GT_thin uses skeletonize(GT), Dlocal=2*EDT(GT), tau=max(1 px, 0.018*DOD)",266.16,manual_les_csv,4.7908800000000005,3456,2164,0.6261574074074074,D:\Retina\Retinal-Vessel-Segmentation-Benchmark-main\Models_output\FSG-Net-HRF\test_data\LES\pred_masks\367.png,D:\Retina\Retinal-Vessel-Segmentation-Benchmark-main\config\test_data\LES\masks\367.png
FSG-Net-HRF,LES,37,0.55,diagnostic_test_set_scan_equal_dataset_macro_F1,"TVS = |S_GT_thin intersect M_pred| / |S_GT_thin|; S_GT_thin uses skeletonize(GT), Dlocal=2*EDT(GT), tau=max(1 px, 0.018*DOD)",326.16,manual_les_csv,5.87088,3535,1802,0.5097595473833098,D:\Retina\Retinal-Vessel-Segmentation-Benchmark-main\Models_output\FSG-Net-HRF\test_data\LES\pred_masks\37.png,D:\Retina\Retinal-Vessel-Segmentation-Benchmark-main\config\test_data\LES\masks\37.png
FSG-Net-HRF,LES,370,0.55,diagnostic_test_set_scan_equal_dataset_macro_F1,"TVS = |S_GT_thin intersect M_pred| / |S_GT_thin|; S_GT_thin uses skeletonize(GT), Dlocal=2*EDT(GT), tau=max(1 px, 0.018*DOD)",270.16,manual_les_csv,4.86288,3505,2403,0.6855920114122682,D:\Retina\Retinal-Vessel-Segmentation-Benchmark-main\Models_output\FSG-Net-HRF\test_data\LES\pred_masks\370.png,D:\Retina\Retinal-Vessel-Segmentation-Benchmark-main\config\test_data\LES\masks\370.png
FSG-Net-HRF,LES,42,0.55,diagnostic_test_set_scan_equal_dataset_macro_F1,"TVS = |S_GT_thin intersect M_pred| / |S_GT_thin|; S_GT_thin uses skeletonize(GT), Dlocal=2*EDT(GT), tau=max(1 px, 0.018*DOD)",306.16,manual_les_csv,5.51088,3697,1807,0.4887746821747363,D:\Retina\Retinal-Vessel-Segmentation-Benchmark-main\Models_output\FSG-Net-HRF\test_data\LES\pred_masks\42.png,D:\Retina\Retinal-Vessel-Segmentation-Benchmark-main\config\test_data\LES\masks\42.png
FSG-Net-HRF,LES,486,0.55,diagnostic_test_set_scan_equal_dataset_macro_F1,"TVS = |S_GT_thin intersect M_pred| / |S_GT_thin|; S_GT_thin uses skeletonize(GT), Dlocal=2*EDT(GT), tau=max(1 px, 0.018*DOD)",270.16,manual_les_csv,4.86288,2614,1625,0.6216526396327468,D:\Retina\Retinal-Vessel-Segmentation-Benchmark-main\Models_output\FSG-Net-HRF\test_data\LES\pred_masks\486.png,D:\Retina\Retinal-Vessel-Segmentation-Benchmark-main\config\test_data\LES\masks\486.png
FSG-Net-HRF,LES,49,0.55,diagnostic_test_set_scan_equal_dataset_macro_F1,"TVS = |S_GT_thin intersect M_pred| / |S_GT_thin|; S_GT_thin uses skeletonize(GT), Dlocal=2*EDT(GT), tau=max(1 px, 0.018*DOD)",258.16,manual_les_csv,4.64688,2818,1232,0.43718949609652236,D:\Retina\Retinal-Vessel-Segmentation-Benchmark-main\Models_output\FSG-Net-HRF\test_data\LES\pred_masks\49.png,D:\Retina\Retinal-Vessel-Segmentation-Benchmark-main\config\test_data\LES\masks\49.png
FSG-Net-HRF,LES,529,0.55,diagnostic_test_set_scan_equal_dataset_macro_F1,"TVS = |S_GT_thin intersect M_pred| / |S_GT_thin|; S_GT_thin uses skeletonize(GT), Dlocal=2*EDT(GT), tau=max(1 px, 0.018*DOD)",314.16,manual_les_csv,5.65488,1939,983,0.5069623517276947,D:\Retina\Retinal-Vessel-Segmentation-Benchmark-main\Models_output\FSG-Net-HRF\test_data\LES\pred_masks\529.png,D:\Retina\Retinal-Vessel-Segmentation-Benchmark-main\config\test_data\LES\masks\529.png
FSG-Net-HRF,LES,53,0.55,diagnostic_test_set_scan_equal_dataset_macro_F1,"TVS = |S_GT_thin intersect M_pred| / |S_GT_thin|; S_GT_thin uses skeletonize(GT), Dlocal=2*EDT(GT), tau=max(1 px, 0.018*DOD)",290.16,manual_les_csv,5.22288,3970,1760,0.4433249370277078,D:\Retina\Retinal-Vessel-Segmentation-Benchmark-main\Models_output\FSG-Net-HRF\test_data\LES\pred_masks\53.png,D:\Retina\Retinal-Vessel-Segmentation-Benchmark-main\config\test_data\LES\masks\53.png
FSG-Net-HRF,LES,586,0.55,diagnostic_test_set_scan_equal_dataset_macro_F1,"TVS = |S_GT_thin intersect M_pred| / |S_GT_thin|; S_GT_thin uses skeletonize(GT), Dlocal=2*EDT(GT), tau=max(1 px, 0.018*DOD)",326.16,manual_les_csv,5.87088,4752,3411,0.7178030303030303,D:\Retina\Retinal-Vessel-Segmentation-Benchmark-main\Models_output\FSG-Net-HRF\test_data\LES\pred_masks\586.png,D:\Retina\Retinal-Vessel-Segmentation-Benchmark-main\config\test_data\LES\masks\586.png
FSG-Net-HRF,LES,90,0.55,diagnostic_test_set_scan_equal_dataset_macro_F1,"TVS = |S_GT_thin intersect M_pred| / |S_GT_thin|; S_GT_thin uses skeletonize(GT), Dlocal=2*EDT(GT), tau=max(1 px, 0.018*DOD)",282.16,manual_les_csv,5.07888,2987,1206,0.40374958151991963,D:\Retina\Retinal-Vessel-Segmentation-Benchmark-main\Models_output\FSG-Net-HRF\test_data\LES\pred_masks\90.png,D:\Retina\Retinal-Vessel-Segmentation-Benchmark-main\config\test_data\LES\masks\90.png
FSG-Net-HRF,STARE,im0001,0.55,diagnostic_test_set_scan_equal_dataset_macro_F1,"TVS = |S_GT_thin intersect M_pred| / |S_GT_thin|; S_GT_thin uses skeletonize(GT), Dlocal=2*EDT(GT), tau=max(1 px, 0.018*DOD)",119.04,annotation_csv,2.1427199999999997,2392,1263,0.528010033444816,D:\Retina\Retinal-Vessel-Segmentation-Benchmark-main\Models_output\FSG-Net-HRF\test_data\STARE\pred_masks\im0001.png,D:\Retina\Retinal-Vessel-Segmentation-Benchmark-main\config\test_data\STARE\masks\im0001.png
FSG-Net-HRF,STARE,im0002,0.55,diagnostic_test_set_scan_equal_dataset_macro_F1,"TVS = |S_GT_thin intersect M_pred| / |S_GT_thin|; S_GT_thin uses skeletonize(GT), Dlocal=2*EDT(GT), tau=max(1 px, 0.018*DOD)",97.74,auto_detected,1.7593199999999998,0,0,0.0,D:\Retina\Retinal-Vessel-Segmentation-Benchmark-main\Models_output\FSG-Net-HRF\test_data\STARE\pred_masks\im0002.png,D:\Retina\Retinal-Vessel-Segmentation-Benchmark-main\config\test_data\STARE\masks\im0002.png
FSG-Net-HRF,STARE,im0003,0.55,diagnostic_test_set_scan_equal_dataset_macro_F1,"TVS = |S_GT_thin intersect M_pred| / |S_GT_thin|; S_GT_thin uses skeletonize(GT), Dlocal=2*EDT(GT), tau=max(1 px, 0.018*DOD)",130.73,auto_detected,2.35314,1973,850,0.4308160162189559,D:\Retina\Retinal-Vessel-Segmentation-Benchmark-main\Models_output\FSG-Net-HRF\test_data\STARE\pred_masks\im0003.png,D:\Retina\Retinal-Vessel-Segmentation-Benchmark-main\config\test_data\STARE\masks\im0003.png
FSG-Net-HRF,STARE,im0004,0.55,diagnostic_test_set_scan_equal_dataset_macro_F1,"TVS = |S_GT_thin intersect M_pred| / |S_GT_thin|; S_GT_thin uses skeletonize(GT), Dlocal=2*EDT(GT), tau=max(1 px, 0.018*DOD)",111.92,auto_detected,2.01456,629,316,0.5023847376788553,D:\Retina\Retinal-Vessel-Segmentation-Benchmark-main\Models_output\FSG-Net-HRF\test_data\STARE\pred_masks\im0004.png,D:\Retina\Retinal-Vessel-Segmentation-Benchmark-main\config\test_data\STARE\masks\im0004.png
FSG-Net-HRF,STARE,im0005,0.55,diagnostic_test_set_scan_equal_dataset_macro_F1,"TVS = |S_GT_thin intersect M_pred| / |S_GT_thin|; S_GT_thin uses skeletonize(GT), Dlocal=2*EDT(GT), tau=max(1 px, 0.018*DOD)",131.87,auto_detected,2.37366,814,654,0.8034398034398035,D:\Retina\Retinal-Vessel-Segmentation-Benchmark-main\Models_output\FSG-Net-HRF\test_data\STARE\pred_masks\im0005.png,D:\Retina\Retinal-Vessel-Segmentation-Benchmark-main\config\test_data\STARE\masks\im0005.png
FSG-Net-HRF,STARE,im0044,0.55,diagnostic_test_set_scan_equal_dataset_macro_F1,"TVS = |S_GT_thin intersect M_pred| / |S_GT_thin|; S_GT_thin uses skeletonize(GT), Dlocal=2*EDT(GT), tau=max(1 px, 0.018*DOD)",133.3,auto_detected,2.3994,1979,1201,0.6068721576553815,D:\Retina\Retinal-Vessel-Segmentation-Benchmark-main\Models_output\FSG-Net-HRF\test_data\STARE\pred_masks\im0044.png,D:\Retina\Retinal-Vessel-Segmentation-Benchmark-main\config\test_data\STARE\masks\im0044.png
FSG-Net-HRF,STARE,im0077,0.55,diagnostic_test_set_scan_equal_dataset_macro_F1,"TVS = |S_GT_thin intersect M_pred| / |S_GT_thin|; S_GT_thin uses skeletonize(GT), Dlocal=2*EDT(GT), tau=max(1 px, 0.018*DOD)",134.65,auto_detected,2.4236999999999997,3465,3140,0.9062049062049062,D:\Retina\Retinal-Vessel-Segmentation-Benchmark-main\Models_output\FSG-Net-HRF\test_data\STARE\pred_masks\im0077.png,D:\Retina\Retinal-Vessel-Segmentation-Benchmark-main\config\test_data\STARE\masks\im0077.png
FSG-Net-HRF,STARE,im0081,0.55,diagnostic_test_set_scan_equal_dataset_macro_F1,"TVS = |S_GT_thin intersect M_pred| / |S_GT_thin|; S_GT_thin uses skeletonize(GT), Dlocal=2*EDT(GT), tau=max(1 px, 0.018*DOD)",116.54,auto_detected,2.09772,3163,2700,0.853619981030667,D:\Retina\Retinal-Vessel-Segmentation-Benchmark-main\Models_output\FSG-Net-HRF\test_data\STARE\pred_masks\im0081.png,D:\Retina\Retinal-Vessel-Segmentation-Benchmark-main\config\test_data\STARE\masks\im0081.png
FSG-Net-HRF,STARE,im0082,0.55,diagnostic_test_set_scan_equal_dataset_macro_F1,"TVS = |S_GT_thin intersect M_pred| / |S_GT_thin|; S_GT_thin uses skeletonize(GT), Dlocal=2*EDT(GT), tau=max(1 px, 0.018*DOD)",120.44,auto_detected,2.1679199999999996,3691,2834,0.7678136006502303,D:\Retina\Retinal-Vessel-Segmentation-Benchmark-main\Models_output\FSG-Net-HRF\test_data\STARE\pred_masks\im0082.png,D:\Retina\Retinal-Vessel-Segmentation-Benchmark-main\config\test_data\STARE\masks\im0082.png
FSG-Net-HRF,STARE,im0139,0.55,diagnostic_test_set_scan_equal_dataset_macro_F1,"TVS = |S_GT_thin intersect M_pred| / |S_GT_thin|; S_GT_thin uses skeletonize(GT), Dlocal=2*EDT(GT), tau=max(1 px, 0.018*DOD)",93.91,auto_detected,1.6903799999999998,0,0,0.0,D:\Retina\Retinal-Vessel-Segmentation-Benchmark-main\Models_output\FSG-Net-HRF\test_data\STARE\pred_masks\im0139.png,D:\Retina\Retinal-Vessel-Segmentation-Benchmark-main\config\test_data\STARE\masks\im0139.png
FSG-Net-HRF,STARE,im0162,0.55,diagnostic_test_set_scan_equal_dataset_macro_F1,"TVS = |S_GT_thin intersect M_pred| / |S_GT_thin|; S_GT_thin uses skeletonize(GT), Dlocal=2*EDT(GT), tau=max(1 px, 0.018*DOD)",93.13,auto_detected,1.6763399999999997,0,0,0.0,D:\Retina\Retinal-Vessel-Segmentation-Benchmark-main\Models_output\FSG-Net-HRF\test_data\STARE\pred_masks\im0162.png,D:\Retina\Retinal-Vessel-Segmentation-Benchmark-main\config\test_data\STARE\masks\im0162.png
FSG-Net-HRF,STARE,im0163,0.55,diagnostic_test_set_scan_equal_dataset_macro_F1,"TVS = |S_GT_thin intersect M_pred| / |S_GT_thin|; S_GT_thin uses skeletonize(GT), Dlocal=2*EDT(GT), tau=max(1 px, 0.018*DOD)",121.3,auto_detected,2.1834,3200,2740,0.85625,D:\Retina\Retinal-Vessel-Segmentation-Benchmark-main\Models_output\FSG-Net-HRF\test_data\STARE\pred_masks\im0163.png,D:\Retina\Retinal-Vessel-Segmentation-Benchmark-main\config\test_data\STARE\masks\im0163.png
FSG-Net-HRF,STARE,im0235,0.55,diagnostic_test_set_scan_equal_dataset_macro_F1,"TVS = |S_GT_thin intersect M_pred| / |S_GT_thin|; S_GT_thin uses skeletonize(GT), Dlocal=2*EDT(GT), tau=max(1 px, 0.018*DOD)",122.39,annotation_csv,2.20302,3131,2359,0.7534334078569147,D:\Retina\Retinal-Vessel-Segmentation-Benchmark-main\Models_output\FSG-Net-HRF\test_data\STARE\pred_masks\im0235.png,D:\Retina\Retinal-Vessel-Segmentation-Benchmark-main\config\test_data\STARE\masks\im0235.png
FSG-Net-HRF,STARE,im0236,0.55,diagnostic_test_set_scan_equal_dataset_macro_F1,"TVS = |S_GT_thin intersect M_pred| / |S_GT_thin|; S_GT_thin uses skeletonize(GT), Dlocal=2*EDT(GT), tau=max(1 px, 0.018*DOD)",121.2,auto_detected,2.1816,2506,1666,0.664804469273743,D:\Retina\Retinal-Vessel-Segmentation-Benchmark-main\Models_output\FSG-Net-HRF\test_data\STARE\pred_masks\im0236.png,D:\Retina\Retinal-Vessel-Segmentation-Benchmark-main\config\test_data\STARE\masks\im0236.png
FSG-Net-HRF,STARE,im0239,0.55,diagnostic_test_set_scan_equal_dataset_macro_F1,"TVS = |S_GT_thin intersect M_pred| / |S_GT_thin|; S_GT_thin uses skeletonize(GT), Dlocal=2*EDT(GT), tau=max(1 px, 0.018*DOD)",125.87,auto_detected,2.26566,2969,1866,0.628494442573257,D:\Retina\Retinal-Vessel-Segmentation-Benchmark-main\Models_output\FSG-Net-HRF\test_data\STARE\pred_masks\im0239.png,D:\Retina\Retinal-Vessel-Segmentation-Benchmark-main\config\test_data\STARE\masks\im0239.png
FSG-Net-HRF,STARE,im0240,0.55,diagnostic_test_set_scan_equal_dataset_macro_F1,"TVS = |S_GT_thin intersect M_pred| / |S_GT_thin|; S_GT_thin uses skeletonize(GT), Dlocal=2*EDT(GT), tau=max(1 px, 0.018*DOD)",133.44,auto_detected,2.4019199999999996,1136,807,0.710387323943662,D:\Retina\Retinal-Vessel-Segmentation-Benchmark-main\Models_output\FSG-Net-HRF\test_data\STARE\pred_masks\im0240.png,D:\Retina\Retinal-Vessel-Segmentation-Benchmark-main\config\test_data\STARE\masks\im0240.png
FSG-Net-HRF,STARE,im0255,0.55,diagnostic_test_set_scan_equal_dataset_macro_F1,"TVS = |S_GT_thin intersect M_pred| / |S_GT_thin|; S_GT_thin uses skeletonize(GT), Dlocal=2*EDT(GT), tau=max(1 px, 0.018*DOD)",89.18,auto_detected,1.60524,0,0,0.0,D:\Retina\Retinal-Vessel-Segmentation-Benchmark-main\Models_output\FSG-Net-HRF\test_data\STARE\pred_masks\im0255.png,D:\Retina\Retinal-Vessel-Segmentation-Benchmark-main\config\test_data\STARE\masks\im0255.png
FSG-Net-HRF,STARE,im0291,0.55,diagnostic_test_set_scan_equal_dataset_macro_F1,"TVS = |S_GT_thin intersect M_pred| / |S_GT_thin|; S_GT_thin uses skeletonize(GT), Dlocal=2*EDT(GT), tau=max(1 px, 0.018*DOD)",109.2,auto_detected,1.9655999999999998,0,0,0.0,D:\Retina\Retinal-Vessel-Segmentation-Benchmark-main\Models_output\FSG-Net-HRF\test_data\STARE\pred_masks\im0291.png,D:\Retina\Retinal-Vessel-Segmentation-Benchmark-main\config\test_data\STARE\masks\im0291.png
FSG-Net-HRF,STARE,im0319,0.55,diagnostic_test_set_scan_equal_dataset_macro_F1,"TVS = |S_GT_thin intersect M_pred| / |S_GT_thin|; S_GT_thin uses skeletonize(GT), Dlocal=2*EDT(GT), tau=max(1 px, 0.018*DOD)",125.2,auto_detected,2.2536,1459,836,0.572995202193283,D:\Retina\Retinal-Vessel-Segmentation-Benchmark-main\Models_output\FSG-Net-HRF\test_data\STARE\pred_masks\im0319.png,D:\Retina\Retinal-Vessel-Segmentation-Benchmark-main\config\test_data\STARE\masks\im0319.png
FSG-Net-HRF,STARE,im0324,0.55,diagnostic_test_set_scan_equal_dataset_macro_F1,"TVS = |S_GT_thin intersect M_pred| / |S_GT_thin|; S_GT_thin uses skeletonize(GT), Dlocal=2*EDT(GT), tau=max(1 px, 0.018*DOD)",138.12,auto_detected,2.48616,1101,738,0.670299727520436,D:\Retina\Retinal-Vessel-Segmentation-Benchmark-main\Models_output\FSG-Net-HRF\test_data\STARE\pred_masks\im0324.png,D:\Retina\Retinal-Vessel-Segmentation-Benchmark-main\config\test_data\STARE\masks\im0324.png
GAVE,AFIO,IM000001,0.1,diagnostic_test_set_scan_equal_dataset_macro_F1,"TVS = |S_GT_thin intersect M_pred| / |S_GT_thin|; S_GT_thin uses skeletonize(GT), Dlocal=2*EDT(GT), tau=max(1 px, 0.018*DOD)",119.7,auto_detected,2.1546,49,27,0.5510204081632653,D:\Retina\Retinal-Vessel-Segmentation-Benchmark-main\Models_output\gave\test_data\AFIO\pred_masks\IM000001.png,D:\Retina\Retinal-Vessel-Segmentation-Benchmark-main\config\test_data\AFIO\masks\IM000001.png
GAVE,AFIO,IM000004,0.1,diagnostic_test_set_scan_equal_dataset_macro_F1,"TVS = |S_GT_thin intersect M_pred| / |S_GT_thin|; S_GT_thin uses skeletonize(GT), Dlocal=2*EDT(GT), tau=max(1 px, 0.018*DOD)",124.56,auto_detected,2.24208,233,70,0.30042918454935624,D:\Retina\Retinal-Vessel-Segmentation-Benchmark-main\Models_output\gave\test_data\AFIO\pred_masks\IM000004.png,D:\Retina\Retinal-Vessel-Segmentation-Benchmark-main\config\test_data\AFIO\masks\IM000004.png
GAVE,AFIO,IM000023,0.1,diagnostic_test_set_scan_equal_dataset_macro_F1,"TVS = |S_GT_thin intersect M_pred| / |S_GT_thin|; S_GT_thin uses skeletonize(GT), Dlocal=2*EDT(GT), tau=max(1 px, 0.018*DOD)",128.0,auto_detected,2.304,189,63,0.3333333333333333,D:\Retina\Retinal-Vessel-Segmentation-Benchmark-main\Models_output\gave\test_data\AFIO\pred_masks\IM000023.png,D:\Retina\Retinal-Vessel-Segmentation-Benchmark-main\config\test_data\AFIO\masks\IM000023.png
GAVE,AFIO,IM000024,0.1,diagnostic_test_set_scan_equal_dataset_macro_F1,"TVS = |S_GT_thin intersect M_pred| / |S_GT_thin|; S_GT_thin uses skeletonize(GT), Dlocal=2*EDT(GT), tau=max(1 px, 0.018*DOD)",135.87,auto_detected,2.4456599999999997,225,38,0.1688888888888889,D:\Retina\Retinal-Vessel-Segmentation-Benchmark-main\Models_output\gave\test_data\AFIO\pred_masks\IM000024.png,D:\Retina\Retinal-Vessel-Segmentation-Benchmark-main\config\test_data\AFIO\masks\IM000024.png
GAVE,AFIO,IM000135,0.1,diagnostic_test_set_scan_equal_dataset_macro_F1,"TVS = |S_GT_thin intersect M_pred| / |S_GT_thin|; S_GT_thin uses skeletonize(GT), Dlocal=2*EDT(GT), tau=max(1 px, 0.018*DOD)",150.24,auto_detected,2.70432,598,82,0.13712374581939799,D:\Retina\Retinal-Vessel-Segmentation-Benchmark-main\Models_output\gave\test_data\AFIO\pred_masks\IM000135.png,D:\Retina\Retinal-Vessel-Segmentation-Benchmark-main\config\test_data\AFIO\masks\IM000135.png
GAVE,AFIO,IM000136,0.1,diagnostic_test_set_scan_equal_dataset_macro_F1,"TVS = |S_GT_thin intersect M_pred| / |S_GT_thin|; S_GT_thin uses skeletonize(GT), Dlocal=2*EDT(GT), tau=max(1 px, 0.018*DOD)",141.64,auto_detected,2.5495199999999993,26,8,0.3076923076923077,D:\Retina\Retinal-Vessel-Segmentation-Benchmark-main\Models_output\gave\test_data\AFIO\pred_masks\IM000136.png,D:\Retina\Retinal-Vessel-Segmentation-Benchmark-main\config\test_data\AFIO\masks\IM000136.png
GAVE,AFIO,IM000167,0.1,diagnostic_test_set_scan_equal_dataset_macro_F1,"TVS = |S_GT_thin intersect M_pred| / |S_GT_thin|; S_GT_thin uses skeletonize(GT), Dlocal=2*EDT(GT), tau=max(1 px, 0.018*DOD)",121.13,auto_detected,2.1803399999999997,31,13,0.41935483870967744,D:\Retina\Retinal-Vessel-Segmentation-Benchmark-main\Models_output\gave\test_data\AFIO\pred_masks\IM000167.png,D:\Retina\Retinal-Vessel-Segmentation-Benchmark-main\config\test_data\AFIO\masks\IM000167.png
GAVE,AFIO,IM000168,0.1,diagnostic_test_set_scan_equal_dataset_macro_F1,"TVS = |S_GT_thin intersect M_pred| / |S_GT_thin|; S_GT_thin uses skeletonize(GT), Dlocal=2*EDT(GT), tau=max(1 px, 0.018*DOD)",139.57,auto_detected,2.5122599999999995,184,21,0.11413043478260869,D:\Retina\Retinal-Vessel-Segmentation-Benchmark-main\Models_output\gave\test_data\AFIO\pred_masks\IM000168.png,D:\Retina\Retinal-Vessel-Segmentation-Benchmark-main\config\test_data\AFIO\masks\IM000168.png
GAVE,AFIO,IM000189,0.1,diagnostic_test_set_scan_equal_dataset_macro_F1,"TVS = |S_GT_thin intersect M_pred| / |S_GT_thin|; S_GT_thin uses skeletonize(GT), Dlocal=2*EDT(GT), tau=max(1 px, 0.018*DOD)",149.53,auto_detected,2.69154,148,24,0.16216216216216217,D:\Retina\Retinal-Vessel-Segmentation-Benchmark-main\Models_output\gave\test_data\AFIO\pred_masks\IM000189.png,D:\Retina\Retinal-Vessel-Segmentation-Benchmark-main\config\test_data\AFIO\masks\IM000189.png
GAVE,AFIO,IM000209,0.1,diagnostic_test_set_scan_equal_dataset_macro_F1,"TVS = |S_GT_thin intersect M_pred| / |S_GT_thin|; S_GT_thin uses skeletonize(GT), Dlocal=2*EDT(GT), tau=max(1 px, 0.018*DOD)",140.0,auto_detected,2.52,74,9,0.12162162162162163,D:\Retina\Retinal-Vessel-Segmentation-Benchmark-main\Models_output\gave\test_data\AFIO\pred_masks\IM000209.png,D:\Retina\Retinal-Vessel-Segmentation-Benchmark-main\config\test_data\AFIO\masks\IM000209.png
GAVE,AFIO,IM000210,0.1,diagnostic_test_set_scan_equal_dataset_macro_F1,"TVS = |S_GT_thin intersect M_pred| / |S_GT_thin|; S_GT_thin uses skeletonize(GT), Dlocal=2*EDT(GT), tau=max(1 px, 0.018*DOD)",164.3,auto_detected,2.9574,922,26,0.028199566160520606,D:\Retina\Retinal-Vessel-Segmentation-Benchmark-main\Models_output\gave\test_data\AFIO\pred_masks\IM000210.png,D:\Retina\Retinal-Vessel-Segmentation-Benchmark-main\config\test_data\AFIO\masks\IM000210.png
GAVE,AFIO,IM000333,0.1,diagnostic_test_set_scan_equal_dataset_macro_F1,"TVS = |S_GT_thin intersect M_pred| / |S_GT_thin|; S_GT_thin uses skeletonize(GT), Dlocal=2*EDT(GT), tau=max(1 px, 0.018*DOD)",134.96,auto_detected,2.42928,41,4,0.0975609756097561,D:\Retina\Retinal-Vessel-Segmentation-Benchmark-main\Models_output\gave\test_data\AFIO\pred_masks\IM000333.png,D:\Retina\Retinal-Vessel-Segmentation-Benchmark-main\config\test_data\AFIO\masks\IM000333.png
GAVE,AFIO,IM000389,0.1,diagnostic_test_set_scan_equal_dataset_macro_F1,"TVS = |S_GT_thin intersect M_pred| / |S_GT_thin|; S_GT_thin uses skeletonize(GT), Dlocal=2*EDT(GT), tau=max(1 px, 0.018*DOD)",137.55,auto_detected,2.4759,43,2,0.046511627906976744,D:\Retina\Retinal-Vessel-Segmentation-Benchmark-main\Models_output\gave\test_data\AFIO\pred_masks\IM000389.png,D:\Retina\Retinal-Vessel-Segmentation-Benchmark-main\config\test_data\AFIO\masks\IM000389.png
GAVE,AFIO,IM000390,0.1,diagnostic_test_set_scan_equal_dataset_macro_F1,"TVS = |S_GT_thin intersect M_pred| / |S_GT_thin|; S_GT_thin uses skeletonize(GT), Dlocal=2*EDT(GT), tau=max(1 px, 0.018*DOD)",138.93,auto_detected,2.50074,34,12,0.35294117647058826,D:\Retina\Retinal-Vessel-Segmentation-Benchmark-main\Models_output\gave\test_data\AFIO\pred_masks\IM000390.png,D:\Retina\Retinal-Vessel-Segmentation-Benchmark-main\config\test_data\AFIO\masks\IM000390.png
GAVE,AFIO,IM000678,0.1,diagnostic_test_set_scan_equal_dataset_macro_F1,"TVS = |S_GT_thin intersect M_pred| / |S_GT_thin|; S_GT_thin uses skeletonize(GT), Dlocal=2*EDT(GT), tau=max(1 px, 0.018*DOD)",148.0,auto_detected,2.6639999999999997,92,42,0.45652173913043476,D:\Retina\Retinal-Vessel-Segmentation-Benchmark-main\Models_output\gave\test_data\AFIO\pred_masks\IM000678.png,D:\Retina\Retinal-Vessel-Segmentation-Benchmark-main\config\test_data\AFIO\masks\IM000678.png
GAVE,AFIO,IM000679,0.1,diagnostic_test_set_scan_equal_dataset_macro_F1,"TVS = |S_GT_thin intersect M_pred| / |S_GT_thin|; S_GT_thin uses skeletonize(GT), Dlocal=2*EDT(GT), tau=max(1 px, 0.018*DOD)",148.0,annotation_csv,2.6639999999999997,55,18,0.32727272727272727,D:\Retina\Retinal-Vessel-Segmentation-Benchmark-main\Models_output\gave\test_data\AFIO\pred_masks\IM000679.png,D:\Retina\Retinal-Vessel-Segmentation-Benchmark-main\config\test_data\AFIO\masks\IM000679.png
GAVE,AFIO,IM000715,0.1,diagnostic_test_set_scan_equal_dataset_macro_F1,"TVS = |S_GT_thin intersect M_pred| / |S_GT_thin|; S_GT_thin uses skeletonize(GT), Dlocal=2*EDT(GT), tau=max(1 px, 0.018*DOD)",159.12,auto_detected,2.86416,556,314,0.564748201438849,D:\Retina\Retinal-Vessel-Segmentation-Benchmark-main\Models_output\gave\test_data\AFIO\pred_masks\IM000715.png,D:\Retina\Retinal-Vessel-Segmentation-Benchmark-main\config\test_data\AFIO\masks\IM000715.png
GAVE,AFIO,IM000716,0.1,diagnostic_test_set_scan_equal_dataset_macro_F1,"TVS = |S_GT_thin intersect M_pred| / |S_GT_thin|; S_GT_thin uses skeletonize(GT), Dlocal=2*EDT(GT), tau=max(1 px, 0.018*DOD)",161.11,auto_detected,2.8999800000000002,1574,475,0.3017789072426938,D:\Retina\Retinal-Vessel-Segmentation-Benchmark-main\Models_output\gave\test_data\AFIO\pred_masks\IM000716.png,D:\Retina\Retinal-Vessel-Segmentation-Benchmark-main\config\test_data\AFIO\masks\IM000716.png
GAVE,AFIO,IM000938,0.1,diagnostic_test_set_scan_equal_dataset_macro_F1,"TVS = |S_GT_thin intersect M_pred| / |S_GT_thin|; S_GT_thin uses skeletonize(GT), Dlocal=2*EDT(GT), tau=max(1 px, 0.018*DOD)",150.69,auto_detected,2.71242,46,17,0.3695652173913043,D:\Retina\Retinal-Vessel-Segmentation-Benchmark-main\Models_output\gave\test_data\AFIO\pred_masks\IM000938.png,D:\Retina\Retinal-Vessel-Segmentation-Benchmark-main\config\test_data\AFIO\masks\IM000938.png
GAVE,AFIO,IM001031,0.1,diagnostic_test_set_scan_equal_dataset_macro_F1,"TVS = |S_GT_thin intersect M_pred| / |S_GT_thin|; S_GT_thin uses skeletonize(GT), Dlocal=2*EDT(GT), tau=max(1 px, 0.018*DOD)",135.38,auto_detected,2.4368399999999997,55,12,0.21818181818181817,D:\Retina\Retinal-Vessel-Segmentation-Benchmark-main\Models_output\gave\test_data\AFIO\pred_masks\IM001031.png,D:\Retina\Retinal-Vessel-Segmentation-Benchmark-main\config\test_data\AFIO\masks\IM001031.png
GAVE,AFIO,IM001032,0.1,diagnostic_test_set_scan_equal_dataset_macro_F1,"TVS = |S_GT_thin intersect M_pred| / |S_GT_thin|; S_GT_thin uses skeletonize(GT), Dlocal=2*EDT(GT), tau=max(1 px, 0.018*DOD)",135.38,auto_detected,2.4368399999999997,55,12,0.21818181818181817,D:\Retina\Retinal-Vessel-Segmentation-Benchmark-main\Models_output\gave\test_data\AFIO\pred_masks\IM001032.png,D:\Retina\Retinal-Vessel-Segmentation-Benchmark-main\config\test_data\AFIO\masks\IM001032.png
GAVE,AFIO,IM001034,0.1,diagnostic_test_set_scan_equal_dataset_macro_F1,"TVS = |S_GT_thin intersect M_pred| / |S_GT_thin|; S_GT_thin uses skeletonize(GT), Dlocal=2*EDT(GT), tau=max(1 px, 0.018*DOD)",145.08,auto_detected,2.61144,8,2,0.25,D:\Retina\Retinal-Vessel-Segmentation-Benchmark-main\Models_output\gave\test_data\AFIO\pred_masks\IM001034.png,D:\Retina\Retinal-Vessel-Segmentation-Benchmark-main\config\test_data\AFIO\masks\IM001034.png
GAVE,AFIO,IM001069,0.1,diagnostic_test_set_scan_equal_dataset_macro_F1,"TVS = |S_GT_thin intersect M_pred| / |S_GT_thin|; S_GT_thin uses skeletonize(GT), Dlocal=2*EDT(GT), tau=max(1 px, 0.018*DOD)",157.83,auto_detected,2.84094,38,5,0.13157894736842105,D:\Retina\Retinal-Vessel-Segmentation-Benchmark-main\Models_output\gave\test_data\AFIO\pred_masks\IM001069.png,D:\Retina\Retinal-Vessel-Segmentation-Benchmark-main\config\test_data\AFIO\masks\IM001069.png
GAVE,AFIO,IM001070,0.1,diagnostic_test_set_scan_equal_dataset_macro_F1,"TVS = |S_GT_thin intersect M_pred| / |S_GT_thin|; S_GT_thin uses skeletonize(GT), Dlocal=2*EDT(GT), tau=max(1 px, 0.018*DOD)",164.62,auto_detected,2.96316,460,28,0.06086956521739131,D:\Retina\Retinal-Vessel-Segmentation-Benchmark-main\Models_output\gave\test_data\AFIO\pred_masks\IM001070.png,D:\Retina\Retinal-Vessel-Segmentation-Benchmark-main\config\test_data\AFIO\masks\IM001070.png
GAVE,AFIO,IM001096,0.1,diagnostic_test_set_scan_equal_dataset_macro_F1,"TVS = |S_GT_thin intersect M_pred| / |S_GT_thin|; S_GT_thin uses skeletonize(GT), Dlocal=2*EDT(GT), tau=max(1 px, 0.018*DOD)",158.59,auto_detected,2.8546199999999997,380,23,0.060526315789473685,D:\Retina\Retinal-Vessel-Segmentation-Benchmark-main\Models_output\gave\test_data\AFIO\pred_masks\IM001096.png,D:\Retina\Retinal-Vessel-Segmentation-Benchmark-main\config\test_data\AFIO\masks\IM001096.png
GAVE,AFIO,IM001097,0.1,diagnostic_test_set_scan_equal_dataset_macro_F1,"TVS = |S_GT_thin intersect M_pred| / |S_GT_thin|; S_GT_thin uses skeletonize(GT), Dlocal=2*EDT(GT), tau=max(1 px, 0.018*DOD)",164.41,auto_detected,2.95938,39,16,0.41025641025641024,D:\Retina\Retinal-Vessel-Segmentation-Benchmark-main\Models_output\gave\test_data\AFIO\pred_masks\IM001097.png,D:\Retina\Retinal-Vessel-Segmentation-Benchmark-main\config\test_data\AFIO\masks\IM001097.png
GAVE,AFIO,IM001126,0.1,diagnostic_test_set_scan_equal_dataset_macro_F1,"TVS = |S_GT_thin intersect M_pred| / |S_GT_thin|; S_GT_thin uses skeletonize(GT), Dlocal=2*EDT(GT), tau=max(1 px, 0.018*DOD)",161.79,auto_detected,2.9122199999999996,102,42,0.4117647058823529,D:\Retina\Retinal-Vessel-Segmentation-Benchmark-main\Models_output\gave\test_data\AFIO\pred_masks\IM001126.png,D:\Retina\Retinal-Vessel-Segmentation-Benchmark-main\config\test_data\AFIO\masks\IM001126.png
GAVE,AFIO,IM001127,0.1,diagnostic_test_set_scan_equal_dataset_macro_F1,"TVS = |S_GT_thin intersect M_pred| / |S_GT_thin|; S_GT_thin uses skeletonize(GT), Dlocal=2*EDT(GT), tau=max(1 px, 0.018*DOD)",138.39,auto_detected,2.4910199999999993,20,7,0.35,D:\Retina\Retinal-Vessel-Segmentation-Benchmark-main\Models_output\gave\test_data\AFIO\pred_masks\IM001127.png,D:\Retina\Retinal-Vessel-Segmentation-Benchmark-main\config\test_data\AFIO\masks\IM001127.png
GAVE,AFIO,IM001154,0.1,diagnostic_test_set_scan_equal_dataset_macro_F1,"TVS = |S_GT_thin intersect M_pred| / |S_GT_thin|; S_GT_thin uses skeletonize(GT), Dlocal=2*EDT(GT), tau=max(1 px, 0.018*DOD)",140.28,auto_detected,2.5250399999999997,158,54,0.34177215189873417,D:\Retina\Retinal-Vessel-Segmentation-Benchmark-main\Models_output\gave\test_data\AFIO\pred_masks\IM001154.png,D:\Retina\Retinal-Vessel-Segmentation-Benchmark-main\config\test_data\AFIO\masks\IM001154.png
GAVE,AFIO,IM001155,0.1,diagnostic_test_set_scan_equal_dataset_macro_F1,"TVS = |S_GT_thin intersect M_pred| / |S_GT_thin|; S_GT_thin uses skeletonize(GT), Dlocal=2*EDT(GT), tau=max(1 px, 0.018*DOD)",147.34,auto_detected,2.65212,37,11,0.2972972972972973,D:\Retina\Retinal-Vessel-Segmentation-Benchmark-main\Models_output\gave\test_data\AFIO\pred_masks\IM001155.png,D:\Retina\Retinal-Vessel-Segmentation-Benchmark-main\config\test_data\AFIO\masks\IM001155.png
GAVE,AFIO,IM001192,0.1,diagnostic_test_set_scan_equal_dataset_macro_F1,"TVS = |S_GT_thin intersect M_pred| / |S_GT_thin|; S_GT_thin uses skeletonize(GT), Dlocal=2*EDT(GT), tau=max(1 px, 0.018*DOD)",172.78,auto_detected,3.1100399999999997,99,39,0.3939393939393939,D:\Retina\Retinal-Vessel-Segmentation-Benchmark-main\Models_output\gave\test_data\AFIO\pred_masks\IM001192.png,D:\Retina\Retinal-Vessel-Segmentation-Benchmark-main\config\test_data\AFIO\masks\IM001192.png
GAVE,AFIO,IM001193,0.1,diagnostic_test_set_scan_equal_dataset_macro_F1,"TVS = |S_GT_thin intersect M_pred| / |S_GT_thin|; S_GT_thin uses skeletonize(GT), Dlocal=2*EDT(GT), tau=max(1 px, 0.018*DOD)",159.65,auto_detected,2.8737,1412,84,0.059490084985835696,D:\Retina\Retinal-Vessel-Segmentation-Benchmark-main\Models_output\gave\test_data\AFIO\pred_masks\IM001193.png,D:\Retina\Retinal-Vessel-Segmentation-Benchmark-main\config\test_data\AFIO\masks\IM001193.png
GAVE,AFIO,IM001218,0.1,diagnostic_test_set_scan_equal_dataset_macro_F1,"TVS = |S_GT_thin intersect M_pred| / |S_GT_thin|; S_GT_thin uses skeletonize(GT), Dlocal=2*EDT(GT), tau=max(1 px, 0.018*DOD)",138.68,auto_detected,2.49624,173,62,0.3583815028901734,D:\Retina\Retinal-Vessel-Segmentation-Benchmark-main\Models_output\gave\test_data\AFIO\pred_masks\IM001218.png,D:\Retina\Retinal-Vessel-Segmentation-Benchmark-main\config\test_data\AFIO\masks\IM001218.png
GAVE,AFIO,IM001219,0.1,diagnostic_test_set_scan_equal_dataset_macro_F1,"TVS = |S_GT_thin intersect M_pred| / |S_GT_thin|; S_GT_thin uses skeletonize(GT), Dlocal=2*EDT(GT), tau=max(1 px, 0.018*DOD)",142.62,auto_detected,2.56716,53,27,0.5094339622641509,D:\Retina\Retinal-Vessel-Segmentation-Benchmark-main\Models_output\gave\test_data\AFIO\pred_masks\IM001219.png,D:\Retina\Retinal-Vessel-Segmentation-Benchmark-main\config\test_data\AFIO\masks\IM001219.png
GAVE,AFIO,IM001246,0.1,diagnostic_test_set_scan_equal_dataset_macro_F1,"TVS = |S_GT_thin intersect M_pred| / |S_GT_thin|; S_GT_thin uses skeletonize(GT), Dlocal=2*EDT(GT), tau=max(1 px, 0.018*DOD)",124.34,auto_detected,2.23812,50,27,0.54,D:\Retina\Retinal-Vessel-Segmentation-Benchmark-main\Models_output\gave\test_data\AFIO\pred_masks\IM001246.png,D:\Retina\Retinal-Vessel-Segmentation-Benchmark-main\config\test_data\AFIO\masks\IM001246.png
GAVE,AFIO,IM001686,0.1,diagnostic_test_set_scan_equal_dataset_macro_F1,"TVS = |S_GT_thin intersect M_pred| / |S_GT_thin|; S_GT_thin uses skeletonize(GT), Dlocal=2*EDT(GT), tau=max(1 px, 0.018*DOD)",129.59,auto_detected,2.33262,5,3,0.6,D:\Retina\Retinal-Vessel-Segmentation-Benchmark-main\Models_output\gave\test_data\AFIO\pred_masks\IM001686.png,D:\Retina\Retinal-Vessel-Segmentation-Benchmark-main\config\test_data\AFIO\masks\IM001686.png
GAVE,AFIO,IM001749,0.1,diagnostic_test_set_scan_equal_dataset_macro_F1,"TVS = |S_GT_thin intersect M_pred| / |S_GT_thin|; S_GT_thin uses skeletonize(GT), Dlocal=2*EDT(GT), tau=max(1 px, 0.018*DOD)",143.19,auto_detected,2.5774199999999996,100,36,0.36,D:\Retina\Retinal-Vessel-Segmentation-Benchmark-main\Models_output\gave\test_data\AFIO\pred_masks\IM001749.png,D:\Retina\Retinal-Vessel-Segmentation-Benchmark-main\config\test_data\AFIO\masks\IM001749.png
GAVE,AFIO,IM001750,0.1,diagnostic_test_set_scan_equal_dataset_macro_F1,"TVS = |S_GT_thin intersect M_pred| / |S_GT_thin|; S_GT_thin uses skeletonize(GT), Dlocal=2*EDT(GT), tau=max(1 px, 0.018*DOD)",141.86,auto_detected,2.55348,50,16,0.32,D:\Retina\Retinal-Vessel-Segmentation-Benchmark-main\Models_output\gave\test_data\AFIO\pred_masks\IM001750.png,D:\Retina\Retinal-Vessel-Segmentation-Benchmark-main\config\test_data\AFIO\masks\IM001750.png
GAVE,AFIO,IM001791,0.1,diagnostic_test_set_scan_equal_dataset_macro_F1,"TVS = |S_GT_thin intersect M_pred| / |S_GT_thin|; S_GT_thin uses skeletonize(GT), Dlocal=2*EDT(GT), tau=max(1 px, 0.018*DOD)",125.81,auto_detected,2.26458,65,47,0.7230769230769231,D:\Retina\Retinal-Vessel-Segmentation-Benchmark-main\Models_output\gave\test_data\AFIO\pred_masks\IM001791.png,D:\Retina\Retinal-Vessel-Segmentation-Benchmark-main\config\test_data\AFIO\masks\IM001791.png
GAVE,AFIO,IM001792,0.1,diagnostic_test_set_scan_equal_dataset_macro_F1,"TVS = |S_GT_thin intersect M_pred| / |S_GT_thin|; S_GT_thin uses skeletonize(GT), Dlocal=2*EDT(GT), tau=max(1 px, 0.018*DOD)",143.34,auto_detected,2.58012,165,21,0.12727272727272726,D:\Retina\Retinal-Vessel-Segmentation-Benchmark-main\Models_output\gave\test_data\AFIO\pred_masks\IM001792.png,D:\Retina\Retinal-Vessel-Segmentation-Benchmark-main\config\test_data\AFIO\masks\IM001792.png
GAVE,AFIO,IM001814,0.1,diagnostic_test_set_scan_equal_dataset_macro_F1,"TVS = |S_GT_thin intersect M_pred| / |S_GT_thin|; S_GT_thin uses skeletonize(GT), Dlocal=2*EDT(GT), tau=max(1 px, 0.018*DOD)",166.34,annotation_csv,2.9941199999999997,673,194,0.28826151560178304,D:\Retina\Retinal-Vessel-Segmentation-Benchmark-main\Models_output\gave\test_data\AFIO\pred_masks\IM001814.png,D:\Retina\Retinal-Vessel-Segmentation-Benchmark-main\config\test_data\AFIO\masks\IM001814.png
GAVE,AFIO,IM001858,0.1,diagnostic_test_set_scan_equal_dataset_macro_F1,"TVS = |S_GT_thin intersect M_pred| / |S_GT_thin|; S_GT_thin uses skeletonize(GT), Dlocal=2*EDT(GT), tau=max(1 px, 0.018*DOD)",158.83,auto_detected,2.85894,1437,138,0.09603340292275574,D:\Retina\Retinal-Vessel-Segmentation-Benchmark-main\Models_output\gave\test_data\AFIO\pred_masks\IM001858.png,D:\Retina\Retinal-Vessel-Segmentation-Benchmark-main\config\test_data\AFIO\masks\IM001858.png
GAVE,AFIO,IM001859,0.1,diagnostic_test_set_scan_equal_dataset_macro_F1,"TVS = |S_GT_thin intersect M_pred| / |S_GT_thin|; S_GT_thin uses skeletonize(GT), Dlocal=2*EDT(GT), tau=max(1 px, 0.018*DOD)",151.65,auto_detected,2.7297,166,48,0.2891566265060241,D:\Retina\Retinal-Vessel-Segmentation-Benchmark-main\Models_output\gave\test_data\AFIO\pred_masks\IM001859.png,D:\Retina\Retinal-Vessel-Segmentation-Benchmark-main\config\test_data\AFIO\masks\IM001859.png
GAVE,AFIO,IM002094,0.1,diagnostic_test_set_scan_equal_dataset_macro_F1,"TVS = |S_GT_thin intersect M_pred| / |S_GT_thin|; S_GT_thin uses skeletonize(GT), Dlocal=2*EDT(GT), tau=max(1 px, 0.018*DOD)",156.0,auto_detected,2.808,14,2,0.14285714285714285,D:\Retina\Retinal-Vessel-Segmentation-Benchmark-main\Models_output\gave\test_data\AFIO\pred_masks\IM002094.png,D:\Retina\Retinal-Vessel-Segmentation-Benchmark-main\config\test_data\AFIO\masks\IM002094.png
GAVE,AFIO,IM002348,0.1,diagnostic_test_set_scan_equal_dataset_macro_F1,"TVS = |S_GT_thin intersect M_pred| / |S_GT_thin|; S_GT_thin uses skeletonize(GT), Dlocal=2*EDT(GT), tau=max(1 px, 0.018*DOD)",140.45,auto_detected,2.5281,16,2,0.125,D:\Retina\Retinal-Vessel-Segmentation-Benchmark-main\Models_output\gave\test_data\AFIO\pred_masks\IM002348.png,D:\Retina\Retinal-Vessel-Segmentation-Benchmark-main\config\test_data\AFIO\masks\IM002348.png
GAVE,AFIO,IM002350,0.1,diagnostic_test_set_scan_equal_dataset_macro_F1,"TVS = |S_GT_thin intersect M_pred| / |S_GT_thin|; S_GT_thin uses skeletonize(GT), Dlocal=2*EDT(GT), tau=max(1 px, 0.018*DOD)",144.92,auto_detected,2.6085599999999998,88,16,0.18181818181818182,D:\Retina\Retinal-Vessel-Segmentation-Benchmark-main\Models_output\gave\test_data\AFIO\pred_masks\IM002350.png,D:\Retina\Retinal-Vessel-Segmentation-Benchmark-main\config\test_data\AFIO\masks\IM002350.png
GAVE,AFIO,IM002421,0.1,diagnostic_test_set_scan_equal_dataset_macro_F1,"TVS = |S_GT_thin intersect M_pred| / |S_GT_thin|; S_GT_thin uses skeletonize(GT), Dlocal=2*EDT(GT), tau=max(1 px, 0.018*DOD)",141.35,auto_detected,2.5443,45,20,0.4444444444444444,D:\Retina\Retinal-Vessel-Segmentation-Benchmark-main\Models_output\gave\test_data\AFIO\pred_masks\IM002421.png,D:\Retina\Retinal-Vessel-Segmentation-Benchmark-main\config\test_data\AFIO\masks\IM002421.png
GAVE,AFIO,IM002422,0.1,diagnostic_test_set_scan_equal_dataset_macro_F1,"TVS = |S_GT_thin intersect M_pred| / |S_GT_thin|; S_GT_thin uses skeletonize(GT), Dlocal=2*EDT(GT), tau=max(1 px, 0.018*DOD)",133.68,auto_detected,2.40624,49,29,0.5918367346938775,D:\Retina\Retinal-Vessel-Segmentation-Benchmark-main\Models_output\gave\test_data\AFIO\pred_masks\IM002422.png,D:\Retina\Retinal-Vessel-Segmentation-Benchmark-main\config\test_data\AFIO\masks\IM002422.png
GAVE,AFIO,IM002471,0.1,diagnostic_test_set_scan_equal_dataset_macro_F1,"TVS = |S_GT_thin intersect M_pred| / |S_GT_thin|; S_GT_thin uses skeletonize(GT), Dlocal=2*EDT(GT), tau=max(1 px, 0.018*DOD)",142.27,auto_detected,2.56086,10,5,0.5,D:\Retina\Retinal-Vessel-Segmentation-Benchmark-main\Models_output\gave\test_data\AFIO\pred_masks\IM002471.png,D:\Retina\Retinal-Vessel-Segmentation-Benchmark-main\config\test_data\AFIO\masks\IM002471.png
GAVE,AFIO,IM002587,0.1,diagnostic_test_set_scan_equal_dataset_macro_F1,"TVS = |S_GT_thin intersect M_pred| / |S_GT_thin|; S_GT_thin uses skeletonize(GT), Dlocal=2*EDT(GT), tau=max(1 px, 0.018*DOD)",149.54,auto_detected,2.6917199999999997,83,21,0.25301204819277107,D:\Retina\Retinal-Vessel-Segmentation-Benchmark-main\Models_output\gave\test_data\AFIO\pred_masks\IM002587.png,D:\Retina\Retinal-Vessel-Segmentation-Benchmark-main\config\test_data\AFIO\masks\IM002587.png
GAVE,AFIO,IM002649,0.1,diagnostic_test_set_scan_equal_dataset_macro_F1,"TVS = |S_GT_thin intersect M_pred| / |S_GT_thin|; S_GT_thin uses skeletonize(GT), Dlocal=2*EDT(GT), tau=max(1 px, 0.018*DOD)",151.98,auto_detected,2.7356399999999996,78,32,0.41025641025641024,D:\Retina\Retinal-Vessel-Segmentation-Benchmark-main\Models_output\gave\test_data\AFIO\pred_masks\IM002649.png,D:\Retina\Retinal-Vessel-Segmentation-Benchmark-main\config\test_data\AFIO\masks\IM002649.png
GAVE,AFIO,IM002742,0.1,diagnostic_test_set_scan_equal_dataset_macro_F1,"TVS = |S_GT_thin intersect M_pred| / |S_GT_thin|; S_GT_thin uses skeletonize(GT), Dlocal=2*EDT(GT), tau=max(1 px, 0.018*DOD)",140.97,auto_detected,2.53746,6,4,0.6666666666666666,D:\Retina\Retinal-Vessel-Segmentation-Benchmark-main\Models_output\gave\test_data\AFIO\pred_masks\IM002742.png,D:\Retina\Retinal-Vessel-Segmentation-Benchmark-main\config\test_data\AFIO\masks\IM002742.png
GAVE,AFIO,IM002743,0.1,diagnostic_test_set_scan_equal_dataset_macro_F1,"TVS = |S_GT_thin intersect M_pred| / |S_GT_thin|; S_GT_thin uses skeletonize(GT), Dlocal=2*EDT(GT), tau=max(1 px, 0.018*DOD)",134.0,auto_detected,2.412,24,11,0.4583333333333333,D:\Retina\Retinal-Vessel-Segmentation-Benchmark-main\Models_output\gave\test_data\AFIO\pred_masks\IM002743.png,D:\Retina\Retinal-Vessel-Segmentation-Benchmark-main\config\test_data\AFIO\masks\IM002743.png
GAVE,AFIO,IM003024,0.1,diagnostic_test_set_scan_equal_dataset_macro_F1,"TVS = |S_GT_thin intersect M_pred| / |S_GT_thin|; S_GT_thin uses skeletonize(GT), Dlocal=2*EDT(GT), tau=max(1 px, 0.018*DOD)",136.0,auto_detected,2.448,23,10,0.43478260869565216,D:\Retina\Retinal-Vessel-Segmentation-Benchmark-main\Models_output\gave\test_data\AFIO\pred_masks\IM003024.png,D:\Retina\Retinal-Vessel-Segmentation-Benchmark-main\config\test_data\AFIO\masks\IM003024.png
GAVE,AFIO,IM003537,0.1,diagnostic_test_set_scan_equal_dataset_macro_F1,"TVS = |S_GT_thin intersect M_pred| / |S_GT_thin|; S_GT_thin uses skeletonize(GT), Dlocal=2*EDT(GT), tau=max(1 px, 0.018*DOD)",132.0,auto_detected,2.376,39,24,0.6153846153846154,D:\Retina\Retinal-Vessel-Segmentation-Benchmark-main\Models_output\gave\test_data\AFIO\pred_masks\IM003537.png,D:\Retina\Retinal-Vessel-Segmentation-Benchmark-main\config\test_data\AFIO\masks\IM003537.png
GAVE,AFIO,IM003630,0.1,diagnostic_test_set_scan_equal_dataset_macro_F1,"TVS = |S_GT_thin intersect M_pred| / |S_GT_thin|; S_GT_thin uses skeletonize(GT), Dlocal=2*EDT(GT), tau=max(1 px, 0.018*DOD)",136.0,auto_detected,2.448,36,11,0.3055555555555556,D:\Retina\Retinal-Vessel-Segmentation-Benchmark-main\Models_output\gave\test_data\AFIO\pred_masks\IM003630.png,D:\Retina\Retinal-Vessel-Segmentation-Benchmark-main\config\test_data\AFIO\masks\IM003630.png
GAVE,AFIO,IM003631,0.1,diagnostic_test_set_scan_equal_dataset_macro_F1,"TVS = |S_GT_thin intersect M_pred| / |S_GT_thin|; S_GT_thin uses skeletonize(GT), Dlocal=2*EDT(GT), tau=max(1 px, 0.018*DOD)",142.22,auto_detected,2.55996,53,13,0.24528301886792453,D:\Retina\Retinal-Vessel-Segmentation-Benchmark-main\Models_output\gave\test_data\AFIO\pred_masks\IM003631.png,D:\Retina\Retinal-Vessel-Segmentation-Benchmark-main\config\test_data\AFIO\masks\IM003631.png
GAVE,AFIO,IM003705,0.1,diagnostic_test_set_scan_equal_dataset_macro_F1,"TVS = |S_GT_thin intersect M_pred| / |S_GT_thin|; S_GT_thin uses skeletonize(GT), Dlocal=2*EDT(GT), tau=max(1 px, 0.018*DOD)",173.07,auto_detected,3.1152599999999997,36,29,0.8055555555555556,D:\Retina\Retinal-Vessel-Segmentation-Benchmark-main\Models_output\gave\test_data\AFIO\pred_masks\IM003705.png,D:\Retina\Retinal-Vessel-Segmentation-Benchmark-main\config\test_data\AFIO\masks\IM003705.png
GAVE,AFIO,IM004162,0.1,diagnostic_test_set_scan_equal_dataset_macro_F1,"TVS = |S_GT_thin intersect M_pred| / |S_GT_thin|; S_GT_thin uses skeletonize(GT), Dlocal=2*EDT(GT), tau=max(1 px, 0.018*DOD)",124.0,auto_detected,2.2319999999999998,14,10,0.7142857142857143,D:\Retina\Retinal-Vessel-Segmentation-Benchmark-main\Models_output\gave\test_data\AFIO\pred_masks\IM004162.png,D:\Retina\Retinal-Vessel-Segmentation-Benchmark-main\config\test_data\AFIO\masks\IM004162.png
GAVE,AFIO,IM004163,0.1,diagnostic_test_set_scan_equal_dataset_macro_F1,"TVS = |S_GT_thin intersect M_pred| / |S_GT_thin|; S_GT_thin uses skeletonize(GT), Dlocal=2*EDT(GT), tau=max(1 px, 0.018*DOD)",140.12,auto_detected,2.52216,46,24,0.5217391304347826,D:\Retina\Retinal-Vessel-Segmentation-Benchmark-main\Models_output\gave\test_data\AFIO\pred_masks\IM004163.png,D:\Retina\Retinal-Vessel-Segmentation-Benchmark-main\config\test_data\AFIO\masks\IM004163.png
GAVE,AFIO,IM004455,0.1,diagnostic_test_set_scan_equal_dataset_macro_F1,"TVS = |S_GT_thin intersect M_pred| / |S_GT_thin|; S_GT_thin uses skeletonize(GT), Dlocal=2*EDT(GT), tau=max(1 px, 0.018*DOD)",136.0,auto_detected,2.448,20,16,0.8,D:\Retina\Retinal-Vessel-Segmentation-Benchmark-main\Models_output\gave\test_data\AFIO\pred_masks\IM004455.png,D:\Retina\Retinal-Vessel-Segmentation-Benchmark-main\config\test_data\AFIO\masks\IM004455.png
GAVE,AFIO,IM004512,0.1,diagnostic_test_set_scan_equal_dataset_macro_F1,"TVS = |S_GT_thin intersect M_pred| / |S_GT_thin|; S_GT_thin uses skeletonize(GT), Dlocal=2*EDT(GT), tau=max(1 px, 0.018*DOD)",152.53,auto_detected,2.7455399999999996,20,8,0.4,D:\Retina\Retinal-Vessel-Segmentation-Benchmark-main\Models_output\gave\test_data\AFIO\pred_masks\IM004512.png,D:\Retina\Retinal-Vessel-Segmentation-Benchmark-main\config\test_data\AFIO\masks\IM004512.png
GAVE,AFIO,IM004513,0.1,diagnostic_test_set_scan_equal_dataset_macro_F1,"TVS = |S_GT_thin intersect M_pred| / |S_GT_thin|; S_GT_thin uses skeletonize(GT), Dlocal=2*EDT(GT), tau=max(1 px, 0.018*DOD)",157.62,auto_detected,2.83716,35,16,0.45714285714285713,D:\Retina\Retinal-Vessel-Segmentation-Benchmark-main\Models_output\gave\test_data\AFIO\pred_masks\IM004513.png,D:\Retina\Retinal-Vessel-Segmentation-Benchmark-main\config\test_data\AFIO\masks\IM004513.png
GAVE,AFIO,IM004515,0.1,diagnostic_test_set_scan_equal_dataset_macro_F1,"TVS = |S_GT_thin intersect M_pred| / |S_GT_thin|; S_GT_thin uses skeletonize(GT), Dlocal=2*EDT(GT), tau=max(1 px, 0.018*DOD)",164.84,auto_detected,2.96712,22,11,0.5,D:\Retina\Retinal-Vessel-Segmentation-Benchmark-main\Models_output\gave\test_data\AFIO\pred_masks\IM004515.png,D:\Retina\Retinal-Vessel-Segmentation-Benchmark-main\config\test_data\AFIO\masks\IM004515.png
GAVE,AFIO,IM004516,0.1,diagnostic_test_set_scan_equal_dataset_macro_F1,"TVS = |S_GT_thin intersect M_pred| / |S_GT_thin|; S_GT_thin uses skeletonize(GT), Dlocal=2*EDT(GT), tau=max(1 px, 0.018*DOD)",162.38,auto_detected,2.92284,17,1,0.058823529411764705,D:\Retina\Retinal-Vessel-Segmentation-Benchmark-main\Models_output\gave\test_data\AFIO\pred_masks\IM004516.png,D:\Retina\Retinal-Vessel-Segmentation-Benchmark-main\config\test_data\AFIO\masks\IM004516.png
GAVE,AFIO,IM004538,0.1,diagnostic_test_set_scan_equal_dataset_macro_F1,"TVS = |S_GT_thin intersect M_pred| / |S_GT_thin|; S_GT_thin uses skeletonize(GT), Dlocal=2*EDT(GT), tau=max(1 px, 0.018*DOD)",144.48,auto_detected,2.60064,29,17,0.5862068965517241,D:\Retina\Retinal-Vessel-Segmentation-Benchmark-main\Models_output\gave\test_data\AFIO\pred_masks\IM004538.png,D:\Retina\Retinal-Vessel-Segmentation-Benchmark-main\config\test_data\AFIO\masks\IM004538.png
GAVE,AFIO,IM004539,0.1,diagnostic_test_set_scan_equal_dataset_macro_F1,"TVS = |S_GT_thin intersect M_pred| / |S_GT_thin|; S_GT_thin uses skeletonize(GT), Dlocal=2*EDT(GT), tau=max(1 px, 0.018*DOD)",141.99,auto_detected,2.5558199999999998,14,8,0.5714285714285714,D:\Retina\Retinal-Vessel-Segmentation-Benchmark-main\Models_output\gave\test_data\AFIO\pred_masks\IM004539.png,D:\Retina\Retinal-Vessel-Segmentation-Benchmark-main\config\test_data\AFIO\masks\IM004539.png
GAVE,AFIO,IM004564,0.1,diagnostic_test_set_scan_equal_dataset_macro_F1,"TVS = |S_GT_thin intersect M_pred| / |S_GT_thin|; S_GT_thin uses skeletonize(GT), Dlocal=2*EDT(GT), tau=max(1 px, 0.018*DOD)",129.9,auto_detected,2.3382,27,11,0.4074074074074074,D:\Retina\Retinal-Vessel-Segmentation-Benchmark-main\Models_output\gave\test_data\AFIO\pred_masks\IM004564.png,D:\Retina\Retinal-Vessel-Segmentation-Benchmark-main\config\test_data\AFIO\masks\IM004564.png
GAVE,AFIO,IM004790,0.1,diagnostic_test_set_scan_equal_dataset_macro_F1,"TVS = |S_GT_thin intersect M_pred| / |S_GT_thin|; S_GT_thin uses skeletonize(GT), Dlocal=2*EDT(GT), tau=max(1 px, 0.018*DOD)",146.5,auto_detected,2.637,17,11,0.6470588235294118,D:\Retina\Retinal-Vessel-Segmentation-Benchmark-main\Models_output\gave\test_data\AFIO\pred_masks\IM004790.png,D:\Retina\Retinal-Vessel-Segmentation-Benchmark-main\config\test_data\AFIO\masks\IM004790.png
GAVE,AFIO,IM004993,0.1,diagnostic_test_set_scan_equal_dataset_macro_F1,"TVS = |S_GT_thin intersect M_pred| / |S_GT_thin|; S_GT_thin uses skeletonize(GT), Dlocal=2*EDT(GT), tau=max(1 px, 0.018*DOD)",139.9,auto_detected,2.5181999999999998,39,7,0.1794871794871795,D:\Retina\Retinal-Vessel-Segmentation-Benchmark-main\Models_output\gave\test_data\AFIO\pred_masks\IM004993.png,D:\Retina\Retinal-Vessel-Segmentation-Benchmark-main\config\test_data\AFIO\masks\IM004993.png
GAVE,AFIO,IM005024,0.1,diagnostic_test_set_scan_equal_dataset_macro_F1,"TVS = |S_GT_thin intersect M_pred| / |S_GT_thin|; S_GT_thin uses skeletonize(GT), Dlocal=2*EDT(GT), tau=max(1 px, 0.018*DOD)",156.88,auto_detected,2.8238399999999997,41,17,0.4146341463414634,D:\Retina\Retinal-Vessel-Segmentation-Benchmark-main\Models_output\gave\test_data\AFIO\pred_masks\IM005024.png,D:\Retina\Retinal-Vessel-Segmentation-Benchmark-main\config\test_data\AFIO\masks\IM005024.png
GAVE,AFIO,IM005025,0.1,diagnostic_test_set_scan_equal_dataset_macro_F1,"TVS = |S_GT_thin intersect M_pred| / |S_GT_thin|; S_GT_thin uses skeletonize(GT), Dlocal=2*EDT(GT), tau=max(1 px, 0.018*DOD)",150.29,auto_detected,2.7052199999999997,24,1,0.041666666666666664,D:\Retina\Retinal-Vessel-Segmentation-Benchmark-main\Models_output\gave\test_data\AFIO\pred_masks\IM005025.png,D:\Retina\Retinal-Vessel-Segmentation-Benchmark-main\config\test_data\AFIO\masks\IM005025.png
GAVE,AFIO,IM005060,0.1,diagnostic_test_set_scan_equal_dataset_macro_F1,"TVS = |S_GT_thin intersect M_pred| / |S_GT_thin|; S_GT_thin uses skeletonize(GT), Dlocal=2*EDT(GT), tau=max(1 px, 0.018*DOD)",154.57,auto_detected,2.7822599999999995,32,22,0.6875,D:\Retina\Retinal-Vessel-Segmentation-Benchmark-main\Models_output\gave\test_data\AFIO\pred_masks\IM005060.png,D:\Retina\Retinal-Vessel-Segmentation-Benchmark-main\config\test_data\AFIO\masks\IM005060.png
GAVE,AFIO,IM005092,0.1,diagnostic_test_set_scan_equal_dataset_macro_F1,"TVS = |S_GT_thin intersect M_pred| / |S_GT_thin|; S_GT_thin uses skeletonize(GT), Dlocal=2*EDT(GT), tau=max(1 px, 0.018*DOD)",160.35,auto_detected,2.8863,21,8,0.38095238095238093,D:\Retina\Retinal-Vessel-Segmentation-Benchmark-main\Models_output\gave\test_data\AFIO\pred_masks\IM005092.png,D:\Retina\Retinal-Vessel-Segmentation-Benchmark-main\config\test_data\AFIO\masks\IM005092.png
GAVE,AFIO,IM005093,0.1,diagnostic_test_set_scan_equal_dataset_macro_F1,"TVS = |S_GT_thin intersect M_pred| / |S_GT_thin|; S_GT_thin uses skeletonize(GT), Dlocal=2*EDT(GT), tau=max(1 px, 0.018*DOD)",150.01,auto_detected,2.7001799999999996,7,5,0.7142857142857143,D:\Retina\Retinal-Vessel-Segmentation-Benchmark-main\Models_output\gave\test_data\AFIO\pred_masks\IM005093.png,D:\Retina\Retinal-Vessel-Segmentation-Benchmark-main\config\test_data\AFIO\masks\IM005093.png
GAVE,AFIO,IM005132,0.1,diagnostic_test_set_scan_equal_dataset_macro_F1,"TVS = |S_GT_thin intersect M_pred| / |S_GT_thin|; S_GT_thin uses skeletonize(GT), Dlocal=2*EDT(GT), tau=max(1 px, 0.018*DOD)",137.87,auto_detected,2.4816599999999998,51,45,0.8823529411764706,D:\Retina\Retinal-Vessel-Segmentation-Benchmark-main\Models_output\gave\test_data\AFIO\pred_masks\IM005132.png,D:\Retina\Retinal-Vessel-Segmentation-Benchmark-main\config\test_data\AFIO\masks\IM005132.png
GAVE,AFIO,IM005133,0.1,diagnostic_test_set_scan_equal_dataset_macro_F1,"TVS = |S_GT_thin intersect M_pred| / |S_GT_thin|; S_GT_thin uses skeletonize(GT), Dlocal=2*EDT(GT), tau=max(1 px, 0.018*DOD)",145.1,auto_detected,2.6117999999999997,14,10,0.7142857142857143,D:\Retina\Retinal-Vessel-Segmentation-Benchmark-main\Models_output\gave\test_data\AFIO\pred_masks\IM005133.png,D:\Retina\Retinal-Vessel-Segmentation-Benchmark-main\config\test_data\AFIO\masks\IM005133.png
GAVE,AFIO,IM005190,0.1,diagnostic_test_set_scan_equal_dataset_macro_F1,"TVS = |S_GT_thin intersect M_pred| / |S_GT_thin|; S_GT_thin uses skeletonize(GT), Dlocal=2*EDT(GT), tau=max(1 px, 0.018*DOD)",157.31,auto_detected,2.8315799999999998,16,7,0.4375,D:\Retina\Retinal-Vessel-Segmentation-Benchmark-main\Models_output\gave\test_data\AFIO\pred_masks\IM005190.png,D:\Retina\Retinal-Vessel-Segmentation-Benchmark-main\config\test_data\AFIO\masks\IM005190.png
GAVE,AFIO,IM005191,0.1,diagnostic_test_set_scan_equal_dataset_macro_F1,"TVS = |S_GT_thin intersect M_pred| / |S_GT_thin|; S_GT_thin uses skeletonize(GT), Dlocal=2*EDT(GT), tau=max(1 px, 0.018*DOD)",146.99,auto_detected,2.64582,20,8,0.4,D:\Retina\Retinal-Vessel-Segmentation-Benchmark-main\Models_output\gave\test_data\AFIO\pred_masks\IM005191.png,D:\Retina\Retinal-Vessel-Segmentation-Benchmark-main\config\test_data\AFIO\masks\IM005191.png
GAVE,AFIO,IM005249,0.1,diagnostic_test_set_scan_equal_dataset_macro_F1,"TVS = |S_GT_thin intersect M_pred| / |S_GT_thin|; S_GT_thin uses skeletonize(GT), Dlocal=2*EDT(GT), tau=max(1 px, 0.018*DOD)",154.95,auto_detected,2.7890999999999995,23,20,0.8695652173913043,D:\Retina\Retinal-Vessel-Segmentation-Benchmark-main\Models_output\gave\test_data\AFIO\pred_masks\IM005249.png,D:\Retina\Retinal-Vessel-Segmentation-Benchmark-main\config\test_data\AFIO\masks\IM005249.png
GAVE,AFIO,IM005283,0.1,diagnostic_test_set_scan_equal_dataset_macro_F1,"TVS = |S_GT_thin intersect M_pred| / |S_GT_thin|; S_GT_thin uses skeletonize(GT), Dlocal=2*EDT(GT), tau=max(1 px, 0.018*DOD)",145.56,auto_detected,2.6200799999999997,12,6,0.5,D:\Retina\Retinal-Vessel-Segmentation-Benchmark-main\Models_output\gave\test_data\AFIO\pred_masks\IM005283.png,D:\Retina\Retinal-Vessel-Segmentation-Benchmark-main\config\test_data\AFIO\masks\IM005283.png
GAVE,AFIO,IM005320,0.1,diagnostic_test_set_scan_equal_dataset_macro_F1,"TVS = |S_GT_thin intersect M_pred| / |S_GT_thin|; S_GT_thin uses skeletonize(GT), Dlocal=2*EDT(GT), tau=max(1 px, 0.018*DOD)",137.9,auto_detected,2.4821999999999997,14,6,0.42857142857142855,D:\Retina\Retinal-Vessel-Segmentation-Benchmark-main\Models_output\gave\test_data\AFIO\pred_masks\IM005320.png,D:\Retina\Retinal-Vessel-Segmentation-Benchmark-main\config\test_data\AFIO\masks\IM005320.png
GAVE,AFIO,IM005321,0.1,diagnostic_test_set_scan_equal_dataset_macro_F1,"TVS = |S_GT_thin intersect M_pred| / |S_GT_thin|; S_GT_thin uses skeletonize(GT), Dlocal=2*EDT(GT), tau=max(1 px, 0.018*DOD)",131.99,auto_detected,2.37582,8,2,0.25,D:\Retina\Retinal-Vessel-Segmentation-Benchmark-main\Models_output\gave\test_data\AFIO\pred_masks\IM005321.png,D:\Retina\Retinal-Vessel-Segmentation-Benchmark-main\config\test_data\AFIO\masks\IM005321.png
GAVE,AFIO,IM005357,0.1,diagnostic_test_set_scan_equal_dataset_macro_F1,"TVS = |S_GT_thin intersect M_pred| / |S_GT_thin|; S_GT_thin uses skeletonize(GT), Dlocal=2*EDT(GT), tau=max(1 px, 0.018*DOD)",156.0,auto_detected,2.808,24,18,0.75,D:\Retina\Retinal-Vessel-Segmentation-Benchmark-main\Models_output\gave\test_data\AFIO\pred_masks\IM005357.png,D:\Retina\Retinal-Vessel-Segmentation-Benchmark-main\config\test_data\AFIO\masks\IM005357.png
GAVE,AFIO,IM005387,0.1,diagnostic_test_set_scan_equal_dataset_macro_F1,"TVS = |S_GT_thin intersect M_pred| / |S_GT_thin|; S_GT_thin uses skeletonize(GT), Dlocal=2*EDT(GT), tau=max(1 px, 0.018*DOD)",158.81,auto_detected,2.85858,30,24,0.8,D:\Retina\Retinal-Vessel-Segmentation-Benchmark-main\Models_output\gave\test_data\AFIO\pred_masks\IM005387.png,D:\Retina\Retinal-Vessel-Segmentation-Benchmark-main\config\test_data\AFIO\masks\IM005387.png
GAVE,AFIO,IM005456,0.1,diagnostic_test_set_scan_equal_dataset_macro_F1,"TVS = |S_GT_thin intersect M_pred| / |S_GT_thin|; S_GT_thin uses skeletonize(GT), Dlocal=2*EDT(GT), tau=max(1 px, 0.018*DOD)",157.26,auto_detected,2.8306799999999996,14,11,0.7857142857142857,D:\Retina\Retinal-Vessel-Segmentation-Benchmark-main\Models_output\gave\test_data\AFIO\pred_masks\IM005456.png,D:\Retina\Retinal-Vessel-Segmentation-Benchmark-main\config\test_data\AFIO\masks\IM005456.png
GAVE,AFIO,IM005457,0.1,diagnostic_test_set_scan_equal_dataset_macro_F1,"TVS = |S_GT_thin intersect M_pred| / |S_GT_thin|; S_GT_thin uses skeletonize(GT), Dlocal=2*EDT(GT), tau=max(1 px, 0.018*DOD)",173.81,auto_detected,3.12858,17,13,0.7647058823529411,D:\Retina\Retinal-Vessel-Segmentation-Benchmark-main\Models_output\gave\test_data\AFIO\pred_masks\IM005457.png,D:\Retina\Retinal-Vessel-Segmentation-Benchmark-main\config\test_data\AFIO\masks\IM005457.png
GAVE,AFIO,IM005488,0.1,diagnostic_test_set_scan_equal_dataset_macro_F1,"TVS = |S_GT_thin intersect M_pred| / |S_GT_thin|; S_GT_thin uses skeletonize(GT), Dlocal=2*EDT(GT), tau=max(1 px, 0.018*DOD)",151.77,auto_detected,2.73186,36,10,0.2777777777777778,D:\Retina\Retinal-Vessel-Segmentation-Benchmark-main\Models_output\gave\test_data\AFIO\pred_masks\IM005488.png,D:\Retina\Retinal-Vessel-Segmentation-Benchmark-main\config\test_data\AFIO\masks\IM005488.png
GAVE,AFIO,IM005489,0.1,diagnostic_test_set_scan_equal_dataset_macro_F1,"TVS = |S_GT_thin intersect M_pred| / |S_GT_thin|; S_GT_thin uses skeletonize(GT), Dlocal=2*EDT(GT), tau=max(1 px, 0.018*DOD)",154.77,auto_detected,2.78586,69,45,0.6521739130434783,D:\Retina\Retinal-Vessel-Segmentation-Benchmark-main\Models_output\gave\test_data\AFIO\pred_masks\IM005489.png,D:\Retina\Retinal-Vessel-Segmentation-Benchmark-main\config\test_data\AFIO\masks\IM005489.png
GAVE,AFIO,IM005523,0.1,diagnostic_test_set_scan_equal_dataset_macro_F1,"TVS = |S_GT_thin intersect M_pred| / |S_GT_thin|; S_GT_thin uses skeletonize(GT), Dlocal=2*EDT(GT), tau=max(1 px, 0.018*DOD)",159.3,auto_detected,2.8674,27,11,0.4074074074074074,D:\Retina\Retinal-Vessel-Segmentation-Benchmark-main\Models_output\gave\test_data\AFIO\pred_masks\IM005523.png,D:\Retina\Retinal-Vessel-Segmentation-Benchmark-main\config\test_data\AFIO\masks\IM005523.png
GAVE,AFIO,IM005524,0.1,diagnostic_test_set_scan_equal_dataset_macro_F1,"TVS = |S_GT_thin intersect M_pred| / |S_GT_thin|; S_GT_thin uses skeletonize(GT), Dlocal=2*EDT(GT), tau=max(1 px, 0.018*DOD)",158.03,auto_detected,2.84454,106,38,0.3584905660377358,D:\Retina\Retinal-Vessel-Segmentation-Benchmark-main\Models_output\gave\test_data\AFIO\pred_masks\IM005524.png,D:\Retina\Retinal-Vessel-Segmentation-Benchmark-main\config\test_data\AFIO\masks\IM005524.png
GAVE,AFIO,IM005558,0.1,diagnostic_test_set_scan_equal_dataset_macro_F1,"TVS = |S_GT_thin intersect M_pred| / |S_GT_thin|; S_GT_thin uses skeletonize(GT), Dlocal=2*EDT(GT), tau=max(1 px, 0.018*DOD)",157.11,auto_detected,2.82798,10,4,0.4,D:\Retina\Retinal-Vessel-Segmentation-Benchmark-main\Models_output\gave\test_data\AFIO\pred_masks\IM005558.png,D:\Retina\Retinal-Vessel-Segmentation-Benchmark-main\config\test_data\AFIO\masks\IM005558.png
GAVE,AFIO,IM005713,0.1,diagnostic_test_set_scan_equal_dataset_macro_F1,"TVS = |S_GT_thin intersect M_pred| / |S_GT_thin|; S_GT_thin uses skeletonize(GT), Dlocal=2*EDT(GT), tau=max(1 px, 0.018*DOD)",140.0,auto_detected,2.52,21,9,0.42857142857142855,D:\Retina\Retinal-Vessel-Segmentation-Benchmark-main\Models_output\gave\test_data\AFIO\pred_masks\IM005713.png,D:\Retina\Retinal-Vessel-Segmentation-Benchmark-main\config\test_data\AFIO\masks\IM005713.png
GAVE,AFIO,IM005806,0.1,diagnostic_test_set_scan_equal_dataset_macro_F1,"TVS = |S_GT_thin intersect M_pred| / |S_GT_thin|; S_GT_thin uses skeletonize(GT), Dlocal=2*EDT(GT), tau=max(1 px, 0.018*DOD)",140.31,auto_detected,2.5255799999999997,16,4,0.25,D:\Retina\Retinal-Vessel-Segmentation-Benchmark-main\Models_output\gave\test_data\AFIO\pred_masks\IM005806.png,D:\Retina\Retinal-Vessel-Segmentation-Benchmark-main\config\test_data\AFIO\masks\IM005806.png
GAVE,AFIO,IM005833,0.1,diagnostic_test_set_scan_equal_dataset_macro_F1,"TVS = |S_GT_thin intersect M_pred| / |S_GT_thin|; S_GT_thin uses skeletonize(GT), Dlocal=2*EDT(GT), tau=max(1 px, 0.018*DOD)",157.84,auto_detected,2.8411199999999996,20,10,0.5,D:\Retina\Retinal-Vessel-Segmentation-Benchmark-main\Models_output\gave\test_data\AFIO\pred_masks\IM005833.png,D:\Retina\Retinal-Vessel-Segmentation-Benchmark-main\config\test_data\AFIO\masks\IM005833.png
GAVE,AFIO,IM005834,0.1,diagnostic_test_set_scan_equal_dataset_macro_F1,"TVS = |S_GT_thin intersect M_pred| / |S_GT_thin|; S_GT_thin uses skeletonize(GT), Dlocal=2*EDT(GT), tau=max(1 px, 0.018*DOD)",158.02,auto_detected,2.84436,23,15,0.6521739130434783,D:\Retina\Retinal-Vessel-Segmentation-Benchmark-main\Models_output\gave\test_data\AFIO\pred_masks\IM005834.png,D:\Retina\Retinal-Vessel-Segmentation-Benchmark-main\config\test_data\AFIO\masks\IM005834.png
GAVE,AFIO,IM006037,0.1,diagnostic_test_set_scan_equal_dataset_macro_F1,"TVS = |S_GT_thin intersect M_pred| / |S_GT_thin|; S_GT_thin uses skeletonize(GT), Dlocal=2*EDT(GT), tau=max(1 px, 0.018*DOD)",159.22,auto_detected,2.86596,24,17,0.7083333333333334,D:\Retina\Retinal-Vessel-Segmentation-Benchmark-main\Models_output\gave\test_data\AFIO\pred_masks\IM006037.png,D:\Retina\Retinal-Vessel-Segmentation-Benchmark-main\config\test_data\AFIO\masks\IM006037.png
GAVE,AFIO,IM006105,0.1,diagnostic_test_set_scan_equal_dataset_macro_F1,"TVS = |S_GT_thin intersect M_pred| / |S_GT_thin|; S_GT_thin uses skeletonize(GT), Dlocal=2*EDT(GT), tau=max(1 px, 0.018*DOD)",136.13,auto_detected,2.4503399999999997,12,4,0.3333333333333333,D:\Retina\Retinal-Vessel-Segmentation-Benchmark-main\Models_output\gave\test_data\AFIO\pred_masks\IM006105.png,D:\Retina\Retinal-Vessel-Segmentation-Benchmark-main\config\test_data\AFIO\masks\IM006105.png
GAVE,AFIO,IM006106,0.1,diagnostic_test_set_scan_equal_dataset_macro_F1,"TVS = |S_GT_thin intersect M_pred| / |S_GT_thin|; S_GT_thin uses skeletonize(GT), Dlocal=2*EDT(GT), tau=max(1 px, 0.018*DOD)",151.82,auto_detected,2.73276,29,10,0.3448275862068966,D:\Retina\Retinal-Vessel-Segmentation-Benchmark-main\Models_output\gave\test_data\AFIO\pred_masks\IM006106.png,D:\Retina\Retinal-Vessel-Segmentation-Benchmark-main\config\test_data\AFIO\masks\IM006106.png
GAVE,CHASEDB1,Image_01L,0.1,diagnostic_test_set_scan_equal_dataset_macro_F1,"TVS = |S_GT_thin intersect M_pred| / |S_GT_thin|; S_GT_thin uses skeletonize(GT), Dlocal=2*EDT(GT), tau=max(1 px, 0.018*DOD)",204.8,auto_detected,3.6864,3772,1002,0.26564156945917283,D:\Retina\Retinal-Vessel-Segmentation-Benchmark-main\Models_output\gave\test_data\CHASEDB1\pred_masks\Image_01L.png,D:\Retina\Retinal-Vessel-Segmentation-Benchmark-main\config\test_data\CHASEDB1\masks\Image_01L.png
GAVE,CHASEDB1,Image_01R,0.1,diagnostic_test_set_scan_equal_dataset_macro_F1,"TVS = |S_GT_thin intersect M_pred| / |S_GT_thin|; S_GT_thin uses skeletonize(GT), Dlocal=2*EDT(GT), tau=max(1 px, 0.018*DOD)",198.26,auto_detected,3.5686799999999996,2702,458,0.1695040710584752,D:\Retina\Retinal-Vessel-Segmentation-Benchmark-main\Models_output\gave\test_data\CHASEDB1\pred_masks\Image_01R.png,D:\Retina\Retinal-Vessel-Segmentation-Benchmark-main\config\test_data\CHASEDB1\masks\Image_01R.png
GAVE,CHASEDB1,Image_02L,0.1,diagnostic_test_set_scan_equal_dataset_macro_F1,"TVS = |S_GT_thin intersect M_pred| / |S_GT_thin|; S_GT_thin uses skeletonize(GT), Dlocal=2*EDT(GT), tau=max(1 px, 0.018*DOD)",192.8,auto_detected,3.4704,4816,687,0.14264950166112958,D:\Retina\Retinal-Vessel-Segmentation-Benchmark-main\Models_output\gave\test_data\CHASEDB1\pred_masks\Image_02L.png,D:\Retina\Retinal-Vessel-Segmentation-Benchmark-main\config\test_data\CHASEDB1\masks\Image_02L.png
GAVE,CHASEDB1,Image_02R,0.1,diagnostic_test_set_scan_equal_dataset_macro_F1,"TVS = |S_GT_thin intersect M_pred| / |S_GT_thin|; S_GT_thin uses skeletonize(GT), Dlocal=2*EDT(GT), tau=max(1 px, 0.018*DOD)",173.55,annotation_csv,3.1239,4614,787,0.170567837017772,D:\Retina\Retinal-Vessel-Segmentation-Benchmark-main\Models_output\gave\test_data\CHASEDB1\pred_masks\Image_02R.png,D:\Retina\Retinal-Vessel-Segmentation-Benchmark-main\config\test_data\CHASEDB1\masks\Image_02R.png
GAVE,CHASEDB1,Image_03L,0.1,diagnostic_test_set_scan_equal_dataset_macro_F1,"TVS = |S_GT_thin intersect M_pred| / |S_GT_thin|; S_GT_thin uses skeletonize(GT), Dlocal=2*EDT(GT), tau=max(1 px, 0.018*DOD)",180.8,auto_detected,3.2544,5217,1174,0.22503354418248037,D:\Retina\Retinal-Vessel-Segmentation-Benchmark-main\Models_output\gave\test_data\CHASEDB1\pred_masks\Image_03L.png,D:\Retina\Retinal-Vessel-Segmentation-Benchmark-main\config\test_data\CHASEDB1\masks\Image_03L.png
GAVE,CHASEDB1,Image_03R,0.1,diagnostic_test_set_scan_equal_dataset_macro_F1,"TVS = |S_GT_thin intersect M_pred| / |S_GT_thin|; S_GT_thin uses skeletonize(GT), Dlocal=2*EDT(GT), tau=max(1 px, 0.018*DOD)",196.8,auto_detected,3.5423999999999998,3439,891,0.2590869438790346,D:\Retina\Retinal-Vessel-Segmentation-Benchmark-main\Models_output\gave\test_data\CHASEDB1\pred_masks\Image_03R.png,D:\Retina\Retinal-Vessel-Segmentation-Benchmark-main\config\test_data\CHASEDB1\masks\Image_03R.png
GAVE,CHASEDB1,Image_04L,0.1,diagnostic_test_set_scan_equal_dataset_macro_F1,"TVS = |S_GT_thin intersect M_pred| / |S_GT_thin|; S_GT_thin uses skeletonize(GT), Dlocal=2*EDT(GT), tau=max(1 px, 0.018*DOD)",168.8,auto_detected,3.0383999999999998,2067,285,0.1378809869375907,D:\Retina\Retinal-Vessel-Segmentation-Benchmark-main\Models_output\gave\test_data\CHASEDB1\pred_masks\Image_04L.png,D:\Retina\Retinal-Vessel-Segmentation-Benchmark-main\config\test_data\CHASEDB1\masks\Image_04L.png
GAVE,CHASEDB1,Image_04R,0.1,diagnostic_test_set_scan_equal_dataset_macro_F1,"TVS = |S_GT_thin intersect M_pred| / |S_GT_thin|; S_GT_thin uses skeletonize(GT), Dlocal=2*EDT(GT), tau=max(1 px, 0.018*DOD)",156.8,annotation_csv,2.8224,2470,372,0.15060728744939272,D:\Retina\Retinal-Vessel-Segmentation-Benchmark-main\Models_output\gave\test_data\CHASEDB1\pred_masks\Image_04R.png,D:\Retina\Retinal-Vessel-Segmentation-Benchmark-main\config\test_data\CHASEDB1\masks\Image_04R.png
GAVE,CHASEDB1,Image_05L,0.1,diagnostic_test_set_scan_equal_dataset_macro_F1,"TVS = |S_GT_thin intersect M_pred| / |S_GT_thin|; S_GT_thin uses skeletonize(GT), Dlocal=2*EDT(GT), tau=max(1 px, 0.018*DOD)",180.8,auto_detected,3.2544,2943,854,0.29018008834522596,D:\Retina\Retinal-Vessel-Segmentation-Benchmark-main\Models_output\gave\test_data\CHASEDB1\pred_masks\Image_05L.png,D:\Retina\Retinal-Vessel-Segmentation-Benchmark-main\config\test_data\CHASEDB1\masks\Image_05L.png
GAVE,CHASEDB1,Image_05R,0.1,diagnostic_test_set_scan_equal_dataset_macro_F1,"TVS = |S_GT_thin intersect M_pred| / |S_GT_thin|; S_GT_thin uses skeletonize(GT), Dlocal=2*EDT(GT), tau=max(1 px, 0.018*DOD)",184.8,auto_detected,3.3264,3705,573,0.15465587044534412,D:\Retina\Retinal-Vessel-Segmentation-Benchmark-main\Models_output\gave\test_data\CHASEDB1\pred_masks\Image_05R.png,D:\Retina\Retinal-Vessel-Segmentation-Benchmark-main\config\test_data\CHASEDB1\masks\Image_05R.png
GAVE,CHASEDB1,Image_06L,0.1,diagnostic_test_set_scan_equal_dataset_macro_F1,"TVS = |S_GT_thin intersect M_pred| / |S_GT_thin|; S_GT_thin uses skeletonize(GT), Dlocal=2*EDT(GT), tau=max(1 px, 0.018*DOD)",204.8,auto_detected,3.6864,3212,786,0.24470734744707348,D:\Retina\Retinal-Vessel-Segmentation-Benchmark-main\Models_output\gave\test_data\CHASEDB1\pred_masks\Image_06L.png,D:\Retina\Retinal-Vessel-Segmentation-Benchmark-main\config\test_data\CHASEDB1\masks\Image_06L.png
GAVE,CHASEDB1,Image_06R,0.1,diagnostic_test_set_scan_equal_dataset_macro_F1,"TVS = |S_GT_thin intersect M_pred| / |S_GT_thin|; S_GT_thin uses skeletonize(GT), Dlocal=2*EDT(GT), tau=max(1 px, 0.018*DOD)",169.58,auto_detected,3.05244,4389,814,0.18546365914786966,D:\Retina\Retinal-Vessel-Segmentation-Benchmark-main\Models_output\gave\test_data\CHASEDB1\pred_masks\Image_06R.png,D:\Retina\Retinal-Vessel-Segmentation-Benchmark-main\config\test_data\CHASEDB1\masks\Image_06R.png
GAVE,CHASEDB1,Image_07L,0.1,diagnostic_test_set_scan_equal_dataset_macro_F1,"TVS = |S_GT_thin intersect M_pred| / |S_GT_thin|; S_GT_thin uses skeletonize(GT), Dlocal=2*EDT(GT), tau=max(1 px, 0.018*DOD)",194.56,auto_detected,3.50208,4141,564,0.13619898575223377,D:\Retina\Retinal-Vessel-Segmentation-Benchmark-main\Models_output\gave\test_data\CHASEDB1\pred_masks\Image_07L.png,D:\Retina\Retinal-Vessel-Segmentation-Benchmark-main\config\test_data\CHASEDB1\masks\Image_07L.png
GAVE,CHASEDB1,Image_07R,0.1,diagnostic_test_set_scan_equal_dataset_macro_F1,"TVS = |S_GT_thin intersect M_pred| / |S_GT_thin|; S_GT_thin uses skeletonize(GT), Dlocal=2*EDT(GT), tau=max(1 px, 0.018*DOD)",201.6,fallback_fov_center,3.6287999999999996,3669,641,0.1747070046334151,D:\Retina\Retinal-Vessel-Segmentation-Benchmark-main\Models_output\gave\test_data\CHASEDB1\pred_masks\Image_07R.png,D:\Retina\Retinal-Vessel-Segmentation-Benchmark-main\config\test_data\CHASEDB1\masks\Image_07R.png
GAVE,CHASEDB1,Image_08L,0.1,diagnostic_test_set_scan_equal_dataset_macro_F1,"TVS = |S_GT_thin intersect M_pred| / |S_GT_thin|; S_GT_thin uses skeletonize(GT), Dlocal=2*EDT(GT), tau=max(1 px, 0.018*DOD)",192.21,auto_detected,3.45978,2869,795,0.2771000348553503,D:\Retina\Retinal-Vessel-Segmentation-Benchmark-main\Models_output\gave\test_data\CHASEDB1\pred_masks\Image_08L.png,D:\Retina\Retinal-Vessel-Segmentation-Benchmark-main\config\test_data\CHASEDB1\masks\Image_08L.png
GAVE,CHASEDB1,Image_08R,0.1,diagnostic_test_set_scan_equal_dataset_macro_F1,"TVS = |S_GT_thin intersect M_pred| / |S_GT_thin|; S_GT_thin uses skeletonize(GT), Dlocal=2*EDT(GT), tau=max(1 px, 0.018*DOD)",200.43,auto_detected,3.6077399999999997,2327,681,0.2926514825956167,D:\Retina\Retinal-Vessel-Segmentation-Benchmark-main\Models_output\gave\test_data\CHASEDB1\pred_masks\Image_08R.png,D:\Retina\Retinal-Vessel-Segmentation-Benchmark-main\config\test_data\CHASEDB1\masks\Image_08R.png
GAVE,CHASEDB1,Image_09L,0.1,diagnostic_test_set_scan_equal_dataset_macro_F1,"TVS = |S_GT_thin intersect M_pred| / |S_GT_thin|; S_GT_thin uses skeletonize(GT), Dlocal=2*EDT(GT), tau=max(1 px, 0.018*DOD)",176.8,auto_detected,3.1824,2317,379,0.16357358653431162,D:\Retina\Retinal-Vessel-Segmentation-Benchmark-main\Models_output\gave\test_data\CHASEDB1\pred_masks\Image_09L.png,D:\Retina\Retinal-Vessel-Segmentation-Benchmark-main\config\test_data\CHASEDB1\masks\Image_09L.png
GAVE,CHASEDB1,Image_09R,0.1,diagnostic_test_set_scan_equal_dataset_macro_F1,"TVS = |S_GT_thin intersect M_pred| / |S_GT_thin|; S_GT_thin uses skeletonize(GT), Dlocal=2*EDT(GT), tau=max(1 px, 0.018*DOD)",184.8,auto_detected,3.3264,2786,467,0.16762383345297918,D:\Retina\Retinal-Vessel-Segmentation-Benchmark-main\Models_output\gave\test_data\CHASEDB1\pred_masks\Image_09R.png,D:\Retina\Retinal-Vessel-Segmentation-Benchmark-main\config\test_data\CHASEDB1\masks\Image_09R.png
GAVE,CHASEDB1,Image_10L,0.1,diagnostic_test_set_scan_equal_dataset_macro_F1,"TVS = |S_GT_thin intersect M_pred| / |S_GT_thin|; S_GT_thin uses skeletonize(GT), Dlocal=2*EDT(GT), tau=max(1 px, 0.018*DOD)",196.64,auto_detected,3.5395199999999996,4178,1190,0.2848252752513164,D:\Retina\Retinal-Vessel-Segmentation-Benchmark-main\Models_output\gave\test_data\CHASEDB1\pred_masks\Image_10L.png,D:\Retina\Retinal-Vessel-Segmentation-Benchmark-main\config\test_data\CHASEDB1\masks\Image_10L.png
GAVE,CHASEDB1,Image_10R,0.1,diagnostic_test_set_scan_equal_dataset_macro_F1,"TVS = |S_GT_thin intersect M_pred| / |S_GT_thin|; S_GT_thin uses skeletonize(GT), Dlocal=2*EDT(GT), tau=max(1 px, 0.018*DOD)",197.67,auto_detected,3.5580599999999993,5189,1879,0.36211216033917903,D:\Retina\Retinal-Vessel-Segmentation-Benchmark-main\Models_output\gave\test_data\CHASEDB1\pred_masks\Image_10R.png,D:\Retina\Retinal-Vessel-Segmentation-Benchmark-main\config\test_data\CHASEDB1\masks\Image_10R.png
GAVE,CHASEDB1,Image_11L,0.1,diagnostic_test_set_scan_equal_dataset_macro_F1,"TVS = |S_GT_thin intersect M_pred| / |S_GT_thin|; S_GT_thin uses skeletonize(GT), Dlocal=2*EDT(GT), tau=max(1 px, 0.018*DOD)",160.8,auto_detected,2.8944,3905,1098,0.28117797695262486,D:\Retina\Retinal-Vessel-Segmentation-Benchmark-main\Models_output\gave\test_data\CHASEDB1\pred_masks\Image_11L.png,D:\Retina\Retinal-Vessel-Segmentation-Benchmark-main\config\test_data\CHASEDB1\masks\Image_11L.png
GAVE,CHASEDB1,Image_11R,0.1,diagnostic_test_set_scan_equal_dataset_macro_F1,"TVS = |S_GT_thin intersect M_pred| / |S_GT_thin|; S_GT_thin uses skeletonize(GT), Dlocal=2*EDT(GT), tau=max(1 px, 0.018*DOD)",180.8,auto_detected,3.2544,2285,361,0.15798687089715535,D:\Retina\Retinal-Vessel-Segmentation-Benchmark-main\Models_output\gave\test_data\CHASEDB1\pred_masks\Image_11R.png,D:\Retina\Retinal-Vessel-Segmentation-Benchmark-main\config\test_data\CHASEDB1\masks\Image_11R.png
GAVE,CHASEDB1,Image_12L,0.1,diagnostic_test_set_scan_equal_dataset_macro_F1,"TVS = |S_GT_thin intersect M_pred| / |S_GT_thin|; S_GT_thin uses skeletonize(GT), Dlocal=2*EDT(GT), tau=max(1 px, 0.018*DOD)",180.8,auto_detected,3.2544,2691,450,0.16722408026755853,D:\Retina\Retinal-Vessel-Segmentation-Benchmark-main\Models_output\gave\test_data\CHASEDB1\pred_masks\Image_12L.png,D:\Retina\Retinal-Vessel-Segmentation-Benchmark-main\config\test_data\CHASEDB1\masks\Image_12L.png
GAVE,CHASEDB1,Image_12R,0.1,diagnostic_test_set_scan_equal_dataset_macro_F1,"TVS = |S_GT_thin intersect M_pred| / |S_GT_thin|; S_GT_thin uses skeletonize(GT), Dlocal=2*EDT(GT), tau=max(1 px, 0.018*DOD)",196.8,auto_detected,3.5423999999999998,3799,587,0.15451434588049487,D:\Retina\Retinal-Vessel-Segmentation-Benchmark-main\Models_output\gave\test_data\CHASEDB1\pred_masks\Image_12R.png,D:\Retina\Retinal-Vessel-Segmentation-Benchmark-main\config\test_data\CHASEDB1\masks\Image_12R.png
GAVE,CHASEDB1,Image_13L,0.1,diagnostic_test_set_scan_equal_dataset_macro_F1,"TVS = |S_GT_thin intersect M_pred| / |S_GT_thin|; S_GT_thin uses skeletonize(GT), Dlocal=2*EDT(GT), tau=max(1 px, 0.018*DOD)",197.23,auto_detected,3.5501399999999994,1820,377,0.20714285714285716,D:\Retina\Retinal-Vessel-Segmentation-Benchmark-main\Models_output\gave\test_data\CHASEDB1\pred_masks\Image_13L.png,D:\Retina\Retinal-Vessel-Segmentation-Benchmark-main\config\test_data\CHASEDB1\masks\Image_13L.png
GAVE,CHASEDB1,Image_13R,0.1,diagnostic_test_set_scan_equal_dataset_macro_F1,"TVS = |S_GT_thin intersect M_pred| / |S_GT_thin|; S_GT_thin uses skeletonize(GT), Dlocal=2*EDT(GT), tau=max(1 px, 0.018*DOD)",190.12,auto_detected,3.42216,2561,536,0.20929324482623976,D:\Retina\Retinal-Vessel-Segmentation-Benchmark-main\Models_output\gave\test_data\CHASEDB1\pred_masks\Image_13R.png,D:\Retina\Retinal-Vessel-Segmentation-Benchmark-main\config\test_data\CHASEDB1\masks\Image_13R.png
GAVE,CHASEDB1,Image_14L,0.1,diagnostic_test_set_scan_equal_dataset_macro_F1,"TVS = |S_GT_thin intersect M_pred| / |S_GT_thin|; S_GT_thin uses skeletonize(GT), Dlocal=2*EDT(GT), tau=max(1 px, 0.018*DOD)",168.8,auto_detected,3.0383999999999998,1508,279,0.18501326259946949,D:\Retina\Retinal-Vessel-Segmentation-Benchmark-main\Models_output\gave\test_data\CHASEDB1\pred_masks\Image_14L.png,D:\Retina\Retinal-Vessel-Segmentation-Benchmark-main\config\test_data\CHASEDB1\masks\Image_14L.png
GAVE,CHASEDB1,Image_14R,0.1,diagnostic_test_set_scan_equal_dataset_macro_F1,"TVS = |S_GT_thin intersect M_pred| / |S_GT_thin|; S_GT_thin uses skeletonize(GT), Dlocal=2*EDT(GT), tau=max(1 px, 0.018*DOD)",180.8,auto_detected,3.2544,1076,73,0.06784386617100371,D:\Retina\Retinal-Vessel-Segmentation-Benchmark-main\Models_output\gave\test_data\CHASEDB1\pred_masks\Image_14R.png,D:\Retina\Retinal-Vessel-Segmentation-Benchmark-main\config\test_data\CHASEDB1\masks\Image_14R.png
GAVE,DualModal2019,DualModal2019_A1_L4,0.1,diagnostic_test_set_scan_equal_dataset_macro_F1,"TVS = |S_GT_thin intersect M_pred| / |S_GT_thin|; S_GT_thin uses skeletonize(GT), Dlocal=2*EDT(GT), tau=max(1 px, 0.018*DOD)",157.89,auto_detected,2.8420199999999993,2887,1361,0.47142362313820574,D:\Retina\Retinal-Vessel-Segmentation-Benchmark-main\Models_output\gave\test_data\DualModal2019\pred_masks\DualModal2019_A1_L4.png,D:\Retina\Retinal-Vessel-Segmentation-Benchmark-main\config\test_data\DualModal2019\masks\DualModal2019_A1_L4.png
GAVE,DualModal2019,DualModal2019_A1_R2,0.1,diagnostic_test_set_scan_equal_dataset_macro_F1,"TVS = |S_GT_thin intersect M_pred| / |S_GT_thin|; S_GT_thin uses skeletonize(GT), Dlocal=2*EDT(GT), tau=max(1 px, 0.018*DOD)",184.35,auto_detected,3.3183,6573,3272,0.49779400578122623,D:\Retina\Retinal-Vessel-Segmentation-Benchmark-main\Models_output\gave\test_data\DualModal2019\pred_masks\DualModal2019_A1_R2.png,D:\Retina\Retinal-Vessel-Segmentation-Benchmark-main\config\test_data\DualModal2019\masks\DualModal2019_A1_R2.png
GAVE,DualModal2019,DualModal2019_A2_R2,0.1,diagnostic_test_set_scan_equal_dataset_macro_F1,"TVS = |S_GT_thin intersect M_pred| / |S_GT_thin|; S_GT_thin uses skeletonize(GT), Dlocal=2*EDT(GT), tau=max(1 px, 0.018*DOD)",202.37,auto_detected,3.64266,6048,3524,0.5826719576719577,D:\Retina\Retinal-Vessel-Segmentation-Benchmark-main\Models_output\gave\test_data\DualModal2019\pred_masks\DualModal2019_A2_R2.png,D:\Retina\Retinal-Vessel-Segmentation-Benchmark-main\config\test_data\DualModal2019\masks\DualModal2019_A2_R2.png
GAVE,DualModal2019,DualModal2019_A3_L1,0.1,diagnostic_test_set_scan_equal_dataset_macro_F1,"TVS = |S_GT_thin intersect M_pred| / |S_GT_thin|; S_GT_thin uses skeletonize(GT), Dlocal=2*EDT(GT), tau=max(1 px, 0.018*DOD)",184.35,auto_detected,3.3183,4224,2504,0.5928030303030303,D:\Retina\Retinal-Vessel-Segmentation-Benchmark-main\Models_output\gave\test_data\DualModal2019\pred_masks\DualModal2019_A3_L1.png,D:\Retina\Retinal-Vessel-Segmentation-Benchmark-main\config\test_data\DualModal2019\masks\DualModal2019_A3_L1.png
GAVE,DualModal2019,DualModal2019_A3_R1,0.1,diagnostic_test_set_scan_equal_dataset_macro_F1,"TVS = |S_GT_thin intersect M_pred| / |S_GT_thin|; S_GT_thin uses skeletonize(GT), Dlocal=2*EDT(GT), tau=max(1 px, 0.018*DOD)",167.86,auto_detected,3.02148,7163,4343,0.606310205221276,D:\Retina\Retinal-Vessel-Segmentation-Benchmark-main\Models_output\gave\test_data\DualModal2019\pred_masks\DualModal2019_A3_R1.png,D:\Retina\Retinal-Vessel-Segmentation-Benchmark-main\config\test_data\DualModal2019\masks\DualModal2019_A3_R1.png
GAVE,DualModal2019,DualModal2019_A4_L3,0.1,diagnostic_test_set_scan_equal_dataset_macro_F1,"TVS = |S_GT_thin intersect M_pred| / |S_GT_thin|; S_GT_thin uses skeletonize(GT), Dlocal=2*EDT(GT), tau=max(1 px, 0.018*DOD)",193.4,auto_detected,3.4812,4671,2987,0.6394776279169343,D:\Retina\Retinal-Vessel-Segmentation-Benchmark-main\Models_output\gave\test_data\DualModal2019\pred_masks\DualModal2019_A4_L3.png,D:\Retina\Retinal-Vessel-Segmentation-Benchmark-main\config\test_data\DualModal2019\masks\DualModal2019_A4_L3.png
GAVE,DualModal2019,DualModal2019_A4_R2,0.1,diagnostic_test_set_scan_equal_dataset_macro_F1,"TVS = |S_GT_thin intersect M_pred| / |S_GT_thin|; S_GT_thin uses skeletonize(GT), Dlocal=2*EDT(GT), tau=max(1 px, 0.018*DOD)",198.25,auto_detected,3.5685,5678,3734,0.6576259246213455,D:\Retina\Retinal-Vessel-Segmentation-Benchmark-main\Models_output\gave\test_data\DualModal2019\pred_masks\DualModal2019_A4_R2.png,D:\Retina\Retinal-Vessel-Segmentation-Benchmark-main\config\test_data\DualModal2019\masks\DualModal2019_A4_R2.png
GAVE,DualModal2019,DualModal2019_A5_R4,0.1,diagnostic_test_set_scan_equal_dataset_macro_F1,"TVS = |S_GT_thin intersect M_pred| / |S_GT_thin|; S_GT_thin uses skeletonize(GT), Dlocal=2*EDT(GT), tau=max(1 px, 0.018*DOD)",218.97,auto_detected,3.9414599999999997,5527,3958,0.7161208612267053,D:\Retina\Retinal-Vessel-Segmentation-Benchmark-main\Models_output\gave\test_data\DualModal2019\pred_masks\DualModal2019_A5_R4.png,D:\Retina\Retinal-Vessel-Segmentation-Benchmark-main\config\test_data\DualModal2019\masks\DualModal2019_A5_R4.png
GAVE,DualModal2019,DualModal2019_A6_L2,0.1,diagnostic_test_set_scan_equal_dataset_macro_F1,"TVS = |S_GT_thin intersect M_pred| / |S_GT_thin|; S_GT_thin uses skeletonize(GT), Dlocal=2*EDT(GT), tau=max(1 px, 0.018*DOD)",163.94,auto_detected,2.9509199999999995,4745,3407,0.7180189673340358,D:\Retina\Retinal-Vessel-Segmentation-Benchmark-main\Models_output\gave\test_data\DualModal2019\pred_masks\DualModal2019_A6_L2.png,D:\Retina\Retinal-Vessel-Segmentation-Benchmark-main\config\test_data\DualModal2019\masks\DualModal2019_A6_L2.png
GAVE,DualModal2019,DualModal2019_A6_R3,0.1,diagnostic_test_set_scan_equal_dataset_macro_F1,"TVS = |S_GT_thin intersect M_pred| / |S_GT_thin|; S_GT_thin uses skeletonize(GT), Dlocal=2*EDT(GT), tau=max(1 px, 0.018*DOD)",169.94,auto_detected,3.0589199999999996,6542,4792,0.732497707123204,D:\Retina\Retinal-Vessel-Segmentation-Benchmark-main\Models_output\gave\test_data\DualModal2019\pred_masks\DualModal2019_A6_R3.png,D:\Retina\Retinal-Vessel-Segmentation-Benchmark-main\config\test_data\DualModal2019\masks\DualModal2019_A6_R3.png
GAVE,DualModal2019,DualModal2019_A7_L1,0.1,diagnostic_test_set_scan_equal_dataset_macro_F1,"TVS = |S_GT_thin intersect M_pred| / |S_GT_thin|; S_GT_thin uses skeletonize(GT), Dlocal=2*EDT(GT), tau=max(1 px, 0.018*DOD)",160.82,auto_detected,2.8947599999999998,7901,4735,0.5992912289583597,D:\Retina\Retinal-Vessel-Segmentation-Benchmark-main\Models_output\gave\test_data\DualModal2019\pred_masks\DualModal2019_A7_L1.png,D:\Retina\Retinal-Vessel-Segmentation-Benchmark-main\config\test_data\DualModal2019\masks\DualModal2019_A7_L1.png
GAVE,DualModal2019,DualModal2019_A7_R1,0.1,diagnostic_test_set_scan_equal_dataset_macro_F1,"TVS = |S_GT_thin intersect M_pred| / |S_GT_thin|; S_GT_thin uses skeletonize(GT), Dlocal=2*EDT(GT), tau=max(1 px, 0.018*DOD)",154.5,auto_detected,2.7809999999999997,4757,3295,0.6926634433466471,D:\Retina\Retinal-Vessel-Segmentation-Benchmark-main\Models_output\gave\test_data\DualModal2019\pred_masks\DualModal2019_A7_R1.png,D:\Retina\Retinal-Vessel-Segmentation-Benchmark-main\config\test_data\DualModal2019\masks\DualModal2019_A7_R1.png
GAVE,DualModal2019,DualModal2019_C1_L4,0.1,diagnostic_test_set_scan_equal_dataset_macro_F1,"TVS = |S_GT_thin intersect M_pred| / |S_GT_thin|; S_GT_thin uses skeletonize(GT), Dlocal=2*EDT(GT), tau=max(1 px, 0.018*DOD)",167.59,auto_detected,3.0166199999999996,5336,3171,0.5942653673163418,D:\Retina\Retinal-Vessel-Segmentation-Benchmark-main\Models_output\gave\test_data\DualModal2019\pred_masks\DualModal2019_C1_L4.png,D:\Retina\Retinal-Vessel-Segmentation-Benchmark-main\config\test_data\DualModal2019\masks\DualModal2019_C1_L4.png
GAVE,DualModal2019,DualModal2019_C1_R4,0.1,diagnostic_test_set_scan_equal_dataset_macro_F1,"TVS = |S_GT_thin intersect M_pred| / |S_GT_thin|; S_GT_thin uses skeletonize(GT), Dlocal=2*EDT(GT), tau=max(1 px, 0.018*DOD)",157.62,annotation_csv,2.83716,6507,4033,0.619794067926848,D:\Retina\Retinal-Vessel-Segmentation-Benchmark-main\Models_output\gave\test_data\DualModal2019\pred_masks\DualModal2019_C1_R4.png,D:\Retina\Retinal-Vessel-Segmentation-Benchmark-main\config\test_data\DualModal2019\masks\DualModal2019_C1_R4.png
GAVE,DualModal2019,DualModal2019_C2_L4,0.1,diagnostic_test_set_scan_equal_dataset_macro_F1,"TVS = |S_GT_thin intersect M_pred| / |S_GT_thin|; S_GT_thin uses skeletonize(GT), Dlocal=2*EDT(GT), tau=max(1 px, 0.018*DOD)",175.4,auto_detected,3.1572,4584,2788,0.6082024432809773,D:\Retina\Retinal-Vessel-Segmentation-Benchmark-main\Models_output\gave\test_data\DualModal2019\pred_masks\DualModal2019_C2_L4.png,D:\Retina\Retinal-Vessel-Segmentation-Benchmark-main\config\test_data\DualModal2019\masks\DualModal2019_C2_L4.png
GAVE,DualModal2019,DualModal2019_C2_R3,0.1,diagnostic_test_set_scan_equal_dataset_macro_F1,"TVS = |S_GT_thin intersect M_pred| / |S_GT_thin|; S_GT_thin uses skeletonize(GT), Dlocal=2*EDT(GT), tau=max(1 px, 0.018*DOD)",162.22,auto_detected,2.9199599999999997,6852,4015,0.585960303561004,D:\Retina\Retinal-Vessel-Segmentation-Benchmark-main\Models_output\gave\test_data\DualModal2019\pred_masks\DualModal2019_C2_R3.png,D:\Retina\Retinal-Vessel-Segmentation-Benchmark-main\config\test_data\DualModal2019\masks\DualModal2019_C2_R3.png
GAVE,DualModal2019,DualModal2019_C3_L1,0.1,diagnostic_test_set_scan_equal_dataset_macro_F1,"TVS = |S_GT_thin intersect M_pred| / |S_GT_thin|; S_GT_thin uses skeletonize(GT), Dlocal=2*EDT(GT), tau=max(1 px, 0.018*DOD)",186.34,auto_detected,3.35412,5496,3133,0.5700509461426492,D:\Retina\Retinal-Vessel-Segmentation-Benchmark-main\Models_output\gave\test_data\DualModal2019\pred_masks\DualModal2019_C3_L1.png,D:\Retina\Retinal-Vessel-Segmentation-Benchmark-main\config\test_data\DualModal2019\masks\DualModal2019_C3_L1.png
GAVE,DualModal2019,DualModal2019_C3_R1,0.1,diagnostic_test_set_scan_equal_dataset_macro_F1,"TVS = |S_GT_thin intersect M_pred| / |S_GT_thin|; S_GT_thin uses skeletonize(GT), Dlocal=2*EDT(GT), tau=max(1 px, 0.018*DOD)",178.15,annotation_csv,3.2066999999999997,5180,3421,0.6604247104247104,D:\Retina\Retinal-Vessel-Segmentation-Benchmark-main\Models_output\gave\test_data\DualModal2019\pred_masks\DualModal2019_C3_R1.png,D:\Retina\Retinal-Vessel-Segmentation-Benchmark-main\config\test_data\DualModal2019\masks\DualModal2019_C3_R1.png
GAVE,DualModal2019,DualModal2019_C4_L2,0.1,diagnostic_test_set_scan_equal_dataset_macro_F1,"TVS = |S_GT_thin intersect M_pred| / |S_GT_thin|; S_GT_thin uses skeletonize(GT), Dlocal=2*EDT(GT), tau=max(1 px, 0.018*DOD)",197.44,auto_detected,3.5539199999999997,4441,2155,0.48525106957892367,D:\Retina\Retinal-Vessel-Segmentation-Benchmark-main\Models_output\gave\test_data\DualModal2019\pred_masks\DualModal2019_C4_L2.png,D:\Retina\Retinal-Vessel-Segmentation-Benchmark-main\config\test_data\DualModal2019\masks\DualModal2019_C4_L2.png
GAVE,DualModal2019,DualModal2019_C4_R2,0.1,diagnostic_test_set_scan_equal_dataset_macro_F1,"TVS = |S_GT_thin intersect M_pred| / |S_GT_thin|; S_GT_thin uses skeletonize(GT), Dlocal=2*EDT(GT), tau=max(1 px, 0.018*DOD)",201.33,auto_detected,3.62394,4245,2022,0.4763250883392226,D:\Retina\Retinal-Vessel-Segmentation-Benchmark-main\Models_output\gave\test_data\DualModal2019\pred_masks\DualModal2019_C4_R2.png,D:\Retina\Retinal-Vessel-Segmentation-Benchmark-main\config\test_data\DualModal2019\masks\DualModal2019_C4_R2.png
GAVE,DualModal2019,DualModal2019_C5_L1,0.1,diagnostic_test_set_scan_equal_dataset_macro_F1,"TVS = |S_GT_thin intersect M_pred| / |S_GT_thin|; S_GT_thin uses skeletonize(GT), Dlocal=2*EDT(GT), tau=max(1 px, 0.018*DOD)",174.39,auto_detected,3.1390199999999995,5587,3815,0.6828351530338286,D:\Retina\Retinal-Vessel-Segmentation-Benchmark-main\Models_output\gave\test_data\DualModal2019\pred_masks\DualModal2019_C5_L1.png,D:\Retina\Retinal-Vessel-Segmentation-Benchmark-main\config\test_data\DualModal2019\masks\DualModal2019_C5_L1.png
GAVE,DualModal2019,DualModal2019_C5_R1,0.1,diagnostic_test_set_scan_equal_dataset_macro_F1,"TVS = |S_GT_thin intersect M_pred| / |S_GT_thin|; S_GT_thin uses skeletonize(GT), Dlocal=2*EDT(GT), tau=max(1 px, 0.018*DOD)",157.41,auto_detected,2.8333799999999996,6504,4294,0.6602091020910209,D:\Retina\Retinal-Vessel-Segmentation-Benchmark-main\Models_output\gave\test_data\DualModal2019\pred_masks\DualModal2019_C5_R1.png,D:\Retina\Retinal-Vessel-Segmentation-Benchmark-main\config\test_data\DualModal2019\masks\DualModal2019_C5_R1.png
GAVE,DualModal2019,DualModal2019_C6_L2,0.1,diagnostic_test_set_scan_equal_dataset_macro_F1,"TVS = |S_GT_thin intersect M_pred| / |S_GT_thin|; S_GT_thin uses skeletonize(GT), Dlocal=2*EDT(GT), tau=max(1 px, 0.018*DOD)",164.36,auto_detected,2.95848,4361,2448,0.5613391423985324,D:\Retina\Retinal-Vessel-Segmentation-Benchmark-main\Models_output\gave\test_data\DualModal2019\pred_masks\DualModal2019_C6_L2.png,D:\Retina\Retinal-Vessel-Segmentation-Benchmark-main\config\test_data\DualModal2019\masks\DualModal2019_C6_L2.png
GAVE,DualModal2019,DualModal2019_C6_R2,0.1,diagnostic_test_set_scan_equal_dataset_macro_F1,"TVS = |S_GT_thin intersect M_pred| / |S_GT_thin|; S_GT_thin uses skeletonize(GT), Dlocal=2*EDT(GT), tau=max(1 px, 0.018*DOD)",172.35,auto_detected,3.1022999999999996,4334,2170,0.5006922011998154,D:\Retina\Retinal-Vessel-Segmentation-Benchmark-main\Models_output\gave\test_data\DualModal2019\pred_masks\DualModal2019_C6_R2.png,D:\Retina\Retinal-Vessel-Segmentation-Benchmark-main\config\test_data\DualModal2019\masks\DualModal2019_C6_R2.png
GAVE,DualModal2019,DualModal2019_C7_L4,0.1,diagnostic_test_set_scan_equal_dataset_macro_F1,"TVS = |S_GT_thin intersect M_pred| / |S_GT_thin|; S_GT_thin uses skeletonize(GT), Dlocal=2*EDT(GT), tau=max(1 px, 0.018*DOD)",170.65,auto_detected,3.0717,6314,3414,0.5407031992397846,D:\Retina\Retinal-Vessel-Segmentation-Benchmark-main\Models_output\gave\test_data\DualModal2019\pred_masks\DualModal2019_C7_L4.png,D:\Retina\Retinal-Vessel-Segmentation-Benchmark-main\config\test_data\DualModal2019\masks\DualModal2019_C7_L4.png
GAVE,DualModal2019,DualModal2019_C7_R3,0.1,diagnostic_test_set_scan_equal_dataset_macro_F1,"TVS = |S_GT_thin intersect M_pred| / |S_GT_thin|; S_GT_thin uses skeletonize(GT), Dlocal=2*EDT(GT), tau=max(1 px, 0.018*DOD)",148.64,auto_detected,2.6755199999999997,4610,1801,0.39067245119305855,D:\Retina\Retinal-Vessel-Segmentation-Benchmark-main\Models_output\gave\test_data\DualModal2019\pred_masks\DualModal2019_C7_R3.png,D:\Retina\Retinal-Vessel-Segmentation-Benchmark-main\config\test_data\DualModal2019\masks\DualModal2019_C7_R3.png
GAVE,DualModal2019,DualModal2019_C8_L4,0.1,diagnostic_test_set_scan_equal_dataset_macro_F1,"TVS = |S_GT_thin intersect M_pred| / |S_GT_thin|; S_GT_thin uses skeletonize(GT), Dlocal=2*EDT(GT), tau=max(1 px, 0.018*DOD)",162.08,auto_detected,2.91744,4897,2575,0.5258321421278334,D:\Retina\Retinal-Vessel-Segmentation-Benchmark-main\Models_output\gave\test_data\DualModal2019\pred_masks\DualModal2019_C8_L4.png,D:\Retina\Retinal-Vessel-Segmentation-Benchmark-main\config\test_data\DualModal2019\masks\DualModal2019_C8_L4.png
GAVE,DualModal2019,DualModal2019_C8_R2,0.1,diagnostic_test_set_scan_equal_dataset_macro_F1,"TVS = |S_GT_thin intersect M_pred| / |S_GT_thin|; S_GT_thin uses skeletonize(GT), Dlocal=2*EDT(GT), tau=max(1 px, 0.018*DOD)",154.54,auto_detected,2.7817199999999995,4859,2050,0.42189750977567403,D:\Retina\Retinal-Vessel-Segmentation-Benchmark-main\Models_output\gave\test_data\DualModal2019\pred_masks\DualModal2019_C8_R2.png,D:\Retina\Retinal-Vessel-Segmentation-Benchmark-main\config\test_data\DualModal2019\masks\DualModal2019_C8_R2.png
GAVE,DualModal2019,DualModal2019_C9_L4,0.1,diagnostic_test_set_scan_equal_dataset_macro_F1,"TVS = |S_GT_thin intersect M_pred| / |S_GT_thin|; S_GT_thin uses skeletonize(GT), Dlocal=2*EDT(GT), tau=max(1 px, 0.018*DOD)",180.71,auto_detected,3.25278,3495,2168,0.6203147353361945,D:\Retina\Retinal-Vessel-Segmentation-Benchmark-main\Models_output\gave\test_data\DualModal2019\pred_masks\DualModal2019_C9_L4.png,D:\Retina\Retinal-Vessel-Segmentation-Benchmark-main\config\test_data\DualModal2019\masks\DualModal2019_C9_L4.png
GAVE,DualModal2019,DualModal2019_C9_R5,0.1,diagnostic_test_set_scan_equal_dataset_macro_F1,"TVS = |S_GT_thin intersect M_pred| / |S_GT_thin|; S_GT_thin uses skeletonize(GT), Dlocal=2*EDT(GT), tau=max(1 px, 0.018*DOD)",175.31,auto_detected,3.1555799999999996,4420,2783,0.6296380090497737,D:\Retina\Retinal-Vessel-Segmentation-Benchmark-main\Models_output\gave\test_data\DualModal2019\pred_masks\DualModal2019_C9_R5.png,D:\Retina\Retinal-Vessel-Segmentation-Benchmark-main\config\test_data\DualModal2019\masks\DualModal2019_C9_R5.png
GAVE,HRF,01_dr,0.1,diagnostic_test_set_scan_equal_dataset_macro_F1,"TVS = |S_GT_thin intersect M_pred| / |S_GT_thin|; S_GT_thin uses skeletonize(GT), Dlocal=2*EDT(GT), tau=max(1 px, 0.018*DOD)",407.64,annotation_csv,7.33752,35729,18400,0.5149878250160934,D:\Retina\Retinal-Vessel-Segmentation-Benchmark-main\Models_output\gave\test_data\HRF\pred_masks\01_dr.png,D:\Retina\Retinal-Vessel-Segmentation-Benchmark-main\config\test_data\HRF\masks\01_dr.tif
GAVE,HRF,01_g,0.1,diagnostic_test_set_scan_equal_dataset_macro_F1,"TVS = |S_GT_thin intersect M_pred| / |S_GT_thin|; S_GT_thin uses skeletonize(GT), Dlocal=2*EDT(GT), tau=max(1 px, 0.018*DOD)",371.41,auto_detected,6.68538,41622,16448,0.3951756282735092,D:\Retina\Retinal-Vessel-Segmentation-Benchmark-main\Models_output\gave\test_data\HRF\pred_masks\01_g.png,D:\Retina\Retinal-Vessel-Segmentation-Benchmark-main\config\test_data\HRF\masks\01_g.tif
GAVE,HRF,01_h,0.1,diagnostic_test_set_scan_equal_dataset_macro_F1,"TVS = |S_GT_thin intersect M_pred| / |S_GT_thin|; S_GT_thin uses skeletonize(GT), Dlocal=2*EDT(GT), tau=max(1 px, 0.018*DOD)",391.49,auto_detected,7.046819999999999,32262,11970,0.3710247349823322,D:\Retina\Retinal-Vessel-Segmentation-Benchmark-main\Models_output\gave\test_data\HRF\pred_masks\01_h.png,D:\Retina\Retinal-Vessel-Segmentation-Benchmark-main\config\test_data\HRF\masks\01_h.tif
GAVE,HRF,02_dr,0.1,diagnostic_test_set_scan_equal_dataset_macro_F1,"TVS = |S_GT_thin intersect M_pred| / |S_GT_thin|; S_GT_thin uses skeletonize(GT), Dlocal=2*EDT(GT), tau=max(1 px, 0.018*DOD)",355.58,auto_detected,6.400439999999999,35476,15401,0.43412447852069,D:\Retina\Retinal-Vessel-Segmentation-Benchmark-main\Models_output\gave\test_data\HRF\pred_masks\02_dr.png,D:\Retina\Retinal-Vessel-Segmentation-Benchmark-main\config\test_data\HRF\masks\02_dr.tif
GAVE,HRF,02_g,0.1,diagnostic_test_set_scan_equal_dataset_macro_F1,"TVS = |S_GT_thin intersect M_pred| / |S_GT_thin|; S_GT_thin uses skeletonize(GT), Dlocal=2*EDT(GT), tau=max(1 px, 0.018*DOD)",388.86,auto_detected,6.99948,44401,17228,0.3880092790702912,D:\Retina\Retinal-Vessel-Segmentation-Benchmark-main\Models_output\gave\test_data\HRF\pred_masks\02_g.png,D:\Retina\Retinal-Vessel-Segmentation-Benchmark-main\config\test_data\HRF\masks\02_g.tif
GAVE,HRF,02_h,0.1,diagnostic_test_set_scan_equal_dataset_macro_F1,"TVS = |S_GT_thin intersect M_pred| / |S_GT_thin|; S_GT_thin uses skeletonize(GT), Dlocal=2*EDT(GT), tau=max(1 px, 0.018*DOD)",404.64,auto_detected,7.283519999999999,25328,15500,0.6119709412507897,D:\Retina\Retinal-Vessel-Segmentation-Benchmark-main\Models_output\gave\test_data\HRF\pred_masks\02_h.png,D:\Retina\Retinal-Vessel-Segmentation-Benchmark-main\config\test_data\HRF\masks\02_h.tif
GAVE,HRF,03_dr,0.1,diagnostic_test_set_scan_equal_dataset_macro_F1,"TVS = |S_GT_thin intersect M_pred| / |S_GT_thin|; S_GT_thin uses skeletonize(GT), Dlocal=2*EDT(GT), tau=max(1 px, 0.018*DOD)",345.74,auto_detected,6.223319999999999,27021,11216,0.4150845638577403,D:\Retina\Retinal-Vessel-Segmentation-Benchmark-main\Models_output\gave\test_data\HRF\pred_masks\03_dr.png,D:\Retina\Retinal-Vessel-Segmentation-Benchmark-main\config\test_data\HRF\masks\03_dr.tif
GAVE,HRF,03_g,0.1,diagnostic_test_set_scan_equal_dataset_macro_F1,"TVS = |S_GT_thin intersect M_pred| / |S_GT_thin|; S_GT_thin uses skeletonize(GT), Dlocal=2*EDT(GT), tau=max(1 px, 0.018*DOD)",394.24,auto_detected,7.0963199999999995,28857,7329,0.2539765048341823,D:\Retina\Retinal-Vessel-Segmentation-Benchmark-main\Models_output\gave\test_data\HRF\pred_masks\03_g.png,D:\Retina\Retinal-Vessel-Segmentation-Benchmark-main\config\test_data\HRF\masks\03_g.tif
GAVE,HRF,03_h,0.1,diagnostic_test_set_scan_equal_dataset_macro_F1,"TVS = |S_GT_thin intersect M_pred| / |S_GT_thin|; S_GT_thin uses skeletonize(GT), Dlocal=2*EDT(GT), tau=max(1 px, 0.018*DOD)",404.96,auto_detected,7.289279999999999,17085,5417,0.3170617500731636,D:\Retina\Retinal-Vessel-Segmentation-Benchmark-main\Models_output\gave\test_data\HRF\pred_masks\03_h.png,D:\Retina\Retinal-Vessel-Segmentation-Benchmark-main\config\test_data\HRF\masks\03_h.tif
GAVE,HRF,04_dr,0.1,diagnostic_test_set_scan_equal_dataset_macro_F1,"TVS = |S_GT_thin intersect M_pred| / |S_GT_thin|; S_GT_thin uses skeletonize(GT), Dlocal=2*EDT(GT), tau=max(1 px, 0.018*DOD)",349.68,auto_detected,6.294239999999999,29026,9560,0.3293598842417143,D:\Retina\Retinal-Vessel-Segmentation-Benchmark-main\Models_output\gave\test_data\HRF\pred_masks\04_dr.png,D:\Retina\Retinal-Vessel-Segmentation-Benchmark-main\config\test_data\HRF\masks\04_dr.tif
GAVE,HRF,04_g,0.1,diagnostic_test_set_scan_equal_dataset_macro_F1,"TVS = |S_GT_thin intersect M_pred| / |S_GT_thin|; S_GT_thin uses skeletonize(GT), Dlocal=2*EDT(GT), tau=max(1 px, 0.018*DOD)",381.53,auto_detected,6.867539999999999,32562,11691,0.35903814262023215,D:\Retina\Retinal-Vessel-Segmentation-Benchmark-main\Models_output\gave\test_data\HRF\pred_masks\04_g.png,D:\Retina\Retinal-Vessel-Segmentation-Benchmark-main\config\test_data\HRF\masks\04_g.tif
GAVE,HRF,04_h,0.1,diagnostic_test_set_scan_equal_dataset_macro_F1,"TVS = |S_GT_thin intersect M_pred| / |S_GT_thin|; S_GT_thin uses skeletonize(GT), Dlocal=2*EDT(GT), tau=max(1 px, 0.018*DOD)",389.28,auto_detected,7.007039999999999,22097,7789,0.35249128841019145,D:\Retina\Retinal-Vessel-Segmentation-Benchmark-main\Models_output\gave\test_data\HRF\pred_masks\04_h.png,D:\Retina\Retinal-Vessel-Segmentation-Benchmark-main\config\test_data\HRF\masks\04_h.tif
GAVE,HRF,05_dr,0.1,diagnostic_test_set_scan_equal_dataset_macro_F1,"TVS = |S_GT_thin intersect M_pred| / |S_GT_thin|; S_GT_thin uses skeletonize(GT), Dlocal=2*EDT(GT), tau=max(1 px, 0.018*DOD)",343.34,auto_detected,6.180119999999999,34984,13933,0.3982677795563686,D:\Retina\Retinal-Vessel-Segmentation-Benchmark-main\Models_output\gave\test_data\HRF\pred_masks\05_dr.png,D:\Retina\Retinal-Vessel-Segmentation-Benchmark-main\config\test_data\HRF\masks\05_dr.tif
GAVE,HRF,05_g,0.1,diagnostic_test_set_scan_equal_dataset_macro_F1,"TVS = |S_GT_thin intersect M_pred| / |S_GT_thin|; S_GT_thin uses skeletonize(GT), Dlocal=2*EDT(GT), tau=max(1 px, 0.018*DOD)",355.21,auto_detected,6.39378,34679,13161,0.37950921306842755,D:\Retina\Retinal-Vessel-Segmentation-Benchmark-main\Models_output\gave\test_data\HRF\pred_masks\05_g.png,D:\Retina\Retinal-Vessel-Segmentation-Benchmark-main\config\test_data\HRF\masks\05_g.tif
GAVE,HRF,05_h,0.1,diagnostic_test_set_scan_equal_dataset_macro_F1,"TVS = |S_GT_thin intersect M_pred| / |S_GT_thin|; S_GT_thin uses skeletonize(GT), Dlocal=2*EDT(GT), tau=max(1 px, 0.018*DOD)",411.55,auto_detected,7.4079,26869,12660,0.4711749599910678,D:\Retina\Retinal-Vessel-Segmentation-Benchmark-main\Models_output\gave\test_data\HRF\pred_masks\05_h.png,D:\Retina\Retinal-Vessel-Segmentation-Benchmark-main\config\test_data\HRF\masks\05_h.tif
GAVE,HRF,06_dr,0.1,diagnostic_test_set_scan_equal_dataset_macro_F1,"TVS = |S_GT_thin intersect M_pred| / |S_GT_thin|; S_GT_thin uses skeletonize(GT), Dlocal=2*EDT(GT), tau=max(1 px, 0.018*DOD)",377.23,annotation_csv,6.79014,55802,14007,0.2510125085122397,D:\Retina\Retinal-Vessel-Segmentation-Benchmark-main\Models_output\gave\test_data\HRF\pred_masks\06_dr.png,D:\Retina\Retinal-Vessel-Segmentation-Benchmark-main\config\test_data\HRF\masks\06_dr.tif
GAVE,HRF,06_g,0.1,diagnostic_test_set_scan_equal_dataset_macro_F1,"TVS = |S_GT_thin intersect M_pred| / |S_GT_thin|; S_GT_thin uses skeletonize(GT), Dlocal=2*EDT(GT), tau=max(1 px, 0.018*DOD)",364.73,auto_detected,6.5651399999999995,35175,13502,0.38385216773276476,D:\Retina\Retinal-Vessel-Segmentation-Benchmark-main\Models_output\gave\test_data\HRF\pred_masks\06_g.png,D:\Retina\Retinal-Vessel-Segmentation-Benchmark-main\config\test_data\HRF\masks\06_g.tif
GAVE,HRF,06_h,0.1,diagnostic_test_set_scan_equal_dataset_macro_F1,"TVS = |S_GT_thin intersect M_pred| / |S_GT_thin|; S_GT_thin uses skeletonize(GT), Dlocal=2*EDT(GT), tau=max(1 px, 0.018*DOD)",352.93,auto_detected,6.35274,33343,15278,0.4582071199352188,D:\Retina\Retinal-Vessel-Segmentation-Benchmark-main\Models_output\gave\test_data\HRF\pred_masks\06_h.png,D:\Retina\Retinal-Vessel-Segmentation-Benchmark-main\config\test_data\HRF\masks\06_h.tif
GAVE,HRF,07_dr,0.1,diagnostic_test_set_scan_equal_dataset_macro_F1,"TVS = |S_GT_thin intersect M_pred| / |S_GT_thin|; S_GT_thin uses skeletonize(GT), Dlocal=2*EDT(GT), tau=max(1 px, 0.018*DOD)",370.0,auto_detected,6.659999999999999,35584,16769,0.4712511241007194,D:\Retina\Retinal-Vessel-Segmentation-Benchmark-main\Models_output\gave\test_data\HRF\pred_masks\07_dr.png,D:\Retina\Retinal-Vessel-Segmentation-Benchmark-main\config\test_data\HRF\masks\07_dr.tif
GAVE,HRF,07_g,0.1,diagnostic_test_set_scan_equal_dataset_macro_F1,"TVS = |S_GT_thin intersect M_pred| / |S_GT_thin|; S_GT_thin uses skeletonize(GT), Dlocal=2*EDT(GT), tau=max(1 px, 0.018*DOD)",350.91,auto_detected,6.31638,39662,17541,0.44226211487065703,D:\Retina\Retinal-Vessel-Segmentation-Benchmark-main\Models_output\gave\test_data\HRF\pred_masks\07_g.png,D:\Retina\Retinal-Vessel-Segmentation-Benchmark-main\config\test_data\HRF\masks\07_g.tif
GAVE,HRF,07_h,0.1,diagnostic_test_set_scan_equal_dataset_macro_F1,"TVS = |S_GT_thin intersect M_pred| / |S_GT_thin|; S_GT_thin uses skeletonize(GT), Dlocal=2*EDT(GT), tau=max(1 px, 0.018*DOD)",407.9,auto_detected,7.342199999999999,27803,10352,0.3723339207999137,D:\Retina\Retinal-Vessel-Segmentation-Benchmark-main\Models_output\gave\test_data\HRF\pred_masks\07_h.png,D:\Retina\Retinal-Vessel-Segmentation-Benchmark-main\config\test_data\HRF\masks\07_h.tif
GAVE,HRF,08_dr,0.1,diagnostic_test_set_scan_equal_dataset_macro_F1,"TVS = |S_GT_thin intersect M_pred| / |S_GT_thin|; S_GT_thin uses skeletonize(GT), Dlocal=2*EDT(GT), tau=max(1 px, 0.018*DOD)",350.04,auto_detected,6.30072,34040,14649,0.4303466509988249,D:\Retina\Retinal-Vessel-Segmentation-Benchmark-main\Models_output\gave\test_data\HRF\pred_masks\08_dr.png,D:\Retina\Retinal-Vessel-Segmentation-Benchmark-main\config\test_data\HRF\masks\08_dr.tif
GAVE,HRF,08_g,0.1,diagnostic_test_set_scan_equal_dataset_macro_F1,"TVS = |S_GT_thin intersect M_pred| / |S_GT_thin|; S_GT_thin uses skeletonize(GT), Dlocal=2*EDT(GT), tau=max(1 px, 0.018*DOD)",368.1,auto_detected,6.6258,46547,25324,0.5440522482651943,D:\Retina\Retinal-Vessel-Segmentation-Benchmark-main\Models_output\gave\test_data\HRF\pred_masks\08_g.png,D:\Retina\Retinal-Vessel-Segmentation-Benchmark-main\config\test_data\HRF\masks\08_g.tif
GAVE,HRF,08_h,0.1,diagnostic_test_set_scan_equal_dataset_macro_F1,"TVS = |S_GT_thin intersect M_pred| / |S_GT_thin|; S_GT_thin uses skeletonize(GT), Dlocal=2*EDT(GT), tau=max(1 px, 0.018*DOD)",404.11,auto_detected,7.27398,31988,10439,0.3263411279229711,D:\Retina\Retinal-Vessel-Segmentation-Benchmark-main\Models_output\gave\test_data\HRF\pred_masks\08_h.png,D:\Retina\Retinal-Vessel-Segmentation-Benchmark-main\config\test_data\HRF\masks\08_h.tif
GAVE,HRF,09_dr,0.1,diagnostic_test_set_scan_equal_dataset_macro_F1,"TVS = |S_GT_thin intersect M_pred| / |S_GT_thin|; S_GT_thin uses skeletonize(GT), Dlocal=2*EDT(GT), tau=max(1 px, 0.018*DOD)",346.98,auto_detected,6.24564,26319,6641,0.25232721607963826,D:\Retina\Retinal-Vessel-Segmentation-Benchmark-main\Models_output\gave\test_data\HRF\pred_masks\09_dr.png,D:\Retina\Retinal-Vessel-Segmentation-Benchmark-main\config\test_data\HRF\masks\09_dr.tif
GAVE,HRF,09_g,0.1,diagnostic_test_set_scan_equal_dataset_macro_F1,"TVS = |S_GT_thin intersect M_pred| / |S_GT_thin|; S_GT_thin uses skeletonize(GT), Dlocal=2*EDT(GT), tau=max(1 px, 0.018*DOD)",379.64,auto_detected,6.833519999999999,42842,20188,0.4712198310069558,D:\Retina\Retinal-Vessel-Segmentation-Benchmark-main\Models_output\gave\test_data\HRF\pred_masks\09_g.png,D:\Retina\Retinal-Vessel-Segmentation-Benchmark-main\config\test_data\HRF\masks\09_g.tif
GAVE,HRF,09_h,0.1,diagnostic_test_set_scan_equal_dataset_macro_F1,"TVS = |S_GT_thin intersect M_pred| / |S_GT_thin|; S_GT_thin uses skeletonize(GT), Dlocal=2*EDT(GT), tau=max(1 px, 0.018*DOD)",399.61,auto_detected,7.1929799999999995,30678,8642,0.2817002412152031,D:\Retina\Retinal-Vessel-Segmentation-Benchmark-main\Models_output\gave\test_data\HRF\pred_masks\09_h.png,D:\Retina\Retinal-Vessel-Segmentation-Benchmark-main\config\test_data\HRF\masks\09_h.tif
GAVE,HRF,10_dr,0.1,diagnostic_test_set_scan_equal_dataset_macro_F1,"TVS = |S_GT_thin intersect M_pred| / |S_GT_thin|; S_GT_thin uses skeletonize(GT), Dlocal=2*EDT(GT), tau=max(1 px, 0.018*DOD)",366.16,auto_detected,6.59088,37150,14178,0.3816419919246299,D:\Retina\Retinal-Vessel-Segmentation-Benchmark-main\Models_output\gave\test_data\HRF\pred_masks\10_dr.png,D:\Retina\Retinal-Vessel-Segmentation-Benchmark-main\config\test_data\HRF\masks\10_dr.tif
GAVE,HRF,10_g,0.1,diagnostic_test_set_scan_equal_dataset_macro_F1,"TVS = |S_GT_thin intersect M_pred| / |S_GT_thin|; S_GT_thin uses skeletonize(GT), Dlocal=2*EDT(GT), tau=max(1 px, 0.018*DOD)",382.96,auto_detected,6.893279999999999,43463,22709,0.5224903941283391,D:\Retina\Retinal-Vessel-Segmentation-Benchmark-main\Models_output\gave\test_data\HRF\pred_masks\10_g.png,D:\Retina\Retinal-Vessel-Segmentation-Benchmark-main\config\test_data\HRF\masks\10_g.tif
GAVE,HRF,10_h,0.1,diagnostic_test_set_scan_equal_dataset_macro_F1,"TVS = |S_GT_thin intersect M_pred| / |S_GT_thin|; S_GT_thin uses skeletonize(GT), Dlocal=2*EDT(GT), tau=max(1 px, 0.018*DOD)",377.06,auto_detected,6.78708,35092,7990,0.2276872221588966,D:\Retina\Retinal-Vessel-Segmentation-Benchmark-main\Models_output\gave\test_data\HRF\pred_masks\10_h.png,D:\Retina\Retinal-Vessel-Segmentation-Benchmark-main\config\test_data\HRF\masks\10_h.tif
GAVE,HRF,11_dr,0.1,diagnostic_test_set_scan_equal_dataset_macro_F1,"TVS = |S_GT_thin intersect M_pred| / |S_GT_thin|; S_GT_thin uses skeletonize(GT), Dlocal=2*EDT(GT), tau=max(1 px, 0.018*DOD)",366.23,auto_detected,6.59214,42816,19445,0.45415265321375187,D:\Retina\Retinal-Vessel-Segmentation-Benchmark-main\Models_output\gave\test_data\HRF\pred_masks\11_dr.png,D:\Retina\Retinal-Vessel-Segmentation-Benchmark-main\config\test_data\HRF\masks\11_dr.tif
GAVE,HRF,11_g,0.1,diagnostic_test_set_scan_equal_dataset_macro_F1,"TVS = |S_GT_thin intersect M_pred| / |S_GT_thin|; S_GT_thin uses skeletonize(GT), Dlocal=2*EDT(GT), tau=max(1 px, 0.018*DOD)",388.59,auto_detected,6.994619999999999,45178,21402,0.47372614989596706,D:\Retina\Retinal-Vessel-Segmentation-Benchmark-main\Models_output\gave\test_data\HRF\pred_masks\11_g.png,D:\Retina\Retinal-Vessel-Segmentation-Benchmark-main\config\test_data\HRF\masks\11_g.tif
GAVE,HRF,11_h,0.1,diagnostic_test_set_scan_equal_dataset_macro_F1,"TVS = |S_GT_thin intersect M_pred| / |S_GT_thin|; S_GT_thin uses skeletonize(GT), Dlocal=2*EDT(GT), tau=max(1 px, 0.018*DOD)",364.47,auto_detected,6.56046,16866,7867,0.4664413613186292,D:\Retina\Retinal-Vessel-Segmentation-Benchmark-main\Models_output\gave\test_data\HRF\pred_masks\11_h.png,D:\Retina\Retinal-Vessel-Segmentation-Benchmark-main\config\test_data\HRF\masks\11_h.tif
GAVE,HRF,12_dr,0.1,diagnostic_test_set_scan_equal_dataset_macro_F1,"TVS = |S_GT_thin intersect M_pred| / |S_GT_thin|; S_GT_thin uses skeletonize(GT), Dlocal=2*EDT(GT), tau=max(1 px, 0.018*DOD)",343.86,auto_detected,6.18948,42185,16382,0.38833708664217137,D:\Retina\Retinal-Vessel-Segmentation-Benchmark-main\Models_output\gave\test_data\HRF\pred_masks\12_dr.png,D:\Retina\Retinal-Vessel-Segmentation-Benchmark-main\config\test_data\HRF\masks\12_dr.tif
GAVE,HRF,12_g,0.1,diagnostic_test_set_scan_equal_dataset_macro_F1,"TVS = |S_GT_thin intersect M_pred| / |S_GT_thin|; S_GT_thin uses skeletonize(GT), Dlocal=2*EDT(GT), tau=max(1 px, 0.018*DOD)",370.63,auto_detected,6.67134,50637,22970,0.45362087011473823,D:\Retina\Retinal-Vessel-Segmentation-Benchmark-main\Models_output\gave\test_data\HRF\pred_masks\12_g.png,D:\Retina\Retinal-Vessel-Segmentation-Benchmark-main\config\test_data\HRF\masks\12_g.tif
GAVE,HRF,12_h,0.1,diagnostic_test_set_scan_equal_dataset_macro_F1,"TVS = |S_GT_thin intersect M_pred| / |S_GT_thin|; S_GT_thin uses skeletonize(GT), Dlocal=2*EDT(GT), tau=max(1 px, 0.018*DOD)",399.76,auto_detected,7.195679999999999,20378,10569,0.5186475610952989,D:\Retina\Retinal-Vessel-Segmentation-Benchmark-main\Models_output\gave\test_data\HRF\pred_masks\12_h.png,D:\Retina\Retinal-Vessel-Segmentation-Benchmark-main\config\test_data\HRF\masks\12_h.tif
GAVE,HRF,13_dr,0.1,diagnostic_test_set_scan_equal_dataset_macro_F1,"TVS = |S_GT_thin intersect M_pred| / |S_GT_thin|; S_GT_thin uses skeletonize(GT), Dlocal=2*EDT(GT), tau=max(1 px, 0.018*DOD)",326.7,auto_detected,5.880599999999999,31848,11053,0.347054760110525,D:\Retina\Retinal-Vessel-Segmentation-Benchmark-main\Models_output\gave\test_data\HRF\pred_masks\13_dr.png,D:\Retina\Retinal-Vessel-Segmentation-Benchmark-main\config\test_data\HRF\masks\13_dr.tif
GAVE,HRF,13_g,0.1,diagnostic_test_set_scan_equal_dataset_macro_F1,"TVS = |S_GT_thin intersect M_pred| / |S_GT_thin|; S_GT_thin uses skeletonize(GT), Dlocal=2*EDT(GT), tau=max(1 px, 0.018*DOD)",363.2,auto_detected,6.537599999999999,43757,18444,0.4215097013049341,D:\Retina\Retinal-Vessel-Segmentation-Benchmark-main\Models_output\gave\test_data\HRF\pred_masks\13_g.png,D:\Retina\Retinal-Vessel-Segmentation-Benchmark-main\config\test_data\HRF\masks\13_g.tif
GAVE,HRF,13_h,0.1,diagnostic_test_set_scan_equal_dataset_macro_F1,"TVS = |S_GT_thin intersect M_pred| / |S_GT_thin|; S_GT_thin uses skeletonize(GT), Dlocal=2*EDT(GT), tau=max(1 px, 0.018*DOD)",358.42,auto_detected,6.45156,22564,12358,0.5476865803935472,D:\Retina\Retinal-Vessel-Segmentation-Benchmark-main\Models_output\gave\test_data\HRF\pred_masks\13_h.png,D:\Retina\Retinal-Vessel-Segmentation-Benchmark-main\config\test_data\HRF\masks\13_h.tif
GAVE,HRF,14_dr,0.1,diagnostic_test_set_scan_equal_dataset_macro_F1,"TVS = |S_GT_thin intersect M_pred| / |S_GT_thin|; S_GT_thin uses skeletonize(GT), Dlocal=2*EDT(GT), tau=max(1 px, 0.018*DOD)",357.84,auto_detected,6.441119999999999,44873,20242,0.4510953134401533,D:\Retina\Retinal-Vessel-Segmentation-Benchmark-main\Models_output\gave\test_data\HRF\pred_masks\14_dr.png,D:\Retina\Retinal-Vessel-Segmentation-Benchmark-main\config\test_data\HRF\masks\14_dr.tif
GAVE,HRF,14_g,0.1,diagnostic_test_set_scan_equal_dataset_macro_F1,"TVS = |S_GT_thin intersect M_pred| / |S_GT_thin|; S_GT_thin uses skeletonize(GT), Dlocal=2*EDT(GT), tau=max(1 px, 0.018*DOD)",354.74,auto_detected,6.38532,43318,15807,0.3649060436769934,D:\Retina\Retinal-Vessel-Segmentation-Benchmark-main\Models_output\gave\test_data\HRF\pred_masks\14_g.png,D:\Retina\Retinal-Vessel-Segmentation-Benchmark-main\config\test_data\HRF\masks\14_g.tif
GAVE,HRF,14_h,0.1,diagnostic_test_set_scan_equal_dataset_macro_F1,"TVS = |S_GT_thin intersect M_pred| / |S_GT_thin|; S_GT_thin uses skeletonize(GT), Dlocal=2*EDT(GT), tau=max(1 px, 0.018*DOD)",360.28,auto_detected,6.485039999999999,20730,11235,0.5419681620839363,D:\Retina\Retinal-Vessel-Segmentation-Benchmark-main\Models_output\gave\test_data\HRF\pred_masks\14_h.png,D:\Retina\Retinal-Vessel-Segmentation-Benchmark-main\config\test_data\HRF\masks\14_h.tif
GAVE,HRF,15_dr,0.1,diagnostic_test_set_scan_equal_dataset_macro_F1,"TVS = |S_GT_thin intersect M_pred| / |S_GT_thin|; S_GT_thin uses skeletonize(GT), Dlocal=2*EDT(GT), tau=max(1 px, 0.018*DOD)",375.46,auto_detected,6.758279999999999,30865,14770,0.47853555807549003,D:\Retina\Retinal-Vessel-Segmentation-Benchmark-main\Models_output\gave\test_data\HRF\pred_masks\15_dr.png,D:\Retina\Retinal-Vessel-Segmentation-Benchmark-main\config\test_data\HRF\masks\15_dr.tif
GAVE,HRF,15_g,0.1,diagnostic_test_set_scan_equal_dataset_macro_F1,"TVS = |S_GT_thin intersect M_pred| / |S_GT_thin|; S_GT_thin uses skeletonize(GT), Dlocal=2*EDT(GT), tau=max(1 px, 0.018*DOD)",387.83,auto_detected,6.9809399999999995,39198,12120,0.3091994489514771,D:\Retina\Retinal-Vessel-Segmentation-Benchmark-main\Models_output\gave\test_data\HRF\pred_masks\15_g.png,D:\Retina\Retinal-Vessel-Segmentation-Benchmark-main\config\test_data\HRF\masks\15_g.tif
GAVE,HRF,15_h,0.1,diagnostic_test_set_scan_equal_dataset_macro_F1,"TVS = |S_GT_thin intersect M_pred| / |S_GT_thin|; S_GT_thin uses skeletonize(GT), Dlocal=2*EDT(GT), tau=max(1 px, 0.018*DOD)",355.9,auto_detected,6.406199999999999,17490,11954,0.6834762721555174,D:\Retina\Retinal-Vessel-Segmentation-Benchmark-main\Models_output\gave\test_data\HRF\pred_masks\15_h.png,D:\Retina\Retinal-Vessel-Segmentation-Benchmark-main\config\test_data\HRF\masks\15_h.tif
GAVE,LES,111,0.1,diagnostic_test_set_scan_equal_dataset_macro_F1,"TVS = |S_GT_thin intersect M_pred| / |S_GT_thin|; S_GT_thin uses skeletonize(GT), Dlocal=2*EDT(GT), tau=max(1 px, 0.018*DOD)",306.16,manual_les_csv,5.51088,4813,1728,0.3590276334926241,D:\Retina\Retinal-Vessel-Segmentation-Benchmark-main\Models_output\gave\test_data\LES\pred_masks\111.png,D:\Retina\Retinal-Vessel-Segmentation-Benchmark-main\config\test_data\LES\masks\111.png
GAVE,LES,119,0.1,diagnostic_test_set_scan_equal_dataset_macro_F1,"TVS = |S_GT_thin intersect M_pred| / |S_GT_thin|; S_GT_thin uses skeletonize(GT), Dlocal=2*EDT(GT), tau=max(1 px, 0.018*DOD)",346.16,manual_les_csv,6.23088,6466,3493,0.5402103309619548,D:\Retina\Retinal-Vessel-Segmentation-Benchmark-main\Models_output\gave\test_data\LES\pred_masks\119.png,D:\Retina\Retinal-Vessel-Segmentation-Benchmark-main\config\test_data\LES\masks\119.png
GAVE,LES,12,0.1,diagnostic_test_set_scan_equal_dataset_macro_F1,"TVS = |S_GT_thin intersect M_pred| / |S_GT_thin|; S_GT_thin uses skeletonize(GT), Dlocal=2*EDT(GT), tau=max(1 px, 0.018*DOD)",342.16,manual_les_csv,6.15888,7323,4270,0.5830943602348764,D:\Retina\Retinal-Vessel-Segmentation-Benchmark-main\Models_output\gave\test_data\LES\pred_masks\12.png,D:\Retina\Retinal-Vessel-Segmentation-Benchmark-main\config\test_data\LES\masks\12.png
GAVE,LES,15,0.1,diagnostic_test_set_scan_equal_dataset_macro_F1,"TVS = |S_GT_thin intersect M_pred| / |S_GT_thin|; S_GT_thin uses skeletonize(GT), Dlocal=2*EDT(GT), tau=max(1 px, 0.018*DOD)",310.16,manual_les_csv,5.58288,2343,825,0.352112676056338,D:\Retina\Retinal-Vessel-Segmentation-Benchmark-main\Models_output\gave\test_data\LES\pred_masks\15.png,D:\Retina\Retinal-Vessel-Segmentation-Benchmark-main\config\test_data\LES\masks\15.png
GAVE,LES,224,0.1,diagnostic_test_set_scan_equal_dataset_macro_F1,"TVS = |S_GT_thin intersect M_pred| / |S_GT_thin|; S_GT_thin uses skeletonize(GT), Dlocal=2*EDT(GT), tau=max(1 px, 0.018*DOD)",294.16,manual_les_csv,5.29488,3116,1434,0.4602053915275995,D:\Retina\Retinal-Vessel-Segmentation-Benchmark-main\Models_output\gave\test_data\LES\pred_masks\224.png,D:\Retina\Retinal-Vessel-Segmentation-Benchmark-main\config\test_data\LES\masks\224.png
GAVE,LES,240,0.1,diagnostic_test_set_scan_equal_dataset_macro_F1,"TVS = |S_GT_thin intersect M_pred| / |S_GT_thin|; S_GT_thin uses skeletonize(GT), Dlocal=2*EDT(GT), tau=max(1 px, 0.018*DOD)",286.16,manual_les_csv,5.15088,3616,1629,0.4504977876106195,D:\Retina\Retinal-Vessel-Segmentation-Benchmark-main\Models_output\gave\test_data\LES\pred_masks\240.png,D:\Retina\Retinal-Vessel-Segmentation-Benchmark-main\config\test_data\LES\masks\240.png
GAVE,LES,275,0.1,diagnostic_test_set_scan_equal_dataset_macro_F1,"TVS = |S_GT_thin intersect M_pred| / |S_GT_thin|; S_GT_thin uses skeletonize(GT), Dlocal=2*EDT(GT), tau=max(1 px, 0.018*DOD)",322.16,manual_les_csv,5.79888,4652,2139,0.4598022355975924,D:\Retina\Retinal-Vessel-Segmentation-Benchmark-main\Models_output\gave\test_data\LES\pred_masks\275.png,D:\Retina\Retinal-Vessel-Segmentation-Benchmark-main\config\test_data\LES\masks\275.png
GAVE,LES,279,0.1,diagnostic_test_set_scan_equal_dataset_macro_F1,"TVS = |S_GT_thin intersect M_pred| / |S_GT_thin|; S_GT_thin uses skeletonize(GT), Dlocal=2*EDT(GT), tau=max(1 px, 0.018*DOD)",354.16,manual_les_csv,6.37488,5525,3408,0.6168325791855204,D:\Retina\Retinal-Vessel-Segmentation-Benchmark-main\Models_output\gave\test_data\LES\pred_masks\279.png,D:\Retina\Retinal-Vessel-Segmentation-Benchmark-main\config\test_data\LES\masks\279.png
GAVE,LES,304,0.1,diagnostic_test_set_scan_equal_dataset_macro_F1,"TVS = |S_GT_thin intersect M_pred| / |S_GT_thin|; S_GT_thin uses skeletonize(GT), Dlocal=2*EDT(GT), tau=max(1 px, 0.018*DOD)",322.16,manual_les_csv,5.79888,2415,964,0.3991718426501035,D:\Retina\Retinal-Vessel-Segmentation-Benchmark-main\Models_output\gave\test_data\LES\pred_masks\304.png,D:\Retina\Retinal-Vessel-Segmentation-Benchmark-main\config\test_data\LES\masks\304.png
GAVE,LES,318,0.1,diagnostic_test_set_scan_equal_dataset_macro_F1,"TVS = |S_GT_thin intersect M_pred| / |S_GT_thin|; S_GT_thin uses skeletonize(GT), Dlocal=2*EDT(GT), tau=max(1 px, 0.018*DOD)",262.16,manual_les_csv,4.71888,3218,1742,0.5413300186451212,D:\Retina\Retinal-Vessel-Segmentation-Benchmark-main\Models_output\gave\test_data\LES\pred_masks\318.png,D:\Retina\Retinal-Vessel-Segmentation-Benchmark-main\config\test_data\LES\masks\318.png
GAVE,LES,33,0.1,diagnostic_test_set_scan_equal_dataset_macro_F1,"TVS = |S_GT_thin intersect M_pred| / |S_GT_thin|; S_GT_thin uses skeletonize(GT), Dlocal=2*EDT(GT), tau=max(1 px, 0.018*DOD)",290.16,manual_les_csv,5.22288,5124,1382,0.2697111631537861,D:\Retina\Retinal-Vessel-Segmentation-Benchmark-main\Models_output\gave\test_data\LES\pred_masks\33.png,D:\Retina\Retinal-Vessel-Segmentation-Benchmark-main\config\test_data\LES\masks\33.png
GAVE,LES,34,0.1,diagnostic_test_set_scan_equal_dataset_macro_F1,"TVS = |S_GT_thin intersect M_pred| / |S_GT_thin|; S_GT_thin uses skeletonize(GT), Dlocal=2*EDT(GT), tau=max(1 px, 0.018*DOD)",310.12,manual_les_csv,5.58216,7573,2291,0.30252211805097057,D:\Retina\Retinal-Vessel-Segmentation-Benchmark-main\Models_output\gave\test_data\LES\pred_masks\34.png,D:\Retina\Retinal-Vessel-Segmentation-Benchmark-main\config\test_data\LES\masks\34.png
GAVE,LES,367,0.1,diagnostic_test_set_scan_equal_dataset_macro_F1,"TVS = |S_GT_thin intersect M_pred| / |S_GT_thin|; S_GT_thin uses skeletonize(GT), Dlocal=2*EDT(GT), tau=max(1 px, 0.018*DOD)",266.16,manual_les_csv,4.7908800000000005,3456,1837,0.5315393518518519,D:\Retina\Retinal-Vessel-Segmentation-Benchmark-main\Models_output\gave\test_data\LES\pred_masks\367.png,D:\Retina\Retinal-Vessel-Segmentation-Benchmark-main\config\test_data\LES\masks\367.png
GAVE,LES,37,0.1,diagnostic_test_set_scan_equal_dataset_macro_F1,"TVS = |S_GT_thin intersect M_pred| / |S_GT_thin|; S_GT_thin uses skeletonize(GT), Dlocal=2*EDT(GT), tau=max(1 px, 0.018*DOD)",326.16,manual_les_csv,5.87088,3535,1416,0.40056577086280054,D:\Retina\Retinal-Vessel-Segmentation-Benchmark-main\Models_output\gave\test_data\LES\pred_masks\37.png,D:\Retina\Retinal-Vessel-Segmentation-Benchmark-main\config\test_data\LES\masks\37.png
GAVE,LES,370,0.1,diagnostic_test_set_scan_equal_dataset_macro_F1,"TVS = |S_GT_thin intersect M_pred| / |S_GT_thin|; S_GT_thin uses skeletonize(GT), Dlocal=2*EDT(GT), tau=max(1 px, 0.018*DOD)",270.16,manual_les_csv,4.86288,3505,1888,0.5386590584878744,D:\Retina\Retinal-Vessel-Segmentation-Benchmark-main\Models_output\gave\test_data\LES\pred_masks\370.png,D:\Retina\Retinal-Vessel-Segmentation-Benchmark-main\config\test_data\LES\masks\370.png
GAVE,LES,42,0.1,diagnostic_test_set_scan_equal_dataset_macro_F1,"TVS = |S_GT_thin intersect M_pred| / |S_GT_thin|; S_GT_thin uses skeletonize(GT), Dlocal=2*EDT(GT), tau=max(1 px, 0.018*DOD)",306.16,manual_les_csv,5.51088,3697,1313,0.35515282661617525,D:\Retina\Retinal-Vessel-Segmentation-Benchmark-main\Models_output\gave\test_data\LES\pred_masks\42.png,D:\Retina\Retinal-Vessel-Segmentation-Benchmark-main\config\test_data\LES\masks\42.png
GAVE,LES,486,0.1,diagnostic_test_set_scan_equal_dataset_macro_F1,"TVS = |S_GT_thin intersect M_pred| / |S_GT_thin|; S_GT_thin uses skeletonize(GT), Dlocal=2*EDT(GT), tau=max(1 px, 0.018*DOD)",270.16,manual_les_csv,4.86288,2614,1159,0.4433817903596021,D:\Retina\Retinal-Vessel-Segmentation-Benchmark-main\Models_output\gave\test_data\LES\pred_masks\486.png,D:\Retina\Retinal-Vessel-Segmentation-Benchmark-main\config\test_data\LES\masks\486.png
GAVE,LES,49,0.1,diagnostic_test_set_scan_equal_dataset_macro_F1,"TVS = |S_GT_thin intersect M_pred| / |S_GT_thin|; S_GT_thin uses skeletonize(GT), Dlocal=2*EDT(GT), tau=max(1 px, 0.018*DOD)",258.16,manual_les_csv,4.64688,2818,991,0.3516678495386799,D:\Retina\Retinal-Vessel-Segmentation-Benchmark-main\Models_output\gave\test_data\LES\pred_masks\49.png,D:\Retina\Retinal-Vessel-Segmentation-Benchmark-main\config\test_data\LES\masks\49.png
GAVE,LES,529,0.1,diagnostic_test_set_scan_equal_dataset_macro_F1,"TVS = |S_GT_thin intersect M_pred| / |S_GT_thin|; S_GT_thin uses skeletonize(GT), Dlocal=2*EDT(GT), tau=max(1 px, 0.018*DOD)",314.16,manual_les_csv,5.65488,1939,482,0.24858174316658072,D:\Retina\Retinal-Vessel-Segmentation-Benchmark-main\Models_output\gave\test_data\LES\pred_masks\529.png,D:\Retina\Retinal-Vessel-Segmentation-Benchmark-main\config\test_data\LES\masks\529.png
GAVE,LES,53,0.1,diagnostic_test_set_scan_equal_dataset_macro_F1,"TVS = |S_GT_thin intersect M_pred| / |S_GT_thin|; S_GT_thin uses skeletonize(GT), Dlocal=2*EDT(GT), tau=max(1 px, 0.018*DOD)",290.16,manual_les_csv,5.22288,3970,1412,0.3556675062972292,D:\Retina\Retinal-Vessel-Segmentation-Benchmark-main\Models_output\gave\test_data\LES\pred_masks\53.png,D:\Retina\Retinal-Vessel-Segmentation-Benchmark-main\config\test_data\LES\masks\53.png
GAVE,LES,586,0.1,diagnostic_test_set_scan_equal_dataset_macro_F1,"TVS = |S_GT_thin intersect M_pred| / |S_GT_thin|; S_GT_thin uses skeletonize(GT), Dlocal=2*EDT(GT), tau=max(1 px, 0.018*DOD)",326.16,manual_les_csv,5.87088,4752,2789,0.5869107744107744,D:\Retina\Retinal-Vessel-Segmentation-Benchmark-main\Models_output\gave\test_data\LES\pred_masks\586.png,D:\Retina\Retinal-Vessel-Segmentation-Benchmark-main\config\test_data\LES\masks\586.png
GAVE,LES,90,0.1,diagnostic_test_set_scan_equal_dataset_macro_F1,"TVS = |S_GT_thin intersect M_pred| / |S_GT_thin|; S_GT_thin uses skeletonize(GT), Dlocal=2*EDT(GT), tau=max(1 px, 0.018*DOD)",282.16,manual_les_csv,5.07888,2987,840,0.2812186139939739,D:\Retina\Retinal-Vessel-Segmentation-Benchmark-main\Models_output\gave\test_data\LES\pred_masks\90.png,D:\Retina\Retinal-Vessel-Segmentation-Benchmark-main\config\test_data\LES\masks\90.png
GAVE,STARE,im0001,0.1,diagnostic_test_set_scan_equal_dataset_macro_F1,"TVS = |S_GT_thin intersect M_pred| / |S_GT_thin|; S_GT_thin uses skeletonize(GT), Dlocal=2*EDT(GT), tau=max(1 px, 0.018*DOD)",119.04,annotation_csv,2.1427199999999997,2392,1284,0.5367892976588629,D:\Retina\Retinal-Vessel-Segmentation-Benchmark-main\Models_output\gave\test_data\STARE\pred_masks\im0001.png,D:\Retina\Retinal-Vessel-Segmentation-Benchmark-main\config\test_data\STARE\masks\im0001.png
GAVE,STARE,im0002,0.1,diagnostic_test_set_scan_equal_dataset_macro_F1,"TVS = |S_GT_thin intersect M_pred| / |S_GT_thin|; S_GT_thin uses skeletonize(GT), Dlocal=2*EDT(GT), tau=max(1 px, 0.018*DOD)",97.74,auto_detected,1.7593199999999998,0,0,0.0,D:\Retina\Retinal-Vessel-Segmentation-Benchmark-main\Models_output\gave\test_data\STARE\pred_masks\im0002.png,D:\Retina\Retinal-Vessel-Segmentation-Benchmark-main\config\test_data\STARE\masks\im0002.png
GAVE,STARE,im0003,0.1,diagnostic_test_set_scan_equal_dataset_macro_F1,"TVS = |S_GT_thin intersect M_pred| / |S_GT_thin|; S_GT_thin uses skeletonize(GT), Dlocal=2*EDT(GT), tau=max(1 px, 0.018*DOD)",130.73,auto_detected,2.35314,1973,577,0.2924480486568677,D:\Retina\Retinal-Vessel-Segmentation-Benchmark-main\Models_output\gave\test_data\STARE\pred_masks\im0003.png,D:\Retina\Retinal-Vessel-Segmentation-Benchmark-main\config\test_data\STARE\masks\im0003.png
GAVE,STARE,im0004,0.1,diagnostic_test_set_scan_equal_dataset_macro_F1,"TVS = |S_GT_thin intersect M_pred| / |S_GT_thin|; S_GT_thin uses skeletonize(GT), Dlocal=2*EDT(GT), tau=max(1 px, 0.018*DOD)",111.92,auto_detected,2.01456,629,293,0.465818759936407,D:\Retina\Retinal-Vessel-Segmentation-Benchmark-main\Models_output\gave\test_data\STARE\pred_masks\im0004.png,D:\Retina\Retinal-Vessel-Segmentation-Benchmark-main\config\test_data\STARE\masks\im0004.png
GAVE,STARE,im0005,0.1,diagnostic_test_set_scan_equal_dataset_macro_F1,"TVS = |S_GT_thin intersect M_pred| / |S_GT_thin|; S_GT_thin uses skeletonize(GT), Dlocal=2*EDT(GT), tau=max(1 px, 0.018*DOD)",131.87,auto_detected,2.37366,814,268,0.32923832923832924,D:\Retina\Retinal-Vessel-Segmentation-Benchmark-main\Models_output\gave\test_data\STARE\pred_masks\im0005.png,D:\Retina\Retinal-Vessel-Segmentation-Benchmark-main\config\test_data\STARE\masks\im0005.png
GAVE,STARE,im0044,0.1,diagnostic_test_set_scan_equal_dataset_macro_F1,"TVS = |S_GT_thin intersect M_pred| / |S_GT_thin|; S_GT_thin uses skeletonize(GT), Dlocal=2*EDT(GT), tau=max(1 px, 0.018*DOD)",133.3,auto_detected,2.3994,1979,298,0.1505811015664477,D:\Retina\Retinal-Vessel-Segmentation-Benchmark-main\Models_output\gave\test_data\STARE\pred_masks\im0044.png,D:\Retina\Retinal-Vessel-Segmentation-Benchmark-main\config\test_data\STARE\masks\im0044.png
GAVE,STARE,im0077,0.1,diagnostic_test_set_scan_equal_dataset_macro_F1,"TVS = |S_GT_thin intersect M_pred| / |S_GT_thin|; S_GT_thin uses skeletonize(GT), Dlocal=2*EDT(GT), tau=max(1 px, 0.018*DOD)",134.65,auto_detected,2.4236999999999997,3465,1878,0.541991341991342,D:\Retina\Retinal-Vessel-Segmentation-Benchmark-main\Models_output\gave\test_data\STARE\pred_masks\im0077.png,D:\Retina\Retinal-Vessel-Segmentation-Benchmark-main\config\test_data\STARE\masks\im0077.png
GAVE,STARE,im0081,0.1,diagnostic_test_set_scan_equal_dataset_macro_F1,"TVS = |S_GT_thin intersect M_pred| / |S_GT_thin|; S_GT_thin uses skeletonize(GT), Dlocal=2*EDT(GT), tau=max(1 px, 0.018*DOD)",116.54,auto_detected,2.09772,3163,2387,0.7546632943408157,D:\Retina\Retinal-Vessel-Segmentation-Benchmark-main\Models_output\gave\test_data\STARE\pred_masks\im0081.png,D:\Retina\Retinal-Vessel-Segmentation-Benchmark-main\config\test_data\STARE\masks\im0081.png
GAVE,STARE,im0082,0.1,diagnostic_test_set_scan_equal_dataset_macro_F1,"TVS = |S_GT_thin intersect M_pred| / |S_GT_thin|; S_GT_thin uses skeletonize(GT), Dlocal=2*EDT(GT), tau=max(1 px, 0.018*DOD)",120.44,auto_detected,2.1679199999999996,3691,2104,0.5700352208073692,D:\Retina\Retinal-Vessel-Segmentation-Benchmark-main\Models_output\gave\test_data\STARE\pred_masks\im0082.png,D:\Retina\Retinal-Vessel-Segmentation-Benchmark-main\config\test_data\STARE\masks\im0082.png
GAVE,STARE,im0139,0.1,diagnostic_test_set_scan_equal_dataset_macro_F1,"TVS = |S_GT_thin intersect M_pred| / |S_GT_thin|; S_GT_thin uses skeletonize(GT), Dlocal=2*EDT(GT), tau=max(1 px, 0.018*DOD)",93.91,auto_detected,1.6903799999999998,0,0,0.0,D:\Retina\Retinal-Vessel-Segmentation-Benchmark-main\Models_output\gave\test_data\STARE\pred_masks\im0139.png,D:\Retina\Retinal-Vessel-Segmentation-Benchmark-main\config\test_data\STARE\masks\im0139.png
GAVE,STARE,im0162,0.1,diagnostic_test_set_scan_equal_dataset_macro_F1,"TVS = |S_GT_thin intersect M_pred| / |S_GT_thin|; S_GT_thin uses skeletonize(GT), Dlocal=2*EDT(GT), tau=max(1 px, 0.018*DOD)",93.13,auto_detected,1.6763399999999997,0,0,0.0,D:\Retina\Retinal-Vessel-Segmentation-Benchmark-main\Models_output\gave\test_data\STARE\pred_masks\im0162.png,D:\Retina\Retinal-Vessel-Segmentation-Benchmark-main\config\test_data\STARE\masks\im0162.png
GAVE,STARE,im0163,0.1,diagnostic_test_set_scan_equal_dataset_macro_F1,"TVS = |S_GT_thin intersect M_pred| / |S_GT_thin|; S_GT_thin uses skeletonize(GT), Dlocal=2*EDT(GT), tau=max(1 px, 0.018*DOD)",121.3,auto_detected,2.1834,3200,2440,0.7625,D:\Retina\Retinal-Vessel-Segmentation-Benchmark-main\Models_output\gave\test_data\STARE\pred_masks\im0163.png,D:\Retina\Retinal-Vessel-Segmentation-Benchmark-main\config\test_data\STARE\masks\im0163.png
GAVE,STARE,im0235,0.1,diagnostic_test_set_scan_equal_dataset_macro_F1,"TVS = |S_GT_thin intersect M_pred| / |S_GT_thin|; S_GT_thin uses skeletonize(GT), Dlocal=2*EDT(GT), tau=max(1 px, 0.018*DOD)",122.39,annotation_csv,2.20302,3131,1630,0.5206004471414883,D:\Retina\Retinal-Vessel-Segmentation-Benchmark-main\Models_output\gave\test_data\STARE\pred_masks\im0235.png,D:\Retina\Retinal-Vessel-Segmentation-Benchmark-main\config\test_data\STARE\masks\im0235.png
GAVE,STARE,im0236,0.1,diagnostic_test_set_scan_equal_dataset_macro_F1,"TVS = |S_GT_thin intersect M_pred| / |S_GT_thin|; S_GT_thin uses skeletonize(GT), Dlocal=2*EDT(GT), tau=max(1 px, 0.018*DOD)",121.2,auto_detected,2.1816,2506,824,0.32881085395051873,D:\Retina\Retinal-Vessel-Segmentation-Benchmark-main\Models_output\gave\test_data\STARE\pred_masks\im0236.png,D:\Retina\Retinal-Vessel-Segmentation-Benchmark-main\config\test_data\STARE\masks\im0236.png
GAVE,STARE,im0239,0.1,diagnostic_test_set_scan_equal_dataset_macro_F1,"TVS = |S_GT_thin intersect M_pred| / |S_GT_thin|; S_GT_thin uses skeletonize(GT), Dlocal=2*EDT(GT), tau=max(1 px, 0.018*DOD)",125.87,auto_detected,2.26566,2969,1505,0.5069046817110138,D:\Retina\Retinal-Vessel-Segmentation-Benchmark-main\Models_output\gave\test_data\STARE\pred_masks\im0239.png,D:\Retina\Retinal-Vessel-Segmentation-Benchmark-main\config\test_data\STARE\masks\im0239.png
GAVE,STARE,im0240,0.1,diagnostic_test_set_scan_equal_dataset_macro_F1,"TVS = |S_GT_thin intersect M_pred| / |S_GT_thin|; S_GT_thin uses skeletonize(GT), Dlocal=2*EDT(GT), tau=max(1 px, 0.018*DOD)",133.44,auto_detected,2.4019199999999996,1136,636,0.5598591549295775,D:\Retina\Retinal-Vessel-Segmentation-Benchmark-main\Models_output\gave\test_data\STARE\pred_masks\im0240.png,D:\Retina\Retinal-Vessel-Segmentation-Benchmark-main\config\test_data\STARE\masks\im0240.png
GAVE,STARE,im0255,0.1,diagnostic_test_set_scan_equal_dataset_macro_F1,"TVS = |S_GT_thin intersect M_pred| / |S_GT_thin|; S_GT_thin uses skeletonize(GT), Dlocal=2*EDT(GT), tau=max(1 px, 0.018*DOD)",89.18,auto_detected,1.60524,0,0,0.0,D:\Retina\Retinal-Vessel-Segmentation-Benchmark-main\Models_output\gave\test_data\STARE\pred_masks\im0255.png,D:\Retina\Retinal-Vessel-Segmentation-Benchmark-main\config\test_data\STARE\masks\im0255.png
GAVE,STARE,im0291,0.1,diagnostic_test_set_scan_equal_dataset_macro_F1,"TVS = |S_GT_thin intersect M_pred| / |S_GT_thin|; S_GT_thin uses skeletonize(GT), Dlocal=2*EDT(GT), tau=max(1 px, 0.018*DOD)",109.2,auto_detected,1.9655999999999998,0,0,0.0,D:\Retina\Retinal-Vessel-Segmentation-Benchmark-main\Models_output\gave\test_data\STARE\pred_masks\im0291.png,D:\Retina\Retinal-Vessel-Segmentation-Benchmark-main\config\test_data\STARE\masks\im0291.png
GAVE,STARE,im0319,0.1,diagnostic_test_set_scan_equal_dataset_macro_F1,"TVS = |S_GT_thin intersect M_pred| / |S_GT_thin|; S_GT_thin uses skeletonize(GT), Dlocal=2*EDT(GT), tau=max(1 px, 0.018*DOD)",125.2,auto_detected,2.2536,1459,657,0.45030843043180263,D:\Retina\Retinal-Vessel-Segmentation-Benchmark-main\Models_output\gave\test_data\STARE\pred_masks\im0319.png,D:\Retina\Retinal-Vessel-Segmentation-Benchmark-main\config\test_data\STARE\masks\im0319.png
GAVE,STARE,im0324,0.1,diagnostic_test_set_scan_equal_dataset_macro_F1,"TVS = |S_GT_thin intersect M_pred| / |S_GT_thin|; S_GT_thin uses skeletonize(GT), Dlocal=2*EDT(GT), tau=max(1 px, 0.018*DOD)",138.12,auto_detected,2.48616,1101,588,0.5340599455040872,D:\Retina\Retinal-Vessel-Segmentation-Benchmark-main\Models_output\gave\test_data\STARE\pred_masks\im0324.png,D:\Retina\Retinal-Vessel-Segmentation-Benchmark-main\config\test_data\STARE\masks\im0324.png
SA-UNnetv2,AFIO,IM000001,0.75,diagnostic_test_set_scan_equal_dataset_macro_F1,"TVS = |S_GT_thin intersect M_pred| / |S_GT_thin|; S_GT_thin uses skeletonize(GT), Dlocal=2*EDT(GT), tau=max(1 px, 0.018*DOD)",119.7,auto_detected,2.1546,49,25,0.5102040816326531,D:\Retina\Retinal-Vessel-Segmentation-Benchmark-main\Models_output\SA-UNnetv2\test_data\AFIO\pred_masks\IM000001.png,D:\Retina\Retinal-Vessel-Segmentation-Benchmark-main\config\test_data\AFIO\masks\IM000001.png
SA-UNnetv2,AFIO,IM000004,0.75,diagnostic_test_set_scan_equal_dataset_macro_F1,"TVS = |S_GT_thin intersect M_pred| / |S_GT_thin|; S_GT_thin uses skeletonize(GT), Dlocal=2*EDT(GT), tau=max(1 px, 0.018*DOD)",124.56,auto_detected,2.24208,233,102,0.43776824034334766,D:\Retina\Retinal-Vessel-Segmentation-Benchmark-main\Models_output\SA-UNnetv2\test_data\AFIO\pred_masks\IM000004.png,D:\Retina\Retinal-Vessel-Segmentation-Benchmark-main\config\test_data\AFIO\masks\IM000004.png
SA-UNnetv2,AFIO,IM000023,0.75,diagnostic_test_set_scan_equal_dataset_macro_F1,"TVS = |S_GT_thin intersect M_pred| / |S_GT_thin|; S_GT_thin uses skeletonize(GT), Dlocal=2*EDT(GT), tau=max(1 px, 0.018*DOD)",128.0,auto_detected,2.304,189,62,0.328042328042328,D:\Retina\Retinal-Vessel-Segmentation-Benchmark-main\Models_output\SA-UNnetv2\test_data\AFIO\pred_masks\IM000023.png,D:\Retina\Retinal-Vessel-Segmentation-Benchmark-main\config\test_data\AFIO\masks\IM000023.png
SA-UNnetv2,AFIO,IM000024,0.75,diagnostic_test_set_scan_equal_dataset_macro_F1,"TVS = |S_GT_thin intersect M_pred| / |S_GT_thin|; S_GT_thin uses skeletonize(GT), Dlocal=2*EDT(GT), tau=max(1 px, 0.018*DOD)",135.87,auto_detected,2.4456599999999997,225,58,0.2577777777777778,D:\Retina\Retinal-Vessel-Segmentation-Benchmark-main\Models_output\SA-UNnetv2\test_data\AFIO\pred_masks\IM000024.png,D:\Retina\Retinal-Vessel-Segmentation-Benchmark-main\config\test_data\AFIO\masks\IM000024.png
SA-UNnetv2,AFIO,IM000135,0.75,diagnostic_test_set_scan_equal_dataset_macro_F1,"TVS = |S_GT_thin intersect M_pred| / |S_GT_thin|; S_GT_thin uses skeletonize(GT), Dlocal=2*EDT(GT), tau=max(1 px, 0.018*DOD)",150.24,auto_detected,2.70432,598,114,0.19063545150501673,D:\Retina\Retinal-Vessel-Segmentation-Benchmark-main\Models_output\SA-UNnetv2\test_data\AFIO\pred_masks\IM000135.png,D:\Retina\Retinal-Vessel-Segmentation-Benchmark-main\config\test_data\AFIO\masks\IM000135.png
SA-UNnetv2,AFIO,IM000136,0.75,diagnostic_test_set_scan_equal_dataset_macro_F1,"TVS = |S_GT_thin intersect M_pred| / |S_GT_thin|; S_GT_thin uses skeletonize(GT), Dlocal=2*EDT(GT), tau=max(1 px, 0.018*DOD)",141.64,auto_detected,2.5495199999999993,26,11,0.4230769230769231,D:\Retina\Retinal-Vessel-Segmentation-Benchmark-main\Models_output\SA-UNnetv2\test_data\AFIO\pred_masks\IM000136.png,D:\Retina\Retinal-Vessel-Segmentation-Benchmark-main\config\test_data\AFIO\masks\IM000136.png
SA-UNnetv2,AFIO,IM000167,0.75,diagnostic_test_set_scan_equal_dataset_macro_F1,"TVS = |S_GT_thin intersect M_pred| / |S_GT_thin|; S_GT_thin uses skeletonize(GT), Dlocal=2*EDT(GT), tau=max(1 px, 0.018*DOD)",121.13,auto_detected,2.1803399999999997,31,20,0.6451612903225806,D:\Retina\Retinal-Vessel-Segmentation-Benchmark-main\Models_output\SA-UNnetv2\test_data\AFIO\pred_masks\IM000167.png,D:\Retina\Retinal-Vessel-Segmentation-Benchmark-main\config\test_data\AFIO\masks\IM000167.png
SA-UNnetv2,AFIO,IM000168,0.75,diagnostic_test_set_scan_equal_dataset_macro_F1,"TVS = |S_GT_thin intersect M_pred| / |S_GT_thin|; S_GT_thin uses skeletonize(GT), Dlocal=2*EDT(GT), tau=max(1 px, 0.018*DOD)",139.57,auto_detected,2.5122599999999995,184,26,0.14130434782608695,D:\Retina\Retinal-Vessel-Segmentation-Benchmark-main\Models_output\SA-UNnetv2\test_data\AFIO\pred_masks\IM000168.png,D:\Retina\Retinal-Vessel-Segmentation-Benchmark-main\config\test_data\AFIO\masks\IM000168.png
SA-UNnetv2,AFIO,IM000189,0.75,diagnostic_test_set_scan_equal_dataset_macro_F1,"TVS = |S_GT_thin intersect M_pred| / |S_GT_thin|; S_GT_thin uses skeletonize(GT), Dlocal=2*EDT(GT), tau=max(1 px, 0.018*DOD)",149.53,auto_detected,2.69154,148,63,0.42567567567567566,D:\Retina\Retinal-Vessel-Segmentation-Benchmark-main\Models_output\SA-UNnetv2\test_data\AFIO\pred_masks\IM000189.png,D:\Retina\Retinal-Vessel-Segmentation-Benchmark-main\config\test_data\AFIO\masks\IM000189.png
SA-UNnetv2,AFIO,IM000209,0.75,diagnostic_test_set_scan_equal_dataset_macro_F1,"TVS = |S_GT_thin intersect M_pred| / |S_GT_thin|; S_GT_thin uses skeletonize(GT), Dlocal=2*EDT(GT), tau=max(1 px, 0.018*DOD)",140.0,auto_detected,2.52,74,20,0.2702702702702703,D:\Retina\Retinal-Vessel-Segmentation-Benchmark-main\Models_output\SA-UNnetv2\test_data\AFIO\pred_masks\IM000209.png,D:\Retina\Retinal-Vessel-Segmentation-Benchmark-main\config\test_data\AFIO\masks\IM000209.png
SA-UNnetv2,AFIO,IM000210,0.75,diagnostic_test_set_scan_equal_dataset_macro_F1,"TVS = |S_GT_thin intersect M_pred| / |S_GT_thin|; S_GT_thin uses skeletonize(GT), Dlocal=2*EDT(GT), tau=max(1 px, 0.018*DOD)",164.3,auto_detected,2.9574,922,231,0.25054229934924077,D:\Retina\Retinal-Vessel-Segmentation-Benchmark-main\Models_output\SA-UNnetv2\test_data\AFIO\pred_masks\IM000210.png,D:\Retina\Retinal-Vessel-Segmentation-Benchmark-main\config\test_data\AFIO\masks\IM000210.png
SA-UNnetv2,AFIO,IM000333,0.75,diagnostic_test_set_scan_equal_dataset_macro_F1,"TVS = |S_GT_thin intersect M_pred| / |S_GT_thin|; S_GT_thin uses skeletonize(GT), Dlocal=2*EDT(GT), tau=max(1 px, 0.018*DOD)",134.96,auto_detected,2.42928,41,20,0.4878048780487805,D:\Retina\Retinal-Vessel-Segmentation-Benchmark-main\Models_output\SA-UNnetv2\test_data\AFIO\pred_masks\IM000333.png,D:\Retina\Retinal-Vessel-Segmentation-Benchmark-main\config\test_data\AFIO\masks\IM000333.png
SA-UNnetv2,AFIO,IM000389,0.75,diagnostic_test_set_scan_equal_dataset_macro_F1,"TVS = |S_GT_thin intersect M_pred| / |S_GT_thin|; S_GT_thin uses skeletonize(GT), Dlocal=2*EDT(GT), tau=max(1 px, 0.018*DOD)",137.55,auto_detected,2.4759,43,3,0.06976744186046512,D:\Retina\Retinal-Vessel-Segmentation-Benchmark-main\Models_output\SA-UNnetv2\test_data\AFIO\pred_masks\IM000389.png,D:\Retina\Retinal-Vessel-Segmentation-Benchmark-main\config\test_data\AFIO\masks\IM000389.png
SA-UNnetv2,AFIO,IM000390,0.75,diagnostic_test_set_scan_equal_dataset_macro_F1,"TVS = |S_GT_thin intersect M_pred| / |S_GT_thin|; S_GT_thin uses skeletonize(GT), Dlocal=2*EDT(GT), tau=max(1 px, 0.018*DOD)",138.93,auto_detected,2.50074,34,18,0.5294117647058824,D:\Retina\Retinal-Vessel-Segmentation-Benchmark-main\Models_output\SA-UNnetv2\test_data\AFIO\pred_masks\IM000390.png,D:\Retina\Retinal-Vessel-Segmentation-Benchmark-main\config\test_data\AFIO\masks\IM000390.png
SA-UNnetv2,AFIO,IM000678,0.75,diagnostic_test_set_scan_equal_dataset_macro_F1,"TVS = |S_GT_thin intersect M_pred| / |S_GT_thin|; S_GT_thin uses skeletonize(GT), Dlocal=2*EDT(GT), tau=max(1 px, 0.018*DOD)",148.0,auto_detected,2.6639999999999997,92,50,0.5434782608695652,D:\Retina\Retinal-Vessel-Segmentation-Benchmark-main\Models_output\SA-UNnetv2\test_data\AFIO\pred_masks\IM000678.png,D:\Retina\Retinal-Vessel-Segmentation-Benchmark-main\config\test_data\AFIO\masks\IM000678.png
SA-UNnetv2,AFIO,IM000679,0.75,diagnostic_test_set_scan_equal_dataset_macro_F1,"TVS = |S_GT_thin intersect M_pred| / |S_GT_thin|; S_GT_thin uses skeletonize(GT), Dlocal=2*EDT(GT), tau=max(1 px, 0.018*DOD)",148.0,annotation_csv,2.6639999999999997,55,19,0.34545454545454546,D:\Retina\Retinal-Vessel-Segmentation-Benchmark-main\Models_output\SA-UNnetv2\test_data\AFIO\pred_masks\IM000679.png,D:\Retina\Retinal-Vessel-Segmentation-Benchmark-main\config\test_data\AFIO\masks\IM000679.png
SA-UNnetv2,AFIO,IM000715,0.75,diagnostic_test_set_scan_equal_dataset_macro_F1,"TVS = |S_GT_thin intersect M_pred| / |S_GT_thin|; S_GT_thin uses skeletonize(GT), Dlocal=2*EDT(GT), tau=max(1 px, 0.018*DOD)",159.12,auto_detected,2.86416,556,395,0.710431654676259,D:\Retina\Retinal-Vessel-Segmentation-Benchmark-main\Models_output\SA-UNnetv2\test_data\AFIO\pred_masks\IM000715.png,D:\Retina\Retinal-Vessel-Segmentation-Benchmark-main\config\test_data\AFIO\masks\IM000715.png
SA-UNnetv2,AFIO,IM000716,0.75,diagnostic_test_set_scan_equal_dataset_macro_F1,"TVS = |S_GT_thin intersect M_pred| / |S_GT_thin|; S_GT_thin uses skeletonize(GT), Dlocal=2*EDT(GT), tau=max(1 px, 0.018*DOD)",161.11,auto_detected,2.8999800000000002,1574,773,0.49110546378653114,D:\Retina\Retinal-Vessel-Segmentation-Benchmark-main\Models_output\SA-UNnetv2\test_data\AFIO\pred_masks\IM000716.png,D:\Retina\Retinal-Vessel-Segmentation-Benchmark-main\config\test_data\AFIO\masks\IM000716.png
SA-UNnetv2,AFIO,IM000938,0.75,diagnostic_test_set_scan_equal_dataset_macro_F1,"TVS = |S_GT_thin intersect M_pred| / |S_GT_thin|; S_GT_thin uses skeletonize(GT), Dlocal=2*EDT(GT), tau=max(1 px, 0.018*DOD)",150.69,auto_detected,2.71242,46,17,0.3695652173913043,D:\Retina\Retinal-Vessel-Segmentation-Benchmark-main\Models_output\SA-UNnetv2\test_data\AFIO\pred_masks\IM000938.png,D:\Retina\Retinal-Vessel-Segmentation-Benchmark-main\config\test_data\AFIO\masks\IM000938.png
SA-UNnetv2,AFIO,IM001031,0.75,diagnostic_test_set_scan_equal_dataset_macro_F1,"TVS = |S_GT_thin intersect M_pred| / |S_GT_thin|; S_GT_thin uses skeletonize(GT), Dlocal=2*EDT(GT), tau=max(1 px, 0.018*DOD)",135.38,auto_detected,2.4368399999999997,55,9,0.16363636363636364,D:\Retina\Retinal-Vessel-Segmentation-Benchmark-main\Models_output\SA-UNnetv2\test_data\AFIO\pred_masks\IM001031.png,D:\Retina\Retinal-Vessel-Segmentation-Benchmark-main\config\test_data\AFIO\masks\IM001031.png
SA-UNnetv2,AFIO,IM001032,0.75,diagnostic_test_set_scan_equal_dataset_macro_F1,"TVS = |S_GT_thin intersect M_pred| / |S_GT_thin|; S_GT_thin uses skeletonize(GT), Dlocal=2*EDT(GT), tau=max(1 px, 0.018*DOD)",135.38,auto_detected,2.4368399999999997,55,9,0.16363636363636364,D:\Retina\Retinal-Vessel-Segmentation-Benchmark-main\Models_output\SA-UNnetv2\test_data\AFIO\pred_masks\IM001032.png,D:\Retina\Retinal-Vessel-Segmentation-Benchmark-main\config\test_data\AFIO\masks\IM001032.png
SA-UNnetv2,AFIO,IM001034,0.75,diagnostic_test_set_scan_equal_dataset_macro_F1,"TVS = |S_GT_thin intersect M_pred| / |S_GT_thin|; S_GT_thin uses skeletonize(GT), Dlocal=2*EDT(GT), tau=max(1 px, 0.018*DOD)",145.08,auto_detected,2.61144,8,4,0.5,D:\Retina\Retinal-Vessel-Segmentation-Benchmark-main\Models_output\SA-UNnetv2\test_data\AFIO\pred_masks\IM001034.png,D:\Retina\Retinal-Vessel-Segmentation-Benchmark-main\config\test_data\AFIO\masks\IM001034.png
SA-UNnetv2,AFIO,IM001069,0.75,diagnostic_test_set_scan_equal_dataset_macro_F1,"TVS = |S_GT_thin intersect M_pred| / |S_GT_thin|; S_GT_thin uses skeletonize(GT), Dlocal=2*EDT(GT), tau=max(1 px, 0.018*DOD)",157.83,auto_detected,2.84094,38,10,0.2631578947368421,D:\Retina\Retinal-Vessel-Segmentation-Benchmark-main\Models_output\SA-UNnetv2\test_data\AFIO\pred_masks\IM001069.png,D:\Retina\Retinal-Vessel-Segmentation-Benchmark-main\config\test_data\AFIO\masks\IM001069.png
SA-UNnetv2,AFIO,IM001070,0.75,diagnostic_test_set_scan_equal_dataset_macro_F1,"TVS = |S_GT_thin intersect M_pred| / |S_GT_thin|; S_GT_thin uses skeletonize(GT), Dlocal=2*EDT(GT), tau=max(1 px, 0.018*DOD)",164.62,auto_detected,2.96316,460,67,0.14565217391304347,D:\Retina\Retinal-Vessel-Segmentation-Benchmark-main\Models_output\SA-UNnetv2\test_data\AFIO\pred_masks\IM001070.png,D:\Retina\Retinal-Vessel-Segmentation-Benchmark-main\config\test_data\AFIO\masks\IM001070.png
SA-UNnetv2,AFIO,IM001096,0.75,diagnostic_test_set_scan_equal_dataset_macro_F1,"TVS = |S_GT_thin intersect M_pred| / |S_GT_thin|; S_GT_thin uses skeletonize(GT), Dlocal=2*EDT(GT), tau=max(1 px, 0.018*DOD)",158.59,auto_detected,2.8546199999999997,380,43,0.11315789473684211,D:\Retina\Retinal-Vessel-Segmentation-Benchmark-main\Models_output\SA-UNnetv2\test_data\AFIO\pred_masks\IM001096.png,D:\Retina\Retinal-Vessel-Segmentation-Benchmark-main\config\test_data\AFIO\masks\IM001096.png
SA-UNnetv2,AFIO,IM001097,0.75,diagnostic_test_set_scan_equal_dataset_macro_F1,"TVS = |S_GT_thin intersect M_pred| / |S_GT_thin|; S_GT_thin uses skeletonize(GT), Dlocal=2*EDT(GT), tau=max(1 px, 0.018*DOD)",164.41,auto_detected,2.95938,39,24,0.6153846153846154,D:\Retina\Retinal-Vessel-Segmentation-Benchmark-main\Models_output\SA-UNnetv2\test_data\AFIO\pred_masks\IM001097.png,D:\Retina\Retinal-Vessel-Segmentation-Benchmark-main\config\test_data\AFIO\masks\IM001097.png
SA-UNnetv2,AFIO,IM001126,0.75,diagnostic_test_set_scan_equal_dataset_macro_F1,"TVS = |S_GT_thin intersect M_pred| / |S_GT_thin|; S_GT_thin uses skeletonize(GT), Dlocal=2*EDT(GT), tau=max(1 px, 0.018*DOD)",161.79,auto_detected,2.9122199999999996,102,48,0.47058823529411764,D:\Retina\Retinal-Vessel-Segmentation-Benchmark-main\Models_output\SA-UNnetv2\test_data\AFIO\pred_masks\IM001126.png,D:\Retina\Retinal-Vessel-Segmentation-Benchmark-main\config\test_data\AFIO\masks\IM001126.png
SA-UNnetv2,AFIO,IM001127,0.75,diagnostic_test_set_scan_equal_dataset_macro_F1,"TVS = |S_GT_thin intersect M_pred| / |S_GT_thin|; S_GT_thin uses skeletonize(GT), Dlocal=2*EDT(GT), tau=max(1 px, 0.018*DOD)",138.39,auto_detected,2.4910199999999993,20,4,0.2,D:\Retina\Retinal-Vessel-Segmentation-Benchmark-main\Models_output\SA-UNnetv2\test_data\AFIO\pred_masks\IM001127.png,D:\Retina\Retinal-Vessel-Segmentation-Benchmark-main\config\test_data\AFIO\masks\IM001127.png
SA-UNnetv2,AFIO,IM001154,0.75,diagnostic_test_set_scan_equal_dataset_macro_F1,"TVS = |S_GT_thin intersect M_pred| / |S_GT_thin|; S_GT_thin uses skeletonize(GT), Dlocal=2*EDT(GT), tau=max(1 px, 0.018*DOD)",140.28,auto_detected,2.5250399999999997,158,35,0.22151898734177214,D:\Retina\Retinal-Vessel-Segmentation-Benchmark-main\Models_output\SA-UNnetv2\test_data\AFIO\pred_masks\IM001154.png,D:\Retina\Retinal-Vessel-Segmentation-Benchmark-main\config\test_data\AFIO\masks\IM001154.png
SA-UNnetv2,AFIO,IM001155,0.75,diagnostic_test_set_scan_equal_dataset_macro_F1,"TVS = |S_GT_thin intersect M_pred| / |S_GT_thin|; S_GT_thin uses skeletonize(GT), Dlocal=2*EDT(GT), tau=max(1 px, 0.018*DOD)",147.34,auto_detected,2.65212,37,10,0.2702702702702703,D:\Retina\Retinal-Vessel-Segmentation-Benchmark-main\Models_output\SA-UNnetv2\test_data\AFIO\pred_masks\IM001155.png,D:\Retina\Retinal-Vessel-Segmentation-Benchmark-main\config\test_data\AFIO\masks\IM001155.png
SA-UNnetv2,AFIO,IM001192,0.75,diagnostic_test_set_scan_equal_dataset_macro_F1,"TVS = |S_GT_thin intersect M_pred| / |S_GT_thin|; S_GT_thin uses skeletonize(GT), Dlocal=2*EDT(GT), tau=max(1 px, 0.018*DOD)",172.78,auto_detected,3.1100399999999997,99,48,0.48484848484848486,D:\Retina\Retinal-Vessel-Segmentation-Benchmark-main\Models_output\SA-UNnetv2\test_data\AFIO\pred_masks\IM001192.png,D:\Retina\Retinal-Vessel-Segmentation-Benchmark-main\config\test_data\AFIO\masks\IM001192.png
SA-UNnetv2,AFIO,IM001193,0.75,diagnostic_test_set_scan_equal_dataset_macro_F1,"TVS = |S_GT_thin intersect M_pred| / |S_GT_thin|; S_GT_thin uses skeletonize(GT), Dlocal=2*EDT(GT), tau=max(1 px, 0.018*DOD)",159.65,auto_detected,2.8737,1412,106,0.07507082152974505,D:\Retina\Retinal-Vessel-Segmentation-Benchmark-main\Models_output\SA-UNnetv2\test_data\AFIO\pred_masks\IM001193.png,D:\Retina\Retinal-Vessel-Segmentation-Benchmark-main\config\test_data\AFIO\masks\IM001193.png
SA-UNnetv2,AFIO,IM001218,0.75,diagnostic_test_set_scan_equal_dataset_macro_F1,"TVS = |S_GT_thin intersect M_pred| / |S_GT_thin|; S_GT_thin uses skeletonize(GT), Dlocal=2*EDT(GT), tau=max(1 px, 0.018*DOD)",138.68,auto_detected,2.49624,173,59,0.34104046242774566,D:\Retina\Retinal-Vessel-Segmentation-Benchmark-main\Models_output\SA-UNnetv2\test_data\AFIO\pred_masks\IM001218.png,D:\Retina\Retinal-Vessel-Segmentation-Benchmark-main\config\test_data\AFIO\masks\IM001218.png
SA-UNnetv2,AFIO,IM001219,0.75,diagnostic_test_set_scan_equal_dataset_macro_F1,"TVS = |S_GT_thin intersect M_pred| / |S_GT_thin|; S_GT_thin uses skeletonize(GT), Dlocal=2*EDT(GT), tau=max(1 px, 0.018*DOD)",142.62,auto_detected,2.56716,53,30,0.5660377358490566,D:\Retina\Retinal-Vessel-Segmentation-Benchmark-main\Models_output\SA-UNnetv2\test_data\AFIO\pred_masks\IM001219.png,D:\Retina\Retinal-Vessel-Segmentation-Benchmark-main\config\test_data\AFIO\masks\IM001219.png
SA-UNnetv2,AFIO,IM001246,0.75,diagnostic_test_set_scan_equal_dataset_macro_F1,"TVS = |S_GT_thin intersect M_pred| / |S_GT_thin|; S_GT_thin uses skeletonize(GT), Dlocal=2*EDT(GT), tau=max(1 px, 0.018*DOD)",124.34,auto_detected,2.23812,50,28,0.56,D:\Retina\Retinal-Vessel-Segmentation-Benchmark-main\Models_output\SA-UNnetv2\test_data\AFIO\pred_masks\IM001246.png,D:\Retina\Retinal-Vessel-Segmentation-Benchmark-main\config\test_data\AFIO\masks\IM001246.png
SA-UNnetv2,AFIO,IM001686,0.75,diagnostic_test_set_scan_equal_dataset_macro_F1,"TVS = |S_GT_thin intersect M_pred| / |S_GT_thin|; S_GT_thin uses skeletonize(GT), Dlocal=2*EDT(GT), tau=max(1 px, 0.018*DOD)",129.59,auto_detected,2.33262,5,4,0.8,D:\Retina\Retinal-Vessel-Segmentation-Benchmark-main\Models_output\SA-UNnetv2\test_data\AFIO\pred_masks\IM001686.png,D:\Retina\Retinal-Vessel-Segmentation-Benchmark-main\config\test_data\AFIO\masks\IM001686.png
SA-UNnetv2,AFIO,IM001749,0.75,diagnostic_test_set_scan_equal_dataset_macro_F1,"TVS = |S_GT_thin intersect M_pred| / |S_GT_thin|; S_GT_thin uses skeletonize(GT), Dlocal=2*EDT(GT), tau=max(1 px, 0.018*DOD)",143.19,auto_detected,2.5774199999999996,100,39,0.39,D:\Retina\Retinal-Vessel-Segmentation-Benchmark-main\Models_output\SA-UNnetv2\test_data\AFIO\pred_masks\IM001749.png,D:\Retina\Retinal-Vessel-Segmentation-Benchmark-main\config\test_data\AFIO\masks\IM001749.png
SA-UNnetv2,AFIO,IM001750,0.75,diagnostic_test_set_scan_equal_dataset_macro_F1,"TVS = |S_GT_thin intersect M_pred| / |S_GT_thin|; S_GT_thin uses skeletonize(GT), Dlocal=2*EDT(GT), tau=max(1 px, 0.018*DOD)",141.86,auto_detected,2.55348,50,25,0.5,D:\Retina\Retinal-Vessel-Segmentation-Benchmark-main\Models_output\SA-UNnetv2\test_data\AFIO\pred_masks\IM001750.png,D:\Retina\Retinal-Vessel-Segmentation-Benchmark-main\config\test_data\AFIO\masks\IM001750.png
SA-UNnetv2,AFIO,IM001791,0.75,diagnostic_test_set_scan_equal_dataset_macro_F1,"TVS = |S_GT_thin intersect M_pred| / |S_GT_thin|; S_GT_thin uses skeletonize(GT), Dlocal=2*EDT(GT), tau=max(1 px, 0.018*DOD)",125.81,auto_detected,2.26458,65,49,0.7538461538461538,D:\Retina\Retinal-Vessel-Segmentation-Benchmark-main\Models_output\SA-UNnetv2\test_data\AFIO\pred_masks\IM001791.png,D:\Retina\Retinal-Vessel-Segmentation-Benchmark-main\config\test_data\AFIO\masks\IM001791.png
SA-UNnetv2,AFIO,IM001792,0.75,diagnostic_test_set_scan_equal_dataset_macro_F1,"TVS = |S_GT_thin intersect M_pred| / |S_GT_thin|; S_GT_thin uses skeletonize(GT), Dlocal=2*EDT(GT), tau=max(1 px, 0.018*DOD)",143.34,auto_detected,2.58012,165,25,0.15151515151515152,D:\Retina\Retinal-Vessel-Segmentation-Benchmark-main\Models_output\SA-UNnetv2\test_data\AFIO\pred_masks\IM001792.png,D:\Retina\Retinal-Vessel-Segmentation-Benchmark-main\config\test_data\AFIO\masks\IM001792.png
SA-UNnetv2,AFIO,IM001814,0.75,diagnostic_test_set_scan_equal_dataset_macro_F1,"TVS = |S_GT_thin intersect M_pred| / |S_GT_thin|; S_GT_thin uses skeletonize(GT), Dlocal=2*EDT(GT), tau=max(1 px, 0.018*DOD)",166.34,annotation_csv,2.9941199999999997,673,314,0.46656760772659733,D:\Retina\Retinal-Vessel-Segmentation-Benchmark-main\Models_output\SA-UNnetv2\test_data\AFIO\pred_masks\IM001814.png,D:\Retina\Retinal-Vessel-Segmentation-Benchmark-main\config\test_data\AFIO\masks\IM001814.png
SA-UNnetv2,AFIO,IM001858,0.75,diagnostic_test_set_scan_equal_dataset_macro_F1,"TVS = |S_GT_thin intersect M_pred| / |S_GT_thin|; S_GT_thin uses skeletonize(GT), Dlocal=2*EDT(GT), tau=max(1 px, 0.018*DOD)",158.83,auto_detected,2.85894,1437,390,0.27139874739039666,D:\Retina\Retinal-Vessel-Segmentation-Benchmark-main\Models_output\SA-UNnetv2\test_data\AFIO\pred_masks\IM001858.png,D:\Retina\Retinal-Vessel-Segmentation-Benchmark-main\config\test_data\AFIO\masks\IM001858.png
SA-UNnetv2,AFIO,IM001859,0.75,diagnostic_test_set_scan_equal_dataset_macro_F1,"TVS = |S_GT_thin intersect M_pred| / |S_GT_thin|; S_GT_thin uses skeletonize(GT), Dlocal=2*EDT(GT), tau=max(1 px, 0.018*DOD)",151.65,auto_detected,2.7297,166,71,0.42771084337349397,D:\Retina\Retinal-Vessel-Segmentation-Benchmark-main\Models_output\SA-UNnetv2\test_data\AFIO\pred_masks\IM001859.png,D:\Retina\Retinal-Vessel-Segmentation-Benchmark-main\config\test_data\AFIO\masks\IM001859.png
SA-UNnetv2,AFIO,IM002094,0.75,diagnostic_test_set_scan_equal_dataset_macro_F1,"TVS = |S_GT_thin intersect M_pred| / |S_GT_thin|; S_GT_thin uses skeletonize(GT), Dlocal=2*EDT(GT), tau=max(1 px, 0.018*DOD)",156.0,auto_detected,2.808,14,10,0.7142857142857143,D:\Retina\Retinal-Vessel-Segmentation-Benchmark-main\Models_output\SA-UNnetv2\test_data\AFIO\pred_masks\IM002094.png,D:\Retina\Retinal-Vessel-Segmentation-Benchmark-main\config\test_data\AFIO\masks\IM002094.png
SA-UNnetv2,AFIO,IM002348,0.75,diagnostic_test_set_scan_equal_dataset_macro_F1,"TVS = |S_GT_thin intersect M_pred| / |S_GT_thin|; S_GT_thin uses skeletonize(GT), Dlocal=2*EDT(GT), tau=max(1 px, 0.018*DOD)",140.45,auto_detected,2.5281,16,6,0.375,D:\Retina\Retinal-Vessel-Segmentation-Benchmark-main\Models_output\SA-UNnetv2\test_data\AFIO\pred_masks\IM002348.png,D:\Retina\Retinal-Vessel-Segmentation-Benchmark-main\config\test_data\AFIO\masks\IM002348.png
SA-UNnetv2,AFIO,IM002350,0.75,diagnostic_test_set_scan_equal_dataset_macro_F1,"TVS = |S_GT_thin intersect M_pred| / |S_GT_thin|; S_GT_thin uses skeletonize(GT), Dlocal=2*EDT(GT), tau=max(1 px, 0.018*DOD)",144.92,auto_detected,2.6085599999999998,88,11,0.125,D:\Retina\Retinal-Vessel-Segmentation-Benchmark-main\Models_output\SA-UNnetv2\test_data\AFIO\pred_masks\IM002350.png,D:\Retina\Retinal-Vessel-Segmentation-Benchmark-main\config\test_data\AFIO\masks\IM002350.png
SA-UNnetv2,AFIO,IM002421,0.75,diagnostic_test_set_scan_equal_dataset_macro_F1,"TVS = |S_GT_thin intersect M_pred| / |S_GT_thin|; S_GT_thin uses skeletonize(GT), Dlocal=2*EDT(GT), tau=max(1 px, 0.018*DOD)",141.35,auto_detected,2.5443,45,26,0.5777777777777777,D:\Retina\Retinal-Vessel-Segmentation-Benchmark-main\Models_output\SA-UNnetv2\test_data\AFIO\pred_masks\IM002421.png,D:\Retina\Retinal-Vessel-Segmentation-Benchmark-main\config\test_data\AFIO\masks\IM002421.png
SA-UNnetv2,AFIO,IM002422,0.75,diagnostic_test_set_scan_equal_dataset_macro_F1,"TVS = |S_GT_thin intersect M_pred| / |S_GT_thin|; S_GT_thin uses skeletonize(GT), Dlocal=2*EDT(GT), tau=max(1 px, 0.018*DOD)",133.68,auto_detected,2.40624,49,36,0.7346938775510204,D:\Retina\Retinal-Vessel-Segmentation-Benchmark-main\Models_output\SA-UNnetv2\test_data\AFIO\pred_masks\IM002422.png,D:\Retina\Retinal-Vessel-Segmentation-Benchmark-main\config\test_data\AFIO\masks\IM002422.png
SA-UNnetv2,AFIO,IM002471,0.75,diagnostic_test_set_scan_equal_dataset_macro_F1,"TVS = |S_GT_thin intersect M_pred| / |S_GT_thin|; S_GT_thin uses skeletonize(GT), Dlocal=2*EDT(GT), tau=max(1 px, 0.018*DOD)",142.27,auto_detected,2.56086,10,8,0.8,D:\Retina\Retinal-Vessel-Segmentation-Benchmark-main\Models_output\SA-UNnetv2\test_data\AFIO\pred_masks\IM002471.png,D:\Retina\Retinal-Vessel-Segmentation-Benchmark-main\config\test_data\AFIO\masks\IM002471.png
SA-UNnetv2,AFIO,IM002587,0.75,diagnostic_test_set_scan_equal_dataset_macro_F1,"TVS = |S_GT_thin intersect M_pred| / |S_GT_thin|; S_GT_thin uses skeletonize(GT), Dlocal=2*EDT(GT), tau=max(1 px, 0.018*DOD)",149.54,auto_detected,2.6917199999999997,83,35,0.42168674698795183,D:\Retina\Retinal-Vessel-Segmentation-Benchmark-main\Models_output\SA-UNnetv2\test_data\AFIO\pred_masks\IM002587.png,D:\Retina\Retinal-Vessel-Segmentation-Benchmark-main\config\test_data\AFIO\masks\IM002587.png
SA-UNnetv2,AFIO,IM002649,0.75,diagnostic_test_set_scan_equal_dataset_macro_F1,"TVS = |S_GT_thin intersect M_pred| / |S_GT_thin|; S_GT_thin uses skeletonize(GT), Dlocal=2*EDT(GT), tau=max(1 px, 0.018*DOD)",151.98,auto_detected,2.7356399999999996,78,61,0.782051282051282,D:\Retina\Retinal-Vessel-Segmentation-Benchmark-main\Models_output\SA-UNnetv2\test_data\AFIO\pred_masks\IM002649.png,D:\Retina\Retinal-Vessel-Segmentation-Benchmark-main\config\test_data\AFIO\masks\IM002649.png
SA-UNnetv2,AFIO,IM002742,0.75,diagnostic_test_set_scan_equal_dataset_macro_F1,"TVS = |S_GT_thin intersect M_pred| / |S_GT_thin|; S_GT_thin uses skeletonize(GT), Dlocal=2*EDT(GT), tau=max(1 px, 0.018*DOD)",140.97,auto_detected,2.53746,6,4,0.6666666666666666,D:\Retina\Retinal-Vessel-Segmentation-Benchmark-main\Models_output\SA-UNnetv2\test_data\AFIO\pred_masks\IM002742.png,D:\Retina\Retinal-Vessel-Segmentation-Benchmark-main\config\test_data\AFIO\masks\IM002742.png
SA-UNnetv2,AFIO,IM002743,0.75,diagnostic_test_set_scan_equal_dataset_macro_F1,"TVS = |S_GT_thin intersect M_pred| / |S_GT_thin|; S_GT_thin uses skeletonize(GT), Dlocal=2*EDT(GT), tau=max(1 px, 0.018*DOD)",134.0,auto_detected,2.412,24,16,0.6666666666666666,D:\Retina\Retinal-Vessel-Segmentation-Benchmark-main\Models_output\SA-UNnetv2\test_data\AFIO\pred_masks\IM002743.png,D:\Retina\Retinal-Vessel-Segmentation-Benchmark-main\config\test_data\AFIO\masks\IM002743.png
SA-UNnetv2,AFIO,IM003024,0.75,diagnostic_test_set_scan_equal_dataset_macro_F1,"TVS = |S_GT_thin intersect M_pred| / |S_GT_thin|; S_GT_thin uses skeletonize(GT), Dlocal=2*EDT(GT), tau=max(1 px, 0.018*DOD)",136.0,auto_detected,2.448,23,10,0.43478260869565216,D:\Retina\Retinal-Vessel-Segmentation-Benchmark-main\Models_output\SA-UNnetv2\test_data\AFIO\pred_masks\IM003024.png,D:\Retina\Retinal-Vessel-Segmentation-Benchmark-main\config\test_data\AFIO\masks\IM003024.png
SA-UNnetv2,AFIO,IM003537,0.75,diagnostic_test_set_scan_equal_dataset_macro_F1,"TVS = |S_GT_thin intersect M_pred| / |S_GT_thin|; S_GT_thin uses skeletonize(GT), Dlocal=2*EDT(GT), tau=max(1 px, 0.018*DOD)",132.0,auto_detected,2.376,39,29,0.7435897435897436,D:\Retina\Retinal-Vessel-Segmentation-Benchmark-main\Models_output\SA-UNnetv2\test_data\AFIO\pred_masks\IM003537.png,D:\Retina\Retinal-Vessel-Segmentation-Benchmark-main\config\test_data\AFIO\masks\IM003537.png
SA-UNnetv2,AFIO,IM003630,0.75,diagnostic_test_set_scan_equal_dataset_macro_F1,"TVS = |S_GT_thin intersect M_pred| / |S_GT_thin|; S_GT_thin uses skeletonize(GT), Dlocal=2*EDT(GT), tau=max(1 px, 0.018*DOD)",136.0,auto_detected,2.448,36,11,0.3055555555555556,D:\Retina\Retinal-Vessel-Segmentation-Benchmark-main\Models_output\SA-UNnetv2\test_data\AFIO\pred_masks\IM003630.png,D:\Retina\Retinal-Vessel-Segmentation-Benchmark-main\config\test_data\AFIO\masks\IM003630.png
SA-UNnetv2,AFIO,IM003631,0.75,diagnostic_test_set_scan_equal_dataset_macro_F1,"TVS = |S_GT_thin intersect M_pred| / |S_GT_thin|; S_GT_thin uses skeletonize(GT), Dlocal=2*EDT(GT), tau=max(1 px, 0.018*DOD)",142.22,auto_detected,2.55996,53,15,0.2830188679245283,D:\Retina\Retinal-Vessel-Segmentation-Benchmark-main\Models_output\SA-UNnetv2\test_data\AFIO\pred_masks\IM003631.png,D:\Retina\Retinal-Vessel-Segmentation-Benchmark-main\config\test_data\AFIO\masks\IM003631.png
SA-UNnetv2,AFIO,IM003705,0.75,diagnostic_test_set_scan_equal_dataset_macro_F1,"TVS = |S_GT_thin intersect M_pred| / |S_GT_thin|; S_GT_thin uses skeletonize(GT), Dlocal=2*EDT(GT), tau=max(1 px, 0.018*DOD)",173.07,auto_detected,3.1152599999999997,36,28,0.7777777777777778,D:\Retina\Retinal-Vessel-Segmentation-Benchmark-main\Models_output\SA-UNnetv2\test_data\AFIO\pred_masks\IM003705.png,D:\Retina\Retinal-Vessel-Segmentation-Benchmark-main\config\test_data\AFIO\masks\IM003705.png
SA-UNnetv2,AFIO,IM004162,0.75,diagnostic_test_set_scan_equal_dataset_macro_F1,"TVS = |S_GT_thin intersect M_pred| / |S_GT_thin|; S_GT_thin uses skeletonize(GT), Dlocal=2*EDT(GT), tau=max(1 px, 0.018*DOD)",124.0,auto_detected,2.2319999999999998,14,10,0.7142857142857143,D:\Retina\Retinal-Vessel-Segmentation-Benchmark-main\Models_output\SA-UNnetv2\test_data\AFIO\pred_masks\IM004162.png,D:\Retina\Retinal-Vessel-Segmentation-Benchmark-main\config\test_data\AFIO\masks\IM004162.png
SA-UNnetv2,AFIO,IM004163,0.75,diagnostic_test_set_scan_equal_dataset_macro_F1,"TVS = |S_GT_thin intersect M_pred| / |S_GT_thin|; S_GT_thin uses skeletonize(GT), Dlocal=2*EDT(GT), tau=max(1 px, 0.018*DOD)",140.12,auto_detected,2.52216,46,31,0.6739130434782609,D:\Retina\Retinal-Vessel-Segmentation-Benchmark-main\Models_output\SA-UNnetv2\test_data\AFIO\pred_masks\IM004163.png,D:\Retina\Retinal-Vessel-Segmentation-Benchmark-main\config\test_data\AFIO\masks\IM004163.png
SA-UNnetv2,AFIO,IM004455,0.75,diagnostic_test_set_scan_equal_dataset_macro_F1,"TVS = |S_GT_thin intersect M_pred| / |S_GT_thin|; S_GT_thin uses skeletonize(GT), Dlocal=2*EDT(GT), tau=max(1 px, 0.018*DOD)",136.0,auto_detected,2.448,20,18,0.9,D:\Retina\Retinal-Vessel-Segmentation-Benchmark-main\Models_output\SA-UNnetv2\test_data\AFIO\pred_masks\IM004455.png,D:\Retina\Retinal-Vessel-Segmentation-Benchmark-main\config\test_data\AFIO\masks\IM004455.png
SA-UNnetv2,AFIO,IM004512,0.75,diagnostic_test_set_scan_equal_dataset_macro_F1,"TVS = |S_GT_thin intersect M_pred| / |S_GT_thin|; S_GT_thin uses skeletonize(GT), Dlocal=2*EDT(GT), tau=max(1 px, 0.018*DOD)",152.53,auto_detected,2.7455399999999996,20,6,0.3,D:\Retina\Retinal-Vessel-Segmentation-Benchmark-main\Models_output\SA-UNnetv2\test_data\AFIO\pred_masks\IM004512.png,D:\Retina\Retinal-Vessel-Segmentation-Benchmark-main\config\test_data\AFIO\masks\IM004512.png
SA-UNnetv2,AFIO,IM004513,0.75,diagnostic_test_set_scan_equal_dataset_macro_F1,"TVS = |S_GT_thin intersect M_pred| / |S_GT_thin|; S_GT_thin uses skeletonize(GT), Dlocal=2*EDT(GT), tau=max(1 px, 0.018*DOD)",157.62,auto_detected,2.83716,35,16,0.45714285714285713,D:\Retina\Retinal-Vessel-Segmentation-Benchmark-main\Models_output\SA-UNnetv2\test_data\AFIO\pred_masks\IM004513.png,D:\Retina\Retinal-Vessel-Segmentation-Benchmark-main\config\test_data\AFIO\masks\IM004513.png
SA-UNnetv2,AFIO,IM004515,0.75,diagnostic_test_set_scan_equal_dataset_macro_F1,"TVS = |S_GT_thin intersect M_pred| / |S_GT_thin|; S_GT_thin uses skeletonize(GT), Dlocal=2*EDT(GT), tau=max(1 px, 0.018*DOD)",164.84,auto_detected,2.96712,22,6,0.2727272727272727,D:\Retina\Retinal-Vessel-Segmentation-Benchmark-main\Models_output\SA-UNnetv2\test_data\AFIO\pred_masks\IM004515.png,D:\Retina\Retinal-Vessel-Segmentation-Benchmark-main\config\test_data\AFIO\masks\IM004515.png
SA-UNnetv2,AFIO,IM004516,0.75,diagnostic_test_set_scan_equal_dataset_macro_F1,"TVS = |S_GT_thin intersect M_pred| / |S_GT_thin|; S_GT_thin uses skeletonize(GT), Dlocal=2*EDT(GT), tau=max(1 px, 0.018*DOD)",162.38,auto_detected,2.92284,17,3,0.17647058823529413,D:\Retina\Retinal-Vessel-Segmentation-Benchmark-main\Models_output\SA-UNnetv2\test_data\AFIO\pred_masks\IM004516.png,D:\Retina\Retinal-Vessel-Segmentation-Benchmark-main\config\test_data\AFIO\masks\IM004516.png
SA-UNnetv2,AFIO,IM004538,0.75,diagnostic_test_set_scan_equal_dataset_macro_F1,"TVS = |S_GT_thin intersect M_pred| / |S_GT_thin|; S_GT_thin uses skeletonize(GT), Dlocal=2*EDT(GT), tau=max(1 px, 0.018*DOD)",144.48,auto_detected,2.60064,29,20,0.6896551724137931,D:\Retina\Retinal-Vessel-Segmentation-Benchmark-main\Models_output\SA-UNnetv2\test_data\AFIO\pred_masks\IM004538.png,D:\Retina\Retinal-Vessel-Segmentation-Benchmark-main\config\test_data\AFIO\masks\IM004538.png
SA-UNnetv2,AFIO,IM004539,0.75,diagnostic_test_set_scan_equal_dataset_macro_F1,"TVS = |S_GT_thin intersect M_pred| / |S_GT_thin|; S_GT_thin uses skeletonize(GT), Dlocal=2*EDT(GT), tau=max(1 px, 0.018*DOD)",141.99,auto_detected,2.5558199999999998,14,8,0.5714285714285714,D:\Retina\Retinal-Vessel-Segmentation-Benchmark-main\Models_output\SA-UNnetv2\test_data\AFIO\pred_masks\IM004539.png,D:\Retina\Retinal-Vessel-Segmentation-Benchmark-main\config\test_data\AFIO\masks\IM004539.png
SA-UNnetv2,AFIO,IM004564,0.75,diagnostic_test_set_scan_equal_dataset_macro_F1,"TVS = |S_GT_thin intersect M_pred| / |S_GT_thin|; S_GT_thin uses skeletonize(GT), Dlocal=2*EDT(GT), tau=max(1 px, 0.018*DOD)",129.9,auto_detected,2.3382,27,15,0.5555555555555556,D:\Retina\Retinal-Vessel-Segmentation-Benchmark-main\Models_output\SA-UNnetv2\test_data\AFIO\pred_masks\IM004564.png,D:\Retina\Retinal-Vessel-Segmentation-Benchmark-main\config\test_data\AFIO\masks\IM004564.png
SA-UNnetv2,AFIO,IM004790,0.75,diagnostic_test_set_scan_equal_dataset_macro_F1,"TVS = |S_GT_thin intersect M_pred| / |S_GT_thin|; S_GT_thin uses skeletonize(GT), Dlocal=2*EDT(GT), tau=max(1 px, 0.018*DOD)",146.5,auto_detected,2.637,17,11,0.6470588235294118,D:\Retina\Retinal-Vessel-Segmentation-Benchmark-main\Models_output\SA-UNnetv2\test_data\AFIO\pred_masks\IM004790.png,D:\Retina\Retinal-Vessel-Segmentation-Benchmark-main\config\test_data\AFIO\masks\IM004790.png
SA-UNnetv2,AFIO,IM004993,0.75,diagnostic_test_set_scan_equal_dataset_macro_F1,"TVS = |S_GT_thin intersect M_pred| / |S_GT_thin|; S_GT_thin uses skeletonize(GT), Dlocal=2*EDT(GT), tau=max(1 px, 0.018*DOD)",139.9,auto_detected,2.5181999999999998,39,35,0.8974358974358975,D:\Retina\Retinal-Vessel-Segmentation-Benchmark-main\Models_output\SA-UNnetv2\test_data\AFIO\pred_masks\IM004993.png,D:\Retina\Retinal-Vessel-Segmentation-Benchmark-main\config\test_data\AFIO\masks\IM004993.png
SA-UNnetv2,AFIO,IM005024,0.75,diagnostic_test_set_scan_equal_dataset_macro_F1,"TVS = |S_GT_thin intersect M_pred| / |S_GT_thin|; S_GT_thin uses skeletonize(GT), Dlocal=2*EDT(GT), tau=max(1 px, 0.018*DOD)",156.88,auto_detected,2.8238399999999997,41,22,0.5365853658536586,D:\Retina\Retinal-Vessel-Segmentation-Benchmark-main\Models_output\SA-UNnetv2\test_data\AFIO\pred_masks\IM005024.png,D:\Retina\Retinal-Vessel-Segmentation-Benchmark-main\config\test_data\AFIO\masks\IM005024.png
SA-UNnetv2,AFIO,IM005025,0.75,diagnostic_test_set_scan_equal_dataset_macro_F1,"TVS = |S_GT_thin intersect M_pred| / |S_GT_thin|; S_GT_thin uses skeletonize(GT), Dlocal=2*EDT(GT), tau=max(1 px, 0.018*DOD)",150.29,auto_detected,2.7052199999999997,24,18,0.75,D:\Retina\Retinal-Vessel-Segmentation-Benchmark-main\Models_output\SA-UNnetv2\test_data\AFIO\pred_masks\IM005025.png,D:\Retina\Retinal-Vessel-Segmentation-Benchmark-main\config\test_data\AFIO\masks\IM005025.png
SA-UNnetv2,AFIO,IM005060,0.75,diagnostic_test_set_scan_equal_dataset_macro_F1,"TVS = |S_GT_thin intersect M_pred| / |S_GT_thin|; S_GT_thin uses skeletonize(GT), Dlocal=2*EDT(GT), tau=max(1 px, 0.018*DOD)",154.57,auto_detected,2.7822599999999995,32,20,0.625,D:\Retina\Retinal-Vessel-Segmentation-Benchmark-main\Models_output\SA-UNnetv2\test_data\AFIO\pred_masks\IM005060.png,D:\Retina\Retinal-Vessel-Segmentation-Benchmark-main\config\test_data\AFIO\masks\IM005060.png
SA-UNnetv2,AFIO,IM005092,0.75,diagnostic_test_set_scan_equal_dataset_macro_F1,"TVS = |S_GT_thin intersect M_pred| / |S_GT_thin|; S_GT_thin uses skeletonize(GT), Dlocal=2*EDT(GT), tau=max(1 px, 0.018*DOD)",160.35,auto_detected,2.8863,21,20,0.9523809523809523,D:\Retina\Retinal-Vessel-Segmentation-Benchmark-main\Models_output\SA-UNnetv2\test_data\AFIO\pred_masks\IM005092.png,D:\Retina\Retinal-Vessel-Segmentation-Benchmark-main\config\test_data\AFIO\masks\IM005092.png
SA-UNnetv2,AFIO,IM005093,0.75,diagnostic_test_set_scan_equal_dataset_macro_F1,"TVS = |S_GT_thin intersect M_pred| / |S_GT_thin|; S_GT_thin uses skeletonize(GT), Dlocal=2*EDT(GT), tau=max(1 px, 0.018*DOD)",150.01,auto_detected,2.7001799999999996,7,6,0.8571428571428571,D:\Retina\Retinal-Vessel-Segmentation-Benchmark-main\Models_output\SA-UNnetv2\test_data\AFIO\pred_masks\IM005093.png,D:\Retina\Retinal-Vessel-Segmentation-Benchmark-main\config\test_data\AFIO\masks\IM005093.png
SA-UNnetv2,AFIO,IM005132,0.75,diagnostic_test_set_scan_equal_dataset_macro_F1,"TVS = |S_GT_thin intersect M_pred| / |S_GT_thin|; S_GT_thin uses skeletonize(GT), Dlocal=2*EDT(GT), tau=max(1 px, 0.018*DOD)",137.87,auto_detected,2.4816599999999998,51,45,0.8823529411764706,D:\Retina\Retinal-Vessel-Segmentation-Benchmark-main\Models_output\SA-UNnetv2\test_data\AFIO\pred_masks\IM005132.png,D:\Retina\Retinal-Vessel-Segmentation-Benchmark-main\config\test_data\AFIO\masks\IM005132.png
SA-UNnetv2,AFIO,IM005133,0.75,diagnostic_test_set_scan_equal_dataset_macro_F1,"TVS = |S_GT_thin intersect M_pred| / |S_GT_thin|; S_GT_thin uses skeletonize(GT), Dlocal=2*EDT(GT), tau=max(1 px, 0.018*DOD)",145.1,auto_detected,2.6117999999999997,14,11,0.7857142857142857,D:\Retina\Retinal-Vessel-Segmentation-Benchmark-main\Models_output\SA-UNnetv2\test_data\AFIO\pred_masks\IM005133.png,D:\Retina\Retinal-Vessel-Segmentation-Benchmark-main\config\test_data\AFIO\masks\IM005133.png
SA-UNnetv2,AFIO,IM005190,0.75,diagnostic_test_set_scan_equal_dataset_macro_F1,"TVS = |S_GT_thin intersect M_pred| / |S_GT_thin|; S_GT_thin uses skeletonize(GT), Dlocal=2*EDT(GT), tau=max(1 px, 0.018*DOD)",157.31,auto_detected,2.8315799999999998,16,4,0.25,D:\Retina\Retinal-Vessel-Segmentation-Benchmark-main\Models_output\SA-UNnetv2\test_data\AFIO\pred_masks\IM005190.png,D:\Retina\Retinal-Vessel-Segmentation-Benchmark-main\config\test_data\AFIO\masks\IM005190.png
SA-UNnetv2,AFIO,IM005191,0.75,diagnostic_test_set_scan_equal_dataset_macro_F1,"TVS = |S_GT_thin intersect M_pred| / |S_GT_thin|; S_GT_thin uses skeletonize(GT), Dlocal=2*EDT(GT), tau=max(1 px, 0.018*DOD)",146.99,auto_detected,2.64582,20,12,0.6,D:\Retina\Retinal-Vessel-Segmentation-Benchmark-main\Models_output\SA-UNnetv2\test_data\AFIO\pred_masks\IM005191.png,D:\Retina\Retinal-Vessel-Segmentation-Benchmark-main\config\test_data\AFIO\masks\IM005191.png
SA-UNnetv2,AFIO,IM005249,0.75,diagnostic_test_set_scan_equal_dataset_macro_F1,"TVS = |S_GT_thin intersect M_pred| / |S_GT_thin|; S_GT_thin uses skeletonize(GT), Dlocal=2*EDT(GT), tau=max(1 px, 0.018*DOD)",154.95,auto_detected,2.7890999999999995,23,20,0.8695652173913043,D:\Retina\Retinal-Vessel-Segmentation-Benchmark-main\Models_output\SA-UNnetv2\test_data\AFIO\pred_masks\IM005249.png,D:\Retina\Retinal-Vessel-Segmentation-Benchmark-main\config\test_data\AFIO\masks\IM005249.png
SA-UNnetv2,AFIO,IM005283,0.75,diagnostic_test_set_scan_equal_dataset_macro_F1,"TVS = |S_GT_thin intersect M_pred| / |S_GT_thin|; S_GT_thin uses skeletonize(GT), Dlocal=2*EDT(GT), tau=max(1 px, 0.018*DOD)",145.56,auto_detected,2.6200799999999997,12,4,0.3333333333333333,D:\Retina\Retinal-Vessel-Segmentation-Benchmark-main\Models_output\SA-UNnetv2\test_data\AFIO\pred_masks\IM005283.png,D:\Retina\Retinal-Vessel-Segmentation-Benchmark-main\config\test_data\AFIO\masks\IM005283.png
SA-UNnetv2,AFIO,IM005320,0.75,diagnostic_test_set_scan_equal_dataset_macro_F1,"TVS = |S_GT_thin intersect M_pred| / |S_GT_thin|; S_GT_thin uses skeletonize(GT), Dlocal=2*EDT(GT), tau=max(1 px, 0.018*DOD)",137.9,auto_detected,2.4821999999999997,14,9,0.6428571428571429,D:\Retina\Retinal-Vessel-Segmentation-Benchmark-main\Models_output\SA-UNnetv2\test_data\AFIO\pred_masks\IM005320.png,D:\Retina\Retinal-Vessel-Segmentation-Benchmark-main\config\test_data\AFIO\masks\IM005320.png
SA-UNnetv2,AFIO,IM005321,0.75,diagnostic_test_set_scan_equal_dataset_macro_F1,"TVS = |S_GT_thin intersect M_pred| / |S_GT_thin|; S_GT_thin uses skeletonize(GT), Dlocal=2*EDT(GT), tau=max(1 px, 0.018*DOD)",131.99,auto_detected,2.37582,8,4,0.5,D:\Retina\Retinal-Vessel-Segmentation-Benchmark-main\Models_output\SA-UNnetv2\test_data\AFIO\pred_masks\IM005321.png,D:\Retina\Retinal-Vessel-Segmentation-Benchmark-main\config\test_data\AFIO\masks\IM005321.png
SA-UNnetv2,AFIO,IM005357,0.75,diagnostic_test_set_scan_equal_dataset_macro_F1,"TVS = |S_GT_thin intersect M_pred| / |S_GT_thin|; S_GT_thin uses skeletonize(GT), Dlocal=2*EDT(GT), tau=max(1 px, 0.018*DOD)",156.0,auto_detected,2.808,24,20,0.8333333333333334,D:\Retina\Retinal-Vessel-Segmentation-Benchmark-main\Models_output\SA-UNnetv2\test_data\AFIO\pred_masks\IM005357.png,D:\Retina\Retinal-Vessel-Segmentation-Benchmark-main\config\test_data\AFIO\masks\IM005357.png
SA-UNnetv2,AFIO,IM005387,0.75,diagnostic_test_set_scan_equal_dataset_macro_F1,"TVS = |S_GT_thin intersect M_pred| / |S_GT_thin|; S_GT_thin uses skeletonize(GT), Dlocal=2*EDT(GT), tau=max(1 px, 0.018*DOD)",158.81,auto_detected,2.85858,30,23,0.7666666666666667,D:\Retina\Retinal-Vessel-Segmentation-Benchmark-main\Models_output\SA-UNnetv2\test_data\AFIO\pred_masks\IM005387.png,D:\Retina\Retinal-Vessel-Segmentation-Benchmark-main\config\test_data\AFIO\masks\IM005387.png
SA-UNnetv2,AFIO,IM005456,0.75,diagnostic_test_set_scan_equal_dataset_macro_F1,"TVS = |S_GT_thin intersect M_pred| / |S_GT_thin|; S_GT_thin uses skeletonize(GT), Dlocal=2*EDT(GT), tau=max(1 px, 0.018*DOD)",157.26,auto_detected,2.8306799999999996,14,7,0.5,D:\Retina\Retinal-Vessel-Segmentation-Benchmark-main\Models_output\SA-UNnetv2\test_data\AFIO\pred_masks\IM005456.png,D:\Retina\Retinal-Vessel-Segmentation-Benchmark-main\config\test_data\AFIO\masks\IM005456.png
SA-UNnetv2,AFIO,IM005457,0.75,diagnostic_test_set_scan_equal_dataset_macro_F1,"TVS = |S_GT_thin intersect M_pred| / |S_GT_thin|; S_GT_thin uses skeletonize(GT), Dlocal=2*EDT(GT), tau=max(1 px, 0.018*DOD)",173.81,auto_detected,3.12858,17,17,1.0,D:\Retina\Retinal-Vessel-Segmentation-Benchmark-main\Models_output\SA-UNnetv2\test_data\AFIO\pred_masks\IM005457.png,D:\Retina\Retinal-Vessel-Segmentation-Benchmark-main\config\test_data\AFIO\masks\IM005457.png
SA-UNnetv2,AFIO,IM005488,0.75,diagnostic_test_set_scan_equal_dataset_macro_F1,"TVS = |S_GT_thin intersect M_pred| / |S_GT_thin|; S_GT_thin uses skeletonize(GT), Dlocal=2*EDT(GT), tau=max(1 px, 0.018*DOD)",151.77,auto_detected,2.73186,36,13,0.3611111111111111,D:\Retina\Retinal-Vessel-Segmentation-Benchmark-main\Models_output\SA-UNnetv2\test_data\AFIO\pred_masks\IM005488.png,D:\Retina\Retinal-Vessel-Segmentation-Benchmark-main\config\test_data\AFIO\masks\IM005488.png
SA-UNnetv2,AFIO,IM005489,0.75,diagnostic_test_set_scan_equal_dataset_macro_F1,"TVS = |S_GT_thin intersect M_pred| / |S_GT_thin|; S_GT_thin uses skeletonize(GT), Dlocal=2*EDT(GT), tau=max(1 px, 0.018*DOD)",154.77,auto_detected,2.78586,69,52,0.7536231884057971,D:\Retina\Retinal-Vessel-Segmentation-Benchmark-main\Models_output\SA-UNnetv2\test_data\AFIO\pred_masks\IM005489.png,D:\Retina\Retinal-Vessel-Segmentation-Benchmark-main\config\test_data\AFIO\masks\IM005489.png
SA-UNnetv2,AFIO,IM005523,0.75,diagnostic_test_set_scan_equal_dataset_macro_F1,"TVS = |S_GT_thin intersect M_pred| / |S_GT_thin|; S_GT_thin uses skeletonize(GT), Dlocal=2*EDT(GT), tau=max(1 px, 0.018*DOD)",159.3,auto_detected,2.8674,27,11,0.4074074074074074,D:\Retina\Retinal-Vessel-Segmentation-Benchmark-main\Models_output\SA-UNnetv2\test_data\AFIO\pred_masks\IM005523.png,D:\Retina\Retinal-Vessel-Segmentation-Benchmark-main\config\test_data\AFIO\masks\IM005523.png
SA-UNnetv2,AFIO,IM005524,0.75,diagnostic_test_set_scan_equal_dataset_macro_F1,"TVS = |S_GT_thin intersect M_pred| / |S_GT_thin|; S_GT_thin uses skeletonize(GT), Dlocal=2*EDT(GT), tau=max(1 px, 0.018*DOD)",158.03,auto_detected,2.84454,106,45,0.42452830188679247,D:\Retina\Retinal-Vessel-Segmentation-Benchmark-main\Models_output\SA-UNnetv2\test_data\AFIO\pred_masks\IM005524.png,D:\Retina\Retinal-Vessel-Segmentation-Benchmark-main\config\test_data\AFIO\masks\IM005524.png
SA-UNnetv2,AFIO,IM005558,0.75,diagnostic_test_set_scan_equal_dataset_macro_F1,"TVS = |S_GT_thin intersect M_pred| / |S_GT_thin|; S_GT_thin uses skeletonize(GT), Dlocal=2*EDT(GT), tau=max(1 px, 0.018*DOD)",157.11,auto_detected,2.82798,10,10,1.0,D:\Retina\Retinal-Vessel-Segmentation-Benchmark-main\Models_output\SA-UNnetv2\test_data\AFIO\pred_masks\IM005558.png,D:\Retina\Retinal-Vessel-Segmentation-Benchmark-main\config\test_data\AFIO\masks\IM005558.png
SA-UNnetv2,AFIO,IM005713,0.75,diagnostic_test_set_scan_equal_dataset_macro_F1,"TVS = |S_GT_thin intersect M_pred| / |S_GT_thin|; S_GT_thin uses skeletonize(GT), Dlocal=2*EDT(GT), tau=max(1 px, 0.018*DOD)",140.0,auto_detected,2.52,21,9,0.42857142857142855,D:\Retina\Retinal-Vessel-Segmentation-Benchmark-main\Models_output\SA-UNnetv2\test_data\AFIO\pred_masks\IM005713.png,D:\Retina\Retinal-Vessel-Segmentation-Benchmark-main\config\test_data\AFIO\masks\IM005713.png
SA-UNnetv2,AFIO,IM005806,0.75,diagnostic_test_set_scan_equal_dataset_macro_F1,"TVS = |S_GT_thin intersect M_pred| / |S_GT_thin|; S_GT_thin uses skeletonize(GT), Dlocal=2*EDT(GT), tau=max(1 px, 0.018*DOD)",140.31,auto_detected,2.5255799999999997,16,7,0.4375,D:\Retina\Retinal-Vessel-Segmentation-Benchmark-main\Models_output\SA-UNnetv2\test_data\AFIO\pred_masks\IM005806.png,D:\Retina\Retinal-Vessel-Segmentation-Benchmark-main\config\test_data\AFIO\masks\IM005806.png
SA-UNnetv2,AFIO,IM005833,0.75,diagnostic_test_set_scan_equal_dataset_macro_F1,"TVS = |S_GT_thin intersect M_pred| / |S_GT_thin|; S_GT_thin uses skeletonize(GT), Dlocal=2*EDT(GT), tau=max(1 px, 0.018*DOD)",157.84,auto_detected,2.8411199999999996,20,13,0.65,D:\Retina\Retinal-Vessel-Segmentation-Benchmark-main\Models_output\SA-UNnetv2\test_data\AFIO\pred_masks\IM005833.png,D:\Retina\Retinal-Vessel-Segmentation-Benchmark-main\config\test_data\AFIO\masks\IM005833.png
SA-UNnetv2,AFIO,IM005834,0.75,diagnostic_test_set_scan_equal_dataset_macro_F1,"TVS = |S_GT_thin intersect M_pred| / |S_GT_thin|; S_GT_thin uses skeletonize(GT), Dlocal=2*EDT(GT), tau=max(1 px, 0.018*DOD)",158.02,auto_detected,2.84436,23,20,0.8695652173913043,D:\Retina\Retinal-Vessel-Segmentation-Benchmark-main\Models_output\SA-UNnetv2\test_data\AFIO\pred_masks\IM005834.png,D:\Retina\Retinal-Vessel-Segmentation-Benchmark-main\config\test_data\AFIO\masks\IM005834.png
SA-UNnetv2,AFIO,IM006037,0.75,diagnostic_test_set_scan_equal_dataset_macro_F1,"TVS = |S_GT_thin intersect M_pred| / |S_GT_thin|; S_GT_thin uses skeletonize(GT), Dlocal=2*EDT(GT), tau=max(1 px, 0.018*DOD)",159.22,auto_detected,2.86596,24,24,1.0,D:\Retina\Retinal-Vessel-Segmentation-Benchmark-main\Models_output\SA-UNnetv2\test_data\AFIO\pred_masks\IM006037.png,D:\Retina\Retinal-Vessel-Segmentation-Benchmark-main\config\test_data\AFIO\masks\IM006037.png
SA-UNnetv2,AFIO,IM006105,0.75,diagnostic_test_set_scan_equal_dataset_macro_F1,"TVS = |S_GT_thin intersect M_pred| / |S_GT_thin|; S_GT_thin uses skeletonize(GT), Dlocal=2*EDT(GT), tau=max(1 px, 0.018*DOD)",136.13,auto_detected,2.4503399999999997,12,2,0.16666666666666666,D:\Retina\Retinal-Vessel-Segmentation-Benchmark-main\Models_output\SA-UNnetv2\test_data\AFIO\pred_masks\IM006105.png,D:\Retina\Retinal-Vessel-Segmentation-Benchmark-main\config\test_data\AFIO\masks\IM006105.png
SA-UNnetv2,AFIO,IM006106,0.75,diagnostic_test_set_scan_equal_dataset_macro_F1,"TVS = |S_GT_thin intersect M_pred| / |S_GT_thin|; S_GT_thin uses skeletonize(GT), Dlocal=2*EDT(GT), tau=max(1 px, 0.018*DOD)",151.82,auto_detected,2.73276,29,14,0.4827586206896552,D:\Retina\Retinal-Vessel-Segmentation-Benchmark-main\Models_output\SA-UNnetv2\test_data\AFIO\pred_masks\IM006106.png,D:\Retina\Retinal-Vessel-Segmentation-Benchmark-main\config\test_data\AFIO\masks\IM006106.png
SA-UNnetv2,CHASEDB1,Image_01L,0.75,diagnostic_test_set_scan_equal_dataset_macro_F1,"TVS = |S_GT_thin intersect M_pred| / |S_GT_thin|; S_GT_thin uses skeletonize(GT), Dlocal=2*EDT(GT), tau=max(1 px, 0.018*DOD)",204.8,auto_detected,3.6864,3772,2363,0.626458112407211,D:\Retina\Retinal-Vessel-Segmentation-Benchmark-main\Models_output\SA-UNnetv2\test_data\CHASEDB1\pred_masks\Image_01L.png,D:\Retina\Retinal-Vessel-Segmentation-Benchmark-main\config\test_data\CHASEDB1\masks\Image_01L.png
SA-UNnetv2,CHASEDB1,Image_01R,0.75,diagnostic_test_set_scan_equal_dataset_macro_F1,"TVS = |S_GT_thin intersect M_pred| / |S_GT_thin|; S_GT_thin uses skeletonize(GT), Dlocal=2*EDT(GT), tau=max(1 px, 0.018*DOD)",198.26,auto_detected,3.5686799999999996,2702,1226,0.4537379718726869,D:\Retina\Retinal-Vessel-Segmentation-Benchmark-main\Models_output\SA-UNnetv2\test_data\CHASEDB1\pred_masks\Image_01R.png,D:\Retina\Retinal-Vessel-Segmentation-Benchmark-main\config\test_data\CHASEDB1\masks\Image_01R.png
SA-UNnetv2,CHASEDB1,Image_02L,0.75,diagnostic_test_set_scan_equal_dataset_macro_F1,"TVS = |S_GT_thin intersect M_pred| / |S_GT_thin|; S_GT_thin uses skeletonize(GT), Dlocal=2*EDT(GT), tau=max(1 px, 0.018*DOD)",192.8,auto_detected,3.4704,4816,2589,0.5375830564784053,D:\Retina\Retinal-Vessel-Segmentation-Benchmark-main\Models_output\SA-UNnetv2\test_data\CHASEDB1\pred_masks\Image_02L.png,D:\Retina\Retinal-Vessel-Segmentation-Benchmark-main\config\test_data\CHASEDB1\masks\Image_02L.png
SA-UNnetv2,CHASEDB1,Image_02R,0.75,diagnostic_test_set_scan_equal_dataset_macro_F1,"TVS = |S_GT_thin intersect M_pred| / |S_GT_thin|; S_GT_thin uses skeletonize(GT), Dlocal=2*EDT(GT), tau=max(1 px, 0.018*DOD)",173.55,annotation_csv,3.1239,4614,2199,0.476592977893368,D:\Retina\Retinal-Vessel-Segmentation-Benchmark-main\Models_output\SA-UNnetv2\test_data\CHASEDB1\pred_masks\Image_02R.png,D:\Retina\Retinal-Vessel-Segmentation-Benchmark-main\config\test_data\CHASEDB1\masks\Image_02R.png
SA-UNnetv2,CHASEDB1,Image_03L,0.75,diagnostic_test_set_scan_equal_dataset_macro_F1,"TVS = |S_GT_thin intersect M_pred| / |S_GT_thin|; S_GT_thin uses skeletonize(GT), Dlocal=2*EDT(GT), tau=max(1 px, 0.018*DOD)",180.8,auto_detected,3.2544,5217,2879,0.5518497220624881,D:\Retina\Retinal-Vessel-Segmentation-Benchmark-main\Models_output\SA-UNnetv2\test_data\CHASEDB1\pred_masks\Image_03L.png,D:\Retina\Retinal-Vessel-Segmentation-Benchmark-main\config\test_data\CHASEDB1\masks\Image_03L.png
SA-UNnetv2,CHASEDB1,Image_03R,0.75,diagnostic_test_set_scan_equal_dataset_macro_F1,"TVS = |S_GT_thin intersect M_pred| / |S_GT_thin|; S_GT_thin uses skeletonize(GT), Dlocal=2*EDT(GT), tau=max(1 px, 0.018*DOD)",196.8,auto_detected,3.5423999999999998,3439,2232,0.6490258796161675,D:\Retina\Retinal-Vessel-Segmentation-Benchmark-main\Models_output\SA-UNnetv2\test_data\CHASEDB1\pred_masks\Image_03R.png,D:\Retina\Retinal-Vessel-Segmentation-Benchmark-main\config\test_data\CHASEDB1\masks\Image_03R.png
SA-UNnetv2,CHASEDB1,Image_04L,0.75,diagnostic_test_set_scan_equal_dataset_macro_F1,"TVS = |S_GT_thin intersect M_pred| / |S_GT_thin|; S_GT_thin uses skeletonize(GT), Dlocal=2*EDT(GT), tau=max(1 px, 0.018*DOD)",168.8,auto_detected,3.0383999999999998,2067,1338,0.6473149492017417,D:\Retina\Retinal-Vessel-Segmentation-Benchmark-main\Models_output\SA-UNnetv2\test_data\CHASEDB1\pred_masks\Image_04L.png,D:\Retina\Retinal-Vessel-Segmentation-Benchmark-main\config\test_data\CHASEDB1\masks\Image_04L.png
SA-UNnetv2,CHASEDB1,Image_04R,0.75,diagnostic_test_set_scan_equal_dataset_macro_F1,"TVS = |S_GT_thin intersect M_pred| / |S_GT_thin|; S_GT_thin uses skeletonize(GT), Dlocal=2*EDT(GT), tau=max(1 px, 0.018*DOD)",156.8,annotation_csv,2.8224,2470,1298,0.5255060728744939,D:\Retina\Retinal-Vessel-Segmentation-Benchmark-main\Models_output\SA-UNnetv2\test_data\CHASEDB1\pred_masks\Image_04R.png,D:\Retina\Retinal-Vessel-Segmentation-Benchmark-main\config\test_data\CHASEDB1\masks\Image_04R.png
SA-UNnetv2,CHASEDB1,Image_05L,0.75,diagnostic_test_set_scan_equal_dataset_macro_F1,"TVS = |S_GT_thin intersect M_pred| / |S_GT_thin|; S_GT_thin uses skeletonize(GT), Dlocal=2*EDT(GT), tau=max(1 px, 0.018*DOD)",180.8,auto_detected,3.2544,2943,2206,0.7495752633367312,D:\Retina\Retinal-Vessel-Segmentation-Benchmark-main\Models_output\SA-UNnetv2\test_data\CHASEDB1\pred_masks\Image_05L.png,D:\Retina\Retinal-Vessel-Segmentation-Benchmark-main\config\test_data\CHASEDB1\masks\Image_05L.png
SA-UNnetv2,CHASEDB1,Image_05R,0.75,diagnostic_test_set_scan_equal_dataset_macro_F1,"TVS = |S_GT_thin intersect M_pred| / |S_GT_thin|; S_GT_thin uses skeletonize(GT), Dlocal=2*EDT(GT), tau=max(1 px, 0.018*DOD)",184.8,auto_detected,3.3264,3705,2409,0.6502024291497975,D:\Retina\Retinal-Vessel-Segmentation-Benchmark-main\Models_output\SA-UNnetv2\test_data\CHASEDB1\pred_masks\Image_05R.png,D:\Retina\Retinal-Vessel-Segmentation-Benchmark-main\config\test_data\CHASEDB1\masks\Image_05R.png
SA-UNnetv2,CHASEDB1,Image_06L,0.75,diagnostic_test_set_scan_equal_dataset_macro_F1,"TVS = |S_GT_thin intersect M_pred| / |S_GT_thin|; S_GT_thin uses skeletonize(GT), Dlocal=2*EDT(GT), tau=max(1 px, 0.018*DOD)",204.8,auto_detected,3.6864,3212,1693,0.5270859277708593,D:\Retina\Retinal-Vessel-Segmentation-Benchmark-main\Models_output\SA-UNnetv2\test_data\CHASEDB1\pred_masks\Image_06L.png,D:\Retina\Retinal-Vessel-Segmentation-Benchmark-main\config\test_data\CHASEDB1\masks\Image_06L.png
SA-UNnetv2,CHASEDB1,Image_06R,0.75,diagnostic_test_set_scan_equal_dataset_macro_F1,"TVS = |S_GT_thin intersect M_pred| / |S_GT_thin|; S_GT_thin uses skeletonize(GT), Dlocal=2*EDT(GT), tau=max(1 px, 0.018*DOD)",169.58,auto_detected,3.05244,4389,2390,0.5445431761221234,D:\Retina\Retinal-Vessel-Segmentation-Benchmark-main\Models_output\SA-UNnetv2\test_data\CHASEDB1\pred_masks\Image_06R.png,D:\Retina\Retinal-Vessel-Segmentation-Benchmark-main\config\test_data\CHASEDB1\masks\Image_06R.png
SA-UNnetv2,CHASEDB1,Image_07L,0.75,diagnostic_test_set_scan_equal_dataset_macro_F1,"TVS = |S_GT_thin intersect M_pred| / |S_GT_thin|; S_GT_thin uses skeletonize(GT), Dlocal=2*EDT(GT), tau=max(1 px, 0.018*DOD)",194.56,auto_detected,3.50208,4141,2316,0.5592851968123642,D:\Retina\Retinal-Vessel-Segmentation-Benchmark-main\Models_output\SA-UNnetv2\test_data\CHASEDB1\pred_masks\Image_07L.png,D:\Retina\Retinal-Vessel-Segmentation-Benchmark-main\config\test_data\CHASEDB1\masks\Image_07L.png
SA-UNnetv2,CHASEDB1,Image_07R,0.75,diagnostic_test_set_scan_equal_dataset_macro_F1,"TVS = |S_GT_thin intersect M_pred| / |S_GT_thin|; S_GT_thin uses skeletonize(GT), Dlocal=2*EDT(GT), tau=max(1 px, 0.018*DOD)",201.6,fallback_fov_center,3.6287999999999996,3669,1833,0.49959116925592806,D:\Retina\Retinal-Vessel-Segmentation-Benchmark-main\Models_output\SA-UNnetv2\test_data\CHASEDB1\pred_masks\Image_07R.png,D:\Retina\Retinal-Vessel-Segmentation-Benchmark-main\config\test_data\CHASEDB1\masks\Image_07R.png
SA-UNnetv2,CHASEDB1,Image_08L,0.75,diagnostic_test_set_scan_equal_dataset_macro_F1,"TVS = |S_GT_thin intersect M_pred| / |S_GT_thin|; S_GT_thin uses skeletonize(GT), Dlocal=2*EDT(GT), tau=max(1 px, 0.018*DOD)",192.21,auto_detected,3.45978,2869,1459,0.5085395608225862,D:\Retina\Retinal-Vessel-Segmentation-Benchmark-main\Models_output\SA-UNnetv2\test_data\CHASEDB1\pred_masks\Image_08L.png,D:\Retina\Retinal-Vessel-Segmentation-Benchmark-main\config\test_data\CHASEDB1\masks\Image_08L.png
SA-UNnetv2,CHASEDB1,Image_08R,0.75,diagnostic_test_set_scan_equal_dataset_macro_F1,"TVS = |S_GT_thin intersect M_pred| / |S_GT_thin|; S_GT_thin uses skeletonize(GT), Dlocal=2*EDT(GT), tau=max(1 px, 0.018*DOD)",200.43,auto_detected,3.6077399999999997,2327,1312,0.5638160721959604,D:\Retina\Retinal-Vessel-Segmentation-Benchmark-main\Models_output\SA-UNnetv2\test_data\CHASEDB1\pred_masks\Image_08R.png,D:\Retina\Retinal-Vessel-Segmentation-Benchmark-main\config\test_data\CHASEDB1\masks\Image_08R.png
SA-UNnetv2,CHASEDB1,Image_09L,0.75,diagnostic_test_set_scan_equal_dataset_macro_F1,"TVS = |S_GT_thin intersect M_pred| / |S_GT_thin|; S_GT_thin uses skeletonize(GT), Dlocal=2*EDT(GT), tau=max(1 px, 0.018*DOD)",176.8,auto_detected,3.1824,2317,1595,0.6883901596892533,D:\Retina\Retinal-Vessel-Segmentation-Benchmark-main\Models_output\SA-UNnetv2\test_data\CHASEDB1\pred_masks\Image_09L.png,D:\Retina\Retinal-Vessel-Segmentation-Benchmark-main\config\test_data\CHASEDB1\masks\Image_09L.png
SA-UNnetv2,CHASEDB1,Image_09R,0.75,diagnostic_test_set_scan_equal_dataset_macro_F1,"TVS = |S_GT_thin intersect M_pred| / |S_GT_thin|; S_GT_thin uses skeletonize(GT), Dlocal=2*EDT(GT), tau=max(1 px, 0.018*DOD)",184.8,auto_detected,3.3264,2786,1768,0.6346015793251975,D:\Retina\Retinal-Vessel-Segmentation-Benchmark-main\Models_output\SA-UNnetv2\test_data\CHASEDB1\pred_masks\Image_09R.png,D:\Retina\Retinal-Vessel-Segmentation-Benchmark-main\config\test_data\CHASEDB1\masks\Image_09R.png
SA-UNnetv2,CHASEDB1,Image_10L,0.75,diagnostic_test_set_scan_equal_dataset_macro_F1,"TVS = |S_GT_thin intersect M_pred| / |S_GT_thin|; S_GT_thin uses skeletonize(GT), Dlocal=2*EDT(GT), tau=max(1 px, 0.018*DOD)",196.64,auto_detected,3.5395199999999996,4178,2168,0.5189085686931546,D:\Retina\Retinal-Vessel-Segmentation-Benchmark-main\Models_output\SA-UNnetv2\test_data\CHASEDB1\pred_masks\Image_10L.png,D:\Retina\Retinal-Vessel-Segmentation-Benchmark-main\config\test_data\CHASEDB1\masks\Image_10L.png
SA-UNnetv2,CHASEDB1,Image_10R,0.75,diagnostic_test_set_scan_equal_dataset_macro_F1,"TVS = |S_GT_thin intersect M_pred| / |S_GT_thin|; S_GT_thin uses skeletonize(GT), Dlocal=2*EDT(GT), tau=max(1 px, 0.018*DOD)",197.67,auto_detected,3.5580599999999993,5189,2870,0.553093081518597,D:\Retina\Retinal-Vessel-Segmentation-Benchmark-main\Models_output\SA-UNnetv2\test_data\CHASEDB1\pred_masks\Image_10R.png,D:\Retina\Retinal-Vessel-Segmentation-Benchmark-main\config\test_data\CHASEDB1\masks\Image_10R.png
SA-UNnetv2,CHASEDB1,Image_11L,0.75,diagnostic_test_set_scan_equal_dataset_macro_F1,"TVS = |S_GT_thin intersect M_pred| / |S_GT_thin|; S_GT_thin uses skeletonize(GT), Dlocal=2*EDT(GT), tau=max(1 px, 0.018*DOD)",160.8,auto_detected,2.8944,3905,2828,0.7241997439180538,D:\Retina\Retinal-Vessel-Segmentation-Benchmark-main\Models_output\SA-UNnetv2\test_data\CHASEDB1\pred_masks\Image_11L.png,D:\Retina\Retinal-Vessel-Segmentation-Benchmark-main\config\test_data\CHASEDB1\masks\Image_11L.png
SA-UNnetv2,CHASEDB1,Image_11R,0.75,diagnostic_test_set_scan_equal_dataset_macro_F1,"TVS = |S_GT_thin intersect M_pred| / |S_GT_thin|; S_GT_thin uses skeletonize(GT), Dlocal=2*EDT(GT), tau=max(1 px, 0.018*DOD)",180.8,auto_detected,3.2544,2285,1479,0.6472647702407002,D:\Retina\Retinal-Vessel-Segmentation-Benchmark-main\Models_output\SA-UNnetv2\test_data\CHASEDB1\pred_masks\Image_11R.png,D:\Retina\Retinal-Vessel-Segmentation-Benchmark-main\config\test_data\CHASEDB1\masks\Image_11R.png
SA-UNnetv2,CHASEDB1,Image_12L,0.75,diagnostic_test_set_scan_equal_dataset_macro_F1,"TVS = |S_GT_thin intersect M_pred| / |S_GT_thin|; S_GT_thin uses skeletonize(GT), Dlocal=2*EDT(GT), tau=max(1 px, 0.018*DOD)",180.8,auto_detected,3.2544,2691,1165,0.432924563359346,D:\Retina\Retinal-Vessel-Segmentation-Benchmark-main\Models_output\SA-UNnetv2\test_data\CHASEDB1\pred_masks\Image_12L.png,D:\Retina\Retinal-Vessel-Segmentation-Benchmark-main\config\test_data\CHASEDB1\masks\Image_12L.png
SA-UNnetv2,CHASEDB1,Image_12R,0.75,diagnostic_test_set_scan_equal_dataset_macro_F1,"TVS = |S_GT_thin intersect M_pred| / |S_GT_thin|; S_GT_thin uses skeletonize(GT), Dlocal=2*EDT(GT), tau=max(1 px, 0.018*DOD)",196.8,auto_detected,3.5423999999999998,3799,2163,0.5693603579889445,D:\Retina\Retinal-Vessel-Segmentation-Benchmark-main\Models_output\SA-UNnetv2\test_data\CHASEDB1\pred_masks\Image_12R.png,D:\Retina\Retinal-Vessel-Segmentation-Benchmark-main\config\test_data\CHASEDB1\masks\Image_12R.png
SA-UNnetv2,CHASEDB1,Image_13L,0.75,diagnostic_test_set_scan_equal_dataset_macro_F1,"TVS = |S_GT_thin intersect M_pred| / |S_GT_thin|; S_GT_thin uses skeletonize(GT), Dlocal=2*EDT(GT), tau=max(1 px, 0.018*DOD)",197.23,auto_detected,3.5501399999999994,1820,804,0.44175824175824174,D:\Retina\Retinal-Vessel-Segmentation-Benchmark-main\Models_output\SA-UNnetv2\test_data\CHASEDB1\pred_masks\Image_13L.png,D:\Retina\Retinal-Vessel-Segmentation-Benchmark-main\config\test_data\CHASEDB1\masks\Image_13L.png
SA-UNnetv2,CHASEDB1,Image_13R,0.75,diagnostic_test_set_scan_equal_dataset_macro_F1,"TVS = |S_GT_thin intersect M_pred| / |S_GT_thin|; S_GT_thin uses skeletonize(GT), Dlocal=2*EDT(GT), tau=max(1 px, 0.018*DOD)",190.12,auto_detected,3.42216,2561,1240,0.4841858648965248,D:\Retina\Retinal-Vessel-Segmentation-Benchmark-main\Models_output\SA-UNnetv2\test_data\CHASEDB1\pred_masks\Image_13R.png,D:\Retina\Retinal-Vessel-Segmentation-Benchmark-main\config\test_data\CHASEDB1\masks\Image_13R.png
SA-UNnetv2,CHASEDB1,Image_14L,0.75,diagnostic_test_set_scan_equal_dataset_macro_F1,"TVS = |S_GT_thin intersect M_pred| / |S_GT_thin|; S_GT_thin uses skeletonize(GT), Dlocal=2*EDT(GT), tau=max(1 px, 0.018*DOD)",168.8,auto_detected,3.0383999999999998,1508,1093,0.7248010610079576,D:\Retina\Retinal-Vessel-Segmentation-Benchmark-main\Models_output\SA-UNnetv2\test_data\CHASEDB1\pred_masks\Image_14L.png,D:\Retina\Retinal-Vessel-Segmentation-Benchmark-main\config\test_data\CHASEDB1\masks\Image_14L.png
SA-UNnetv2,CHASEDB1,Image_14R,0.75,diagnostic_test_set_scan_equal_dataset_macro_F1,"TVS = |S_GT_thin intersect M_pred| / |S_GT_thin|; S_GT_thin uses skeletonize(GT), Dlocal=2*EDT(GT), tau=max(1 px, 0.018*DOD)",180.8,auto_detected,3.2544,1076,515,0.47862453531598514,D:\Retina\Retinal-Vessel-Segmentation-Benchmark-main\Models_output\SA-UNnetv2\test_data\CHASEDB1\pred_masks\Image_14R.png,D:\Retina\Retinal-Vessel-Segmentation-Benchmark-main\config\test_data\CHASEDB1\masks\Image_14R.png
SA-UNnetv2,DualModal2019,DualModal2019_A1_L4,0.75,diagnostic_test_set_scan_equal_dataset_macro_F1,"TVS = |S_GT_thin intersect M_pred| / |S_GT_thin|; S_GT_thin uses skeletonize(GT), Dlocal=2*EDT(GT), tau=max(1 px, 0.018*DOD)",157.89,auto_detected,2.8420199999999993,2887,2316,0.802216834083824,D:\Retina\Retinal-Vessel-Segmentation-Benchmark-main\Models_output\SA-UNnetv2\test_data\DualModal2019\pred_masks\DualModal2019_A1_L4.png,D:\Retina\Retinal-Vessel-Segmentation-Benchmark-main\config\test_data\DualModal2019\masks\DualModal2019_A1_L4.png
SA-UNnetv2,DualModal2019,DualModal2019_A1_R2,0.75,diagnostic_test_set_scan_equal_dataset_macro_F1,"TVS = |S_GT_thin intersect M_pred| / |S_GT_thin|; S_GT_thin uses skeletonize(GT), Dlocal=2*EDT(GT), tau=max(1 px, 0.018*DOD)",184.35,auto_detected,3.3183,6573,5571,0.847558192606116,D:\Retina\Retinal-Vessel-Segmentation-Benchmark-main\Models_output\SA-UNnetv2\test_data\DualModal2019\pred_masks\DualModal2019_A1_R2.png,D:\Retina\Retinal-Vessel-Segmentation-Benchmark-main\config\test_data\DualModal2019\masks\DualModal2019_A1_R2.png
SA-UNnetv2,DualModal2019,DualModal2019_A2_R2,0.75,diagnostic_test_set_scan_equal_dataset_macro_F1,"TVS = |S_GT_thin intersect M_pred| / |S_GT_thin|; S_GT_thin uses skeletonize(GT), Dlocal=2*EDT(GT), tau=max(1 px, 0.018*DOD)",202.37,auto_detected,3.64266,6048,5072,0.8386243386243386,D:\Retina\Retinal-Vessel-Segmentation-Benchmark-main\Models_output\SA-UNnetv2\test_data\DualModal2019\pred_masks\DualModal2019_A2_R2.png,D:\Retina\Retinal-Vessel-Segmentation-Benchmark-main\config\test_data\DualModal2019\masks\DualModal2019_A2_R2.png
SA-UNnetv2,DualModal2019,DualModal2019_A3_L1,0.75,diagnostic_test_set_scan_equal_dataset_macro_F1,"TVS = |S_GT_thin intersect M_pred| / |S_GT_thin|; S_GT_thin uses skeletonize(GT), Dlocal=2*EDT(GT), tau=max(1 px, 0.018*DOD)",184.35,auto_detected,3.3183,4224,3577,0.8468276515151515,D:\Retina\Retinal-Vessel-Segmentation-Benchmark-main\Models_output\SA-UNnetv2\test_data\DualModal2019\pred_masks\DualModal2019_A3_L1.png,D:\Retina\Retinal-Vessel-Segmentation-Benchmark-main\config\test_data\DualModal2019\masks\DualModal2019_A3_L1.png
SA-UNnetv2,DualModal2019,DualModal2019_A3_R1,0.75,diagnostic_test_set_scan_equal_dataset_macro_F1,"TVS = |S_GT_thin intersect M_pred| / |S_GT_thin|; S_GT_thin uses skeletonize(GT), Dlocal=2*EDT(GT), tau=max(1 px, 0.018*DOD)",167.86,auto_detected,3.02148,7163,5921,0.8266089627251152,D:\Retina\Retinal-Vessel-Segmentation-Benchmark-main\Models_output\SA-UNnetv2\test_data\DualModal2019\pred_masks\DualModal2019_A3_R1.png,D:\Retina\Retinal-Vessel-Segmentation-Benchmark-main\config\test_data\DualModal2019\masks\DualModal2019_A3_R1.png
SA-UNnetv2,DualModal2019,DualModal2019_A4_L3,0.75,diagnostic_test_set_scan_equal_dataset_macro_F1,"TVS = |S_GT_thin intersect M_pred| / |S_GT_thin|; S_GT_thin uses skeletonize(GT), Dlocal=2*EDT(GT), tau=max(1 px, 0.018*DOD)",193.4,auto_detected,3.4812,4671,4030,0.8627702847356027,D:\Retina\Retinal-Vessel-Segmentation-Benchmark-main\Models_output\SA-UNnetv2\test_data\DualModal2019\pred_masks\DualModal2019_A4_L3.png,D:\Retina\Retinal-Vessel-Segmentation-Benchmark-main\config\test_data\DualModal2019\masks\DualModal2019_A4_L3.png
SA-UNnetv2,DualModal2019,DualModal2019_A4_R2,0.75,diagnostic_test_set_scan_equal_dataset_macro_F1,"TVS = |S_GT_thin intersect M_pred| / |S_GT_thin|; S_GT_thin uses skeletonize(GT), Dlocal=2*EDT(GT), tau=max(1 px, 0.018*DOD)",198.25,auto_detected,3.5685,5678,5029,0.8856991898555829,D:\Retina\Retinal-Vessel-Segmentation-Benchmark-main\Models_output\SA-UNnetv2\test_data\DualModal2019\pred_masks\DualModal2019_A4_R2.png,D:\Retina\Retinal-Vessel-Segmentation-Benchmark-main\config\test_data\DualModal2019\masks\DualModal2019_A4_R2.png
SA-UNnetv2,DualModal2019,DualModal2019_A5_R4,0.75,diagnostic_test_set_scan_equal_dataset_macro_F1,"TVS = |S_GT_thin intersect M_pred| / |S_GT_thin|; S_GT_thin uses skeletonize(GT), Dlocal=2*EDT(GT), tau=max(1 px, 0.018*DOD)",218.97,auto_detected,3.9414599999999997,5527,5084,0.919848018816718,D:\Retina\Retinal-Vessel-Segmentation-Benchmark-main\Models_output\SA-UNnetv2\test_data\DualModal2019\pred_masks\DualModal2019_A5_R4.png,D:\Retina\Retinal-Vessel-Segmentation-Benchmark-main\config\test_data\DualModal2019\masks\DualModal2019_A5_R4.png
SA-UNnetv2,DualModal2019,DualModal2019_A6_L2,0.75,diagnostic_test_set_scan_equal_dataset_macro_F1,"TVS = |S_GT_thin intersect M_pred| / |S_GT_thin|; S_GT_thin uses skeletonize(GT), Dlocal=2*EDT(GT), tau=max(1 px, 0.018*DOD)",163.94,auto_detected,2.9509199999999995,4745,4231,0.8916754478398314,D:\Retina\Retinal-Vessel-Segmentation-Benchmark-main\Models_output\SA-UNnetv2\test_data\DualModal2019\pred_masks\DualModal2019_A6_L2.png,D:\Retina\Retinal-Vessel-Segmentation-Benchmark-main\config\test_data\DualModal2019\masks\DualModal2019_A6_L2.png
SA-UNnetv2,DualModal2019,DualModal2019_A6_R3,0.75,diagnostic_test_set_scan_equal_dataset_macro_F1,"TVS = |S_GT_thin intersect M_pred| / |S_GT_thin|; S_GT_thin uses skeletonize(GT), Dlocal=2*EDT(GT), tau=max(1 px, 0.018*DOD)",169.94,auto_detected,3.0589199999999996,6542,5946,0.9088963619688168,D:\Retina\Retinal-Vessel-Segmentation-Benchmark-main\Models_output\SA-UNnetv2\test_data\DualModal2019\pred_masks\DualModal2019_A6_R3.png,D:\Retina\Retinal-Vessel-Segmentation-Benchmark-main\config\test_data\DualModal2019\masks\DualModal2019_A6_R3.png
SA-UNnetv2,DualModal2019,DualModal2019_A7_L1,0.75,diagnostic_test_set_scan_equal_dataset_macro_F1,"TVS = |S_GT_thin intersect M_pred| / |S_GT_thin|; S_GT_thin uses skeletonize(GT), Dlocal=2*EDT(GT), tau=max(1 px, 0.018*DOD)",160.82,auto_detected,2.8947599999999998,7901,6327,0.8007847107961018,D:\Retina\Retinal-Vessel-Segmentation-Benchmark-main\Models_output\SA-UNnetv2\test_data\DualModal2019\pred_masks\DualModal2019_A7_L1.png,D:\Retina\Retinal-Vessel-Segmentation-Benchmark-main\config\test_data\DualModal2019\masks\DualModal2019_A7_L1.png
SA-UNnetv2,DualModal2019,DualModal2019_A7_R1,0.75,diagnostic_test_set_scan_equal_dataset_macro_F1,"TVS = |S_GT_thin intersect M_pred| / |S_GT_thin|; S_GT_thin uses skeletonize(GT), Dlocal=2*EDT(GT), tau=max(1 px, 0.018*DOD)",154.5,auto_detected,2.7809999999999997,4757,4075,0.8566323313012403,D:\Retina\Retinal-Vessel-Segmentation-Benchmark-main\Models_output\SA-UNnetv2\test_data\DualModal2019\pred_masks\DualModal2019_A7_R1.png,D:\Retina\Retinal-Vessel-Segmentation-Benchmark-main\config\test_data\DualModal2019\masks\DualModal2019_A7_R1.png
SA-UNnetv2,DualModal2019,DualModal2019_C1_L4,0.75,diagnostic_test_set_scan_equal_dataset_macro_F1,"TVS = |S_GT_thin intersect M_pred| / |S_GT_thin|; S_GT_thin uses skeletonize(GT), Dlocal=2*EDT(GT), tau=max(1 px, 0.018*DOD)",167.59,auto_detected,3.0166199999999996,5336,4688,0.8785607196401799,D:\Retina\Retinal-Vessel-Segmentation-Benchmark-main\Models_output\SA-UNnetv2\test_data\DualModal2019\pred_masks\DualModal2019_C1_L4.png,D:\Retina\Retinal-Vessel-Segmentation-Benchmark-main\config\test_data\DualModal2019\masks\DualModal2019_C1_L4.png
SA-UNnetv2,DualModal2019,DualModal2019_C1_R4,0.75,diagnostic_test_set_scan_equal_dataset_macro_F1,"TVS = |S_GT_thin intersect M_pred| / |S_GT_thin|; S_GT_thin uses skeletonize(GT), Dlocal=2*EDT(GT), tau=max(1 px, 0.018*DOD)",157.62,annotation_csv,2.83716,6507,5525,0.8490856001229445,D:\Retina\Retinal-Vessel-Segmentation-Benchmark-main\Models_output\SA-UNnetv2\test_data\DualModal2019\pred_masks\DualModal2019_C1_R4.png,D:\Retina\Retinal-Vessel-Segmentation-Benchmark-main\config\test_data\DualModal2019\masks\DualModal2019_C1_R4.png
SA-UNnetv2,DualModal2019,DualModal2019_C2_L4,0.75,diagnostic_test_set_scan_equal_dataset_macro_F1,"TVS = |S_GT_thin intersect M_pred| / |S_GT_thin|; S_GT_thin uses skeletonize(GT), Dlocal=2*EDT(GT), tau=max(1 px, 0.018*DOD)",175.4,auto_detected,3.1572,4584,4007,0.8741273996509599,D:\Retina\Retinal-Vessel-Segmentation-Benchmark-main\Models_output\SA-UNnetv2\test_data\DualModal2019\pred_masks\DualModal2019_C2_L4.png,D:\Retina\Retinal-Vessel-Segmentation-Benchmark-main\config\test_data\DualModal2019\masks\DualModal2019_C2_L4.png
SA-UNnetv2,DualModal2019,DualModal2019_C2_R3,0.75,diagnostic_test_set_scan_equal_dataset_macro_F1,"TVS = |S_GT_thin intersect M_pred| / |S_GT_thin|; S_GT_thin uses skeletonize(GT), Dlocal=2*EDT(GT), tau=max(1 px, 0.018*DOD)",162.22,auto_detected,2.9199599999999997,6852,5836,0.8517221249270286,D:\Retina\Retinal-Vessel-Segmentation-Benchmark-main\Models_output\SA-UNnetv2\test_data\DualModal2019\pred_masks\DualModal2019_C2_R3.png,D:\Retina\Retinal-Vessel-Segmentation-Benchmark-main\config\test_data\DualModal2019\masks\DualModal2019_C2_R3.png
SA-UNnetv2,DualModal2019,DualModal2019_C3_L1,0.75,diagnostic_test_set_scan_equal_dataset_macro_F1,"TVS = |S_GT_thin intersect M_pred| / |S_GT_thin|; S_GT_thin uses skeletonize(GT), Dlocal=2*EDT(GT), tau=max(1 px, 0.018*DOD)",186.34,auto_detected,3.35412,5496,4813,0.8757278020378457,D:\Retina\Retinal-Vessel-Segmentation-Benchmark-main\Models_output\SA-UNnetv2\test_data\DualModal2019\pred_masks\DualModal2019_C3_L1.png,D:\Retina\Retinal-Vessel-Segmentation-Benchmark-main\config\test_data\DualModal2019\masks\DualModal2019_C3_L1.png
SA-UNnetv2,DualModal2019,DualModal2019_C3_R1,0.75,diagnostic_test_set_scan_equal_dataset_macro_F1,"TVS = |S_GT_thin intersect M_pred| / |S_GT_thin|; S_GT_thin uses skeletonize(GT), Dlocal=2*EDT(GT), tau=max(1 px, 0.018*DOD)",178.15,annotation_csv,3.2066999999999997,5180,4404,0.8501930501930502,D:\Retina\Retinal-Vessel-Segmentation-Benchmark-main\Models_output\SA-UNnetv2\test_data\DualModal2019\pred_masks\DualModal2019_C3_R1.png,D:\Retina\Retinal-Vessel-Segmentation-Benchmark-main\config\test_data\DualModal2019\masks\DualModal2019_C3_R1.png
SA-UNnetv2,DualModal2019,DualModal2019_C4_L2,0.75,diagnostic_test_set_scan_equal_dataset_macro_F1,"TVS = |S_GT_thin intersect M_pred| / |S_GT_thin|; S_GT_thin uses skeletonize(GT), Dlocal=2*EDT(GT), tau=max(1 px, 0.018*DOD)",197.44,auto_detected,3.5539199999999997,4441,3490,0.7858590407565863,D:\Retina\Retinal-Vessel-Segmentation-Benchmark-main\Models_output\SA-UNnetv2\test_data\DualModal2019\pred_masks\DualModal2019_C4_L2.png,D:\Retina\Retinal-Vessel-Segmentation-Benchmark-main\config\test_data\DualModal2019\masks\DualModal2019_C4_L2.png
SA-UNnetv2,DualModal2019,DualModal2019_C4_R2,0.75,diagnostic_test_set_scan_equal_dataset_macro_F1,"TVS = |S_GT_thin intersect M_pred| / |S_GT_thin|; S_GT_thin uses skeletonize(GT), Dlocal=2*EDT(GT), tau=max(1 px, 0.018*DOD)",201.33,auto_detected,3.62394,4245,3199,0.7535924617196702,D:\Retina\Retinal-Vessel-Segmentation-Benchmark-main\Models_output\SA-UNnetv2\test_data\DualModal2019\pred_masks\DualModal2019_C4_R2.png,D:\Retina\Retinal-Vessel-Segmentation-Benchmark-main\config\test_data\DualModal2019\masks\DualModal2019_C4_R2.png
SA-UNnetv2,DualModal2019,DualModal2019_C5_L1,0.75,diagnostic_test_set_scan_equal_dataset_macro_F1,"TVS = |S_GT_thin intersect M_pred| / |S_GT_thin|; S_GT_thin uses skeletonize(GT), Dlocal=2*EDT(GT), tau=max(1 px, 0.018*DOD)",174.39,auto_detected,3.1390199999999995,5587,4771,0.8539466618936817,D:\Retina\Retinal-Vessel-Segmentation-Benchmark-main\Models_output\SA-UNnetv2\test_data\DualModal2019\pred_masks\DualModal2019_C5_L1.png,D:\Retina\Retinal-Vessel-Segmentation-Benchmark-main\config\test_data\DualModal2019\masks\DualModal2019_C5_L1.png
SA-UNnetv2,DualModal2019,DualModal2019_C5_R1,0.75,diagnostic_test_set_scan_equal_dataset_macro_F1,"TVS = |S_GT_thin intersect M_pred| / |S_GT_thin|; S_GT_thin uses skeletonize(GT), Dlocal=2*EDT(GT), tau=max(1 px, 0.018*DOD)",157.41,auto_detected,2.8333799999999996,6504,5873,0.9029827798277983,D:\Retina\Retinal-Vessel-Segmentation-Benchmark-main\Models_output\SA-UNnetv2\test_data\DualModal2019\pred_masks\DualModal2019_C5_R1.png,D:\Retina\Retinal-Vessel-Segmentation-Benchmark-main\config\test_data\DualModal2019\masks\DualModal2019_C5_R1.png
SA-UNnetv2,DualModal2019,DualModal2019_C6_L2,0.75,diagnostic_test_set_scan_equal_dataset_macro_F1,"TVS = |S_GT_thin intersect M_pred| / |S_GT_thin|; S_GT_thin uses skeletonize(GT), Dlocal=2*EDT(GT), tau=max(1 px, 0.018*DOD)",164.36,auto_detected,2.95848,4361,3472,0.7961476725521669,D:\Retina\Retinal-Vessel-Segmentation-Benchmark-main\Models_output\SA-UNnetv2\test_data\DualModal2019\pred_masks\DualModal2019_C6_L2.png,D:\Retina\Retinal-Vessel-Segmentation-Benchmark-main\config\test_data\DualModal2019\masks\DualModal2019_C6_L2.png
SA-UNnetv2,DualModal2019,DualModal2019_C6_R2,0.75,diagnostic_test_set_scan_equal_dataset_macro_F1,"TVS = |S_GT_thin intersect M_pred| / |S_GT_thin|; S_GT_thin uses skeletonize(GT), Dlocal=2*EDT(GT), tau=max(1 px, 0.018*DOD)",172.35,auto_detected,3.1022999999999996,4334,3774,0.8707891093677895,D:\Retina\Retinal-Vessel-Segmentation-Benchmark-main\Models_output\SA-UNnetv2\test_data\DualModal2019\pred_masks\DualModal2019_C6_R2.png,D:\Retina\Retinal-Vessel-Segmentation-Benchmark-main\config\test_data\DualModal2019\masks\DualModal2019_C6_R2.png
SA-UNnetv2,DualModal2019,DualModal2019_C7_L4,0.75,diagnostic_test_set_scan_equal_dataset_macro_F1,"TVS = |S_GT_thin intersect M_pred| / |S_GT_thin|; S_GT_thin uses skeletonize(GT), Dlocal=2*EDT(GT), tau=max(1 px, 0.018*DOD)",170.65,auto_detected,3.0717,6314,5292,0.8381374722838137,D:\Retina\Retinal-Vessel-Segmentation-Benchmark-main\Models_output\SA-UNnetv2\test_data\DualModal2019\pred_masks\DualModal2019_C7_L4.png,D:\Retina\Retinal-Vessel-Segmentation-Benchmark-main\config\test_data\DualModal2019\masks\DualModal2019_C7_L4.png
SA-UNnetv2,DualModal2019,DualModal2019_C7_R3,0.75,diagnostic_test_set_scan_equal_dataset_macro_F1,"TVS = |S_GT_thin intersect M_pred| / |S_GT_thin|; S_GT_thin uses skeletonize(GT), Dlocal=2*EDT(GT), tau=max(1 px, 0.018*DOD)",148.64,auto_detected,2.6755199999999997,4610,3735,0.8101952277657267,D:\Retina\Retinal-Vessel-Segmentation-Benchmark-main\Models_output\SA-UNnetv2\test_data\DualModal2019\pred_masks\DualModal2019_C7_R3.png,D:\Retina\Retinal-Vessel-Segmentation-Benchmark-main\config\test_data\DualModal2019\masks\DualModal2019_C7_R3.png
SA-UNnetv2,DualModal2019,DualModal2019_C8_L4,0.75,diagnostic_test_set_scan_equal_dataset_macro_F1,"TVS = |S_GT_thin intersect M_pred| / |S_GT_thin|; S_GT_thin uses skeletonize(GT), Dlocal=2*EDT(GT), tau=max(1 px, 0.018*DOD)",162.08,auto_detected,2.91744,4897,3850,0.7861956299775372,D:\Retina\Retinal-Vessel-Segmentation-Benchmark-main\Models_output\SA-UNnetv2\test_data\DualModal2019\pred_masks\DualModal2019_C8_L4.png,D:\Retina\Retinal-Vessel-Segmentation-Benchmark-main\config\test_data\DualModal2019\masks\DualModal2019_C8_L4.png
SA-UNnetv2,DualModal2019,DualModal2019_C8_R2,0.75,diagnostic_test_set_scan_equal_dataset_macro_F1,"TVS = |S_GT_thin intersect M_pred| / |S_GT_thin|; S_GT_thin uses skeletonize(GT), Dlocal=2*EDT(GT), tau=max(1 px, 0.018*DOD)",154.54,auto_detected,2.7817199999999995,4859,3974,0.817863757974892,D:\Retina\Retinal-Vessel-Segmentation-Benchmark-main\Models_output\SA-UNnetv2\test_data\DualModal2019\pred_masks\DualModal2019_C8_R2.png,D:\Retina\Retinal-Vessel-Segmentation-Benchmark-main\config\test_data\DualModal2019\masks\DualModal2019_C8_R2.png
SA-UNnetv2,DualModal2019,DualModal2019_C9_L4,0.75,diagnostic_test_set_scan_equal_dataset_macro_F1,"TVS = |S_GT_thin intersect M_pred| / |S_GT_thin|; S_GT_thin uses skeletonize(GT), Dlocal=2*EDT(GT), tau=max(1 px, 0.018*DOD)",180.71,auto_detected,3.25278,3495,3073,0.8792560801144492,D:\Retina\Retinal-Vessel-Segmentation-Benchmark-main\Models_output\SA-UNnetv2\test_data\DualModal2019\pred_masks\DualModal2019_C9_L4.png,D:\Retina\Retinal-Vessel-Segmentation-Benchmark-main\config\test_data\DualModal2019\masks\DualModal2019_C9_L4.png
SA-UNnetv2,DualModal2019,DualModal2019_C9_R5,0.75,diagnostic_test_set_scan_equal_dataset_macro_F1,"TVS = |S_GT_thin intersect M_pred| / |S_GT_thin|; S_GT_thin uses skeletonize(GT), Dlocal=2*EDT(GT), tau=max(1 px, 0.018*DOD)",175.31,auto_detected,3.1555799999999996,4420,3871,0.8757918552036199,D:\Retina\Retinal-Vessel-Segmentation-Benchmark-main\Models_output\SA-UNnetv2\test_data\DualModal2019\pred_masks\DualModal2019_C9_R5.png,D:\Retina\Retinal-Vessel-Segmentation-Benchmark-main\config\test_data\DualModal2019\masks\DualModal2019_C9_R5.png
SA-UNnetv2,HRF,01_dr,0.75,diagnostic_test_set_scan_equal_dataset_macro_F1,"TVS = |S_GT_thin intersect M_pred| / |S_GT_thin|; S_GT_thin uses skeletonize(GT), Dlocal=2*EDT(GT), tau=max(1 px, 0.018*DOD)",407.64,annotation_csv,7.33752,35729,24090,0.6742422122085701,D:\Retina\Retinal-Vessel-Segmentation-Benchmark-main\Models_output\SA-UNnetv2\test_data\HRF\pred_masks\01_dr.png,D:\Retina\Retinal-Vessel-Segmentation-Benchmark-main\config\test_data\HRF\masks\01_dr.tif
SA-UNnetv2,HRF,01_g,0.75,diagnostic_test_set_scan_equal_dataset_macro_F1,"TVS = |S_GT_thin intersect M_pred| / |S_GT_thin|; S_GT_thin uses skeletonize(GT), Dlocal=2*EDT(GT), tau=max(1 px, 0.018*DOD)",371.41,auto_detected,6.68538,41622,21006,0.5046850223439527,D:\Retina\Retinal-Vessel-Segmentation-Benchmark-main\Models_output\SA-UNnetv2\test_data\HRF\pred_masks\01_g.png,D:\Retina\Retinal-Vessel-Segmentation-Benchmark-main\config\test_data\HRF\masks\01_g.tif
SA-UNnetv2,HRF,01_h,0.75,diagnostic_test_set_scan_equal_dataset_macro_F1,"TVS = |S_GT_thin intersect M_pred| / |S_GT_thin|; S_GT_thin uses skeletonize(GT), Dlocal=2*EDT(GT), tau=max(1 px, 0.018*DOD)",391.49,auto_detected,7.046819999999999,32262,10422,0.32304258880416586,D:\Retina\Retinal-Vessel-Segmentation-Benchmark-main\Models_output\SA-UNnetv2\test_data\HRF\pred_masks\01_h.png,D:\Retina\Retinal-Vessel-Segmentation-Benchmark-main\config\test_data\HRF\masks\01_h.tif
SA-UNnetv2,HRF,02_dr,0.75,diagnostic_test_set_scan_equal_dataset_macro_F1,"TVS = |S_GT_thin intersect M_pred| / |S_GT_thin|; S_GT_thin uses skeletonize(GT), Dlocal=2*EDT(GT), tau=max(1 px, 0.018*DOD)",355.58,auto_detected,6.400439999999999,35476,17785,0.5013248393279964,D:\Retina\Retinal-Vessel-Segmentation-Benchmark-main\Models_output\SA-UNnetv2\test_data\HRF\pred_masks\02_dr.png,D:\Retina\Retinal-Vessel-Segmentation-Benchmark-main\config\test_data\HRF\masks\02_dr.tif
SA-UNnetv2,HRF,02_g,0.75,diagnostic_test_set_scan_equal_dataset_macro_F1,"TVS = |S_GT_thin intersect M_pred| / |S_GT_thin|; S_GT_thin uses skeletonize(GT), Dlocal=2*EDT(GT), tau=max(1 px, 0.018*DOD)",388.86,auto_detected,6.99948,44401,18596,0.4188193959595505,D:\Retina\Retinal-Vessel-Segmentation-Benchmark-main\Models_output\SA-UNnetv2\test_data\HRF\pred_masks\02_g.png,D:\Retina\Retinal-Vessel-Segmentation-Benchmark-main\config\test_data\HRF\masks\02_g.tif
SA-UNnetv2,HRF,02_h,0.75,diagnostic_test_set_scan_equal_dataset_macro_F1,"TVS = |S_GT_thin intersect M_pred| / |S_GT_thin|; S_GT_thin uses skeletonize(GT), Dlocal=2*EDT(GT), tau=max(1 px, 0.018*DOD)",404.64,auto_detected,7.283519999999999,25328,11950,0.471809854706254,D:\Retina\Retinal-Vessel-Segmentation-Benchmark-main\Models_output\SA-UNnetv2\test_data\HRF\pred_masks\02_h.png,D:\Retina\Retinal-Vessel-Segmentation-Benchmark-main\config\test_data\HRF\masks\02_h.tif
SA-UNnetv2,HRF,03_dr,0.75,diagnostic_test_set_scan_equal_dataset_macro_F1,"TVS = |S_GT_thin intersect M_pred| / |S_GT_thin|; S_GT_thin uses skeletonize(GT), Dlocal=2*EDT(GT), tau=max(1 px, 0.018*DOD)",345.74,auto_detected,6.223319999999999,27021,10575,0.3913622737870545,D:\Retina\Retinal-Vessel-Segmentation-Benchmark-main\Models_output\SA-UNnetv2\test_data\HRF\pred_masks\03_dr.png,D:\Retina\Retinal-Vessel-Segmentation-Benchmark-main\config\test_data\HRF\masks\03_dr.tif
SA-UNnetv2,HRF,03_g,0.75,diagnostic_test_set_scan_equal_dataset_macro_F1,"TVS = |S_GT_thin intersect M_pred| / |S_GT_thin|; S_GT_thin uses skeletonize(GT), Dlocal=2*EDT(GT), tau=max(1 px, 0.018*DOD)",394.24,auto_detected,7.0963199999999995,28857,13022,0.4512596597012857,D:\Retina\Retinal-Vessel-Segmentation-Benchmark-main\Models_output\SA-UNnetv2\test_data\HRF\pred_masks\03_g.png,D:\Retina\Retinal-Vessel-Segmentation-Benchmark-main\config\test_data\HRF\masks\03_g.tif
SA-UNnetv2,HRF,03_h,0.75,diagnostic_test_set_scan_equal_dataset_macro_F1,"TVS = |S_GT_thin intersect M_pred| / |S_GT_thin|; S_GT_thin uses skeletonize(GT), Dlocal=2*EDT(GT), tau=max(1 px, 0.018*DOD)",404.96,auto_detected,7.289279999999999,17085,7846,0.4592332455370208,D:\Retina\Retinal-Vessel-Segmentation-Benchmark-main\Models_output\SA-UNnetv2\test_data\HRF\pred_masks\03_h.png,D:\Retina\Retinal-Vessel-Segmentation-Benchmark-main\config\test_data\HRF\masks\03_h.tif
SA-UNnetv2,HRF,04_dr,0.75,diagnostic_test_set_scan_equal_dataset_macro_F1,"TVS = |S_GT_thin intersect M_pred| / |S_GT_thin|; S_GT_thin uses skeletonize(GT), Dlocal=2*EDT(GT), tau=max(1 px, 0.018*DOD)",349.68,auto_detected,6.294239999999999,29026,10003,0.3446220629780197,D:\Retina\Retinal-Vessel-Segmentation-Benchmark-main\Models_output\SA-UNnetv2\test_data\HRF\pred_masks\04_dr.png,D:\Retina\Retinal-Vessel-Segmentation-Benchmark-main\config\test_data\HRF\masks\04_dr.tif
SA-UNnetv2,HRF,04_g,0.75,diagnostic_test_set_scan_equal_dataset_macro_F1,"TVS = |S_GT_thin intersect M_pred| / |S_GT_thin|; S_GT_thin uses skeletonize(GT), Dlocal=2*EDT(GT), tau=max(1 px, 0.018*DOD)",381.53,auto_detected,6.867539999999999,32562,15160,0.46557336772925495,D:\Retina\Retinal-Vessel-Segmentation-Benchmark-main\Models_output\SA-UNnetv2\test_data\HRF\pred_masks\04_g.png,D:\Retina\Retinal-Vessel-Segmentation-Benchmark-main\config\test_data\HRF\masks\04_g.tif
SA-UNnetv2,HRF,04_h,0.75,diagnostic_test_set_scan_equal_dataset_macro_F1,"TVS = |S_GT_thin intersect M_pred| / |S_GT_thin|; S_GT_thin uses skeletonize(GT), Dlocal=2*EDT(GT), tau=max(1 px, 0.018*DOD)",389.28,auto_detected,7.007039999999999,22097,10059,0.4552201656333439,D:\Retina\Retinal-Vessel-Segmentation-Benchmark-main\Models_output\SA-UNnetv2\test_data\HRF\pred_masks\04_h.png,D:\Retina\Retinal-Vessel-Segmentation-Benchmark-main\config\test_data\HRF\masks\04_h.tif
SA-UNnetv2,HRF,05_dr,0.75,diagnostic_test_set_scan_equal_dataset_macro_F1,"TVS = |S_GT_thin intersect M_pred| / |S_GT_thin|; S_GT_thin uses skeletonize(GT), Dlocal=2*EDT(GT), tau=max(1 px, 0.018*DOD)",343.34,auto_detected,6.180119999999999,34984,20091,0.5742911045049165,D:\Retina\Retinal-Vessel-Segmentation-Benchmark-main\Models_output\SA-UNnetv2\test_data\HRF\pred_masks\05_dr.png,D:\Retina\Retinal-Vessel-Segmentation-Benchmark-main\config\test_data\HRF\masks\05_dr.tif
SA-UNnetv2,HRF,05_g,0.75,diagnostic_test_set_scan_equal_dataset_macro_F1,"TVS = |S_GT_thin intersect M_pred| / |S_GT_thin|; S_GT_thin uses skeletonize(GT), Dlocal=2*EDT(GT), tau=max(1 px, 0.018*DOD)",355.21,auto_detected,6.39378,34679,17455,0.5033305458634909,D:\Retina\Retinal-Vessel-Segmentation-Benchmark-main\Models_output\SA-UNnetv2\test_data\HRF\pred_masks\05_g.png,D:\Retina\Retinal-Vessel-Segmentation-Benchmark-main\config\test_data\HRF\masks\05_g.tif
SA-UNnetv2,HRF,05_h,0.75,diagnostic_test_set_scan_equal_dataset_macro_F1,"TVS = |S_GT_thin intersect M_pred| / |S_GT_thin|; S_GT_thin uses skeletonize(GT), Dlocal=2*EDT(GT), tau=max(1 px, 0.018*DOD)",411.55,auto_detected,7.4079,26869,13172,0.4902303770144032,D:\Retina\Retinal-Vessel-Segmentation-Benchmark-main\Models_output\SA-UNnetv2\test_data\HRF\pred_masks\05_h.png,D:\Retina\Retinal-Vessel-Segmentation-Benchmark-main\config\test_data\HRF\masks\05_h.tif
SA-UNnetv2,HRF,06_dr,0.75,diagnostic_test_set_scan_equal_dataset_macro_F1,"TVS = |S_GT_thin intersect M_pred| / |S_GT_thin|; S_GT_thin uses skeletonize(GT), Dlocal=2*EDT(GT), tau=max(1 px, 0.018*DOD)",377.23,annotation_csv,6.79014,55802,21346,0.38253109207555286,D:\Retina\Retinal-Vessel-Segmentation-Benchmark-main\Models_output\SA-UNnetv2\test_data\HRF\pred_masks\06_dr.png,D:\Retina\Retinal-Vessel-Segmentation-Benchmark-main\config\test_data\HRF\masks\06_dr.tif
SA-UNnetv2,HRF,06_g,0.75,diagnostic_test_set_scan_equal_dataset_macro_F1,"TVS = |S_GT_thin intersect M_pred| / |S_GT_thin|; S_GT_thin uses skeletonize(GT), Dlocal=2*EDT(GT), tau=max(1 px, 0.018*DOD)",364.73,auto_detected,6.5651399999999995,35175,17673,0.5024307036247335,D:\Retina\Retinal-Vessel-Segmentation-Benchmark-main\Models_output\SA-UNnetv2\test_data\HRF\pred_masks\06_g.png,D:\Retina\Retinal-Vessel-Segmentation-Benchmark-main\config\test_data\HRF\masks\06_g.tif
SA-UNnetv2,HRF,06_h,0.75,diagnostic_test_set_scan_equal_dataset_macro_F1,"TVS = |S_GT_thin intersect M_pred| / |S_GT_thin|; S_GT_thin uses skeletonize(GT), Dlocal=2*EDT(GT), tau=max(1 px, 0.018*DOD)",352.93,auto_detected,6.35274,33343,14366,0.43085505203490987,D:\Retina\Retinal-Vessel-Segmentation-Benchmark-main\Models_output\SA-UNnetv2\test_data\HRF\pred_masks\06_h.png,D:\Retina\Retinal-Vessel-Segmentation-Benchmark-main\config\test_data\HRF\masks\06_h.tif
SA-UNnetv2,HRF,07_dr,0.75,diagnostic_test_set_scan_equal_dataset_macro_F1,"TVS = |S_GT_thin intersect M_pred| / |S_GT_thin|; S_GT_thin uses skeletonize(GT), Dlocal=2*EDT(GT), tau=max(1 px, 0.018*DOD)",370.0,auto_detected,6.659999999999999,35584,17856,0.5017985611510791,D:\Retina\Retinal-Vessel-Segmentation-Benchmark-main\Models_output\SA-UNnetv2\test_data\HRF\pred_masks\07_dr.png,D:\Retina\Retinal-Vessel-Segmentation-Benchmark-main\config\test_data\HRF\masks\07_dr.tif
SA-UNnetv2,HRF,07_g,0.75,diagnostic_test_set_scan_equal_dataset_macro_F1,"TVS = |S_GT_thin intersect M_pred| / |S_GT_thin|; S_GT_thin uses skeletonize(GT), Dlocal=2*EDT(GT), tau=max(1 px, 0.018*DOD)",350.91,auto_detected,6.31638,39662,17393,0.43853058342998336,D:\Retina\Retinal-Vessel-Segmentation-Benchmark-main\Models_output\SA-UNnetv2\test_data\HRF\pred_masks\07_g.png,D:\Retina\Retinal-Vessel-Segmentation-Benchmark-main\config\test_data\HRF\masks\07_g.tif
SA-UNnetv2,HRF,07_h,0.75,diagnostic_test_set_scan_equal_dataset_macro_F1,"TVS = |S_GT_thin intersect M_pred| / |S_GT_thin|; S_GT_thin uses skeletonize(GT), Dlocal=2*EDT(GT), tau=max(1 px, 0.018*DOD)",407.9,auto_detected,7.342199999999999,27803,15259,0.5488256662950042,D:\Retina\Retinal-Vessel-Segmentation-Benchmark-main\Models_output\SA-UNnetv2\test_data\HRF\pred_masks\07_h.png,D:\Retina\Retinal-Vessel-Segmentation-Benchmark-main\config\test_data\HRF\masks\07_h.tif
SA-UNnetv2,HRF,08_dr,0.75,diagnostic_test_set_scan_equal_dataset_macro_F1,"TVS = |S_GT_thin intersect M_pred| / |S_GT_thin|; S_GT_thin uses skeletonize(GT), Dlocal=2*EDT(GT), tau=max(1 px, 0.018*DOD)",350.04,auto_detected,6.30072,34040,13556,0.3982373678025852,D:\Retina\Retinal-Vessel-Segmentation-Benchmark-main\Models_output\SA-UNnetv2\test_data\HRF\pred_masks\08_dr.png,D:\Retina\Retinal-Vessel-Segmentation-Benchmark-main\config\test_data\HRF\masks\08_dr.tif
SA-UNnetv2,HRF,08_g,0.75,diagnostic_test_set_scan_equal_dataset_macro_F1,"TVS = |S_GT_thin intersect M_pred| / |S_GT_thin|; S_GT_thin uses skeletonize(GT), Dlocal=2*EDT(GT), tau=max(1 px, 0.018*DOD)",368.1,auto_detected,6.6258,46547,24267,0.5213440178744065,D:\Retina\Retinal-Vessel-Segmentation-Benchmark-main\Models_output\SA-UNnetv2\test_data\HRF\pred_masks\08_g.png,D:\Retina\Retinal-Vessel-Segmentation-Benchmark-main\config\test_data\HRF\masks\08_g.tif
SA-UNnetv2,HRF,08_h,0.75,diagnostic_test_set_scan_equal_dataset_macro_F1,"TVS = |S_GT_thin intersect M_pred| / |S_GT_thin|; S_GT_thin uses skeletonize(GT), Dlocal=2*EDT(GT), tau=max(1 px, 0.018*DOD)",404.11,auto_detected,7.27398,31988,14128,0.4416656246092285,D:\Retina\Retinal-Vessel-Segmentation-Benchmark-main\Models_output\SA-UNnetv2\test_data\HRF\pred_masks\08_h.png,D:\Retina\Retinal-Vessel-Segmentation-Benchmark-main\config\test_data\HRF\masks\08_h.tif
SA-UNnetv2,HRF,09_dr,0.75,diagnostic_test_set_scan_equal_dataset_macro_F1,"TVS = |S_GT_thin intersect M_pred| / |S_GT_thin|; S_GT_thin uses skeletonize(GT), Dlocal=2*EDT(GT), tau=max(1 px, 0.018*DOD)",346.98,auto_detected,6.24564,26319,8574,0.32577225578479424,D:\Retina\Retinal-Vessel-Segmentation-Benchmark-main\Models_output\SA-UNnetv2\test_data\HRF\pred_masks\09_dr.png,D:\Retina\Retinal-Vessel-Segmentation-Benchmark-main\config\test_data\HRF\masks\09_dr.tif
SA-UNnetv2,HRF,09_g,0.75,diagnostic_test_set_scan_equal_dataset_macro_F1,"TVS = |S_GT_thin intersect M_pred| / |S_GT_thin|; S_GT_thin uses skeletonize(GT), Dlocal=2*EDT(GT), tau=max(1 px, 0.018*DOD)",379.64,auto_detected,6.833519999999999,42842,21110,0.4927407684048364,D:\Retina\Retinal-Vessel-Segmentation-Benchmark-main\Models_output\SA-UNnetv2\test_data\HRF\pred_masks\09_g.png,D:\Retina\Retinal-Vessel-Segmentation-Benchmark-main\config\test_data\HRF\masks\09_g.tif
SA-UNnetv2,HRF,09_h,0.75,diagnostic_test_set_scan_equal_dataset_macro_F1,"TVS = |S_GT_thin intersect M_pred| / |S_GT_thin|; S_GT_thin uses skeletonize(GT), Dlocal=2*EDT(GT), tau=max(1 px, 0.018*DOD)",399.61,auto_detected,7.1929799999999995,30678,10778,0.3513266836169242,D:\Retina\Retinal-Vessel-Segmentation-Benchmark-main\Models_output\SA-UNnetv2\test_data\HRF\pred_masks\09_h.png,D:\Retina\Retinal-Vessel-Segmentation-Benchmark-main\config\test_data\HRF\masks\09_h.tif
SA-UNnetv2,HRF,10_dr,0.75,diagnostic_test_set_scan_equal_dataset_macro_F1,"TVS = |S_GT_thin intersect M_pred| / |S_GT_thin|; S_GT_thin uses skeletonize(GT), Dlocal=2*EDT(GT), tau=max(1 px, 0.018*DOD)",366.16,auto_detected,6.59088,37150,18962,0.5104172274562584,D:\Retina\Retinal-Vessel-Segmentation-Benchmark-main\Models_output\SA-UNnetv2\test_data\HRF\pred_masks\10_dr.png,D:\Retina\Retinal-Vessel-Segmentation-Benchmark-main\config\test_data\HRF\masks\10_dr.tif
SA-UNnetv2,HRF,10_g,0.75,diagnostic_test_set_scan_equal_dataset_macro_F1,"TVS = |S_GT_thin intersect M_pred| / |S_GT_thin|; S_GT_thin uses skeletonize(GT), Dlocal=2*EDT(GT), tau=max(1 px, 0.018*DOD)",382.96,auto_detected,6.893279999999999,43463,22703,0.5223523456733313,D:\Retina\Retinal-Vessel-Segmentation-Benchmark-main\Models_output\SA-UNnetv2\test_data\HRF\pred_masks\10_g.png,D:\Retina\Retinal-Vessel-Segmentation-Benchmark-main\config\test_data\HRF\masks\10_g.tif
SA-UNnetv2,HRF,10_h,0.75,diagnostic_test_set_scan_equal_dataset_macro_F1,"TVS = |S_GT_thin intersect M_pred| / |S_GT_thin|; S_GT_thin uses skeletonize(GT), Dlocal=2*EDT(GT), tau=max(1 px, 0.018*DOD)",377.06,auto_detected,6.78708,35092,11077,0.3156559899692237,D:\Retina\Retinal-Vessel-Segmentation-Benchmark-main\Models_output\SA-UNnetv2\test_data\HRF\pred_masks\10_h.png,D:\Retina\Retinal-Vessel-Segmentation-Benchmark-main\config\test_data\HRF\masks\10_h.tif
SA-UNnetv2,HRF,11_dr,0.75,diagnostic_test_set_scan_equal_dataset_macro_F1,"TVS = |S_GT_thin intersect M_pred| / |S_GT_thin|; S_GT_thin uses skeletonize(GT), Dlocal=2*EDT(GT), tau=max(1 px, 0.018*DOD)",366.23,auto_detected,6.59214,42816,21685,0.5064695440956651,D:\Retina\Retinal-Vessel-Segmentation-Benchmark-main\Models_output\SA-UNnetv2\test_data\HRF\pred_masks\11_dr.png,D:\Retina\Retinal-Vessel-Segmentation-Benchmark-main\config\test_data\HRF\masks\11_dr.tif
SA-UNnetv2,HRF,11_g,0.75,diagnostic_test_set_scan_equal_dataset_macro_F1,"TVS = |S_GT_thin intersect M_pred| / |S_GT_thin|; S_GT_thin uses skeletonize(GT), Dlocal=2*EDT(GT), tau=max(1 px, 0.018*DOD)",388.59,auto_detected,6.994619999999999,45178,21534,0.4766479259816725,D:\Retina\Retinal-Vessel-Segmentation-Benchmark-main\Models_output\SA-UNnetv2\test_data\HRF\pred_masks\11_g.png,D:\Retina\Retinal-Vessel-Segmentation-Benchmark-main\config\test_data\HRF\masks\11_g.tif
SA-UNnetv2,HRF,11_h,0.75,diagnostic_test_set_scan_equal_dataset_macro_F1,"TVS = |S_GT_thin intersect M_pred| / |S_GT_thin|; S_GT_thin uses skeletonize(GT), Dlocal=2*EDT(GT), tau=max(1 px, 0.018*DOD)",364.47,auto_detected,6.56046,16866,8947,0.5304755128661212,D:\Retina\Retinal-Vessel-Segmentation-Benchmark-main\Models_output\SA-UNnetv2\test_data\HRF\pred_masks\11_h.png,D:\Retina\Retinal-Vessel-Segmentation-Benchmark-main\config\test_data\HRF\masks\11_h.tif
SA-UNnetv2,HRF,12_dr,0.75,diagnostic_test_set_scan_equal_dataset_macro_F1,"TVS = |S_GT_thin intersect M_pred| / |S_GT_thin|; S_GT_thin uses skeletonize(GT), Dlocal=2*EDT(GT), tau=max(1 px, 0.018*DOD)",343.86,auto_detected,6.18948,42185,17752,0.4208130852198649,D:\Retina\Retinal-Vessel-Segmentation-Benchmark-main\Models_output\SA-UNnetv2\test_data\HRF\pred_masks\12_dr.png,D:\Retina\Retinal-Vessel-Segmentation-Benchmark-main\config\test_data\HRF\masks\12_dr.tif
SA-UNnetv2,HRF,12_g,0.75,diagnostic_test_set_scan_equal_dataset_macro_F1,"TVS = |S_GT_thin intersect M_pred| / |S_GT_thin|; S_GT_thin uses skeletonize(GT), Dlocal=2*EDT(GT), tau=max(1 px, 0.018*DOD)",370.63,auto_detected,6.67134,50637,22589,0.4460967276892391,D:\Retina\Retinal-Vessel-Segmentation-Benchmark-main\Models_output\SA-UNnetv2\test_data\HRF\pred_masks\12_g.png,D:\Retina\Retinal-Vessel-Segmentation-Benchmark-main\config\test_data\HRF\masks\12_g.tif
SA-UNnetv2,HRF,12_h,0.75,diagnostic_test_set_scan_equal_dataset_macro_F1,"TVS = |S_GT_thin intersect M_pred| / |S_GT_thin|; S_GT_thin uses skeletonize(GT), Dlocal=2*EDT(GT), tau=max(1 px, 0.018*DOD)",399.76,auto_detected,7.195679999999999,20378,11477,0.5632054176072234,D:\Retina\Retinal-Vessel-Segmentation-Benchmark-main\Models_output\SA-UNnetv2\test_data\HRF\pred_masks\12_h.png,D:\Retina\Retinal-Vessel-Segmentation-Benchmark-main\config\test_data\HRF\masks\12_h.tif
SA-UNnetv2,HRF,13_dr,0.75,diagnostic_test_set_scan_equal_dataset_macro_F1,"TVS = |S_GT_thin intersect M_pred| / |S_GT_thin|; S_GT_thin uses skeletonize(GT), Dlocal=2*EDT(GT), tau=max(1 px, 0.018*DOD)",326.7,auto_detected,5.880599999999999,31848,12680,0.39814117056016074,D:\Retina\Retinal-Vessel-Segmentation-Benchmark-main\Models_output\SA-UNnetv2\test_data\HRF\pred_masks\13_dr.png,D:\Retina\Retinal-Vessel-Segmentation-Benchmark-main\config\test_data\HRF\masks\13_dr.tif
SA-UNnetv2,HRF,13_g,0.75,diagnostic_test_set_scan_equal_dataset_macro_F1,"TVS = |S_GT_thin intersect M_pred| / |S_GT_thin|; S_GT_thin uses skeletonize(GT), Dlocal=2*EDT(GT), tau=max(1 px, 0.018*DOD)",363.2,auto_detected,6.537599999999999,43757,21500,0.4913499554357017,D:\Retina\Retinal-Vessel-Segmentation-Benchmark-main\Models_output\SA-UNnetv2\test_data\HRF\pred_masks\13_g.png,D:\Retina\Retinal-Vessel-Segmentation-Benchmark-main\config\test_data\HRF\masks\13_g.tif
SA-UNnetv2,HRF,13_h,0.75,diagnostic_test_set_scan_equal_dataset_macro_F1,"TVS = |S_GT_thin intersect M_pred| / |S_GT_thin|; S_GT_thin uses skeletonize(GT), Dlocal=2*EDT(GT), tau=max(1 px, 0.018*DOD)",358.42,auto_detected,6.45156,22564,15360,0.6807303669562135,D:\Retina\Retinal-Vessel-Segmentation-Benchmark-main\Models_output\SA-UNnetv2\test_data\HRF\pred_masks\13_h.png,D:\Retina\Retinal-Vessel-Segmentation-Benchmark-main\config\test_data\HRF\masks\13_h.tif
SA-UNnetv2,HRF,14_dr,0.75,diagnostic_test_set_scan_equal_dataset_macro_F1,"TVS = |S_GT_thin intersect M_pred| / |S_GT_thin|; S_GT_thin uses skeletonize(GT), Dlocal=2*EDT(GT), tau=max(1 px, 0.018*DOD)",357.84,auto_detected,6.441119999999999,44873,19127,0.4262474093552916,D:\Retina\Retinal-Vessel-Segmentation-Benchmark-main\Models_output\SA-UNnetv2\test_data\HRF\pred_masks\14_dr.png,D:\Retina\Retinal-Vessel-Segmentation-Benchmark-main\config\test_data\HRF\masks\14_dr.tif
SA-UNnetv2,HRF,14_g,0.75,diagnostic_test_set_scan_equal_dataset_macro_F1,"TVS = |S_GT_thin intersect M_pred| / |S_GT_thin|; S_GT_thin uses skeletonize(GT), Dlocal=2*EDT(GT), tau=max(1 px, 0.018*DOD)",354.74,auto_detected,6.38532,43318,20499,0.47322129368853594,D:\Retina\Retinal-Vessel-Segmentation-Benchmark-main\Models_output\SA-UNnetv2\test_data\HRF\pred_masks\14_g.png,D:\Retina\Retinal-Vessel-Segmentation-Benchmark-main\config\test_data\HRF\masks\14_g.tif
SA-UNnetv2,HRF,14_h,0.75,diagnostic_test_set_scan_equal_dataset_macro_F1,"TVS = |S_GT_thin intersect M_pred| / |S_GT_thin|; S_GT_thin uses skeletonize(GT), Dlocal=2*EDT(GT), tau=max(1 px, 0.018*DOD)",360.28,auto_detected,6.485039999999999,20730,13457,0.6491558128316449,D:\Retina\Retinal-Vessel-Segmentation-Benchmark-main\Models_output\SA-UNnetv2\test_data\HRF\pred_masks\14_h.png,D:\Retina\Retinal-Vessel-Segmentation-Benchmark-main\config\test_data\HRF\masks\14_h.tif
SA-UNnetv2,HRF,15_dr,0.75,diagnostic_test_set_scan_equal_dataset_macro_F1,"TVS = |S_GT_thin intersect M_pred| / |S_GT_thin|; S_GT_thin uses skeletonize(GT), Dlocal=2*EDT(GT), tau=max(1 px, 0.018*DOD)",375.46,auto_detected,6.758279999999999,30865,14603,0.4731248987526324,D:\Retina\Retinal-Vessel-Segmentation-Benchmark-main\Models_output\SA-UNnetv2\test_data\HRF\pred_masks\15_dr.png,D:\Retina\Retinal-Vessel-Segmentation-Benchmark-main\config\test_data\HRF\masks\15_dr.tif
SA-UNnetv2,HRF,15_g,0.75,diagnostic_test_set_scan_equal_dataset_macro_F1,"TVS = |S_GT_thin intersect M_pred| / |S_GT_thin|; S_GT_thin uses skeletonize(GT), Dlocal=2*EDT(GT), tau=max(1 px, 0.018*DOD)",387.83,auto_detected,6.9809399999999995,39198,16427,0.4190775039542834,D:\Retina\Retinal-Vessel-Segmentation-Benchmark-main\Models_output\SA-UNnetv2\test_data\HRF\pred_masks\15_g.png,D:\Retina\Retinal-Vessel-Segmentation-Benchmark-main\config\test_data\HRF\masks\15_g.tif
SA-UNnetv2,HRF,15_h,0.75,diagnostic_test_set_scan_equal_dataset_macro_F1,"TVS = |S_GT_thin intersect M_pred| / |S_GT_thin|; S_GT_thin uses skeletonize(GT), Dlocal=2*EDT(GT), tau=max(1 px, 0.018*DOD)",355.9,auto_detected,6.406199999999999,17490,12164,0.6954831332189823,D:\Retina\Retinal-Vessel-Segmentation-Benchmark-main\Models_output\SA-UNnetv2\test_data\HRF\pred_masks\15_h.png,D:\Retina\Retinal-Vessel-Segmentation-Benchmark-main\config\test_data\HRF\masks\15_h.tif
SA-UNnetv2,LES,111,0.75,diagnostic_test_set_scan_equal_dataset_macro_F1,"TVS = |S_GT_thin intersect M_pred| / |S_GT_thin|; S_GT_thin uses skeletonize(GT), Dlocal=2*EDT(GT), tau=max(1 px, 0.018*DOD)",306.16,manual_les_csv,5.51088,4813,1879,0.3904009972989819,D:\Retina\Retinal-Vessel-Segmentation-Benchmark-main\Models_output\SA-UNnetv2\test_data\LES\pred_masks\111.png,D:\Retina\Retinal-Vessel-Segmentation-Benchmark-main\config\test_data\LES\masks\111.png
SA-UNnetv2,LES,119,0.75,diagnostic_test_set_scan_equal_dataset_macro_F1,"TVS = |S_GT_thin intersect M_pred| / |S_GT_thin|; S_GT_thin uses skeletonize(GT), Dlocal=2*EDT(GT), tau=max(1 px, 0.018*DOD)",346.16,manual_les_csv,6.23088,6466,4333,0.6701206309928859,D:\Retina\Retinal-Vessel-Segmentation-Benchmark-main\Models_output\SA-UNnetv2\test_data\LES\pred_masks\119.png,D:\Retina\Retinal-Vessel-Segmentation-Benchmark-main\config\test_data\LES\masks\119.png
SA-UNnetv2,LES,12,0.75,diagnostic_test_set_scan_equal_dataset_macro_F1,"TVS = |S_GT_thin intersect M_pred| / |S_GT_thin|; S_GT_thin uses skeletonize(GT), Dlocal=2*EDT(GT), tau=max(1 px, 0.018*DOD)",342.16,manual_les_csv,6.15888,7323,4743,0.6476853748463745,D:\Retina\Retinal-Vessel-Segmentation-Benchmark-main\Models_output\SA-UNnetv2\test_data\LES\pred_masks\12.png,D:\Retina\Retinal-Vessel-Segmentation-Benchmark-main\config\test_data\LES\masks\12.png
SA-UNnetv2,LES,15,0.75,diagnostic_test_set_scan_equal_dataset_macro_F1,"TVS = |S_GT_thin intersect M_pred| / |S_GT_thin|; S_GT_thin uses skeletonize(GT), Dlocal=2*EDT(GT), tau=max(1 px, 0.018*DOD)",310.16,manual_les_csv,5.58288,2343,1322,0.5642338881775502,D:\Retina\Retinal-Vessel-Segmentation-Benchmark-main\Models_output\SA-UNnetv2\test_data\LES\pred_masks\15.png,D:\Retina\Retinal-Vessel-Segmentation-Benchmark-main\config\test_data\LES\masks\15.png
SA-UNnetv2,LES,224,0.75,diagnostic_test_set_scan_equal_dataset_macro_F1,"TVS = |S_GT_thin intersect M_pred| / |S_GT_thin|; S_GT_thin uses skeletonize(GT), Dlocal=2*EDT(GT), tau=max(1 px, 0.018*DOD)",294.16,manual_les_csv,5.29488,3116,1917,0.615211810012837,D:\Retina\Retinal-Vessel-Segmentation-Benchmark-main\Models_output\SA-UNnetv2\test_data\LES\pred_masks\224.png,D:\Retina\Retinal-Vessel-Segmentation-Benchmark-main\config\test_data\LES\masks\224.png
SA-UNnetv2,LES,240,0.75,diagnostic_test_set_scan_equal_dataset_macro_F1,"TVS = |S_GT_thin intersect M_pred| / |S_GT_thin|; S_GT_thin uses skeletonize(GT), Dlocal=2*EDT(GT), tau=max(1 px, 0.018*DOD)",286.16,manual_les_csv,5.15088,3616,2718,0.7516592920353983,D:\Retina\Retinal-Vessel-Segmentation-Benchmark-main\Models_output\SA-UNnetv2\test_data\LES\pred_masks\240.png,D:\Retina\Retinal-Vessel-Segmentation-Benchmark-main\config\test_data\LES\masks\240.png
SA-UNnetv2,LES,275,0.75,diagnostic_test_set_scan_equal_dataset_macro_F1,"TVS = |S_GT_thin intersect M_pred| / |S_GT_thin|; S_GT_thin uses skeletonize(GT), Dlocal=2*EDT(GT), tau=max(1 px, 0.018*DOD)",322.16,manual_les_csv,5.79888,4652,2769,0.5952278589853827,D:\Retina\Retinal-Vessel-Segmentation-Benchmark-main\Models_output\SA-UNnetv2\test_data\LES\pred_masks\275.png,D:\Retina\Retinal-Vessel-Segmentation-Benchmark-main\config\test_data\LES\masks\275.png
SA-UNnetv2,LES,279,0.75,diagnostic_test_set_scan_equal_dataset_macro_F1,"TVS = |S_GT_thin intersect M_pred| / |S_GT_thin|; S_GT_thin uses skeletonize(GT), Dlocal=2*EDT(GT), tau=max(1 px, 0.018*DOD)",354.16,manual_les_csv,6.37488,5525,3883,0.7028054298642534,D:\Retina\Retinal-Vessel-Segmentation-Benchmark-main\Models_output\SA-UNnetv2\test_data\LES\pred_masks\279.png,D:\Retina\Retinal-Vessel-Segmentation-Benchmark-main\config\test_data\LES\masks\279.png
SA-UNnetv2,LES,304,0.75,diagnostic_test_set_scan_equal_dataset_macro_F1,"TVS = |S_GT_thin intersect M_pred| / |S_GT_thin|; S_GT_thin uses skeletonize(GT), Dlocal=2*EDT(GT), tau=max(1 px, 0.018*DOD)",322.16,manual_les_csv,5.79888,2415,1720,0.7122153209109731,D:\Retina\Retinal-Vessel-Segmentation-Benchmark-main\Models_output\SA-UNnetv2\test_data\LES\pred_masks\304.png,D:\Retina\Retinal-Vessel-Segmentation-Benchmark-main\config\test_data\LES\masks\304.png
SA-UNnetv2,LES,318,0.75,diagnostic_test_set_scan_equal_dataset_macro_F1,"TVS = |S_GT_thin intersect M_pred| / |S_GT_thin|; S_GT_thin uses skeletonize(GT), Dlocal=2*EDT(GT), tau=max(1 px, 0.018*DOD)",262.16,manual_les_csv,4.71888,3218,2251,0.699502796768179,D:\Retina\Retinal-Vessel-Segmentation-Benchmark-main\Models_output\SA-UNnetv2\test_data\LES\pred_masks\318.png,D:\Retina\Retinal-Vessel-Segmentation-Benchmark-main\config\test_data\LES\masks\318.png
SA-UNnetv2,LES,33,0.75,diagnostic_test_set_scan_equal_dataset_macro_F1,"TVS = |S_GT_thin intersect M_pred| / |S_GT_thin|; S_GT_thin uses skeletonize(GT), Dlocal=2*EDT(GT), tau=max(1 px, 0.018*DOD)",290.16,manual_les_csv,5.22288,5124,1680,0.32786885245901637,D:\Retina\Retinal-Vessel-Segmentation-Benchmark-main\Models_output\SA-UNnetv2\test_data\LES\pred_masks\33.png,D:\Retina\Retinal-Vessel-Segmentation-Benchmark-main\config\test_data\LES\masks\33.png
SA-UNnetv2,LES,34,0.75,diagnostic_test_set_scan_equal_dataset_macro_F1,"TVS = |S_GT_thin intersect M_pred| / |S_GT_thin|; S_GT_thin uses skeletonize(GT), Dlocal=2*EDT(GT), tau=max(1 px, 0.018*DOD)",310.12,manual_les_csv,5.58216,7573,2572,0.3396276244553017,D:\Retina\Retinal-Vessel-Segmentation-Benchmark-main\Models_output\SA-UNnetv2\test_data\LES\pred_masks\34.png,D:\Retina\Retinal-Vessel-Segmentation-Benchmark-main\config\test_data\LES\masks\34.png
SA-UNnetv2,LES,367,0.75,diagnostic_test_set_scan_equal_dataset_macro_F1,"TVS = |S_GT_thin intersect M_pred| / |S_GT_thin|; S_GT_thin uses skeletonize(GT), Dlocal=2*EDT(GT), tau=max(1 px, 0.018*DOD)",266.16,manual_les_csv,4.7908800000000005,3456,2245,0.6495949074074074,D:\Retina\Retinal-Vessel-Segmentation-Benchmark-main\Models_output\SA-UNnetv2\test_data\LES\pred_masks\367.png,D:\Retina\Retinal-Vessel-Segmentation-Benchmark-main\config\test_data\LES\masks\367.png
SA-UNnetv2,LES,37,0.75,diagnostic_test_set_scan_equal_dataset_macro_F1,"TVS = |S_GT_thin intersect M_pred| / |S_GT_thin|; S_GT_thin uses skeletonize(GT), Dlocal=2*EDT(GT), tau=max(1 px, 0.018*DOD)",326.16,manual_les_csv,5.87088,3535,1705,0.4823196605374823,D:\Retina\Retinal-Vessel-Segmentation-Benchmark-main\Models_output\SA-UNnetv2\test_data\LES\pred_masks\37.png,D:\Retina\Retinal-Vessel-Segmentation-Benchmark-main\config\test_data\LES\masks\37.png
SA-UNnetv2,LES,370,0.75,diagnostic_test_set_scan_equal_dataset_macro_F1,"TVS = |S_GT_thin intersect M_pred| / |S_GT_thin|; S_GT_thin uses skeletonize(GT), Dlocal=2*EDT(GT), tau=max(1 px, 0.018*DOD)",270.16,manual_les_csv,4.86288,3505,2539,0.7243937232524964,D:\Retina\Retinal-Vessel-Segmentation-Benchmark-main\Models_output\SA-UNnetv2\test_data\LES\pred_masks\370.png,D:\Retina\Retinal-Vessel-Segmentation-Benchmark-main\config\test_data\LES\masks\370.png
SA-UNnetv2,LES,42,0.75,diagnostic_test_set_scan_equal_dataset_macro_F1,"TVS = |S_GT_thin intersect M_pred| / |S_GT_thin|; S_GT_thin uses skeletonize(GT), Dlocal=2*EDT(GT), tau=max(1 px, 0.018*DOD)",306.16,manual_les_csv,5.51088,3697,1835,0.4963483905869624,D:\Retina\Retinal-Vessel-Segmentation-Benchmark-main\Models_output\SA-UNnetv2\test_data\LES\pred_masks\42.png,D:\Retina\Retinal-Vessel-Segmentation-Benchmark-main\config\test_data\LES\masks\42.png
SA-UNnetv2,LES,486,0.75,diagnostic_test_set_scan_equal_dataset_macro_F1,"TVS = |S_GT_thin intersect M_pred| / |S_GT_thin|; S_GT_thin uses skeletonize(GT), Dlocal=2*EDT(GT), tau=max(1 px, 0.018*DOD)",270.16,manual_les_csv,4.86288,2614,1732,0.6625860749808722,D:\Retina\Retinal-Vessel-Segmentation-Benchmark-main\Models_output\SA-UNnetv2\test_data\LES\pred_masks\486.png,D:\Retina\Retinal-Vessel-Segmentation-Benchmark-main\config\test_data\LES\masks\486.png
SA-UNnetv2,LES,49,0.75,diagnostic_test_set_scan_equal_dataset_macro_F1,"TVS = |S_GT_thin intersect M_pred| / |S_GT_thin|; S_GT_thin uses skeletonize(GT), Dlocal=2*EDT(GT), tau=max(1 px, 0.018*DOD)",258.16,manual_les_csv,4.64688,2818,1197,0.4247693399574166,D:\Retina\Retinal-Vessel-Segmentation-Benchmark-main\Models_output\SA-UNnetv2\test_data\LES\pred_masks\49.png,D:\Retina\Retinal-Vessel-Segmentation-Benchmark-main\config\test_data\LES\masks\49.png
SA-UNnetv2,LES,529,0.75,diagnostic_test_set_scan_equal_dataset_macro_F1,"TVS = |S_GT_thin intersect M_pred| / |S_GT_thin|; S_GT_thin uses skeletonize(GT), Dlocal=2*EDT(GT), tau=max(1 px, 0.018*DOD)",314.16,manual_les_csv,5.65488,1939,1162,0.5992779783393501,D:\Retina\Retinal-Vessel-Segmentation-Benchmark-main\Models_output\SA-UNnetv2\test_data\LES\pred_masks\529.png,D:\Retina\Retinal-Vessel-Segmentation-Benchmark-main\config\test_data\LES\masks\529.png
SA-UNnetv2,LES,53,0.75,diagnostic_test_set_scan_equal_dataset_macro_F1,"TVS = |S_GT_thin intersect M_pred| / |S_GT_thin|; S_GT_thin uses skeletonize(GT), Dlocal=2*EDT(GT), tau=max(1 px, 0.018*DOD)",290.16,manual_les_csv,5.22288,3970,1953,0.49193954659949624,D:\Retina\Retinal-Vessel-Segmentation-Benchmark-main\Models_output\SA-UNnetv2\test_data\LES\pred_masks\53.png,D:\Retina\Retinal-Vessel-Segmentation-Benchmark-main\config\test_data\LES\masks\53.png
SA-UNnetv2,LES,586,0.75,diagnostic_test_set_scan_equal_dataset_macro_F1,"TVS = |S_GT_thin intersect M_pred| / |S_GT_thin|; S_GT_thin uses skeletonize(GT), Dlocal=2*EDT(GT), tau=max(1 px, 0.018*DOD)",326.16,manual_les_csv,5.87088,4752,3561,0.7493686868686869,D:\Retina\Retinal-Vessel-Segmentation-Benchmark-main\Models_output\SA-UNnetv2\test_data\LES\pred_masks\586.png,D:\Retina\Retinal-Vessel-Segmentation-Benchmark-main\config\test_data\LES\masks\586.png
SA-UNnetv2,LES,90,0.75,diagnostic_test_set_scan_equal_dataset_macro_F1,"TVS = |S_GT_thin intersect M_pred| / |S_GT_thin|; S_GT_thin uses skeletonize(GT), Dlocal=2*EDT(GT), tau=max(1 px, 0.018*DOD)",282.16,manual_les_csv,5.07888,2987,1341,0.4489454301975226,D:\Retina\Retinal-Vessel-Segmentation-Benchmark-main\Models_output\SA-UNnetv2\test_data\LES\pred_masks\90.png,D:\Retina\Retinal-Vessel-Segmentation-Benchmark-main\config\test_data\LES\masks\90.png
SA-UNnetv2,STARE,im0001,0.75,diagnostic_test_set_scan_equal_dataset_macro_F1,"TVS = |S_GT_thin intersect M_pred| / |S_GT_thin|; S_GT_thin uses skeletonize(GT), Dlocal=2*EDT(GT), tau=max(1 px, 0.018*DOD)",119.04,annotation_csv,2.1427199999999997,2392,1861,0.778010033444816,D:\Retina\Retinal-Vessel-Segmentation-Benchmark-main\Models_output\SA-UNnetv2\test_data\STARE\pred_masks\im0001.png,D:\Retina\Retinal-Vessel-Segmentation-Benchmark-main\config\test_data\STARE\masks\im0001.png
SA-UNnetv2,STARE,im0002,0.75,diagnostic_test_set_scan_equal_dataset_macro_F1,"TVS = |S_GT_thin intersect M_pred| / |S_GT_thin|; S_GT_thin uses skeletonize(GT), Dlocal=2*EDT(GT), tau=max(1 px, 0.018*DOD)",97.74,auto_detected,1.7593199999999998,0,0,0.0,D:\Retina\Retinal-Vessel-Segmentation-Benchmark-main\Models_output\SA-UNnetv2\test_data\STARE\pred_masks\im0002.png,D:\Retina\Retinal-Vessel-Segmentation-Benchmark-main\config\test_data\STARE\masks\im0002.png
SA-UNnetv2,STARE,im0003,0.75,diagnostic_test_set_scan_equal_dataset_macro_F1,"TVS = |S_GT_thin intersect M_pred| / |S_GT_thin|; S_GT_thin uses skeletonize(GT), Dlocal=2*EDT(GT), tau=max(1 px, 0.018*DOD)",130.73,auto_detected,2.35314,1973,1285,0.6512924480486568,D:\Retina\Retinal-Vessel-Segmentation-Benchmark-main\Models_output\SA-UNnetv2\test_data\STARE\pred_masks\im0003.png,D:\Retina\Retinal-Vessel-Segmentation-Benchmark-main\config\test_data\STARE\masks\im0003.png
SA-UNnetv2,STARE,im0004,0.75,diagnostic_test_set_scan_equal_dataset_macro_F1,"TVS = |S_GT_thin intersect M_pred| / |S_GT_thin|; S_GT_thin uses skeletonize(GT), Dlocal=2*EDT(GT), tau=max(1 px, 0.018*DOD)",111.92,auto_detected,2.01456,629,404,0.6422893481717011,D:\Retina\Retinal-Vessel-Segmentation-Benchmark-main\Models_output\SA-UNnetv2\test_data\STARE\pred_masks\im0004.png,D:\Retina\Retinal-Vessel-Segmentation-Benchmark-main\config\test_data\STARE\masks\im0004.png
SA-UNnetv2,STARE,im0005,0.75,diagnostic_test_set_scan_equal_dataset_macro_F1,"TVS = |S_GT_thin intersect M_pred| / |S_GT_thin|; S_GT_thin uses skeletonize(GT), Dlocal=2*EDT(GT), tau=max(1 px, 0.018*DOD)",131.87,auto_detected,2.37366,814,600,0.7371007371007371,D:\Retina\Retinal-Vessel-Segmentation-Benchmark-main\Models_output\SA-UNnetv2\test_data\STARE\pred_masks\im0005.png,D:\Retina\Retinal-Vessel-Segmentation-Benchmark-main\config\test_data\STARE\masks\im0005.png
SA-UNnetv2,STARE,im0044,0.75,diagnostic_test_set_scan_equal_dataset_macro_F1,"TVS = |S_GT_thin intersect M_pred| / |S_GT_thin|; S_GT_thin uses skeletonize(GT), Dlocal=2*EDT(GT), tau=max(1 px, 0.018*DOD)",133.3,auto_detected,2.3994,1979,1630,0.8236483072258717,D:\Retina\Retinal-Vessel-Segmentation-Benchmark-main\Models_output\SA-UNnetv2\test_data\STARE\pred_masks\im0044.png,D:\Retina\Retinal-Vessel-Segmentation-Benchmark-main\config\test_data\STARE\masks\im0044.png
SA-UNnetv2,STARE,im0077,0.75,diagnostic_test_set_scan_equal_dataset_macro_F1,"TVS = |S_GT_thin intersect M_pred| / |S_GT_thin|; S_GT_thin uses skeletonize(GT), Dlocal=2*EDT(GT), tau=max(1 px, 0.018*DOD)",134.65,auto_detected,2.4236999999999997,3465,3070,0.886002886002886,D:\Retina\Retinal-Vessel-Segmentation-Benchmark-main\Models_output\SA-UNnetv2\test_data\STARE\pred_masks\im0077.png,D:\Retina\Retinal-Vessel-Segmentation-Benchmark-main\config\test_data\STARE\masks\im0077.png
SA-UNnetv2,STARE,im0081,0.75,diagnostic_test_set_scan_equal_dataset_macro_F1,"TVS = |S_GT_thin intersect M_pred| / |S_GT_thin|; S_GT_thin uses skeletonize(GT), Dlocal=2*EDT(GT), tau=max(1 px, 0.018*DOD)",116.54,auto_detected,2.09772,3163,2823,0.8925071134998419,D:\Retina\Retinal-Vessel-Segmentation-Benchmark-main\Models_output\SA-UNnetv2\test_data\STARE\pred_masks\im0081.png,D:\Retina\Retinal-Vessel-Segmentation-Benchmark-main\config\test_data\STARE\masks\im0081.png
SA-UNnetv2,STARE,im0082,0.75,diagnostic_test_set_scan_equal_dataset_macro_F1,"TVS = |S_GT_thin intersect M_pred| / |S_GT_thin|; S_GT_thin uses skeletonize(GT), Dlocal=2*EDT(GT), tau=max(1 px, 0.018*DOD)",120.44,auto_detected,2.1679199999999996,3691,3073,0.8325657003522081,D:\Retina\Retinal-Vessel-Segmentation-Benchmark-main\Models_output\SA-UNnetv2\test_data\STARE\pred_masks\im0082.png,D:\Retina\Retinal-Vessel-Segmentation-Benchmark-main\config\test_data\STARE\masks\im0082.png
SA-UNnetv2,STARE,im0139,0.75,diagnostic_test_set_scan_equal_dataset_macro_F1,"TVS = |S_GT_thin intersect M_pred| / |S_GT_thin|; S_GT_thin uses skeletonize(GT), Dlocal=2*EDT(GT), tau=max(1 px, 0.018*DOD)",93.91,auto_detected,1.6903799999999998,0,0,0.0,D:\Retina\Retinal-Vessel-Segmentation-Benchmark-main\Models_output\SA-UNnetv2\test_data\STARE\pred_masks\im0139.png,D:\Retina\Retinal-Vessel-Segmentation-Benchmark-main\config\test_data\STARE\masks\im0139.png
SA-UNnetv2,STARE,im0162,0.75,diagnostic_test_set_scan_equal_dataset_macro_F1,"TVS = |S_GT_thin intersect M_pred| / |S_GT_thin|; S_GT_thin uses skeletonize(GT), Dlocal=2*EDT(GT), tau=max(1 px, 0.018*DOD)",93.13,auto_detected,1.6763399999999997,0,0,0.0,D:\Retina\Retinal-Vessel-Segmentation-Benchmark-main\Models_output\SA-UNnetv2\test_data\STARE\pred_masks\im0162.png,D:\Retina\Retinal-Vessel-Segmentation-Benchmark-main\config\test_data\STARE\masks\im0162.png
SA-UNnetv2,STARE,im0163,0.75,diagnostic_test_set_scan_equal_dataset_macro_F1,"TVS = |S_GT_thin intersect M_pred| / |S_GT_thin|; S_GT_thin uses skeletonize(GT), Dlocal=2*EDT(GT), tau=max(1 px, 0.018*DOD)",121.3,auto_detected,2.1834,3200,2871,0.8971875,D:\Retina\Retinal-Vessel-Segmentation-Benchmark-main\Models_output\SA-UNnetv2\test_data\STARE\pred_masks\im0163.png,D:\Retina\Retinal-Vessel-Segmentation-Benchmark-main\config\test_data\STARE\masks\im0163.png
SA-UNnetv2,STARE,im0235,0.75,diagnostic_test_set_scan_equal_dataset_macro_F1,"TVS = |S_GT_thin intersect M_pred| / |S_GT_thin|; S_GT_thin uses skeletonize(GT), Dlocal=2*EDT(GT), tau=max(1 px, 0.018*DOD)",122.39,annotation_csv,2.20302,3131,2443,0.7802618971574576,D:\Retina\Retinal-Vessel-Segmentation-Benchmark-main\Models_output\SA-UNnetv2\test_data\STARE\pred_masks\im0235.png,D:\Retina\Retinal-Vessel-Segmentation-Benchmark-main\config\test_data\STARE\masks\im0235.png
SA-UNnetv2,STARE,im0236,0.75,diagnostic_test_set_scan_equal_dataset_macro_F1,"TVS = |S_GT_thin intersect M_pred| / |S_GT_thin|; S_GT_thin uses skeletonize(GT), Dlocal=2*EDT(GT), tau=max(1 px, 0.018*DOD)",121.2,auto_detected,2.1816,2506,1825,0.7282521947326417,D:\Retina\Retinal-Vessel-Segmentation-Benchmark-main\Models_output\SA-UNnetv2\test_data\STARE\pred_masks\im0236.png,D:\Retina\Retinal-Vessel-Segmentation-Benchmark-main\config\test_data\STARE\masks\im0236.png
SA-UNnetv2,STARE,im0239,0.75,diagnostic_test_set_scan_equal_dataset_macro_F1,"TVS = |S_GT_thin intersect M_pred| / |S_GT_thin|; S_GT_thin uses skeletonize(GT), Dlocal=2*EDT(GT), tau=max(1 px, 0.018*DOD)",125.87,auto_detected,2.26566,2969,2108,0.71000336813742,D:\Retina\Retinal-Vessel-Segmentation-Benchmark-main\Models_output\SA-UNnetv2\test_data\STARE\pred_masks\im0239.png,D:\Retina\Retinal-Vessel-Segmentation-Benchmark-main\config\test_data\STARE\masks\im0239.png
SA-UNnetv2,STARE,im0240,0.75,diagnostic_test_set_scan_equal_dataset_macro_F1,"TVS = |S_GT_thin intersect M_pred| / |S_GT_thin|; S_GT_thin uses skeletonize(GT), Dlocal=2*EDT(GT), tau=max(1 px, 0.018*DOD)",133.44,auto_detected,2.4019199999999996,1136,897,0.789612676056338,D:\Retina\Retinal-Vessel-Segmentation-Benchmark-main\Models_output\SA-UNnetv2\test_data\STARE\pred_masks\im0240.png,D:\Retina\Retinal-Vessel-Segmentation-Benchmark-main\config\test_data\STARE\masks\im0240.png
SA-UNnetv2,STARE,im0255,0.75,diagnostic_test_set_scan_equal_dataset_macro_F1,"TVS = |S_GT_thin intersect M_pred| / |S_GT_thin|; S_GT_thin uses skeletonize(GT), Dlocal=2*EDT(GT), tau=max(1 px, 0.018*DOD)",89.18,auto_detected,1.60524,0,0,0.0,D:\Retina\Retinal-Vessel-Segmentation-Benchmark-main\Models_output\SA-UNnetv2\test_data\STARE\pred_masks\im0255.png,D:\Retina\Retinal-Vessel-Segmentation-Benchmark-main\config\test_data\STARE\masks\im0255.png
SA-UNnetv2,STARE,im0291,0.75,diagnostic_test_set_scan_equal_dataset_macro_F1,"TVS = |S_GT_thin intersect M_pred| / |S_GT_thin|; S_GT_thin uses skeletonize(GT), Dlocal=2*EDT(GT), tau=max(1 px, 0.018*DOD)",109.2,auto_detected,1.9655999999999998,0,0,0.0,D:\Retina\Retinal-Vessel-Segmentation-Benchmark-main\Models_output\SA-UNnetv2\test_data\STARE\pred_masks\im0291.png,D:\Retina\Retinal-Vessel-Segmentation-Benchmark-main\config\test_data\STARE\masks\im0291.png
SA-UNnetv2,STARE,im0319,0.75,diagnostic_test_set_scan_equal_dataset_macro_F1,"TVS = |S_GT_thin intersect M_pred| / |S_GT_thin|; S_GT_thin uses skeletonize(GT), Dlocal=2*EDT(GT), tau=max(1 px, 0.018*DOD)",125.2,auto_detected,2.2536,1459,1116,0.7649074708704592,D:\Retina\Retinal-Vessel-Segmentation-Benchmark-main\Models_output\SA-UNnetv2\test_data\STARE\pred_masks\im0319.png,D:\Retina\Retinal-Vessel-Segmentation-Benchmark-main\config\test_data\STARE\masks\im0319.png
SA-UNnetv2,STARE,im0324,0.75,diagnostic_test_set_scan_equal_dataset_macro_F1,"TVS = |S_GT_thin intersect M_pred| / |S_GT_thin|; S_GT_thin uses skeletonize(GT), Dlocal=2*EDT(GT), tau=max(1 px, 0.018*DOD)",138.12,auto_detected,2.48616,1101,880,0.7992733878292462,D:\Retina\Retinal-Vessel-Segmentation-Benchmark-main\Models_output\SA-UNnetv2\test_data\STARE\pred_masks\im0324.png,D:\Retina\Retinal-Vessel-Segmentation-Benchmark-main\config\test_data\STARE\masks\im0324.png
