Model,Dataset,Image,clDice,SkeletonF1_r2,SkeletonMethod,PredictionSkeletonPixels,GTSkeletonPixels,PredictionPath,GTPath
FSG-Net,AFIO,IM000001,0.787255929033941,0.7036086088510738,skimage.morphology.skeletonize,13818,16917,D:\Retina\Retinal-Vessel-Segmentation-Benchmark-main\Models_output\FSG-Net-HRF\test_data\AFIO\pred_masks\IM000001.png,D:\Retina\Retinal-Vessel-Segmentation-Benchmark-main\config\test_data\AFIO\masks\IM000001.png
FSG-Net,AFIO,IM000004,0.7909509275905837,0.7622954189695605,skimage.morphology.skeletonize,12182,14456,D:\Retina\Retinal-Vessel-Segmentation-Benchmark-main\Models_output\FSG-Net-HRF\test_data\AFIO\pred_masks\IM000004.png,D:\Retina\Retinal-Vessel-Segmentation-Benchmark-main\config\test_data\AFIO\masks\IM000004.png
FSG-Net,AFIO,IM000023,0.6547192722433286,0.6056653034305622,skimage.morphology.skeletonize,8177,9796,D:\Retina\Retinal-Vessel-Segmentation-Benchmark-main\Models_output\FSG-Net-HRF\test_data\AFIO\pred_masks\IM000023.png,D:\Retina\Retinal-Vessel-Segmentation-Benchmark-main\config\test_data\AFIO\masks\IM000023.png
FSG-Net,AFIO,IM000024,0.6791341540982303,0.629548165047058,skimage.morphology.skeletonize,9245,13209,D:\Retina\Retinal-Vessel-Segmentation-Benchmark-main\Models_output\FSG-Net-HRF\test_data\AFIO\pred_masks\IM000024.png,D:\Retina\Retinal-Vessel-Segmentation-Benchmark-main\config\test_data\AFIO\masks\IM000024.png
FSG-Net,AFIO,IM000135,0.7059455450797082,0.6730305148314665,skimage.morphology.skeletonize,15857,25235,D:\Retina\Retinal-Vessel-Segmentation-Benchmark-main\Models_output\FSG-Net-HRF\test_data\AFIO\pred_masks\IM000135.png,D:\Retina\Retinal-Vessel-Segmentation-Benchmark-main\config\test_data\AFIO\masks\IM000135.png
FSG-Net,AFIO,IM000136,0.8148967431001382,0.7483569354059917,skimage.morphology.skeletonize,15872,18592,D:\Retina\Retinal-Vessel-Segmentation-Benchmark-main\Models_output\FSG-Net-HRF\test_data\AFIO\pred_masks\IM000136.png,D:\Retina\Retinal-Vessel-Segmentation-Benchmark-main\config\test_data\AFIO\masks\IM000136.png
FSG-Net,AFIO,IM000167,0.7544671782535595,0.710327810196976,skimage.morphology.skeletonize,11212,14133,D:\Retina\Retinal-Vessel-Segmentation-Benchmark-main\Models_output\FSG-Net-HRF\test_data\AFIO\pred_masks\IM000167.png,D:\Retina\Retinal-Vessel-Segmentation-Benchmark-main\config\test_data\AFIO\masks\IM000167.png
FSG-Net,AFIO,IM000168,0.7568844253842527,0.7178453250572876,skimage.morphology.skeletonize,13782,17424,D:\Retina\Retinal-Vessel-Segmentation-Benchmark-main\Models_output\FSG-Net-HRF\test_data\AFIO\pred_masks\IM000168.png,D:\Retina\Retinal-Vessel-Segmentation-Benchmark-main\config\test_data\AFIO\masks\IM000168.png
FSG-Net,AFIO,IM000189,0.6940710213144328,0.6359165773214861,skimage.morphology.skeletonize,12619,17549,D:\Retina\Retinal-Vessel-Segmentation-Benchmark-main\Models_output\FSG-Net-HRF\test_data\AFIO\pred_masks\IM000189.png,D:\Retina\Retinal-Vessel-Segmentation-Benchmark-main\config\test_data\AFIO\masks\IM000189.png
FSG-Net,AFIO,IM000209,0.7780942091868166,0.733125275572884,skimage.morphology.skeletonize,10262,11828,D:\Retina\Retinal-Vessel-Segmentation-Benchmark-main\Models_output\FSG-Net-HRF\test_data\AFIO\pred_masks\IM000209.png,D:\Retina\Retinal-Vessel-Segmentation-Benchmark-main\config\test_data\AFIO\masks\IM000209.png
FSG-Net,AFIO,IM000210,0.7390374909419524,0.6946452406147494,skimage.morphology.skeletonize,10975,14676,D:\Retina\Retinal-Vessel-Segmentation-Benchmark-main\Models_output\FSG-Net-HRF\test_data\AFIO\pred_masks\IM000210.png,D:\Retina\Retinal-Vessel-Segmentation-Benchmark-main\config\test_data\AFIO\masks\IM000210.png
FSG-Net,AFIO,IM000333,0.7288148914326406,0.6511987391737136,skimage.morphology.skeletonize,10562,15204,D:\Retina\Retinal-Vessel-Segmentation-Benchmark-main\Models_output\FSG-Net-HRF\test_data\AFIO\pred_masks\IM000333.png,D:\Retina\Retinal-Vessel-Segmentation-Benchmark-main\config\test_data\AFIO\masks\IM000333.png
FSG-Net,AFIO,IM000389,0.6973116011763281,0.6748252661907502,skimage.morphology.skeletonize,10324,14557,D:\Retina\Retinal-Vessel-Segmentation-Benchmark-main\Models_output\FSG-Net-HRF\test_data\AFIO\pred_masks\IM000389.png,D:\Retina\Retinal-Vessel-Segmentation-Benchmark-main\config\test_data\AFIO\masks\IM000389.png
FSG-Net,AFIO,IM000390,0.7448798609684896,0.6808532644716435,skimage.morphology.skeletonize,12084,16216,D:\Retina\Retinal-Vessel-Segmentation-Benchmark-main\Models_output\FSG-Net-HRF\test_data\AFIO\pred_masks\IM000390.png,D:\Retina\Retinal-Vessel-Segmentation-Benchmark-main\config\test_data\AFIO\masks\IM000390.png
FSG-Net,AFIO,IM000678,0.7183124072800956,0.6522905592098805,skimage.morphology.skeletonize,9912,12751,D:\Retina\Retinal-Vessel-Segmentation-Benchmark-main\Models_output\FSG-Net-HRF\test_data\AFIO\pred_masks\IM000678.png,D:\Retina\Retinal-Vessel-Segmentation-Benchmark-main\config\test_data\AFIO\masks\IM000678.png
FSG-Net,AFIO,IM000679,0.6535134358450301,0.5705663545226849,skimage.morphology.skeletonize,10075,13094,D:\Retina\Retinal-Vessel-Segmentation-Benchmark-main\Models_output\FSG-Net-HRF\test_data\AFIO\pred_masks\IM000679.png,D:\Retina\Retinal-Vessel-Segmentation-Benchmark-main\config\test_data\AFIO\masks\IM000679.png
FSG-Net,AFIO,IM000715,0.7262550477102794,0.6366650706823662,skimage.morphology.skeletonize,8666,8619,D:\Retina\Retinal-Vessel-Segmentation-Benchmark-main\Models_output\FSG-Net-HRF\test_data\AFIO\pred_masks\IM000715.png,D:\Retina\Retinal-Vessel-Segmentation-Benchmark-main\config\test_data\AFIO\masks\IM000715.png
FSG-Net,AFIO,IM000716,0.6124923515402138,0.5626220038896083,skimage.morphology.skeletonize,8228,10115,D:\Retina\Retinal-Vessel-Segmentation-Benchmark-main\Models_output\FSG-Net-HRF\test_data\AFIO\pred_masks\IM000716.png,D:\Retina\Retinal-Vessel-Segmentation-Benchmark-main\config\test_data\AFIO\masks\IM000716.png
FSG-Net,AFIO,IM000938,0.6311110753117046,0.518389304720594,skimage.morphology.skeletonize,6723,9863,D:\Retina\Retinal-Vessel-Segmentation-Benchmark-main\Models_output\FSG-Net-HRF\test_data\AFIO\pred_masks\IM000938.png,D:\Retina\Retinal-Vessel-Segmentation-Benchmark-main\config\test_data\AFIO\masks\IM000938.png
FSG-Net,AFIO,IM001031,0.7517904199177945,0.5917371953068897,skimage.morphology.skeletonize,8241,11346,D:\Retina\Retinal-Vessel-Segmentation-Benchmark-main\Models_output\FSG-Net-HRF\test_data\AFIO\pred_masks\IM001031.png,D:\Retina\Retinal-Vessel-Segmentation-Benchmark-main\config\test_data\AFIO\masks\IM001031.png
FSG-Net,AFIO,IM001032,0.7517904199177945,0.5917371953068897,skimage.morphology.skeletonize,8241,11346,D:\Retina\Retinal-Vessel-Segmentation-Benchmark-main\Models_output\FSG-Net-HRF\test_data\AFIO\pred_masks\IM001032.png,D:\Retina\Retinal-Vessel-Segmentation-Benchmark-main\config\test_data\AFIO\masks\IM001032.png
FSG-Net,AFIO,IM001034,0.6464820504730435,0.49490689460594783,skimage.morphology.skeletonize,5196,8152,D:\Retina\Retinal-Vessel-Segmentation-Benchmark-main\Models_output\FSG-Net-HRF\test_data\AFIO\pred_masks\IM001034.png,D:\Retina\Retinal-Vessel-Segmentation-Benchmark-main\config\test_data\AFIO\masks\IM001034.png
FSG-Net,AFIO,IM001069,0.7134064444362938,0.6287028212856809,skimage.morphology.skeletonize,8970,13201,D:\Retina\Retinal-Vessel-Segmentation-Benchmark-main\Models_output\FSG-Net-HRF\test_data\AFIO\pred_masks\IM001069.png,D:\Retina\Retinal-Vessel-Segmentation-Benchmark-main\config\test_data\AFIO\masks\IM001069.png
FSG-Net,AFIO,IM001070,0.6868106793660437,0.6325652397419473,skimage.morphology.skeletonize,9941,14877,D:\Retina\Retinal-Vessel-Segmentation-Benchmark-main\Models_output\FSG-Net-HRF\test_data\AFIO\pred_masks\IM001070.png,D:\Retina\Retinal-Vessel-Segmentation-Benchmark-main\config\test_data\AFIO\masks\IM001070.png
FSG-Net,AFIO,IM001096,0.739883472031999,0.5904411196713742,skimage.morphology.skeletonize,10803,14068,D:\Retina\Retinal-Vessel-Segmentation-Benchmark-main\Models_output\FSG-Net-HRF\test_data\AFIO\pred_masks\IM001096.png,D:\Retina\Retinal-Vessel-Segmentation-Benchmark-main\config\test_data\AFIO\masks\IM001096.png
FSG-Net,AFIO,IM001097,0.7686988551086631,0.647369553928867,skimage.morphology.skeletonize,10038,13196,D:\Retina\Retinal-Vessel-Segmentation-Benchmark-main\Models_output\FSG-Net-HRF\test_data\AFIO\pred_masks\IM001097.png,D:\Retina\Retinal-Vessel-Segmentation-Benchmark-main\config\test_data\AFIO\masks\IM001097.png
FSG-Net,AFIO,IM001126,0.6919351435078013,0.594841999641756,skimage.morphology.skeletonize,10410,14128,D:\Retina\Retinal-Vessel-Segmentation-Benchmark-main\Models_output\FSG-Net-HRF\test_data\AFIO\pred_masks\IM001126.png,D:\Retina\Retinal-Vessel-Segmentation-Benchmark-main\config\test_data\AFIO\masks\IM001126.png
FSG-Net,AFIO,IM001127,0.6649557189992551,0.56745473499385,skimage.morphology.skeletonize,8806,12954,D:\Retina\Retinal-Vessel-Segmentation-Benchmark-main\Models_output\FSG-Net-HRF\test_data\AFIO\pred_masks\IM001127.png,D:\Retina\Retinal-Vessel-Segmentation-Benchmark-main\config\test_data\AFIO\masks\IM001127.png
FSG-Net,AFIO,IM001154,0.7389308612384584,0.6603105193287305,skimage.morphology.skeletonize,12319,16134,D:\Retina\Retinal-Vessel-Segmentation-Benchmark-main\Models_output\FSG-Net-HRF\test_data\AFIO\pred_masks\IM001154.png,D:\Retina\Retinal-Vessel-Segmentation-Benchmark-main\config\test_data\AFIO\masks\IM001154.png
FSG-Net,AFIO,IM001155,0.7445502970606424,0.6832254650117098,skimage.morphology.skeletonize,11515,14989,D:\Retina\Retinal-Vessel-Segmentation-Benchmark-main\Models_output\FSG-Net-HRF\test_data\AFIO\pred_masks\IM001155.png,D:\Retina\Retinal-Vessel-Segmentation-Benchmark-main\config\test_data\AFIO\masks\IM001155.png
FSG-Net,AFIO,IM001192,0.720754375661263,0.6310780249030341,skimage.morphology.skeletonize,15142,20762,D:\Retina\Retinal-Vessel-Segmentation-Benchmark-main\Models_output\FSG-Net-HRF\test_data\AFIO\pred_masks\IM001192.png,D:\Retina\Retinal-Vessel-Segmentation-Benchmark-main\config\test_data\AFIO\masks\IM001192.png
FSG-Net,AFIO,IM001193,0.6955313817798732,0.6090270608072513,skimage.morphology.skeletonize,15080,22990,D:\Retina\Retinal-Vessel-Segmentation-Benchmark-main\Models_output\FSG-Net-HRF\test_data\AFIO\pred_masks\IM001193.png,D:\Retina\Retinal-Vessel-Segmentation-Benchmark-main\config\test_data\AFIO\masks\IM001193.png
FSG-Net,AFIO,IM001218,0.7876410521088865,0.6957859626437763,skimage.morphology.skeletonize,15433,19593,D:\Retina\Retinal-Vessel-Segmentation-Benchmark-main\Models_output\FSG-Net-HRF\test_data\AFIO\pred_masks\IM001218.png,D:\Retina\Retinal-Vessel-Segmentation-Benchmark-main\config\test_data\AFIO\masks\IM001218.png
FSG-Net,AFIO,IM001219,0.790190023923707,0.7379558287246115,skimage.morphology.skeletonize,16204,20060,D:\Retina\Retinal-Vessel-Segmentation-Benchmark-main\Models_output\FSG-Net-HRF\test_data\AFIO\pred_masks\IM001219.png,D:\Retina\Retinal-Vessel-Segmentation-Benchmark-main\config\test_data\AFIO\masks\IM001219.png
FSG-Net,AFIO,IM001246,0.7339373538143913,0.625665878899008,skimage.morphology.skeletonize,11893,14308,D:\Retina\Retinal-Vessel-Segmentation-Benchmark-main\Models_output\FSG-Net-HRF\test_data\AFIO\pred_masks\IM001246.png,D:\Retina\Retinal-Vessel-Segmentation-Benchmark-main\config\test_data\AFIO\masks\IM001246.png
FSG-Net,AFIO,IM001686,0.7952518432729222,0.6776138666300985,skimage.morphology.skeletonize,10278,11704,D:\Retina\Retinal-Vessel-Segmentation-Benchmark-main\Models_output\FSG-Net-HRF\test_data\AFIO\pred_masks\IM001686.png,D:\Retina\Retinal-Vessel-Segmentation-Benchmark-main\config\test_data\AFIO\masks\IM001686.png
FSG-Net,AFIO,IM001749,0.7549891657203582,0.682260255327433,skimage.morphology.skeletonize,14463,19224,D:\Retina\Retinal-Vessel-Segmentation-Benchmark-main\Models_output\FSG-Net-HRF\test_data\AFIO\pred_masks\IM001749.png,D:\Retina\Retinal-Vessel-Segmentation-Benchmark-main\config\test_data\AFIO\masks\IM001749.png
FSG-Net,AFIO,IM001750,0.6858774092854693,0.603952171498219,skimage.morphology.skeletonize,12651,18160,D:\Retina\Retinal-Vessel-Segmentation-Benchmark-main\Models_output\FSG-Net-HRF\test_data\AFIO\pred_masks\IM001750.png,D:\Retina\Retinal-Vessel-Segmentation-Benchmark-main\config\test_data\AFIO\masks\IM001750.png
FSG-Net,AFIO,IM001791,0.7795833949912149,0.7179993849403957,skimage.morphology.skeletonize,13698,16786,D:\Retina\Retinal-Vessel-Segmentation-Benchmark-main\Models_output\FSG-Net-HRF\test_data\AFIO\pred_masks\IM001791.png,D:\Retina\Retinal-Vessel-Segmentation-Benchmark-main\config\test_data\AFIO\masks\IM001791.png
FSG-Net,AFIO,IM001792,0.7449785242744974,0.6874377658704924,skimage.morphology.skeletonize,13623,17614,D:\Retina\Retinal-Vessel-Segmentation-Benchmark-main\Models_output\FSG-Net-HRF\test_data\AFIO\pred_masks\IM001792.png,D:\Retina\Retinal-Vessel-Segmentation-Benchmark-main\config\test_data\AFIO\masks\IM001792.png
FSG-Net,AFIO,IM001814,0.7640328141636109,0.68862615501142,skimage.morphology.skeletonize,12111,15723,D:\Retina\Retinal-Vessel-Segmentation-Benchmark-main\Models_output\FSG-Net-HRF\test_data\AFIO\pred_masks\IM001814.png,D:\Retina\Retinal-Vessel-Segmentation-Benchmark-main\config\test_data\AFIO\masks\IM001814.png
FSG-Net,AFIO,IM001858,0.7719685081090684,0.7482359886603575,skimage.morphology.skeletonize,14592,17848,D:\Retina\Retinal-Vessel-Segmentation-Benchmark-main\Models_output\FSG-Net-HRF\test_data\AFIO\pred_masks\IM001858.png,D:\Retina\Retinal-Vessel-Segmentation-Benchmark-main\config\test_data\AFIO\masks\IM001858.png
FSG-Net,AFIO,IM001859,0.7850116662559085,0.7062139404517358,skimage.morphology.skeletonize,10809,13308,D:\Retina\Retinal-Vessel-Segmentation-Benchmark-main\Models_output\FSG-Net-HRF\test_data\AFIO\pred_masks\IM001859.png,D:\Retina\Retinal-Vessel-Segmentation-Benchmark-main\config\test_data\AFIO\masks\IM001859.png
FSG-Net,AFIO,IM002094,0.6320552385922928,0.5108149026470539,skimage.morphology.skeletonize,6451,9496,D:\Retina\Retinal-Vessel-Segmentation-Benchmark-main\Models_output\FSG-Net-HRF\test_data\AFIO\pred_masks\IM002094.png,D:\Retina\Retinal-Vessel-Segmentation-Benchmark-main\config\test_data\AFIO\masks\IM002094.png
FSG-Net,AFIO,IM002348,0.7517160787669512,0.6707721326333758,skimage.morphology.skeletonize,10711,13594,D:\Retina\Retinal-Vessel-Segmentation-Benchmark-main\Models_output\FSG-Net-HRF\test_data\AFIO\pred_masks\IM002348.png,D:\Retina\Retinal-Vessel-Segmentation-Benchmark-main\config\test_data\AFIO\masks\IM002348.png
FSG-Net,AFIO,IM002350,0.7739133297436432,0.6745462204689274,skimage.morphology.skeletonize,11773,14984,D:\Retina\Retinal-Vessel-Segmentation-Benchmark-main\Models_output\FSG-Net-HRF\test_data\AFIO\pred_masks\IM002350.png,D:\Retina\Retinal-Vessel-Segmentation-Benchmark-main\config\test_data\AFIO\masks\IM002350.png
FSG-Net,AFIO,IM002421,0.7600320146070735,0.6676904550280294,skimage.morphology.skeletonize,13777,17105,D:\Retina\Retinal-Vessel-Segmentation-Benchmark-main\Models_output\FSG-Net-HRF\test_data\AFIO\pred_masks\IM002421.png,D:\Retina\Retinal-Vessel-Segmentation-Benchmark-main\config\test_data\AFIO\masks\IM002421.png
FSG-Net,AFIO,IM002422,0.767682718451876,0.6667564278290549,skimage.morphology.skeletonize,11585,14750,D:\Retina\Retinal-Vessel-Segmentation-Benchmark-main\Models_output\FSG-Net-HRF\test_data\AFIO\pred_masks\IM002422.png,D:\Retina\Retinal-Vessel-Segmentation-Benchmark-main\config\test_data\AFIO\masks\IM002422.png
FSG-Net,AFIO,IM002471,0.7623889470452939,0.6298580440856151,skimage.morphology.skeletonize,12314,13609,D:\Retina\Retinal-Vessel-Segmentation-Benchmark-main\Models_output\FSG-Net-HRF\test_data\AFIO\pred_masks\IM002471.png,D:\Retina\Retinal-Vessel-Segmentation-Benchmark-main\config\test_data\AFIO\masks\IM002471.png
FSG-Net,AFIO,IM002587,0.7918140594052929,0.7255180336517549,skimage.morphology.skeletonize,11545,14019,D:\Retina\Retinal-Vessel-Segmentation-Benchmark-main\Models_output\FSG-Net-HRF\test_data\AFIO\pred_masks\IM002587.png,D:\Retina\Retinal-Vessel-Segmentation-Benchmark-main\config\test_data\AFIO\masks\IM002587.png
FSG-Net,AFIO,IM002649,0.6764005480308528,0.594579654934689,skimage.morphology.skeletonize,11207,16836,D:\Retina\Retinal-Vessel-Segmentation-Benchmark-main\Models_output\FSG-Net-HRF\test_data\AFIO\pred_masks\IM002649.png,D:\Retina\Retinal-Vessel-Segmentation-Benchmark-main\config\test_data\AFIO\masks\IM002649.png
FSG-Net,AFIO,IM002742,0.6211669865625692,0.4061816346068686,skimage.morphology.skeletonize,6393,9499,D:\Retina\Retinal-Vessel-Segmentation-Benchmark-main\Models_output\FSG-Net-HRF\test_data\AFIO\pred_masks\IM002742.png,D:\Retina\Retinal-Vessel-Segmentation-Benchmark-main\config\test_data\AFIO\masks\IM002742.png
FSG-Net,AFIO,IM002743,0.6456894201097683,0.5210588674151206,skimage.morphology.skeletonize,7672,11772,D:\Retina\Retinal-Vessel-Segmentation-Benchmark-main\Models_output\FSG-Net-HRF\test_data\AFIO\pred_masks\IM002743.png,D:\Retina\Retinal-Vessel-Segmentation-Benchmark-main\config\test_data\AFIO\masks\IM002743.png
FSG-Net,AFIO,IM003024,0.7428418916315487,0.6473724901570815,skimage.morphology.skeletonize,10346,12669,D:\Retina\Retinal-Vessel-Segmentation-Benchmark-main\Models_output\FSG-Net-HRF\test_data\AFIO\pred_masks\IM003024.png,D:\Retina\Retinal-Vessel-Segmentation-Benchmark-main\config\test_data\AFIO\masks\IM003024.png
FSG-Net,AFIO,IM003537,0.7707076165665399,0.6932217631579729,skimage.morphology.skeletonize,15502,19264,D:\Retina\Retinal-Vessel-Segmentation-Benchmark-main\Models_output\FSG-Net-HRF\test_data\AFIO\pred_masks\IM003537.png,D:\Retina\Retinal-Vessel-Segmentation-Benchmark-main\config\test_data\AFIO\masks\IM003537.png
FSG-Net,AFIO,IM003630,0.7614256214123748,0.6904370797715477,skimage.morphology.skeletonize,15309,18885,D:\Retina\Retinal-Vessel-Segmentation-Benchmark-main\Models_output\FSG-Net-HRF\test_data\AFIO\pred_masks\IM003630.png,D:\Retina\Retinal-Vessel-Segmentation-Benchmark-main\config\test_data\AFIO\masks\IM003630.png
FSG-Net,AFIO,IM003631,0.7137732271825381,0.6603651301089507,skimage.morphology.skeletonize,13912,18318,D:\Retina\Retinal-Vessel-Segmentation-Benchmark-main\Models_output\FSG-Net-HRF\test_data\AFIO\pred_masks\IM003631.png,D:\Retina\Retinal-Vessel-Segmentation-Benchmark-main\config\test_data\AFIO\masks\IM003631.png
FSG-Net,AFIO,IM003705,0.5903372560011354,0.507373276538202,skimage.morphology.skeletonize,7932,10769,D:\Retina\Retinal-Vessel-Segmentation-Benchmark-main\Models_output\FSG-Net-HRF\test_data\AFIO\pred_masks\IM003705.png,D:\Retina\Retinal-Vessel-Segmentation-Benchmark-main\config\test_data\AFIO\masks\IM003705.png
FSG-Net,AFIO,IM004162,0.7464284266858173,0.6654888551995451,skimage.morphology.skeletonize,13299,16045,D:\Retina\Retinal-Vessel-Segmentation-Benchmark-main\Models_output\FSG-Net-HRF\test_data\AFIO\pred_masks\IM004162.png,D:\Retina\Retinal-Vessel-Segmentation-Benchmark-main\config\test_data\AFIO\masks\IM004162.png
FSG-Net,AFIO,IM004163,0.7342873962974864,0.5797580023952682,skimage.morphology.skeletonize,10838,13904,D:\Retina\Retinal-Vessel-Segmentation-Benchmark-main\Models_output\FSG-Net-HRF\test_data\AFIO\pred_masks\IM004163.png,D:\Retina\Retinal-Vessel-Segmentation-Benchmark-main\config\test_data\AFIO\masks\IM004163.png
FSG-Net,AFIO,IM004455,0.7567795698091624,0.6368635985053792,skimage.morphology.skeletonize,9782,12640,D:\Retina\Retinal-Vessel-Segmentation-Benchmark-main\Models_output\FSG-Net-HRF\test_data\AFIO\pred_masks\IM004455.png,D:\Retina\Retinal-Vessel-Segmentation-Benchmark-main\config\test_data\AFIO\masks\IM004455.png
FSG-Net,AFIO,IM004512,0.6932823834468858,0.6070295233816089,skimage.morphology.skeletonize,9134,13551,D:\Retina\Retinal-Vessel-Segmentation-Benchmark-main\Models_output\FSG-Net-HRF\test_data\AFIO\pred_masks\IM004512.png,D:\Retina\Retinal-Vessel-Segmentation-Benchmark-main\config\test_data\AFIO\masks\IM004512.png
FSG-Net,AFIO,IM004513,0.7706167034248519,0.6827340685712434,skimage.morphology.skeletonize,9990,12601,D:\Retina\Retinal-Vessel-Segmentation-Benchmark-main\Models_output\FSG-Net-HRF\test_data\AFIO\pred_masks\IM004513.png,D:\Retina\Retinal-Vessel-Segmentation-Benchmark-main\config\test_data\AFIO\masks\IM004513.png
FSG-Net,AFIO,IM004515,0.7756931514663277,0.7124433830148345,skimage.morphology.skeletonize,12551,15260,D:\Retina\Retinal-Vessel-Segmentation-Benchmark-main\Models_output\FSG-Net-HRF\test_data\AFIO\pred_masks\IM004515.png,D:\Retina\Retinal-Vessel-Segmentation-Benchmark-main\config\test_data\AFIO\masks\IM004515.png
FSG-Net,AFIO,IM004516,0.7793948562136748,0.6958213135653123,skimage.morphology.skeletonize,14243,16947,D:\Retina\Retinal-Vessel-Segmentation-Benchmark-main\Models_output\FSG-Net-HRF\test_data\AFIO\pred_masks\IM004516.png,D:\Retina\Retinal-Vessel-Segmentation-Benchmark-main\config\test_data\AFIO\masks\IM004516.png
FSG-Net,AFIO,IM004538,0.7481839103673371,0.627491630976172,skimage.morphology.skeletonize,9001,11701,D:\Retina\Retinal-Vessel-Segmentation-Benchmark-main\Models_output\FSG-Net-HRF\test_data\AFIO\pred_masks\IM004538.png,D:\Retina\Retinal-Vessel-Segmentation-Benchmark-main\config\test_data\AFIO\masks\IM004538.png
FSG-Net,AFIO,IM004539,0.7882905721094361,0.6659553911320123,skimage.morphology.skeletonize,8801,10547,D:\Retina\Retinal-Vessel-Segmentation-Benchmark-main\Models_output\FSG-Net-HRF\test_data\AFIO\pred_masks\IM004539.png,D:\Retina\Retinal-Vessel-Segmentation-Benchmark-main\config\test_data\AFIO\masks\IM004539.png
FSG-Net,AFIO,IM004564,0.8276704072075197,0.7254364499275969,skimage.morphology.skeletonize,10307,11920,D:\Retina\Retinal-Vessel-Segmentation-Benchmark-main\Models_output\FSG-Net-HRF\test_data\AFIO\pred_masks\IM004564.png,D:\Retina\Retinal-Vessel-Segmentation-Benchmark-main\config\test_data\AFIO\masks\IM004564.png
FSG-Net,AFIO,IM004790,0.7383571175903185,0.4489654716935801,skimage.morphology.skeletonize,6335,8550,D:\Retina\Retinal-Vessel-Segmentation-Benchmark-main\Models_output\FSG-Net-HRF\test_data\AFIO\pred_masks\IM004790.png,D:\Retina\Retinal-Vessel-Segmentation-Benchmark-main\config\test_data\AFIO\masks\IM004790.png
FSG-Net,AFIO,IM004993,0.7513247058311201,0.6478913646412396,skimage.morphology.skeletonize,10915,13124,D:\Retina\Retinal-Vessel-Segmentation-Benchmark-main\Models_output\FSG-Net-HRF\test_data\AFIO\pred_masks\IM004993.png,D:\Retina\Retinal-Vessel-Segmentation-Benchmark-main\config\test_data\AFIO\masks\IM004993.png
FSG-Net,AFIO,IM005024,0.7553012191206946,0.6999231940878116,skimage.morphology.skeletonize,14358,17059,D:\Retina\Retinal-Vessel-Segmentation-Benchmark-main\Models_output\FSG-Net-HRF\test_data\AFIO\pred_masks\IM005024.png,D:\Retina\Retinal-Vessel-Segmentation-Benchmark-main\config\test_data\AFIO\masks\IM005024.png
FSG-Net,AFIO,IM005025,0.7540107886749537,0.6893553520965244,skimage.morphology.skeletonize,12132,14344,D:\Retina\Retinal-Vessel-Segmentation-Benchmark-main\Models_output\FSG-Net-HRF\test_data\AFIO\pred_masks\IM005025.png,D:\Retina\Retinal-Vessel-Segmentation-Benchmark-main\config\test_data\AFIO\masks\IM005025.png
FSG-Net,AFIO,IM005060,0.7985891084874185,0.6742768320154723,skimage.morphology.skeletonize,14284,16350,D:\Retina\Retinal-Vessel-Segmentation-Benchmark-main\Models_output\FSG-Net-HRF\test_data\AFIO\pred_masks\IM005060.png,D:\Retina\Retinal-Vessel-Segmentation-Benchmark-main\config\test_data\AFIO\masks\IM005060.png
FSG-Net,AFIO,IM005092,0.8283089236657974,0.7317371864105621,skimage.morphology.skeletonize,14161,15927,D:\Retina\Retinal-Vessel-Segmentation-Benchmark-main\Models_output\FSG-Net-HRF\test_data\AFIO\pred_masks\IM005092.png,D:\Retina\Retinal-Vessel-Segmentation-Benchmark-main\config\test_data\AFIO\masks\IM005092.png
FSG-Net,AFIO,IM005093,0.8040584798022564,0.7235663474102296,skimage.morphology.skeletonize,14671,16539,D:\Retina\Retinal-Vessel-Segmentation-Benchmark-main\Models_output\FSG-Net-HRF\test_data\AFIO\pred_masks\IM005093.png,D:\Retina\Retinal-Vessel-Segmentation-Benchmark-main\config\test_data\AFIO\masks\IM005093.png
FSG-Net,AFIO,IM005132,0.8048229265304526,0.7293718594420877,skimage.morphology.skeletonize,14157,17384,D:\Retina\Retinal-Vessel-Segmentation-Benchmark-main\Models_output\FSG-Net-HRF\test_data\AFIO\pred_masks\IM005132.png,D:\Retina\Retinal-Vessel-Segmentation-Benchmark-main\config\test_data\AFIO\masks\IM005132.png
FSG-Net,AFIO,IM005133,0.7966883887074462,0.7239676052244799,skimage.morphology.skeletonize,16005,18386,D:\Retina\Retinal-Vessel-Segmentation-Benchmark-main\Models_output\FSG-Net-HRF\test_data\AFIO\pred_masks\IM005133.png,D:\Retina\Retinal-Vessel-Segmentation-Benchmark-main\config\test_data\AFIO\masks\IM005133.png
FSG-Net,AFIO,IM005190,0.6991996642197602,0.573876147024772,skimage.morphology.skeletonize,11198,15330,D:\Retina\Retinal-Vessel-Segmentation-Benchmark-main\Models_output\FSG-Net-HRF\test_data\AFIO\pred_masks\IM005190.png,D:\Retina\Retinal-Vessel-Segmentation-Benchmark-main\config\test_data\AFIO\masks\IM005190.png
FSG-Net,AFIO,IM005191,0.7834055788348814,0.6899835987953589,skimage.morphology.skeletonize,13517,16444,D:\Retina\Retinal-Vessel-Segmentation-Benchmark-main\Models_output\FSG-Net-HRF\test_data\AFIO\pred_masks\IM005191.png,D:\Retina\Retinal-Vessel-Segmentation-Benchmark-main\config\test_data\AFIO\masks\IM005191.png
FSG-Net,AFIO,IM005249,0.7463688120633648,0.6401656420953902,skimage.morphology.skeletonize,10573,13214,D:\Retina\Retinal-Vessel-Segmentation-Benchmark-main\Models_output\FSG-Net-HRF\test_data\AFIO\pred_masks\IM005249.png,D:\Retina\Retinal-Vessel-Segmentation-Benchmark-main\config\test_data\AFIO\masks\IM005249.png
FSG-Net,AFIO,IM005283,0.7841136342510521,0.6947659305562915,skimage.morphology.skeletonize,11665,13764,D:\Retina\Retinal-Vessel-Segmentation-Benchmark-main\Models_output\FSG-Net-HRF\test_data\AFIO\pred_masks\IM005283.png,D:\Retina\Retinal-Vessel-Segmentation-Benchmark-main\config\test_data\AFIO\masks\IM005283.png
FSG-Net,AFIO,IM005320,0.6749460206481449,0.5408404443412388,skimage.morphology.skeletonize,4988,6945,D:\Retina\Retinal-Vessel-Segmentation-Benchmark-main\Models_output\FSG-Net-HRF\test_data\AFIO\pred_masks\IM005320.png,D:\Retina\Retinal-Vessel-Segmentation-Benchmark-main\config\test_data\AFIO\masks\IM005320.png
FSG-Net,AFIO,IM005321,0.7540185418602835,0.6782665067369568,skimage.morphology.skeletonize,7707,8910,D:\Retina\Retinal-Vessel-Segmentation-Benchmark-main\Models_output\FSG-Net-HRF\test_data\AFIO\pred_masks\IM005321.png,D:\Retina\Retinal-Vessel-Segmentation-Benchmark-main\config\test_data\AFIO\masks\IM005321.png
FSG-Net,AFIO,IM005357,0.8026631020494117,0.6394702109316462,skimage.morphology.skeletonize,8682,10605,D:\Retina\Retinal-Vessel-Segmentation-Benchmark-main\Models_output\FSG-Net-HRF\test_data\AFIO\pred_masks\IM005357.png,D:\Retina\Retinal-Vessel-Segmentation-Benchmark-main\config\test_data\AFIO\masks\IM005357.png
FSG-Net,AFIO,IM005387,0.7904254882808521,0.676058662496725,skimage.morphology.skeletonize,11444,13918,D:\Retina\Retinal-Vessel-Segmentation-Benchmark-main\Models_output\FSG-Net-HRF\test_data\AFIO\pred_masks\IM005387.png,D:\Retina\Retinal-Vessel-Segmentation-Benchmark-main\config\test_data\AFIO\masks\IM005387.png
FSG-Net,AFIO,IM005456,0.733543188830552,0.6679096720512442,skimage.morphology.skeletonize,9469,11387,D:\Retina\Retinal-Vessel-Segmentation-Benchmark-main\Models_output\FSG-Net-HRF\test_data\AFIO\pred_masks\IM005456.png,D:\Retina\Retinal-Vessel-Segmentation-Benchmark-main\config\test_data\AFIO\masks\IM005456.png
FSG-Net,AFIO,IM005457,0.7451814215908407,0.6735506636241448,skimage.morphology.skeletonize,9263,11639,D:\Retina\Retinal-Vessel-Segmentation-Benchmark-main\Models_output\FSG-Net-HRF\test_data\AFIO\pred_masks\IM005457.png,D:\Retina\Retinal-Vessel-Segmentation-Benchmark-main\config\test_data\AFIO\masks\IM005457.png
FSG-Net,AFIO,IM005488,0.7687852177574682,0.7024713874094609,skimage.morphology.skeletonize,15908,19672,D:\Retina\Retinal-Vessel-Segmentation-Benchmark-main\Models_output\FSG-Net-HRF\test_data\AFIO\pred_masks\IM005488.png,D:\Retina\Retinal-Vessel-Segmentation-Benchmark-main\config\test_data\AFIO\masks\IM005488.png
FSG-Net,AFIO,IM005489,0.784292874234693,0.7137265571753503,skimage.morphology.skeletonize,13752,17176,D:\Retina\Retinal-Vessel-Segmentation-Benchmark-main\Models_output\FSG-Net-HRF\test_data\AFIO\pred_masks\IM005489.png,D:\Retina\Retinal-Vessel-Segmentation-Benchmark-main\config\test_data\AFIO\masks\IM005489.png
FSG-Net,AFIO,IM005523,0.7717507175203273,0.6998213051072123,skimage.morphology.skeletonize,12851,15197,D:\Retina\Retinal-Vessel-Segmentation-Benchmark-main\Models_output\FSG-Net-HRF\test_data\AFIO\pred_masks\IM005523.png,D:\Retina\Retinal-Vessel-Segmentation-Benchmark-main\config\test_data\AFIO\masks\IM005523.png
FSG-Net,AFIO,IM005524,0.7554424685964172,0.6902985613550381,skimage.morphology.skeletonize,14656,18498,D:\Retina\Retinal-Vessel-Segmentation-Benchmark-main\Models_output\FSG-Net-HRF\test_data\AFIO\pred_masks\IM005524.png,D:\Retina\Retinal-Vessel-Segmentation-Benchmark-main\config\test_data\AFIO\masks\IM005524.png
FSG-Net,AFIO,IM005558,0.7958973859818048,0.7163401055446463,skimage.morphology.skeletonize,13906,16168,D:\Retina\Retinal-Vessel-Segmentation-Benchmark-main\Models_output\FSG-Net-HRF\test_data\AFIO\pred_masks\IM005558.png,D:\Retina\Retinal-Vessel-Segmentation-Benchmark-main\config\test_data\AFIO\masks\IM005558.png
FSG-Net,AFIO,IM005713,0.7874151825712198,0.7021739543753954,skimage.morphology.skeletonize,13951,17073,D:\Retina\Retinal-Vessel-Segmentation-Benchmark-main\Models_output\FSG-Net-HRF\test_data\AFIO\pred_masks\IM005713.png,D:\Retina\Retinal-Vessel-Segmentation-Benchmark-main\config\test_data\AFIO\masks\IM005713.png
FSG-Net,AFIO,IM005806,0.7484669550870563,0.6333764202554356,skimage.morphology.skeletonize,9155,12060,D:\Retina\Retinal-Vessel-Segmentation-Benchmark-main\Models_output\FSG-Net-HRF\test_data\AFIO\pred_masks\IM005806.png,D:\Retina\Retinal-Vessel-Segmentation-Benchmark-main\config\test_data\AFIO\masks\IM005806.png
FSG-Net,AFIO,IM005833,0.7452115089805627,0.6578345728062794,skimage.morphology.skeletonize,14119,17571,D:\Retina\Retinal-Vessel-Segmentation-Benchmark-main\Models_output\FSG-Net-HRF\test_data\AFIO\pred_masks\IM005833.png,D:\Retina\Retinal-Vessel-Segmentation-Benchmark-main\config\test_data\AFIO\masks\IM005833.png
FSG-Net,AFIO,IM005834,0.8213603103198516,0.7433188003628519,skimage.morphology.skeletonize,16046,19034,D:\Retina\Retinal-Vessel-Segmentation-Benchmark-main\Models_output\FSG-Net-HRF\test_data\AFIO\pred_masks\IM005834.png,D:\Retina\Retinal-Vessel-Segmentation-Benchmark-main\config\test_data\AFIO\masks\IM005834.png
FSG-Net,AFIO,IM006037,0.8035674769695542,0.6309705631657185,skimage.morphology.skeletonize,10026,11594,D:\Retina\Retinal-Vessel-Segmentation-Benchmark-main\Models_output\FSG-Net-HRF\test_data\AFIO\pred_masks\IM006037.png,D:\Retina\Retinal-Vessel-Segmentation-Benchmark-main\config\test_data\AFIO\masks\IM006037.png
FSG-Net,AFIO,IM006105,0.7554550134769312,0.6679321218490246,skimage.morphology.skeletonize,11928,15089,D:\Retina\Retinal-Vessel-Segmentation-Benchmark-main\Models_output\FSG-Net-HRF\test_data\AFIO\pred_masks\IM006105.png,D:\Retina\Retinal-Vessel-Segmentation-Benchmark-main\config\test_data\AFIO\masks\IM006105.png
FSG-Net,AFIO,IM006106,0.76216210230864,0.6908102518502386,skimage.morphology.skeletonize,13403,17172,D:\Retina\Retinal-Vessel-Segmentation-Benchmark-main\Models_output\FSG-Net-HRF\test_data\AFIO\pred_masks\IM006106.png,D:\Retina\Retinal-Vessel-Segmentation-Benchmark-main\config\test_data\AFIO\masks\IM006106.png
FSG-Net,CHASEDB1,Image_01L,0.8506299761331101,0.8433291816527216,skimage.morphology.skeletonize,8895,10318,D:\Retina\Retinal-Vessel-Segmentation-Benchmark-main\Models_output\FSG-Net-HRF\test_data\CHASEDB1\pred_masks\Image_01L.png,D:\Retina\Retinal-Vessel-Segmentation-Benchmark-main\config\test_data\CHASEDB1\masks\Image_01L.png
FSG-Net,CHASEDB1,Image_01R,0.8472806823947872,0.8308521303805082,skimage.morphology.skeletonize,9079,10635,D:\Retina\Retinal-Vessel-Segmentation-Benchmark-main\Models_output\FSG-Net-HRF\test_data\CHASEDB1\pred_masks\Image_01R.png,D:\Retina\Retinal-Vessel-Segmentation-Benchmark-main\config\test_data\CHASEDB1\masks\Image_01R.png
FSG-Net,CHASEDB1,Image_02L,0.7584801192654905,0.7705146370164021,skimage.morphology.skeletonize,9084,12543,D:\Retina\Retinal-Vessel-Segmentation-Benchmark-main\Models_output\FSG-Net-HRF\test_data\CHASEDB1\pred_masks\Image_02L.png,D:\Retina\Retinal-Vessel-Segmentation-Benchmark-main\config\test_data\CHASEDB1\masks\Image_02L.png
FSG-Net,CHASEDB1,Image_02R,0.7818631356626292,0.7628206158173707,skimage.morphology.skeletonize,9145,12551,D:\Retina\Retinal-Vessel-Segmentation-Benchmark-main\Models_output\FSG-Net-HRF\test_data\CHASEDB1\pred_masks\Image_02R.png,D:\Retina\Retinal-Vessel-Segmentation-Benchmark-main\config\test_data\CHASEDB1\masks\Image_02R.png
FSG-Net,CHASEDB1,Image_03L,0.787504475624688,0.7881295998222284,skimage.morphology.skeletonize,9843,12761,D:\Retina\Retinal-Vessel-Segmentation-Benchmark-main\Models_output\FSG-Net-HRF\test_data\CHASEDB1\pred_masks\Image_03L.png,D:\Retina\Retinal-Vessel-Segmentation-Benchmark-main\config\test_data\CHASEDB1\masks\Image_03L.png
FSG-Net,CHASEDB1,Image_03R,0.8584887740201791,0.8464390392536334,skimage.morphology.skeletonize,9798,11173,D:\Retina\Retinal-Vessel-Segmentation-Benchmark-main\Models_output\FSG-Net-HRF\test_data\CHASEDB1\pred_masks\Image_03R.png,D:\Retina\Retinal-Vessel-Segmentation-Benchmark-main\config\test_data\CHASEDB1\masks\Image_03R.png
FSG-Net,CHASEDB1,Image_04L,0.8648013642476192,0.8235906356874395,skimage.morphology.skeletonize,8771,9745,D:\Retina\Retinal-Vessel-Segmentation-Benchmark-main\Models_output\FSG-Net-HRF\test_data\CHASEDB1\pred_masks\Image_04L.png,D:\Retina\Retinal-Vessel-Segmentation-Benchmark-main\config\test_data\CHASEDB1\masks\Image_04L.png
FSG-Net,CHASEDB1,Image_04R,0.8069961978744064,0.7898348203320088,skimage.morphology.skeletonize,8984,10218,D:\Retina\Retinal-Vessel-Segmentation-Benchmark-main\Models_output\FSG-Net-HRF\test_data\CHASEDB1\pred_masks\Image_04R.png,D:\Retina\Retinal-Vessel-Segmentation-Benchmark-main\config\test_data\CHASEDB1\masks\Image_04R.png
FSG-Net,CHASEDB1,Image_05L,0.8650745337432626,0.8233708127462861,skimage.morphology.skeletonize,9714,10526,D:\Retina\Retinal-Vessel-Segmentation-Benchmark-main\Models_output\FSG-Net-HRF\test_data\CHASEDB1\pred_masks\Image_05L.png,D:\Retina\Retinal-Vessel-Segmentation-Benchmark-main\config\test_data\CHASEDB1\masks\Image_05L.png
FSG-Net,CHASEDB1,Image_05R,0.8372544098447231,0.8491783773948866,skimage.morphology.skeletonize,10571,11895,D:\Retina\Retinal-Vessel-Segmentation-Benchmark-main\Models_output\FSG-Net-HRF\test_data\CHASEDB1\pred_masks\Image_05R.png,D:\Retina\Retinal-Vessel-Segmentation-Benchmark-main\config\test_data\CHASEDB1\masks\Image_05R.png
FSG-Net,CHASEDB1,Image_06L,0.8346628703474614,0.8207794590278858,skimage.morphology.skeletonize,8885,10654,D:\Retina\Retinal-Vessel-Segmentation-Benchmark-main\Models_output\FSG-Net-HRF\test_data\CHASEDB1\pred_masks\Image_06L.png,D:\Retina\Retinal-Vessel-Segmentation-Benchmark-main\config\test_data\CHASEDB1\masks\Image_06L.png
FSG-Net,CHASEDB1,Image_06R,0.7960993501923337,0.791936828572761,skimage.morphology.skeletonize,9184,11663,D:\Retina\Retinal-Vessel-Segmentation-Benchmark-main\Models_output\FSG-Net-HRF\test_data\CHASEDB1\pred_masks\Image_06R.png,D:\Retina\Retinal-Vessel-Segmentation-Benchmark-main\config\test_data\CHASEDB1\masks\Image_06R.png
FSG-Net,CHASEDB1,Image_07L,0.8303137628245059,0.8366628052434909,skimage.morphology.skeletonize,10652,12015,D:\Retina\Retinal-Vessel-Segmentation-Benchmark-main\Models_output\FSG-Net-HRF\test_data\CHASEDB1\pred_masks\Image_07L.png,D:\Retina\Retinal-Vessel-Segmentation-Benchmark-main\config\test_data\CHASEDB1\masks\Image_07L.png
FSG-Net,CHASEDB1,Image_07R,0.8201296350160133,0.8268950745447596,skimage.morphology.skeletonize,10050,11359,D:\Retina\Retinal-Vessel-Segmentation-Benchmark-main\Models_output\FSG-Net-HRF\test_data\CHASEDB1\pred_masks\Image_07R.png,D:\Retina\Retinal-Vessel-Segmentation-Benchmark-main\config\test_data\CHASEDB1\masks\Image_07R.png
FSG-Net,CHASEDB1,Image_08L,0.8043737299033953,0.7746757245096753,skimage.morphology.skeletonize,8317,10136,D:\Retina\Retinal-Vessel-Segmentation-Benchmark-main\Models_output\FSG-Net-HRF\test_data\CHASEDB1\pred_masks\Image_08L.png,D:\Retina\Retinal-Vessel-Segmentation-Benchmark-main\config\test_data\CHASEDB1\masks\Image_08L.png
FSG-Net,CHASEDB1,Image_08R,0.8333542111588905,0.8179412478033913,skimage.morphology.skeletonize,8120,9315,D:\Retina\Retinal-Vessel-Segmentation-Benchmark-main\Models_output\FSG-Net-HRF\test_data\CHASEDB1\pred_masks\Image_08R.png,D:\Retina\Retinal-Vessel-Segmentation-Benchmark-main\config\test_data\CHASEDB1\masks\Image_08R.png
FSG-Net,CHASEDB1,Image_09L,0.8602697741547904,0.8497067412034578,skimage.morphology.skeletonize,7759,8144,D:\Retina\Retinal-Vessel-Segmentation-Benchmark-main\Models_output\FSG-Net-HRF\test_data\CHASEDB1\pred_masks\Image_09L.png,D:\Retina\Retinal-Vessel-Segmentation-Benchmark-main\config\test_data\CHASEDB1\masks\Image_09L.png
FSG-Net,CHASEDB1,Image_09R,0.8316445753442896,0.8555967104714194,skimage.morphology.skeletonize,7941,8818,D:\Retina\Retinal-Vessel-Segmentation-Benchmark-main\Models_output\FSG-Net-HRF\test_data\CHASEDB1\pred_masks\Image_09R.png,D:\Retina\Retinal-Vessel-Segmentation-Benchmark-main\config\test_data\CHASEDB1\masks\Image_09R.png
FSG-Net,CHASEDB1,Image_10L,0.7672681469833952,0.7671741870466234,skimage.morphology.skeletonize,8636,11093,D:\Retina\Retinal-Vessel-Segmentation-Benchmark-main\Models_output\FSG-Net-HRF\test_data\CHASEDB1\pred_masks\Image_10L.png,D:\Retina\Retinal-Vessel-Segmentation-Benchmark-main\config\test_data\CHASEDB1\masks\Image_10L.png
FSG-Net,CHASEDB1,Image_10R,0.7494433189195988,0.7623944560800232,skimage.morphology.skeletonize,9146,11672,D:\Retina\Retinal-Vessel-Segmentation-Benchmark-main\Models_output\FSG-Net-HRF\test_data\CHASEDB1\pred_masks\Image_10R.png,D:\Retina\Retinal-Vessel-Segmentation-Benchmark-main\config\test_data\CHASEDB1\masks\Image_10R.png
FSG-Net,CHASEDB1,Image_11L,0.8585705168434852,0.8663235985797619,skimage.morphology.skeletonize,8605,9184,D:\Retina\Retinal-Vessel-Segmentation-Benchmark-main\Models_output\FSG-Net-HRF\test_data\CHASEDB1\pred_masks\Image_11L.png,D:\Retina\Retinal-Vessel-Segmentation-Benchmark-main\config\test_data\CHASEDB1\masks\Image_11L.png
FSG-Net,CHASEDB1,Image_11R,0.8744542740682302,0.8797311745642313,skimage.morphology.skeletonize,8185,8463,D:\Retina\Retinal-Vessel-Segmentation-Benchmark-main\Models_output\FSG-Net-HRF\test_data\CHASEDB1\pred_masks\Image_11R.png,D:\Retina\Retinal-Vessel-Segmentation-Benchmark-main\config\test_data\CHASEDB1\masks\Image_11R.png
FSG-Net,CHASEDB1,Image_12L,0.808122888374686,0.7541095377309435,skimage.morphology.skeletonize,9740,11213,D:\Retina\Retinal-Vessel-Segmentation-Benchmark-main\Models_output\FSG-Net-HRF\test_data\CHASEDB1\pred_masks\Image_12L.png,D:\Retina\Retinal-Vessel-Segmentation-Benchmark-main\config\test_data\CHASEDB1\masks\Image_12L.png
FSG-Net,CHASEDB1,Image_12R,0.8212641458731822,0.8155723260906039,skimage.morphology.skeletonize,10786,12071,D:\Retina\Retinal-Vessel-Segmentation-Benchmark-main\Models_output\FSG-Net-HRF\test_data\CHASEDB1\pred_masks\Image_12R.png,D:\Retina\Retinal-Vessel-Segmentation-Benchmark-main\config\test_data\CHASEDB1\masks\Image_12R.png
FSG-Net,CHASEDB1,Image_13L,0.8546309283274145,0.8236368807063553,skimage.morphology.skeletonize,8493,9511,D:\Retina\Retinal-Vessel-Segmentation-Benchmark-main\Models_output\FSG-Net-HRF\test_data\CHASEDB1\pred_masks\Image_13L.png,D:\Retina\Retinal-Vessel-Segmentation-Benchmark-main\config\test_data\CHASEDB1\masks\Image_13L.png
FSG-Net,CHASEDB1,Image_13R,0.8141823884475391,0.789183623807218,skimage.morphology.skeletonize,8758,10389,D:\Retina\Retinal-Vessel-Segmentation-Benchmark-main\Models_output\FSG-Net-HRF\test_data\CHASEDB1\pred_masks\Image_13R.png,D:\Retina\Retinal-Vessel-Segmentation-Benchmark-main\config\test_data\CHASEDB1\masks\Image_13R.png
FSG-Net,CHASEDB1,Image_14L,0.8843671809951051,0.875679431473642,skimage.morphology.skeletonize,9958,9807,D:\Retina\Retinal-Vessel-Segmentation-Benchmark-main\Models_output\FSG-Net-HRF\test_data\CHASEDB1\pred_masks\Image_14L.png,D:\Retina\Retinal-Vessel-Segmentation-Benchmark-main\config\test_data\CHASEDB1\masks\Image_14L.png
FSG-Net,CHASEDB1,Image_14R,0.7637235453329304,0.736191865842276,skimage.morphology.skeletonize,8465,8139,D:\Retina\Retinal-Vessel-Segmentation-Benchmark-main\Models_output\FSG-Net-HRF\test_data\CHASEDB1\pred_masks\Image_14R.png,D:\Retina\Retinal-Vessel-Segmentation-Benchmark-main\config\test_data\CHASEDB1\masks\Image_14R.png
FSG-Net,DualModal2019,DualModal2019_A1_L4,0.8341791252241196,0.828625903981361,skimage.morphology.skeletonize,12727,12354,D:\Retina\Retinal-Vessel-Segmentation-Benchmark-main\Models_output\FSG-Net-HRF\test_data\DualModal2019\pred_masks\DualModal2019_A1_L4.png,D:\Retina\Retinal-Vessel-Segmentation-Benchmark-main\config\test_data\DualModal2019\masks\DualModal2019_A1_L4.png
FSG-Net,DualModal2019,DualModal2019_A1_R2,0.8233707259003575,0.8652643954620547,skimage.morphology.skeletonize,13592,14229,D:\Retina\Retinal-Vessel-Segmentation-Benchmark-main\Models_output\FSG-Net-HRF\test_data\DualModal2019\pred_masks\DualModal2019_A1_R2.png,D:\Retina\Retinal-Vessel-Segmentation-Benchmark-main\config\test_data\DualModal2019\masks\DualModal2019_A1_R2.png
FSG-Net,DualModal2019,DualModal2019_A2_R2,0.8063737773346898,0.8498459369464195,skimage.morphology.skeletonize,12757,12806,D:\Retina\Retinal-Vessel-Segmentation-Benchmark-main\Models_output\FSG-Net-HRF\test_data\DualModal2019\pred_masks\DualModal2019_A2_R2.png,D:\Retina\Retinal-Vessel-Segmentation-Benchmark-main\config\test_data\DualModal2019\masks\DualModal2019_A2_R2.png
FSG-Net,DualModal2019,DualModal2019_A3_L1,0.8514818049849641,0.873095854547479,skimage.morphology.skeletonize,13765,13630,D:\Retina\Retinal-Vessel-Segmentation-Benchmark-main\Models_output\FSG-Net-HRF\test_data\DualModal2019\pred_masks\DualModal2019_A3_L1.png,D:\Retina\Retinal-Vessel-Segmentation-Benchmark-main\config\test_data\DualModal2019\masks\DualModal2019_A3_L1.png
FSG-Net,DualModal2019,DualModal2019_A3_R1,0.7947152012724561,0.8695433311796292,skimage.morphology.skeletonize,13600,13764,D:\Retina\Retinal-Vessel-Segmentation-Benchmark-main\Models_output\FSG-Net-HRF\test_data\DualModal2019\pred_masks\DualModal2019_A3_R1.png,D:\Retina\Retinal-Vessel-Segmentation-Benchmark-main\config\test_data\DualModal2019\masks\DualModal2019_A3_R1.png
FSG-Net,DualModal2019,DualModal2019_A4_L3,0.8406410207367738,0.8860956349461435,skimage.morphology.skeletonize,12147,12119,D:\Retina\Retinal-Vessel-Segmentation-Benchmark-main\Models_output\FSG-Net-HRF\test_data\DualModal2019\pred_masks\DualModal2019_A4_L3.png,D:\Retina\Retinal-Vessel-Segmentation-Benchmark-main\config\test_data\DualModal2019\masks\DualModal2019_A4_L3.png
FSG-Net,DualModal2019,DualModal2019_A4_R2,0.8779946304798781,0.9106058980241363,skimage.morphology.skeletonize,13082,12987,D:\Retina\Retinal-Vessel-Segmentation-Benchmark-main\Models_output\FSG-Net-HRF\test_data\DualModal2019\pred_masks\DualModal2019_A4_R2.png,D:\Retina\Retinal-Vessel-Segmentation-Benchmark-main\config\test_data\DualModal2019\masks\DualModal2019_A4_R2.png
FSG-Net,DualModal2019,DualModal2019_A5_R4,0.8445622537095889,0.895839085711338,skimage.morphology.skeletonize,12877,12307,D:\Retina\Retinal-Vessel-Segmentation-Benchmark-main\Models_output\FSG-Net-HRF\test_data\DualModal2019\pred_masks\DualModal2019_A5_R4.png,D:\Retina\Retinal-Vessel-Segmentation-Benchmark-main\config\test_data\DualModal2019\masks\DualModal2019_A5_R4.png
FSG-Net,DualModal2019,DualModal2019_A6_L2,0.8377308941902349,0.8684695677303238,skimage.morphology.skeletonize,11939,12129,D:\Retina\Retinal-Vessel-Segmentation-Benchmark-main\Models_output\FSG-Net-HRF\test_data\DualModal2019\pred_masks\DualModal2019_A6_L2.png,D:\Retina\Retinal-Vessel-Segmentation-Benchmark-main\config\test_data\DualModal2019\masks\DualModal2019_A6_L2.png
FSG-Net,DualModal2019,DualModal2019_A6_R3,0.7957529612403323,0.840150703137237,skimage.morphology.skeletonize,13413,13144,D:\Retina\Retinal-Vessel-Segmentation-Benchmark-main\Models_output\FSG-Net-HRF\test_data\DualModal2019\pred_masks\DualModal2019_A6_R3.png,D:\Retina\Retinal-Vessel-Segmentation-Benchmark-main\config\test_data\DualModal2019\masks\DualModal2019_A6_R3.png
FSG-Net,DualModal2019,DualModal2019_A7_L1,0.7904589844945756,0.8467668921818341,skimage.morphology.skeletonize,12416,13755,D:\Retina\Retinal-Vessel-Segmentation-Benchmark-main\Models_output\FSG-Net-HRF\test_data\DualModal2019\pred_masks\DualModal2019_A7_L1.png,D:\Retina\Retinal-Vessel-Segmentation-Benchmark-main\config\test_data\DualModal2019\masks\DualModal2019_A7_L1.png
FSG-Net,DualModal2019,DualModal2019_A7_R1,0.7917633288847282,0.8364049320719459,skimage.morphology.skeletonize,11994,11807,D:\Retina\Retinal-Vessel-Segmentation-Benchmark-main\Models_output\FSG-Net-HRF\test_data\DualModal2019\pred_masks\DualModal2019_A7_R1.png,D:\Retina\Retinal-Vessel-Segmentation-Benchmark-main\config\test_data\DualModal2019\masks\DualModal2019_A7_R1.png
FSG-Net,DualModal2019,DualModal2019_C1_L4,0.8865704433586593,0.9115588152850578,skimage.morphology.skeletonize,14648,14563,D:\Retina\Retinal-Vessel-Segmentation-Benchmark-main\Models_output\FSG-Net-HRF\test_data\DualModal2019\pred_masks\DualModal2019_C1_L4.png,D:\Retina\Retinal-Vessel-Segmentation-Benchmark-main\config\test_data\DualModal2019\masks\DualModal2019_C1_L4.png
FSG-Net,DualModal2019,DualModal2019_C1_R4,0.8848290271990813,0.92172322412063,skimage.morphology.skeletonize,14953,15668,D:\Retina\Retinal-Vessel-Segmentation-Benchmark-main\Models_output\FSG-Net-HRF\test_data\DualModal2019\pred_masks\DualModal2019_C1_R4.png,D:\Retina\Retinal-Vessel-Segmentation-Benchmark-main\config\test_data\DualModal2019\masks\DualModal2019_C1_R4.png
FSG-Net,DualModal2019,DualModal2019_C2_L4,0.8599982937757661,0.8666391254900647,skimage.morphology.skeletonize,12705,12507,D:\Retina\Retinal-Vessel-Segmentation-Benchmark-main\Models_output\FSG-Net-HRF\test_data\DualModal2019\pred_masks\DualModal2019_C2_L4.png,D:\Retina\Retinal-Vessel-Segmentation-Benchmark-main\config\test_data\DualModal2019\masks\DualModal2019_C2_L4.png
FSG-Net,DualModal2019,DualModal2019_C2_R3,0.8607940142288198,0.9028613856583831,skimage.morphology.skeletonize,15249,15211,D:\Retina\Retinal-Vessel-Segmentation-Benchmark-main\Models_output\FSG-Net-HRF\test_data\DualModal2019\pred_masks\DualModal2019_C2_R3.png,D:\Retina\Retinal-Vessel-Segmentation-Benchmark-main\config\test_data\DualModal2019\masks\DualModal2019_C2_R3.png
FSG-Net,DualModal2019,DualModal2019_C3_L1,0.822209299641178,0.8685857539137553,skimage.morphology.skeletonize,12822,12710,D:\Retina\Retinal-Vessel-Segmentation-Benchmark-main\Models_output\FSG-Net-HRF\test_data\DualModal2019\pred_masks\DualModal2019_C3_L1.png,D:\Retina\Retinal-Vessel-Segmentation-Benchmark-main\config\test_data\DualModal2019\masks\DualModal2019_C3_L1.png
FSG-Net,DualModal2019,DualModal2019_C3_R1,0.8468070344935016,0.8786652951214903,skimage.morphology.skeletonize,13395,12896,D:\Retina\Retinal-Vessel-Segmentation-Benchmark-main\Models_output\FSG-Net-HRF\test_data\DualModal2019\pred_masks\DualModal2019_C3_R1.png,D:\Retina\Retinal-Vessel-Segmentation-Benchmark-main\config\test_data\DualModal2019\masks\DualModal2019_C3_R1.png
FSG-Net,DualModal2019,DualModal2019_C4_L2,0.7863641834287054,0.7907339343482223,skimage.morphology.skeletonize,10478,11738,D:\Retina\Retinal-Vessel-Segmentation-Benchmark-main\Models_output\FSG-Net-HRF\test_data\DualModal2019\pred_masks\DualModal2019_C4_L2.png,D:\Retina\Retinal-Vessel-Segmentation-Benchmark-main\config\test_data\DualModal2019\masks\DualModal2019_C4_L2.png
FSG-Net,DualModal2019,DualModal2019_C4_R2,0.8062736795457541,0.805610758467,skimage.morphology.skeletonize,11115,11991,D:\Retina\Retinal-Vessel-Segmentation-Benchmark-main\Models_output\FSG-Net-HRF\test_data\DualModal2019\pred_masks\DualModal2019_C4_R2.png,D:\Retina\Retinal-Vessel-Segmentation-Benchmark-main\config\test_data\DualModal2019\masks\DualModal2019_C4_R2.png
FSG-Net,DualModal2019,DualModal2019_C5_L1,0.875213178825839,0.8937879988532975,skimage.morphology.skeletonize,15200,15245,D:\Retina\Retinal-Vessel-Segmentation-Benchmark-main\Models_output\FSG-Net-HRF\test_data\DualModal2019\pred_masks\DualModal2019_C5_L1.png,D:\Retina\Retinal-Vessel-Segmentation-Benchmark-main\config\test_data\DualModal2019\masks\DualModal2019_C5_L1.png
FSG-Net,DualModal2019,DualModal2019_C5_R1,0.8417864599773337,0.8736651953922483,skimage.morphology.skeletonize,15490,14705,D:\Retina\Retinal-Vessel-Segmentation-Benchmark-main\Models_output\FSG-Net-HRF\test_data\DualModal2019\pred_masks\DualModal2019_C5_R1.png,D:\Retina\Retinal-Vessel-Segmentation-Benchmark-main\config\test_data\DualModal2019\masks\DualModal2019_C5_R1.png
FSG-Net,DualModal2019,DualModal2019_C6_L2,0.872234797459665,0.8823359589658993,skimage.morphology.skeletonize,13000,12986,D:\Retina\Retinal-Vessel-Segmentation-Benchmark-main\Models_output\FSG-Net-HRF\test_data\DualModal2019\pred_masks\DualModal2019_C6_L2.png,D:\Retina\Retinal-Vessel-Segmentation-Benchmark-main\config\test_data\DualModal2019\masks\DualModal2019_C6_L2.png
FSG-Net,DualModal2019,DualModal2019_C6_R2,0.856503883342533,0.8655370880041275,skimage.morphology.skeletonize,12901,13255,D:\Retina\Retinal-Vessel-Segmentation-Benchmark-main\Models_output\FSG-Net-HRF\test_data\DualModal2019\pred_masks\DualModal2019_C6_R2.png,D:\Retina\Retinal-Vessel-Segmentation-Benchmark-main\config\test_data\DualModal2019\masks\DualModal2019_C6_R2.png
FSG-Net,DualModal2019,DualModal2019_C7_L4,0.8683356776246324,0.9071965571660485,skimage.morphology.skeletonize,15483,15635,D:\Retina\Retinal-Vessel-Segmentation-Benchmark-main\Models_output\FSG-Net-HRF\test_data\DualModal2019\pred_masks\DualModal2019_C7_L4.png,D:\Retina\Retinal-Vessel-Segmentation-Benchmark-main\config\test_data\DualModal2019\masks\DualModal2019_C7_L4.png
FSG-Net,DualModal2019,DualModal2019_C7_R3,0.8721200441028583,0.9031524731826716,skimage.morphology.skeletonize,15191,15490,D:\Retina\Retinal-Vessel-Segmentation-Benchmark-main\Models_output\FSG-Net-HRF\test_data\DualModal2019\pred_masks\DualModal2019_C7_R3.png,D:\Retina\Retinal-Vessel-Segmentation-Benchmark-main\config\test_data\DualModal2019\masks\DualModal2019_C7_R3.png
FSG-Net,DualModal2019,DualModal2019_C8_L4,0.85624437172465,0.864219057993807,skimage.morphology.skeletonize,15077,14976,D:\Retina\Retinal-Vessel-Segmentation-Benchmark-main\Models_output\FSG-Net-HRF\test_data\DualModal2019\pred_masks\DualModal2019_C8_L4.png,D:\Retina\Retinal-Vessel-Segmentation-Benchmark-main\config\test_data\DualModal2019\masks\DualModal2019_C8_L4.png
FSG-Net,DualModal2019,DualModal2019_C8_R2,0.8606124791658355,0.8829555708212969,skimage.morphology.skeletonize,16019,16073,D:\Retina\Retinal-Vessel-Segmentation-Benchmark-main\Models_output\FSG-Net-HRF\test_data\DualModal2019\pred_masks\DualModal2019_C8_R2.png,D:\Retina\Retinal-Vessel-Segmentation-Benchmark-main\config\test_data\DualModal2019\masks\DualModal2019_C8_R2.png
FSG-Net,DualModal2019,DualModal2019_C9_L4,0.8694329789473573,0.8676248073755684,skimage.morphology.skeletonize,12320,12465,D:\Retina\Retinal-Vessel-Segmentation-Benchmark-main\Models_output\FSG-Net-HRF\test_data\DualModal2019\pred_masks\DualModal2019_C9_L4.png,D:\Retina\Retinal-Vessel-Segmentation-Benchmark-main\config\test_data\DualModal2019\masks\DualModal2019_C9_L4.png
FSG-Net,DualModal2019,DualModal2019_C9_R5,0.8686086796474031,0.8627960378282233,skimage.morphology.skeletonize,13904,13906,D:\Retina\Retinal-Vessel-Segmentation-Benchmark-main\Models_output\FSG-Net-HRF\test_data\DualModal2019\pred_masks\DualModal2019_C9_R5.png,D:\Retina\Retinal-Vessel-Segmentation-Benchmark-main\config\test_data\DualModal2019\masks\DualModal2019_C9_R5.png
FSG-Net,HRF,01_dr,0.6804020916486705,0.5084115051856276,skimage.morphology.skeletonize,43626,53102,D:\Retina\Retinal-Vessel-Segmentation-Benchmark-main\Models_output\FSG-Net-HRF\test_data\HRF\pred_masks\01_dr.png,D:\Retina\Retinal-Vessel-Segmentation-Benchmark-main\config\test_data\HRF\masks\01_dr.tif
FSG-Net,HRF,01_g,0.7317767311781196,0.56777780559303,skimage.morphology.skeletonize,51932,71323,D:\Retina\Retinal-Vessel-Segmentation-Benchmark-main\Models_output\FSG-Net-HRF\test_data\HRF\pred_masks\01_g.png,D:\Retina\Retinal-Vessel-Segmentation-Benchmark-main\config\test_data\HRF\masks\01_g.tif
FSG-Net,HRF,01_h,0.8010778586676316,0.7030715893674664,skimage.morphology.skeletonize,54420,75057,D:\Retina\Retinal-Vessel-Segmentation-Benchmark-main\Models_output\FSG-Net-HRF\test_data\HRF\pred_masks\01_h.png,D:\Retina\Retinal-Vessel-Segmentation-Benchmark-main\config\test_data\HRF\masks\01_h.tif
FSG-Net,HRF,02_dr,0.7507665357160295,0.6150033429838374,skimage.morphology.skeletonize,46462,64021,D:\Retina\Retinal-Vessel-Segmentation-Benchmark-main\Models_output\FSG-Net-HRF\test_data\HRF\pred_masks\02_dr.png,D:\Retina\Retinal-Vessel-Segmentation-Benchmark-main\config\test_data\HRF\masks\02_dr.tif
FSG-Net,HRF,02_g,0.7467753800253132,0.6354541336248096,skimage.morphology.skeletonize,53362,76330,D:\Retina\Retinal-Vessel-Segmentation-Benchmark-main\Models_output\FSG-Net-HRF\test_data\HRF\pred_masks\02_g.png,D:\Retina\Retinal-Vessel-Segmentation-Benchmark-main\config\test_data\HRF\masks\02_g.tif
FSG-Net,HRF,02_h,0.8871836776059672,0.8123204146102121,skimage.morphology.skeletonize,57078,67604,D:\Retina\Retinal-Vessel-Segmentation-Benchmark-main\Models_output\FSG-Net-HRF\test_data\HRF\pred_masks\02_h.png,D:\Retina\Retinal-Vessel-Segmentation-Benchmark-main\config\test_data\HRF\masks\02_h.tif
FSG-Net,HRF,03_dr,0.7386923860498763,0.593936868199997,skimage.morphology.skeletonize,37672,55601,D:\Retina\Retinal-Vessel-Segmentation-Benchmark-main\Models_output\FSG-Net-HRF\test_data\HRF\pred_masks\03_dr.png,D:\Retina\Retinal-Vessel-Segmentation-Benchmark-main\config\test_data\HRF\masks\03_dr.tif
FSG-Net,HRF,03_g,0.750773370864126,0.6130122720827657,skimage.morphology.skeletonize,43626,57667,D:\Retina\Retinal-Vessel-Segmentation-Benchmark-main\Models_output\FSG-Net-HRF\test_data\HRF\pred_masks\03_g.png,D:\Retina\Retinal-Vessel-Segmentation-Benchmark-main\config\test_data\HRF\masks\03_g.tif
FSG-Net,HRF,03_h,0.8572758565459117,0.7448942609928713,skimage.morphology.skeletonize,55918,67984,D:\Retina\Retinal-Vessel-Segmentation-Benchmark-main\Models_output\FSG-Net-HRF\test_data\HRF\pred_masks\03_h.png,D:\Retina\Retinal-Vessel-Segmentation-Benchmark-main\config\test_data\HRF\masks\03_h.tif
FSG-Net,HRF,04_dr,0.7134642246850228,0.5530651284828868,skimage.morphology.skeletonize,34916,54943,D:\Retina\Retinal-Vessel-Segmentation-Benchmark-main\Models_output\FSG-Net-HRF\test_data\HRF\pred_masks\04_dr.png,D:\Retina\Retinal-Vessel-Segmentation-Benchmark-main\config\test_data\HRF\masks\04_dr.tif
FSG-Net,HRF,04_g,0.7637769693465146,0.6404715031707658,skimage.morphology.skeletonize,46376,62895,D:\Retina\Retinal-Vessel-Segmentation-Benchmark-main\Models_output\FSG-Net-HRF\test_data\HRF\pred_masks\04_g.png,D:\Retina\Retinal-Vessel-Segmentation-Benchmark-main\config\test_data\HRF\masks\04_g.tif
FSG-Net,HRF,04_h,0.8763486401219313,0.7836643674658067,skimage.morphology.skeletonize,54399,65210,D:\Retina\Retinal-Vessel-Segmentation-Benchmark-main\Models_output\FSG-Net-HRF\test_data\HRF\pred_masks\04_h.png,D:\Retina\Retinal-Vessel-Segmentation-Benchmark-main\config\test_data\HRF\masks\04_h.tif
FSG-Net,HRF,05_dr,0.7869058301768566,0.6691737422186491,skimage.morphology.skeletonize,51273,64710,D:\Retina\Retinal-Vessel-Segmentation-Benchmark-main\Models_output\FSG-Net-HRF\test_data\HRF\pred_masks\05_dr.png,D:\Retina\Retinal-Vessel-Segmentation-Benchmark-main\config\test_data\HRF\masks\05_dr.tif
FSG-Net,HRF,05_g,0.7722550450211153,0.6812481493103404,skimage.morphology.skeletonize,47012,61795,D:\Retina\Retinal-Vessel-Segmentation-Benchmark-main\Models_output\FSG-Net-HRF\test_data\HRF\pred_masks\05_g.png,D:\Retina\Retinal-Vessel-Segmentation-Benchmark-main\config\test_data\HRF\masks\05_g.tif
FSG-Net,HRF,05_h,0.8650079479135554,0.7796252015913973,skimage.morphology.skeletonize,51381,63141,D:\Retina\Retinal-Vessel-Segmentation-Benchmark-main\Models_output\FSG-Net-HRF\test_data\HRF\pred_masks\05_h.png,D:\Retina\Retinal-Vessel-Segmentation-Benchmark-main\config\test_data\HRF\masks\05_h.tif
FSG-Net,HRF,06_dr,0.6493194416662622,0.5413159757554717,skimage.morphology.skeletonize,48591,83932,D:\Retina\Retinal-Vessel-Segmentation-Benchmark-main\Models_output\FSG-Net-HRF\test_data\HRF\pred_masks\06_dr.png,D:\Retina\Retinal-Vessel-Segmentation-Benchmark-main\config\test_data\HRF\masks\06_dr.tif
FSG-Net,HRF,06_g,0.7746072406303915,0.6679349502019217,skimage.morphology.skeletonize,47996,64338,D:\Retina\Retinal-Vessel-Segmentation-Benchmark-main\Models_output\FSG-Net-HRF\test_data\HRF\pred_masks\06_g.png,D:\Retina\Retinal-Vessel-Segmentation-Benchmark-main\config\test_data\HRF\masks\06_g.tif
FSG-Net,HRF,06_h,0.85329814117273,0.804644640468347,skimage.morphology.skeletonize,60227,77405,D:\Retina\Retinal-Vessel-Segmentation-Benchmark-main\Models_output\FSG-Net-HRF\test_data\HRF\pred_masks\06_h.png,D:\Retina\Retinal-Vessel-Segmentation-Benchmark-main\config\test_data\HRF\masks\06_h.tif
FSG-Net,HRF,07_dr,0.7972555288039511,0.6522894629210075,skimage.morphology.skeletonize,56410,70258,D:\Retina\Retinal-Vessel-Segmentation-Benchmark-main\Models_output\FSG-Net-HRF\test_data\HRF\pred_masks\07_dr.png,D:\Retina\Retinal-Vessel-Segmentation-Benchmark-main\config\test_data\HRF\masks\07_dr.tif
FSG-Net,HRF,07_g,0.758915334376992,0.6855425775673695,skimage.morphology.skeletonize,47781,69113,D:\Retina\Retinal-Vessel-Segmentation-Benchmark-main\Models_output\FSG-Net-HRF\test_data\HRF\pred_masks\07_g.png,D:\Retina\Retinal-Vessel-Segmentation-Benchmark-main\config\test_data\HRF\masks\07_g.tif
FSG-Net,HRF,07_h,0.8687133020143185,0.8128525950545181,skimage.morphology.skeletonize,52399,63508,D:\Retina\Retinal-Vessel-Segmentation-Benchmark-main\Models_output\FSG-Net-HRF\test_data\HRF\pred_masks\07_h.png,D:\Retina\Retinal-Vessel-Segmentation-Benchmark-main\config\test_data\HRF\masks\07_h.tif
FSG-Net,HRF,08_dr,0.763481328626048,0.6072604931711622,skimage.morphology.skeletonize,50148,70585,D:\Retina\Retinal-Vessel-Segmentation-Benchmark-main\Models_output\FSG-Net-HRF\test_data\HRF\pred_masks\08_dr.png,D:\Retina\Retinal-Vessel-Segmentation-Benchmark-main\config\test_data\HRF\masks\08_dr.tif
FSG-Net,HRF,08_g,0.7760970879913477,0.7098833550173451,skimage.morphology.skeletonize,52651,73820,D:\Retina\Retinal-Vessel-Segmentation-Benchmark-main\Models_output\FSG-Net-HRF\test_data\HRF\pred_masks\08_g.png,D:\Retina\Retinal-Vessel-Segmentation-Benchmark-main\config\test_data\HRF\masks\08_g.tif
FSG-Net,HRF,08_h,0.8459300838729967,0.7959598430777642,skimage.morphology.skeletonize,53661,70976,D:\Retina\Retinal-Vessel-Segmentation-Benchmark-main\Models_output\FSG-Net-HRF\test_data\HRF\pred_masks\08_h.png,D:\Retina\Retinal-Vessel-Segmentation-Benchmark-main\config\test_data\HRF\masks\08_h.tif
FSG-Net,HRF,09_dr,0.703327330003089,0.5306145544630831,skimage.morphology.skeletonize,40528,61339,D:\Retina\Retinal-Vessel-Segmentation-Benchmark-main\Models_output\FSG-Net-HRF\test_data\HRF\pred_masks\09_dr.png,D:\Retina\Retinal-Vessel-Segmentation-Benchmark-main\config\test_data\HRF\masks\09_dr.tif
FSG-Net,HRF,09_g,0.7749738370057873,0.7005056864203137,skimage.morphology.skeletonize,51922,71488,D:\Retina\Retinal-Vessel-Segmentation-Benchmark-main\Models_output\FSG-Net-HRF\test_data\HRF\pred_masks\09_g.png,D:\Retina\Retinal-Vessel-Segmentation-Benchmark-main\config\test_data\HRF\masks\09_g.tif
FSG-Net,HRF,09_h,0.801877542651152,0.7560110165765627,skimage.morphology.skeletonize,46811,64372,D:\Retina\Retinal-Vessel-Segmentation-Benchmark-main\Models_output\FSG-Net-HRF\test_data\HRF\pred_masks\09_h.png,D:\Retina\Retinal-Vessel-Segmentation-Benchmark-main\config\test_data\HRF\masks\09_h.tif
FSG-Net,HRF,10_dr,0.7999972537449672,0.6313668480474275,skimage.morphology.skeletonize,60637,76585,D:\Retina\Retinal-Vessel-Segmentation-Benchmark-main\Models_output\FSG-Net-HRF\test_data\HRF\pred_masks\10_dr.png,D:\Retina\Retinal-Vessel-Segmentation-Benchmark-main\config\test_data\HRF\masks\10_dr.tif
FSG-Net,HRF,10_g,0.7699242807270263,0.6976408712351648,skimage.morphology.skeletonize,52802,70136,D:\Retina\Retinal-Vessel-Segmentation-Benchmark-main\Models_output\FSG-Net-HRF\test_data\HRF\pred_masks\10_g.png,D:\Retina\Retinal-Vessel-Segmentation-Benchmark-main\config\test_data\HRF\masks\10_g.tif
FSG-Net,HRF,10_h,0.7769845713898655,0.7407376009382017,skimage.morphology.skeletonize,48805,72811,D:\Retina\Retinal-Vessel-Segmentation-Benchmark-main\Models_output\FSG-Net-HRF\test_data\HRF\pred_masks\10_h.png,D:\Retina\Retinal-Vessel-Segmentation-Benchmark-main\config\test_data\HRF\masks\10_h.tif
FSG-Net,HRF,11_dr,0.7996699098255737,0.6711828334874611,skimage.morphology.skeletonize,60175,78981,D:\Retina\Retinal-Vessel-Segmentation-Benchmark-main\Models_output\FSG-Net-HRF\test_data\HRF\pred_masks\11_dr.png,D:\Retina\Retinal-Vessel-Segmentation-Benchmark-main\config\test_data\HRF\masks\11_dr.tif
FSG-Net,HRF,11_g,0.7805800083699386,0.6817824193200791,skimage.morphology.skeletonize,54288,75571,D:\Retina\Retinal-Vessel-Segmentation-Benchmark-main\Models_output\FSG-Net-HRF\test_data\HRF\pred_masks\11_g.png,D:\Retina\Retinal-Vessel-Segmentation-Benchmark-main\config\test_data\HRF\masks\11_g.tif
FSG-Net,HRF,11_h,0.9011692650651382,0.8393237925226165,skimage.morphology.skeletonize,56718,63941,D:\Retina\Retinal-Vessel-Segmentation-Benchmark-main\Models_output\FSG-Net-HRF\test_data\HRF\pred_masks\11_h.png,D:\Retina\Retinal-Vessel-Segmentation-Benchmark-main\config\test_data\HRF\masks\11_h.tif
FSG-Net,HRF,12_dr,0.706793144371667,0.5794917419225278,skimage.morphology.skeletonize,44722,71856,D:\Retina\Retinal-Vessel-Segmentation-Benchmark-main\Models_output\FSG-Net-HRF\test_data\HRF\pred_masks\12_dr.png,D:\Retina\Retinal-Vessel-Segmentation-Benchmark-main\config\test_data\HRF\masks\12_dr.tif
FSG-Net,HRF,12_g,0.7659196304994512,0.6832637968148783,skimage.morphology.skeletonize,58289,83473,D:\Retina\Retinal-Vessel-Segmentation-Benchmark-main\Models_output\FSG-Net-HRF\test_data\HRF\pred_masks\12_g.png,D:\Retina\Retinal-Vessel-Segmentation-Benchmark-main\config\test_data\HRF\masks\12_g.tif
FSG-Net,HRF,12_h,0.8961513045036013,0.8362538593615978,skimage.morphology.skeletonize,60635,67859,D:\Retina\Retinal-Vessel-Segmentation-Benchmark-main\Models_output\FSG-Net-HRF\test_data\HRF\pred_masks\12_h.png,D:\Retina\Retinal-Vessel-Segmentation-Benchmark-main\config\test_data\HRF\masks\12_h.tif
FSG-Net,HRF,13_dr,0.7450022757867613,0.610754499886964,skimage.morphology.skeletonize,46074,64820,D:\Retina\Retinal-Vessel-Segmentation-Benchmark-main\Models_output\FSG-Net-HRF\test_data\HRF\pred_masks\13_dr.png,D:\Retina\Retinal-Vessel-Segmentation-Benchmark-main\config\test_data\HRF\masks\13_dr.tif
FSG-Net,HRF,13_g,0.7634682284965886,0.6401766016775559,skimage.morphology.skeletonize,51570,73060,D:\Retina\Retinal-Vessel-Segmentation-Benchmark-main\Models_output\FSG-Net-HRF\test_data\HRF\pred_masks\13_g.png,D:\Retina\Retinal-Vessel-Segmentation-Benchmark-main\config\test_data\HRF\masks\13_g.tif
FSG-Net,HRF,13_h,0.9023401536151713,0.8475401726858705,skimage.morphology.skeletonize,56209,60696,D:\Retina\Retinal-Vessel-Segmentation-Benchmark-main\Models_output\FSG-Net-HRF\test_data\HRF\pred_masks\13_h.png,D:\Retina\Retinal-Vessel-Segmentation-Benchmark-main\config\test_data\HRF\masks\13_h.tif
FSG-Net,HRF,14_dr,0.719057545738939,0.5677599189563054,skimage.morphology.skeletonize,47587,77365,D:\Retina\Retinal-Vessel-Segmentation-Benchmark-main\Models_output\FSG-Net-HRF\test_data\HRF\pred_masks\14_dr.png,D:\Retina\Retinal-Vessel-Segmentation-Benchmark-main\config\test_data\HRF\masks\14_dr.tif
FSG-Net,HRF,14_g,0.7410395344297913,0.5960798465524235,skimage.morphology.skeletonize,50839,73554,D:\Retina\Retinal-Vessel-Segmentation-Benchmark-main\Models_output\FSG-Net-HRF\test_data\HRF\pred_masks\14_g.png,D:\Retina\Retinal-Vessel-Segmentation-Benchmark-main\config\test_data\HRF\masks\14_g.tif
FSG-Net,HRF,14_h,0.887187434273088,0.8300403492813481,skimage.morphology.skeletonize,55947,63512,D:\Retina\Retinal-Vessel-Segmentation-Benchmark-main\Models_output\FSG-Net-HRF\test_data\HRF\pred_masks\14_h.png,D:\Retina\Retinal-Vessel-Segmentation-Benchmark-main\config\test_data\HRF\masks\14_h.tif
FSG-Net,HRF,15_dr,0.7632991233486013,0.6099480457943779,skimage.morphology.skeletonize,45458,59201,D:\Retina\Retinal-Vessel-Segmentation-Benchmark-main\Models_output\FSG-Net-HRF\test_data\HRF\pred_masks\15_dr.png,D:\Retina\Retinal-Vessel-Segmentation-Benchmark-main\config\test_data\HRF\masks\15_dr.tif
FSG-Net,HRF,15_g,0.7351770152873724,0.5956246272076193,skimage.morphology.skeletonize,49669,71868,D:\Retina\Retinal-Vessel-Segmentation-Benchmark-main\Models_output\FSG-Net-HRF\test_data\HRF\pred_masks\15_g.png,D:\Retina\Retinal-Vessel-Segmentation-Benchmark-main\config\test_data\HRF\masks\15_g.tif
FSG-Net,HRF,15_h,0.9114313851142614,0.8589346461939787,skimage.morphology.skeletonize,51849,57949,D:\Retina\Retinal-Vessel-Segmentation-Benchmark-main\Models_output\FSG-Net-HRF\test_data\HRF\pred_masks\15_h.png,D:\Retina\Retinal-Vessel-Segmentation-Benchmark-main\config\test_data\HRF\masks\15_h.tif
FSG-Net,LES,111,0.7530097831436362,0.6784123945365925,skimage.morphology.skeletonize,12227,14423,D:\Retina\Retinal-Vessel-Segmentation-Benchmark-main\Models_output\FSG-Net-HRF\test_data\LES\pred_masks\111.png,D:\Retina\Retinal-Vessel-Segmentation-Benchmark-main\config\test_data\LES\masks\111.png
FSG-Net,LES,119,0.7450267996278305,0.7106720528498429,skimage.morphology.skeletonize,16461,14280,D:\Retina\Retinal-Vessel-Segmentation-Benchmark-main\Models_output\FSG-Net-HRF\test_data\LES\pred_masks\119.png,D:\Retina\Retinal-Vessel-Segmentation-Benchmark-main\config\test_data\LES\masks\119.png
FSG-Net,LES,12,0.8600124339690381,0.8240928682805834,skimage.morphology.skeletonize,14838,16580,D:\Retina\Retinal-Vessel-Segmentation-Benchmark-main\Models_output\FSG-Net-HRF\test_data\LES\pred_masks\12.png,D:\Retina\Retinal-Vessel-Segmentation-Benchmark-main\config\test_data\LES\masks\12.png
FSG-Net,LES,15,0.8483260115173816,0.7573453804235795,skimage.morphology.skeletonize,12047,13859,D:\Retina\Retinal-Vessel-Segmentation-Benchmark-main\Models_output\FSG-Net-HRF\test_data\LES\pred_masks\15.png,D:\Retina\Retinal-Vessel-Segmentation-Benchmark-main\config\test_data\LES\masks\15.png
FSG-Net,LES,224,0.8891981984694862,0.8483560045552568,skimage.morphology.skeletonize,16922,18430,D:\Retina\Retinal-Vessel-Segmentation-Benchmark-main\Models_output\FSG-Net-HRF\test_data\LES\pred_masks\224.png,D:\Retina\Retinal-Vessel-Segmentation-Benchmark-main\config\test_data\LES\masks\224.png
FSG-Net,LES,240,0.8889803702126294,0.8343518768079455,skimage.morphology.skeletonize,13136,13487,D:\Retina\Retinal-Vessel-Segmentation-Benchmark-main\Models_output\FSG-Net-HRF\test_data\LES\pred_masks\240.png,D:\Retina\Retinal-Vessel-Segmentation-Benchmark-main\config\test_data\LES\masks\240.png
FSG-Net,LES,275,0.8068518150303399,0.7321859529908783,skimage.morphology.skeletonize,13770,14568,D:\Retina\Retinal-Vessel-Segmentation-Benchmark-main\Models_output\FSG-Net-HRF\test_data\LES\pred_masks\275.png,D:\Retina\Retinal-Vessel-Segmentation-Benchmark-main\config\test_data\LES\masks\275.png
FSG-Net,LES,279,0.9030663755414043,0.8066083414508477,skimage.morphology.skeletonize,16126,17366,D:\Retina\Retinal-Vessel-Segmentation-Benchmark-main\Models_output\FSG-Net-HRF\test_data\LES\pred_masks\279.png,D:\Retina\Retinal-Vessel-Segmentation-Benchmark-main\config\test_data\LES\masks\279.png
FSG-Net,LES,304,0.8423090064656097,0.6964115596765876,skimage.morphology.skeletonize,9076,9348,D:\Retina\Retinal-Vessel-Segmentation-Benchmark-main\Models_output\FSG-Net-HRF\test_data\LES\pred_masks\304.png,D:\Retina\Retinal-Vessel-Segmentation-Benchmark-main\config\test_data\LES\masks\304.png
FSG-Net,LES,318,0.9029570872041454,0.842998991742037,skimage.morphology.skeletonize,13821,14235,D:\Retina\Retinal-Vessel-Segmentation-Benchmark-main\Models_output\FSG-Net-HRF\test_data\LES\pred_masks\318.png,D:\Retina\Retinal-Vessel-Segmentation-Benchmark-main\config\test_data\LES\masks\318.png
FSG-Net,LES,33,0.8337624547302811,0.7766047677351979,skimage.morphology.skeletonize,16493,20349,D:\Retina\Retinal-Vessel-Segmentation-Benchmark-main\Models_output\FSG-Net-HRF\test_data\LES\pred_masks\33.png,D:\Retina\Retinal-Vessel-Segmentation-Benchmark-main\config\test_data\LES\masks\33.png
FSG-Net,LES,34,0.8287794567803461,0.7606195752199391,skimage.morphology.skeletonize,25489,31603,D:\Retina\Retinal-Vessel-Segmentation-Benchmark-main\Models_output\FSG-Net-HRF\test_data\LES\pred_masks\34.png,D:\Retina\Retinal-Vessel-Segmentation-Benchmark-main\config\test_data\LES\masks\34.png
FSG-Net,LES,367,0.8926781829877998,0.8643801618043047,skimage.morphology.skeletonize,14926,15054,D:\Retina\Retinal-Vessel-Segmentation-Benchmark-main\Models_output\FSG-Net-HRF\test_data\LES\pred_masks\367.png,D:\Retina\Retinal-Vessel-Segmentation-Benchmark-main\config\test_data\LES\masks\367.png
FSG-Net,LES,37,0.8982935002247306,0.81041450788686,skimage.morphology.skeletonize,16941,18851,D:\Retina\Retinal-Vessel-Segmentation-Benchmark-main\Models_output\FSG-Net-HRF\test_data\LES\pred_masks\37.png,D:\Retina\Retinal-Vessel-Segmentation-Benchmark-main\config\test_data\LES\masks\37.png
FSG-Net,LES,370,0.859238956599868,0.828315229161311,skimage.morphology.skeletonize,13362,13031,D:\Retina\Retinal-Vessel-Segmentation-Benchmark-main\Models_output\FSG-Net-HRF\test_data\LES\pred_masks\370.png,D:\Retina\Retinal-Vessel-Segmentation-Benchmark-main\config\test_data\LES\masks\370.png
FSG-Net,LES,42,0.873750234350368,0.8509132729968757,skimage.morphology.skeletonize,14526,16271,D:\Retina\Retinal-Vessel-Segmentation-Benchmark-main\Models_output\FSG-Net-HRF\test_data\LES\pred_masks\42.png,D:\Retina\Retinal-Vessel-Segmentation-Benchmark-main\config\test_data\LES\masks\42.png
FSG-Net,LES,486,0.875856125003906,0.7864645692525352,skimage.morphology.skeletonize,12620,12854,D:\Retina\Retinal-Vessel-Segmentation-Benchmark-main\Models_output\FSG-Net-HRF\test_data\LES\pred_masks\486.png,D:\Retina\Retinal-Vessel-Segmentation-Benchmark-main\config\test_data\LES\masks\486.png
FSG-Net,LES,49,0.8518088753349491,0.7923607711613546,skimage.morphology.skeletonize,13457,16658,D:\Retina\Retinal-Vessel-Segmentation-Benchmark-main\Models_output\FSG-Net-HRF\test_data\LES\pred_masks\49.png,D:\Retina\Retinal-Vessel-Segmentation-Benchmark-main\config\test_data\LES\masks\49.png
FSG-Net,LES,529,0.81484105776387,0.6773340234244678,skimage.morphology.skeletonize,10861,11882,D:\Retina\Retinal-Vessel-Segmentation-Benchmark-main\Models_output\FSG-Net-HRF\test_data\LES\pred_masks\529.png,D:\Retina\Retinal-Vessel-Segmentation-Benchmark-main\config\test_data\LES\masks\529.png
FSG-Net,LES,53,0.8680910003222397,0.8371379779860378,skimage.morphology.skeletonize,15750,18584,D:\Retina\Retinal-Vessel-Segmentation-Benchmark-main\Models_output\FSG-Net-HRF\test_data\LES\pred_masks\53.png,D:\Retina\Retinal-Vessel-Segmentation-Benchmark-main\config\test_data\LES\masks\53.png
FSG-Net,LES,586,0.8744455029005119,0.8179025107268453,skimage.morphology.skeletonize,15861,15979,D:\Retina\Retinal-Vessel-Segmentation-Benchmark-main\Models_output\FSG-Net-HRF\test_data\LES\pred_masks\586.png,D:\Retina\Retinal-Vessel-Segmentation-Benchmark-main\config\test_data\LES\masks\586.png
FSG-Net,LES,90,0.8636473973677841,0.745148746081908,skimage.morphology.skeletonize,12739,15621,D:\Retina\Retinal-Vessel-Segmentation-Benchmark-main\Models_output\FSG-Net-HRF\test_data\LES\pred_masks\90.png,D:\Retina\Retinal-Vessel-Segmentation-Benchmark-main\config\test_data\LES\masks\90.png
FSG-Net,STARE,im0001,0.8565143178646647,0.9097567203071166,skimage.morphology.skeletonize,7186,7687,D:\Retina\Retinal-Vessel-Segmentation-Benchmark-main\Models_output\FSG-Net-HRF\test_data\STARE\pred_masks\im0001.png,D:\Retina\Retinal-Vessel-Segmentation-Benchmark-main\config\test_data\STARE\masks\im0001.png
FSG-Net,STARE,im0002,0.8459508315390416,0.9064095406211091,skimage.morphology.skeletonize,6228,7130,D:\Retina\Retinal-Vessel-Segmentation-Benchmark-main\Models_output\FSG-Net-HRF\test_data\STARE\pred_masks\im0002.png,D:\Retina\Retinal-Vessel-Segmentation-Benchmark-main\config\test_data\STARE\masks\im0002.png
FSG-Net,STARE,im0003,0.8296077379206095,0.8762476454643954,skimage.morphology.skeletonize,4963,6012,D:\Retina\Retinal-Vessel-Segmentation-Benchmark-main\Models_output\FSG-Net-HRF\test_data\STARE\pred_masks\im0003.png,D:\Retina\Retinal-Vessel-Segmentation-Benchmark-main\config\test_data\STARE\masks\im0003.png
FSG-Net,STARE,im0004,0.8052809581011716,0.8532616916196124,skimage.morphology.skeletonize,5814,5883,D:\Retina\Retinal-Vessel-Segmentation-Benchmark-main\Models_output\FSG-Net-HRF\test_data\STARE\pred_masks\im0004.png,D:\Retina\Retinal-Vessel-Segmentation-Benchmark-main\config\test_data\STARE\masks\im0004.png
FSG-Net,STARE,im0005,0.8474351317985945,0.8630706499644991,skimage.morphology.skeletonize,9196,7339,D:\Retina\Retinal-Vessel-Segmentation-Benchmark-main\Models_output\FSG-Net-HRF\test_data\STARE\pred_masks\im0005.png,D:\Retina\Retinal-Vessel-Segmentation-Benchmark-main\config\test_data\STARE\masks\im0005.png
FSG-Net,STARE,im0044,0.843549935568427,0.8765900626599481,skimage.morphology.skeletonize,6785,6614,D:\Retina\Retinal-Vessel-Segmentation-Benchmark-main\Models_output\FSG-Net-HRF\test_data\STARE\pred_masks\im0044.png,D:\Retina\Retinal-Vessel-Segmentation-Benchmark-main\config\test_data\STARE\masks\im0044.png
FSG-Net,STARE,im0077,0.8660768349125894,0.9207321461793005,skimage.morphology.skeletonize,9825,8586,D:\Retina\Retinal-Vessel-Segmentation-Benchmark-main\Models_output\FSG-Net-HRF\test_data\STARE\pred_masks\im0077.png,D:\Retina\Retinal-Vessel-Segmentation-Benchmark-main\config\test_data\STARE\masks\im0077.png
FSG-Net,STARE,im0081,0.8669334637525395,0.9192799942250703,skimage.morphology.skeletonize,8960,8054,D:\Retina\Retinal-Vessel-Segmentation-Benchmark-main\Models_output\FSG-Net-HRF\test_data\STARE\pred_masks\im0081.png,D:\Retina\Retinal-Vessel-Segmentation-Benchmark-main\config\test_data\STARE\masks\im0081.png
FSG-Net,STARE,im0082,0.87878782533793,0.9366829189901043,skimage.morphology.skeletonize,8762,8757,D:\Retina\Retinal-Vessel-Segmentation-Benchmark-main\Models_output\FSG-Net-HRF\test_data\STARE\pred_masks\im0082.png,D:\Retina\Retinal-Vessel-Segmentation-Benchmark-main\config\test_data\STARE\masks\im0082.png
FSG-Net,STARE,im0139,0.8660639878284184,0.910946728301072,skimage.morphology.skeletonize,7936,8549,D:\Retina\Retinal-Vessel-Segmentation-Benchmark-main\Models_output\FSG-Net-HRF\test_data\STARE\pred_masks\im0139.png,D:\Retina\Retinal-Vessel-Segmentation-Benchmark-main\config\test_data\STARE\masks\im0139.png
FSG-Net,STARE,im0162,0.8727802677414715,0.9460553204854925,skimage.morphology.skeletonize,10162,10720,D:\Retina\Retinal-Vessel-Segmentation-Benchmark-main\Models_output\FSG-Net-HRF\test_data\STARE\pred_masks\im0162.png,D:\Retina\Retinal-Vessel-Segmentation-Benchmark-main\config\test_data\STARE\masks\im0162.png
FSG-Net,STARE,im0163,0.9089561747383054,0.9515605633029026,skimage.morphology.skeletonize,8541,8302,D:\Retina\Retinal-Vessel-Segmentation-Benchmark-main\Models_output\FSG-Net-HRF\test_data\STARE\pred_masks\im0163.png,D:\Retina\Retinal-Vessel-Segmentation-Benchmark-main\config\test_data\STARE\masks\im0163.png
FSG-Net,STARE,im0235,0.8897223986334295,0.9434286715869823,skimage.morphology.skeletonize,8704,8640,D:\Retina\Retinal-Vessel-Segmentation-Benchmark-main\Models_output\FSG-Net-HRF\test_data\STARE\pred_masks\im0235.png,D:\Retina\Retinal-Vessel-Segmentation-Benchmark-main\config\test_data\STARE\masks\im0235.png
FSG-Net,STARE,im0236,0.8998464134668482,0.9290523972065285,skimage.morphology.skeletonize,8348,8518,D:\Retina\Retinal-Vessel-Segmentation-Benchmark-main\Models_output\FSG-Net-HRF\test_data\STARE\pred_masks\im0236.png,D:\Retina\Retinal-Vessel-Segmentation-Benchmark-main\config\test_data\STARE\masks\im0236.png
FSG-Net,STARE,im0239,0.8728046033758703,0.9327614991071554,skimage.morphology.skeletonize,8458,8829,D:\Retina\Retinal-Vessel-Segmentation-Benchmark-main\Models_output\FSG-Net-HRF\test_data\STARE\pred_masks\im0239.png,D:\Retina\Retinal-Vessel-Segmentation-Benchmark-main\config\test_data\STARE\masks\im0239.png
FSG-Net,STARE,im0240,0.8919914151487547,0.9223056668103564,skimage.morphology.skeletonize,8143,7763,D:\Retina\Retinal-Vessel-Segmentation-Benchmark-main\Models_output\FSG-Net-HRF\test_data\STARE\pred_masks\im0240.png,D:\Retina\Retinal-Vessel-Segmentation-Benchmark-main\config\test_data\STARE\masks\im0240.png
FSG-Net,STARE,im0255,0.8912589928213217,0.9390139275550237,skimage.morphology.skeletonize,10501,10617,D:\Retina\Retinal-Vessel-Segmentation-Benchmark-main\Models_output\FSG-Net-HRF\test_data\STARE\pred_masks\im0255.png,D:\Retina\Retinal-Vessel-Segmentation-Benchmark-main\config\test_data\STARE\masks\im0255.png
FSG-Net,STARE,im0291,0.8682157015807079,0.8826205868191458,skimage.morphology.skeletonize,4430,5054,D:\Retina\Retinal-Vessel-Segmentation-Benchmark-main\Models_output\FSG-Net-HRF\test_data\STARE\pred_masks\im0291.png,D:\Retina\Retinal-Vessel-Segmentation-Benchmark-main\config\test_data\STARE\masks\im0291.png
FSG-Net,STARE,im0319,0.8258572888772502,0.9408403165383915,skimage.morphology.skeletonize,4596,4669,D:\Retina\Retinal-Vessel-Segmentation-Benchmark-main\Models_output\FSG-Net-HRF\test_data\STARE\pred_masks\im0319.png,D:\Retina\Retinal-Vessel-Segmentation-Benchmark-main\config\test_data\STARE\masks\im0319.png
FSG-Net,STARE,im0324,0.825780248248172,0.88494894470749,skimage.morphology.skeletonize,5359,5192,D:\Retina\Retinal-Vessel-Segmentation-Benchmark-main\Models_output\FSG-Net-HRF\test_data\STARE\pred_masks\im0324.png,D:\Retina\Retinal-Vessel-Segmentation-Benchmark-main\config\test_data\STARE\masks\im0324.png
DCP_1024,AFIO,IM000001,0.7358522694087029,0.6801382676070705,skimage.morphology.skeletonize,12983,16917,D:\Retina\Retinal-Vessel-Segmentation-Benchmark-main\Models_output\DCP_1024\test_data\AFIO\pred_masks\IM000001.png,D:\Retina\Retinal-Vessel-Segmentation-Benchmark-main\config\test_data\AFIO\masks\IM000001.png
DCP_1024,AFIO,IM000004,0.7550901909548159,0.7339303638174031,skimage.morphology.skeletonize,11785,14456,D:\Retina\Retinal-Vessel-Segmentation-Benchmark-main\Models_output\DCP_1024\test_data\AFIO\pred_masks\IM000004.png,D:\Retina\Retinal-Vessel-Segmentation-Benchmark-main\config\test_data\AFIO\masks\IM000004.png
DCP_1024,AFIO,IM000023,0.6187866682195354,0.5608425899838698,skimage.morphology.skeletonize,8793,9796,D:\Retina\Retinal-Vessel-Segmentation-Benchmark-main\Models_output\DCP_1024\test_data\AFIO\pred_masks\IM000023.png,D:\Retina\Retinal-Vessel-Segmentation-Benchmark-main\config\test_data\AFIO\masks\IM000023.png
DCP_1024,AFIO,IM000024,0.6429883757412977,0.6009700819618772,skimage.morphology.skeletonize,9371,13209,D:\Retina\Retinal-Vessel-Segmentation-Benchmark-main\Models_output\DCP_1024\test_data\AFIO\pred_masks\IM000024.png,D:\Retina\Retinal-Vessel-Segmentation-Benchmark-main\config\test_data\AFIO\masks\IM000024.png
DCP_1024,AFIO,IM000135,0.652993329962202,0.6557947530524246,skimage.morphology.skeletonize,15202,25235,D:\Retina\Retinal-Vessel-Segmentation-Benchmark-main\Models_output\DCP_1024\test_data\AFIO\pred_masks\IM000135.png,D:\Retina\Retinal-Vessel-Segmentation-Benchmark-main\config\test_data\AFIO\masks\IM000135.png
DCP_1024,AFIO,IM000136,0.7523570302236613,0.7222669509545517,skimage.morphology.skeletonize,14876,18592,D:\Retina\Retinal-Vessel-Segmentation-Benchmark-main\Models_output\DCP_1024\test_data\AFIO\pred_masks\IM000136.png,D:\Retina\Retinal-Vessel-Segmentation-Benchmark-main\config\test_data\AFIO\masks\IM000136.png
DCP_1024,AFIO,IM000167,0.7429154655783511,0.7050244909421141,skimage.morphology.skeletonize,11375,14133,D:\Retina\Retinal-Vessel-Segmentation-Benchmark-main\Models_output\DCP_1024\test_data\AFIO\pred_masks\IM000167.png,D:\Retina\Retinal-Vessel-Segmentation-Benchmark-main\config\test_data\AFIO\masks\IM000167.png
DCP_1024,AFIO,IM000168,0.7316331965468401,0.6982831544500674,skimage.morphology.skeletonize,13676,17424,D:\Retina\Retinal-Vessel-Segmentation-Benchmark-main\Models_output\DCP_1024\test_data\AFIO\pred_masks\IM000168.png,D:\Retina\Retinal-Vessel-Segmentation-Benchmark-main\config\test_data\AFIO\masks\IM000168.png
DCP_1024,AFIO,IM000189,0.672387084443677,0.6394469556499701,skimage.morphology.skeletonize,12340,17549,D:\Retina\Retinal-Vessel-Segmentation-Benchmark-main\Models_output\DCP_1024\test_data\AFIO\pred_masks\IM000189.png,D:\Retina\Retinal-Vessel-Segmentation-Benchmark-main\config\test_data\AFIO\masks\IM000189.png
DCP_1024,AFIO,IM000209,0.760251849665573,0.7097494855421467,skimage.morphology.skeletonize,9903,11828,D:\Retina\Retinal-Vessel-Segmentation-Benchmark-main\Models_output\DCP_1024\test_data\AFIO\pred_masks\IM000209.png,D:\Retina\Retinal-Vessel-Segmentation-Benchmark-main\config\test_data\AFIO\masks\IM000209.png
DCP_1024,AFIO,IM000210,0.712056782853506,0.6654572249524314,skimage.morphology.skeletonize,10845,14676,D:\Retina\Retinal-Vessel-Segmentation-Benchmark-main\Models_output\DCP_1024\test_data\AFIO\pred_masks\IM000210.png,D:\Retina\Retinal-Vessel-Segmentation-Benchmark-main\config\test_data\AFIO\masks\IM000210.png
DCP_1024,AFIO,IM000333,0.6694945565946824,0.6273170060481046,skimage.morphology.skeletonize,10342,15204,D:\Retina\Retinal-Vessel-Segmentation-Benchmark-main\Models_output\DCP_1024\test_data\AFIO\pred_masks\IM000333.png,D:\Retina\Retinal-Vessel-Segmentation-Benchmark-main\config\test_data\AFIO\masks\IM000333.png
DCP_1024,AFIO,IM000389,0.666893265122655,0.6420424416450854,skimage.morphology.skeletonize,10157,14557,D:\Retina\Retinal-Vessel-Segmentation-Benchmark-main\Models_output\DCP_1024\test_data\AFIO\pred_masks\IM000389.png,D:\Retina\Retinal-Vessel-Segmentation-Benchmark-main\config\test_data\AFIO\masks\IM000389.png
DCP_1024,AFIO,IM000390,0.6905624670186626,0.6299819538279003,skimage.morphology.skeletonize,11950,16216,D:\Retina\Retinal-Vessel-Segmentation-Benchmark-main\Models_output\DCP_1024\test_data\AFIO\pred_masks\IM000390.png,D:\Retina\Retinal-Vessel-Segmentation-Benchmark-main\config\test_data\AFIO\masks\IM000390.png
DCP_1024,AFIO,IM000678,0.7187478497283574,0.6201170849194708,skimage.morphology.skeletonize,9381,12751,D:\Retina\Retinal-Vessel-Segmentation-Benchmark-main\Models_output\DCP_1024\test_data\AFIO\pred_masks\IM000678.png,D:\Retina\Retinal-Vessel-Segmentation-Benchmark-main\config\test_data\AFIO\masks\IM000678.png
DCP_1024,AFIO,IM000679,0.6808754499657582,0.5717454220254207,skimage.morphology.skeletonize,10393,13094,D:\Retina\Retinal-Vessel-Segmentation-Benchmark-main\Models_output\DCP_1024\test_data\AFIO\pred_masks\IM000679.png,D:\Retina\Retinal-Vessel-Segmentation-Benchmark-main\config\test_data\AFIO\masks\IM000679.png
DCP_1024,AFIO,IM000715,0.6913037893111974,0.6066999262507411,skimage.morphology.skeletonize,9169,8619,D:\Retina\Retinal-Vessel-Segmentation-Benchmark-main\Models_output\DCP_1024\test_data\AFIO\pred_masks\IM000715.png,D:\Retina\Retinal-Vessel-Segmentation-Benchmark-main\config\test_data\AFIO\masks\IM000715.png
DCP_1024,AFIO,IM000716,0.5881052942985666,0.5395721490200659,skimage.morphology.skeletonize,8653,10115,D:\Retina\Retinal-Vessel-Segmentation-Benchmark-main\Models_output\DCP_1024\test_data\AFIO\pred_masks\IM000716.png,D:\Retina\Retinal-Vessel-Segmentation-Benchmark-main\config\test_data\AFIO\masks\IM000716.png
DCP_1024,AFIO,IM000938,0.6715248277129989,0.5013054166844988,skimage.morphology.skeletonize,7231,9863,D:\Retina\Retinal-Vessel-Segmentation-Benchmark-main\Models_output\DCP_1024\test_data\AFIO\pred_masks\IM000938.png,D:\Retina\Retinal-Vessel-Segmentation-Benchmark-main\config\test_data\AFIO\masks\IM000938.png
DCP_1024,AFIO,IM001031,0.7290724614478427,0.5719612938178338,skimage.morphology.skeletonize,8626,11346,D:\Retina\Retinal-Vessel-Segmentation-Benchmark-main\Models_output\DCP_1024\test_data\AFIO\pred_masks\IM001031.png,D:\Retina\Retinal-Vessel-Segmentation-Benchmark-main\config\test_data\AFIO\masks\IM001031.png
DCP_1024,AFIO,IM001032,0.7290724614478427,0.5719612938178338,skimage.morphology.skeletonize,8626,11346,D:\Retina\Retinal-Vessel-Segmentation-Benchmark-main\Models_output\DCP_1024\test_data\AFIO\pred_masks\IM001032.png,D:\Retina\Retinal-Vessel-Segmentation-Benchmark-main\config\test_data\AFIO\masks\IM001032.png
DCP_1024,AFIO,IM001034,0.664721356020913,0.4703490558109226,skimage.morphology.skeletonize,6584,8152,D:\Retina\Retinal-Vessel-Segmentation-Benchmark-main\Models_output\DCP_1024\test_data\AFIO\pred_masks\IM001034.png,D:\Retina\Retinal-Vessel-Segmentation-Benchmark-main\config\test_data\AFIO\masks\IM001034.png
DCP_1024,AFIO,IM001069,0.7051112654842977,0.6157289174087663,skimage.morphology.skeletonize,9376,13201,D:\Retina\Retinal-Vessel-Segmentation-Benchmark-main\Models_output\DCP_1024\test_data\AFIO\pred_masks\IM001069.png,D:\Retina\Retinal-Vessel-Segmentation-Benchmark-main\config\test_data\AFIO\masks\IM001069.png
DCP_1024,AFIO,IM001070,0.6886498653139091,0.632441126232167,skimage.morphology.skeletonize,10483,14877,D:\Retina\Retinal-Vessel-Segmentation-Benchmark-main\Models_output\DCP_1024\test_data\AFIO\pred_masks\IM001070.png,D:\Retina\Retinal-Vessel-Segmentation-Benchmark-main\config\test_data\AFIO\masks\IM001070.png
DCP_1024,AFIO,IM001096,0.7231795671969227,0.5692735772056938,skimage.morphology.skeletonize,10826,14068,D:\Retina\Retinal-Vessel-Segmentation-Benchmark-main\Models_output\DCP_1024\test_data\AFIO\pred_masks\IM001096.png,D:\Retina\Retinal-Vessel-Segmentation-Benchmark-main\config\test_data\AFIO\masks\IM001096.png
DCP_1024,AFIO,IM001097,0.7763609804538881,0.6556534711024306,skimage.morphology.skeletonize,10155,13196,D:\Retina\Retinal-Vessel-Segmentation-Benchmark-main\Models_output\DCP_1024\test_data\AFIO\pred_masks\IM001097.png,D:\Retina\Retinal-Vessel-Segmentation-Benchmark-main\config\test_data\AFIO\masks\IM001097.png
DCP_1024,AFIO,IM001126,0.6626385486071424,0.5538001954262176,skimage.morphology.skeletonize,10290,14128,D:\Retina\Retinal-Vessel-Segmentation-Benchmark-main\Models_output\DCP_1024\test_data\AFIO\pred_masks\IM001126.png,D:\Retina\Retinal-Vessel-Segmentation-Benchmark-main\config\test_data\AFIO\masks\IM001126.png
DCP_1024,AFIO,IM001127,0.6650908489087555,0.5519912182265582,skimage.morphology.skeletonize,9049,12954,D:\Retina\Retinal-Vessel-Segmentation-Benchmark-main\Models_output\DCP_1024\test_data\AFIO\pred_masks\IM001127.png,D:\Retina\Retinal-Vessel-Segmentation-Benchmark-main\config\test_data\AFIO\masks\IM001127.png
DCP_1024,AFIO,IM001154,0.729181684654465,0.6547034872830351,skimage.morphology.skeletonize,12271,16134,D:\Retina\Retinal-Vessel-Segmentation-Benchmark-main\Models_output\DCP_1024\test_data\AFIO\pred_masks\IM001154.png,D:\Retina\Retinal-Vessel-Segmentation-Benchmark-main\config\test_data\AFIO\masks\IM001154.png
DCP_1024,AFIO,IM001155,0.7345010205420908,0.6727991636569913,skimage.morphology.skeletonize,11125,14989,D:\Retina\Retinal-Vessel-Segmentation-Benchmark-main\Models_output\DCP_1024\test_data\AFIO\pred_masks\IM001155.png,D:\Retina\Retinal-Vessel-Segmentation-Benchmark-main\config\test_data\AFIO\masks\IM001155.png
DCP_1024,AFIO,IM001192,0.6569427195475267,0.6144079152691111,skimage.morphology.skeletonize,14772,20762,D:\Retina\Retinal-Vessel-Segmentation-Benchmark-main\Models_output\DCP_1024\test_data\AFIO\pred_masks\IM001192.png,D:\Retina\Retinal-Vessel-Segmentation-Benchmark-main\config\test_data\AFIO\masks\IM001192.png
DCP_1024,AFIO,IM001193,0.6309432523283912,0.5901103096483817,skimage.morphology.skeletonize,14955,22990,D:\Retina\Retinal-Vessel-Segmentation-Benchmark-main\Models_output\DCP_1024\test_data\AFIO\pred_masks\IM001193.png,D:\Retina\Retinal-Vessel-Segmentation-Benchmark-main\config\test_data\AFIO\masks\IM001193.png
DCP_1024,AFIO,IM001218,0.725762708598772,0.6694682096154911,skimage.morphology.skeletonize,14986,19593,D:\Retina\Retinal-Vessel-Segmentation-Benchmark-main\Models_output\DCP_1024\test_data\AFIO\pred_masks\IM001218.png,D:\Retina\Retinal-Vessel-Segmentation-Benchmark-main\config\test_data\AFIO\masks\IM001218.png
DCP_1024,AFIO,IM001219,0.7231433266660701,0.70848055105799,skimage.morphology.skeletonize,15262,20060,D:\Retina\Retinal-Vessel-Segmentation-Benchmark-main\Models_output\DCP_1024\test_data\AFIO\pred_masks\IM001219.png,D:\Retina\Retinal-Vessel-Segmentation-Benchmark-main\config\test_data\AFIO\masks\IM001219.png
DCP_1024,AFIO,IM001246,0.7159745292515921,0.6150444383389251,skimage.morphology.skeletonize,12010,14308,D:\Retina\Retinal-Vessel-Segmentation-Benchmark-main\Models_output\DCP_1024\test_data\AFIO\pred_masks\IM001246.png,D:\Retina\Retinal-Vessel-Segmentation-Benchmark-main\config\test_data\AFIO\masks\IM001246.png
DCP_1024,AFIO,IM001686,0.7814317838121503,0.6532311759752728,skimage.morphology.skeletonize,10296,11704,D:\Retina\Retinal-Vessel-Segmentation-Benchmark-main\Models_output\DCP_1024\test_data\AFIO\pred_masks\IM001686.png,D:\Retina\Retinal-Vessel-Segmentation-Benchmark-main\config\test_data\AFIO\masks\IM001686.png
DCP_1024,AFIO,IM001749,0.7174902680557601,0.6583895602984619,skimage.morphology.skeletonize,14232,19224,D:\Retina\Retinal-Vessel-Segmentation-Benchmark-main\Models_output\DCP_1024\test_data\AFIO\pred_masks\IM001749.png,D:\Retina\Retinal-Vessel-Segmentation-Benchmark-main\config\test_data\AFIO\masks\IM001749.png
DCP_1024,AFIO,IM001750,0.6637419545576199,0.5822629005071832,skimage.morphology.skeletonize,11955,18160,D:\Retina\Retinal-Vessel-Segmentation-Benchmark-main\Models_output\DCP_1024\test_data\AFIO\pred_masks\IM001750.png,D:\Retina\Retinal-Vessel-Segmentation-Benchmark-main\config\test_data\AFIO\masks\IM001750.png
DCP_1024,AFIO,IM001791,0.7440971796264015,0.6982834727665845,skimage.morphology.skeletonize,12766,16786,D:\Retina\Retinal-Vessel-Segmentation-Benchmark-main\Models_output\DCP_1024\test_data\AFIO\pred_masks\IM001791.png,D:\Retina\Retinal-Vessel-Segmentation-Benchmark-main\config\test_data\AFIO\masks\IM001791.png
DCP_1024,AFIO,IM001792,0.6861617430495003,0.6344265695999024,skimage.morphology.skeletonize,12545,17614,D:\Retina\Retinal-Vessel-Segmentation-Benchmark-main\Models_output\DCP_1024\test_data\AFIO\pred_masks\IM001792.png,D:\Retina\Retinal-Vessel-Segmentation-Benchmark-main\config\test_data\AFIO\masks\IM001792.png
DCP_1024,AFIO,IM001814,0.7465508719926196,0.670318040175425,skimage.morphology.skeletonize,12758,15723,D:\Retina\Retinal-Vessel-Segmentation-Benchmark-main\Models_output\DCP_1024\test_data\AFIO\pred_masks\IM001814.png,D:\Retina\Retinal-Vessel-Segmentation-Benchmark-main\config\test_data\AFIO\masks\IM001814.png
DCP_1024,AFIO,IM001858,0.73337365135744,0.7254383738221389,skimage.morphology.skeletonize,13990,17848,D:\Retina\Retinal-Vessel-Segmentation-Benchmark-main\Models_output\DCP_1024\test_data\AFIO\pred_masks\IM001858.png,D:\Retina\Retinal-Vessel-Segmentation-Benchmark-main\config\test_data\AFIO\masks\IM001858.png
DCP_1024,AFIO,IM001859,0.7567549772309449,0.6939647040191963,skimage.morphology.skeletonize,11180,13308,D:\Retina\Retinal-Vessel-Segmentation-Benchmark-main\Models_output\DCP_1024\test_data\AFIO\pred_masks\IM001859.png,D:\Retina\Retinal-Vessel-Segmentation-Benchmark-main\config\test_data\AFIO\masks\IM001859.png
DCP_1024,AFIO,IM002094,0.6014787963454645,0.4688739909464529,skimage.morphology.skeletonize,7023,9496,D:\Retina\Retinal-Vessel-Segmentation-Benchmark-main\Models_output\DCP_1024\test_data\AFIO\pred_masks\IM002094.png,D:\Retina\Retinal-Vessel-Segmentation-Benchmark-main\config\test_data\AFIO\masks\IM002094.png
DCP_1024,AFIO,IM002348,0.7396642711748617,0.6494296623483121,skimage.morphology.skeletonize,11099,13594,D:\Retina\Retinal-Vessel-Segmentation-Benchmark-main\Models_output\DCP_1024\test_data\AFIO\pred_masks\IM002348.png,D:\Retina\Retinal-Vessel-Segmentation-Benchmark-main\config\test_data\AFIO\masks\IM002348.png
DCP_1024,AFIO,IM002350,0.772386467598319,0.6656179729147292,skimage.morphology.skeletonize,12047,14984,D:\Retina\Retinal-Vessel-Segmentation-Benchmark-main\Models_output\DCP_1024\test_data\AFIO\pred_masks\IM002350.png,D:\Retina\Retinal-Vessel-Segmentation-Benchmark-main\config\test_data\AFIO\masks\IM002350.png
DCP_1024,AFIO,IM002421,0.7175105160715483,0.6414867512896696,skimage.morphology.skeletonize,13433,17105,D:\Retina\Retinal-Vessel-Segmentation-Benchmark-main\Models_output\DCP_1024\test_data\AFIO\pred_masks\IM002421.png,D:\Retina\Retinal-Vessel-Segmentation-Benchmark-main\config\test_data\AFIO\masks\IM002421.png
DCP_1024,AFIO,IM002422,0.72534144765946,0.644491138488431,skimage.morphology.skeletonize,11637,14750,D:\Retina\Retinal-Vessel-Segmentation-Benchmark-main\Models_output\DCP_1024\test_data\AFIO\pred_masks\IM002422.png,D:\Retina\Retinal-Vessel-Segmentation-Benchmark-main\config\test_data\AFIO\masks\IM002422.png
DCP_1024,AFIO,IM002471,0.7428917646327492,0.6062620430355673,skimage.morphology.skeletonize,11903,13609,D:\Retina\Retinal-Vessel-Segmentation-Benchmark-main\Models_output\DCP_1024\test_data\AFIO\pred_masks\IM002471.png,D:\Retina\Retinal-Vessel-Segmentation-Benchmark-main\config\test_data\AFIO\masks\IM002471.png
DCP_1024,AFIO,IM002587,0.7540448170973508,0.6968824032784537,skimage.morphology.skeletonize,10943,14019,D:\Retina\Retinal-Vessel-Segmentation-Benchmark-main\Models_output\DCP_1024\test_data\AFIO\pred_masks\IM002587.png,D:\Retina\Retinal-Vessel-Segmentation-Benchmark-main\config\test_data\AFIO\masks\IM002587.png
DCP_1024,AFIO,IM002649,0.6478744108630042,0.59416899758965,skimage.morphology.skeletonize,11502,16836,D:\Retina\Retinal-Vessel-Segmentation-Benchmark-main\Models_output\DCP_1024\test_data\AFIO\pred_masks\IM002649.png,D:\Retina\Retinal-Vessel-Segmentation-Benchmark-main\config\test_data\AFIO\masks\IM002649.png
DCP_1024,AFIO,IM002742,0.5808362403679126,0.40152762311181234,skimage.morphology.skeletonize,6703,9499,D:\Retina\Retinal-Vessel-Segmentation-Benchmark-main\Models_output\DCP_1024\test_data\AFIO\pred_masks\IM002742.png,D:\Retina\Retinal-Vessel-Segmentation-Benchmark-main\config\test_data\AFIO\masks\IM002742.png
DCP_1024,AFIO,IM002743,0.6037563208709947,0.5040732143373216,skimage.morphology.skeletonize,7597,11772,D:\Retina\Retinal-Vessel-Segmentation-Benchmark-main\Models_output\DCP_1024\test_data\AFIO\pred_masks\IM002743.png,D:\Retina\Retinal-Vessel-Segmentation-Benchmark-main\config\test_data\AFIO\masks\IM002743.png
DCP_1024,AFIO,IM003024,0.7246529084245014,0.6347101957508858,skimage.morphology.skeletonize,10134,12669,D:\Retina\Retinal-Vessel-Segmentation-Benchmark-main\Models_output\DCP_1024\test_data\AFIO\pred_masks\IM003024.png,D:\Retina\Retinal-Vessel-Segmentation-Benchmark-main\config\test_data\AFIO\masks\IM003024.png
DCP_1024,AFIO,IM003537,0.7417946634394683,0.6794676475421735,skimage.morphology.skeletonize,14807,19264,D:\Retina\Retinal-Vessel-Segmentation-Benchmark-main\Models_output\DCP_1024\test_data\AFIO\pred_masks\IM003537.png,D:\Retina\Retinal-Vessel-Segmentation-Benchmark-main\config\test_data\AFIO\masks\IM003537.png
DCP_1024,AFIO,IM003630,0.706099171604921,0.6421748789568051,skimage.morphology.skeletonize,14753,18885,D:\Retina\Retinal-Vessel-Segmentation-Benchmark-main\Models_output\DCP_1024\test_data\AFIO\pred_masks\IM003630.png,D:\Retina\Retinal-Vessel-Segmentation-Benchmark-main\config\test_data\AFIO\masks\IM003630.png
DCP_1024,AFIO,IM003631,0.6740624163833563,0.6367091428096114,skimage.morphology.skeletonize,13159,18318,D:\Retina\Retinal-Vessel-Segmentation-Benchmark-main\Models_output\DCP_1024\test_data\AFIO\pred_masks\IM003631.png,D:\Retina\Retinal-Vessel-Segmentation-Benchmark-main\config\test_data\AFIO\masks\IM003631.png
DCP_1024,AFIO,IM003705,0.5854490939226147,0.4723548775074153,skimage.morphology.skeletonize,7525,10769,D:\Retina\Retinal-Vessel-Segmentation-Benchmark-main\Models_output\DCP_1024\test_data\AFIO\pred_masks\IM003705.png,D:\Retina\Retinal-Vessel-Segmentation-Benchmark-main\config\test_data\AFIO\masks\IM003705.png
DCP_1024,AFIO,IM004162,0.6967358887762938,0.597151147572971,skimage.morphology.skeletonize,12360,16045,D:\Retina\Retinal-Vessel-Segmentation-Benchmark-main\Models_output\DCP_1024\test_data\AFIO\pred_masks\IM004162.png,D:\Retina\Retinal-Vessel-Segmentation-Benchmark-main\config\test_data\AFIO\masks\IM004162.png
DCP_1024,AFIO,IM004163,0.7117420465927262,0.5607901646314587,skimage.morphology.skeletonize,11100,13904,D:\Retina\Retinal-Vessel-Segmentation-Benchmark-main\Models_output\DCP_1024\test_data\AFIO\pred_masks\IM004163.png,D:\Retina\Retinal-Vessel-Segmentation-Benchmark-main\config\test_data\AFIO\masks\IM004163.png
DCP_1024,AFIO,IM004455,0.701764906110078,0.611162300991043,skimage.morphology.skeletonize,9269,12640,D:\Retina\Retinal-Vessel-Segmentation-Benchmark-main\Models_output\DCP_1024\test_data\AFIO\pred_masks\IM004455.png,D:\Retina\Retinal-Vessel-Segmentation-Benchmark-main\config\test_data\AFIO\masks\IM004455.png
DCP_1024,AFIO,IM004512,0.676379833837687,0.6010256965066797,skimage.morphology.skeletonize,9255,13551,D:\Retina\Retinal-Vessel-Segmentation-Benchmark-main\Models_output\DCP_1024\test_data\AFIO\pred_masks\IM004512.png,D:\Retina\Retinal-Vessel-Segmentation-Benchmark-main\config\test_data\AFIO\masks\IM004512.png
DCP_1024,AFIO,IM004513,0.731017231160103,0.659003522514403,skimage.morphology.skeletonize,9696,12601,D:\Retina\Retinal-Vessel-Segmentation-Benchmark-main\Models_output\DCP_1024\test_data\AFIO\pred_masks\IM004513.png,D:\Retina\Retinal-Vessel-Segmentation-Benchmark-main\config\test_data\AFIO\masks\IM004513.png
DCP_1024,AFIO,IM004515,0.7724760218515053,0.7044637197684689,skimage.morphology.skeletonize,11971,15260,D:\Retina\Retinal-Vessel-Segmentation-Benchmark-main\Models_output\DCP_1024\test_data\AFIO\pred_masks\IM004515.png,D:\Retina\Retinal-Vessel-Segmentation-Benchmark-main\config\test_data\AFIO\masks\IM004515.png
DCP_1024,AFIO,IM004516,0.7419101863241402,0.6881542589346117,skimage.morphology.skeletonize,13142,16947,D:\Retina\Retinal-Vessel-Segmentation-Benchmark-main\Models_output\DCP_1024\test_data\AFIO\pred_masks\IM004516.png,D:\Retina\Retinal-Vessel-Segmentation-Benchmark-main\config\test_data\AFIO\masks\IM004516.png
DCP_1024,AFIO,IM004538,0.7079205663107019,0.6016708022867301,skimage.morphology.skeletonize,8978,11701,D:\Retina\Retinal-Vessel-Segmentation-Benchmark-main\Models_output\DCP_1024\test_data\AFIO\pred_masks\IM004538.png,D:\Retina\Retinal-Vessel-Segmentation-Benchmark-main\config\test_data\AFIO\masks\IM004538.png
DCP_1024,AFIO,IM004539,0.7295536308161211,0.6190317184185186,skimage.morphology.skeletonize,8138,10547,D:\Retina\Retinal-Vessel-Segmentation-Benchmark-main\Models_output\DCP_1024\test_data\AFIO\pred_masks\IM004539.png,D:\Retina\Retinal-Vessel-Segmentation-Benchmark-main\config\test_data\AFIO\masks\IM004539.png
DCP_1024,AFIO,IM004564,0.812585861745394,0.7206482947653917,skimage.morphology.skeletonize,10347,11920,D:\Retina\Retinal-Vessel-Segmentation-Benchmark-main\Models_output\DCP_1024\test_data\AFIO\pred_masks\IM004564.png,D:\Retina\Retinal-Vessel-Segmentation-Benchmark-main\config\test_data\AFIO\masks\IM004564.png
DCP_1024,AFIO,IM004790,0.7241721531978756,0.4282497820860628,skimage.morphology.skeletonize,6874,8550,D:\Retina\Retinal-Vessel-Segmentation-Benchmark-main\Models_output\DCP_1024\test_data\AFIO\pred_masks\IM004790.png,D:\Retina\Retinal-Vessel-Segmentation-Benchmark-main\config\test_data\AFIO\masks\IM004790.png
DCP_1024,AFIO,IM004993,0.7508189309360244,0.639948238676363,skimage.morphology.skeletonize,10813,13124,D:\Retina\Retinal-Vessel-Segmentation-Benchmark-main\Models_output\DCP_1024\test_data\AFIO\pred_masks\IM004993.png,D:\Retina\Retinal-Vessel-Segmentation-Benchmark-main\config\test_data\AFIO\masks\IM004993.png
DCP_1024,AFIO,IM005024,0.7179400370833444,0.6772015919543756,skimage.morphology.skeletonize,13747,17059,D:\Retina\Retinal-Vessel-Segmentation-Benchmark-main\Models_output\DCP_1024\test_data\AFIO\pred_masks\IM005024.png,D:\Retina\Retinal-Vessel-Segmentation-Benchmark-main\config\test_data\AFIO\masks\IM005024.png
DCP_1024,AFIO,IM005025,0.7492758711476666,0.6986303710156934,skimage.morphology.skeletonize,12254,14344,D:\Retina\Retinal-Vessel-Segmentation-Benchmark-main\Models_output\DCP_1024\test_data\AFIO\pred_masks\IM005025.png,D:\Retina\Retinal-Vessel-Segmentation-Benchmark-main\config\test_data\AFIO\masks\IM005025.png
DCP_1024,AFIO,IM005060,0.7708821944516683,0.6707537604121575,skimage.morphology.skeletonize,14036,16350,D:\Retina\Retinal-Vessel-Segmentation-Benchmark-main\Models_output\DCP_1024\test_data\AFIO\pred_masks\IM005060.png,D:\Retina\Retinal-Vessel-Segmentation-Benchmark-main\config\test_data\AFIO\masks\IM005060.png
DCP_1024,AFIO,IM005092,0.78431937141784,0.7152353620614572,skimage.morphology.skeletonize,13318,15927,D:\Retina\Retinal-Vessel-Segmentation-Benchmark-main\Models_output\DCP_1024\test_data\AFIO\pred_masks\IM005092.png,D:\Retina\Retinal-Vessel-Segmentation-Benchmark-main\config\test_data\AFIO\masks\IM005092.png
DCP_1024,AFIO,IM005093,0.7489479708554545,0.6830437432116446,skimage.morphology.skeletonize,14045,16539,D:\Retina\Retinal-Vessel-Segmentation-Benchmark-main\Models_output\DCP_1024\test_data\AFIO\pred_masks\IM005093.png,D:\Retina\Retinal-Vessel-Segmentation-Benchmark-main\config\test_data\AFIO\masks\IM005093.png
DCP_1024,AFIO,IM005132,0.7783342940149451,0.7252446417431209,skimage.morphology.skeletonize,13817,17384,D:\Retina\Retinal-Vessel-Segmentation-Benchmark-main\Models_output\DCP_1024\test_data\AFIO\pred_masks\IM005132.png,D:\Retina\Retinal-Vessel-Segmentation-Benchmark-main\config\test_data\AFIO\masks\IM005132.png
DCP_1024,AFIO,IM005133,0.7373251679470673,0.6980094910674327,skimage.morphology.skeletonize,15360,18386,D:\Retina\Retinal-Vessel-Segmentation-Benchmark-main\Models_output\DCP_1024\test_data\AFIO\pred_masks\IM005133.png,D:\Retina\Retinal-Vessel-Segmentation-Benchmark-main\config\test_data\AFIO\masks\IM005133.png
DCP_1024,AFIO,IM005190,0.6585223652411344,0.5814369419362329,skimage.morphology.skeletonize,11349,15330,D:\Retina\Retinal-Vessel-Segmentation-Benchmark-main\Models_output\DCP_1024\test_data\AFIO\pred_masks\IM005190.png,D:\Retina\Retinal-Vessel-Segmentation-Benchmark-main\config\test_data\AFIO\masks\IM005190.png
DCP_1024,AFIO,IM005191,0.7443019412135546,0.6831210384677825,skimage.morphology.skeletonize,13143,16444,D:\Retina\Retinal-Vessel-Segmentation-Benchmark-main\Models_output\DCP_1024\test_data\AFIO\pred_masks\IM005191.png,D:\Retina\Retinal-Vessel-Segmentation-Benchmark-main\config\test_data\AFIO\masks\IM005191.png
DCP_1024,AFIO,IM005249,0.7305238080427854,0.6211515072262848,skimage.morphology.skeletonize,11314,13214,D:\Retina\Retinal-Vessel-Segmentation-Benchmark-main\Models_output\DCP_1024\test_data\AFIO\pred_masks\IM005249.png,D:\Retina\Retinal-Vessel-Segmentation-Benchmark-main\config\test_data\AFIO\masks\IM005249.png
DCP_1024,AFIO,IM005283,0.7614689279793693,0.6832293416650894,skimage.morphology.skeletonize,11526,13764,D:\Retina\Retinal-Vessel-Segmentation-Benchmark-main\Models_output\DCP_1024\test_data\AFIO\pred_masks\IM005283.png,D:\Retina\Retinal-Vessel-Segmentation-Benchmark-main\config\test_data\AFIO\masks\IM005283.png
DCP_1024,AFIO,IM005320,0.6917610905402807,0.5389746667772334,skimage.morphology.skeletonize,6038,6945,D:\Retina\Retinal-Vessel-Segmentation-Benchmark-main\Models_output\DCP_1024\test_data\AFIO\pred_masks\IM005320.png,D:\Retina\Retinal-Vessel-Segmentation-Benchmark-main\config\test_data\AFIO\masks\IM005320.png
DCP_1024,AFIO,IM005321,0.7755465353448016,0.6837152550240172,skimage.morphology.skeletonize,7731,8910,D:\Retina\Retinal-Vessel-Segmentation-Benchmark-main\Models_output\DCP_1024\test_data\AFIO\pred_masks\IM005321.png,D:\Retina\Retinal-Vessel-Segmentation-Benchmark-main\config\test_data\AFIO\masks\IM005321.png
DCP_1024,AFIO,IM005357,0.7407887636939048,0.6119987620702726,skimage.morphology.skeletonize,8347,10605,D:\Retina\Retinal-Vessel-Segmentation-Benchmark-main\Models_output\DCP_1024\test_data\AFIO\pred_masks\IM005357.png,D:\Retina\Retinal-Vessel-Segmentation-Benchmark-main\config\test_data\AFIO\masks\IM005357.png
DCP_1024,AFIO,IM005387,0.7669974639976271,0.6420238721055442,skimage.morphology.skeletonize,11753,13918,D:\Retina\Retinal-Vessel-Segmentation-Benchmark-main\Models_output\DCP_1024\test_data\AFIO\pred_masks\IM005387.png,D:\Retina\Retinal-Vessel-Segmentation-Benchmark-main\config\test_data\AFIO\masks\IM005387.png
DCP_1024,AFIO,IM005456,0.7443018683098209,0.6145627023268487,skimage.morphology.skeletonize,9392,11387,D:\Retina\Retinal-Vessel-Segmentation-Benchmark-main\Models_output\DCP_1024\test_data\AFIO\pred_masks\IM005456.png,D:\Retina\Retinal-Vessel-Segmentation-Benchmark-main\config\test_data\AFIO\masks\IM005456.png
DCP_1024,AFIO,IM005457,0.7595032718137411,0.6595142649248907,skimage.morphology.skeletonize,9382,11639,D:\Retina\Retinal-Vessel-Segmentation-Benchmark-main\Models_output\DCP_1024\test_data\AFIO\pred_masks\IM005457.png,D:\Retina\Retinal-Vessel-Segmentation-Benchmark-main\config\test_data\AFIO\masks\IM005457.png
DCP_1024,AFIO,IM005488,0.7093852916672843,0.6716246971927717,skimage.morphology.skeletonize,15093,19672,D:\Retina\Retinal-Vessel-Segmentation-Benchmark-main\Models_output\DCP_1024\test_data\AFIO\pred_masks\IM005488.png,D:\Retina\Retinal-Vessel-Segmentation-Benchmark-main\config\test_data\AFIO\masks\IM005488.png
DCP_1024,AFIO,IM005489,0.746502067614799,0.6960330591222866,skimage.morphology.skeletonize,13603,17176,D:\Retina\Retinal-Vessel-Segmentation-Benchmark-main\Models_output\DCP_1024\test_data\AFIO\pred_masks\IM005489.png,D:\Retina\Retinal-Vessel-Segmentation-Benchmark-main\config\test_data\AFIO\masks\IM005489.png
DCP_1024,AFIO,IM005523,0.75494851035393,0.6846585862617581,skimage.morphology.skeletonize,12657,15197,D:\Retina\Retinal-Vessel-Segmentation-Benchmark-main\Models_output\DCP_1024\test_data\AFIO\pred_masks\IM005523.png,D:\Retina\Retinal-Vessel-Segmentation-Benchmark-main\config\test_data\AFIO\masks\IM005523.png
DCP_1024,AFIO,IM005524,0.724993256907507,0.6739932958777693,skimage.morphology.skeletonize,14027,18498,D:\Retina\Retinal-Vessel-Segmentation-Benchmark-main\Models_output\DCP_1024\test_data\AFIO\pred_masks\IM005524.png,D:\Retina\Retinal-Vessel-Segmentation-Benchmark-main\config\test_data\AFIO\masks\IM005524.png
DCP_1024,AFIO,IM005558,0.772227505279947,0.6924771383920841,skimage.morphology.skeletonize,13501,16168,D:\Retina\Retinal-Vessel-Segmentation-Benchmark-main\Models_output\DCP_1024\test_data\AFIO\pred_masks\IM005558.png,D:\Retina\Retinal-Vessel-Segmentation-Benchmark-main\config\test_data\AFIO\masks\IM005558.png
DCP_1024,AFIO,IM005713,0.7587754178443975,0.6632617002279518,skimage.morphology.skeletonize,13627,17073,D:\Retina\Retinal-Vessel-Segmentation-Benchmark-main\Models_output\DCP_1024\test_data\AFIO\pred_masks\IM005713.png,D:\Retina\Retinal-Vessel-Segmentation-Benchmark-main\config\test_data\AFIO\masks\IM005713.png
DCP_1024,AFIO,IM005806,0.7108079264659539,0.6285217094263799,skimage.morphology.skeletonize,8966,12060,D:\Retina\Retinal-Vessel-Segmentation-Benchmark-main\Models_output\DCP_1024\test_data\AFIO\pred_masks\IM005806.png,D:\Retina\Retinal-Vessel-Segmentation-Benchmark-main\config\test_data\AFIO\masks\IM005806.png
DCP_1024,AFIO,IM005833,0.6933492497019693,0.6410349576343891,skimage.morphology.skeletonize,13562,17571,D:\Retina\Retinal-Vessel-Segmentation-Benchmark-main\Models_output\DCP_1024\test_data\AFIO\pred_masks\IM005833.png,D:\Retina\Retinal-Vessel-Segmentation-Benchmark-main\config\test_data\AFIO\masks\IM005833.png
DCP_1024,AFIO,IM005834,0.7923918447838311,0.7408665002896739,skimage.morphology.skeletonize,15406,19034,D:\Retina\Retinal-Vessel-Segmentation-Benchmark-main\Models_output\DCP_1024\test_data\AFIO\pred_masks\IM005834.png,D:\Retina\Retinal-Vessel-Segmentation-Benchmark-main\config\test_data\AFIO\masks\IM005834.png
DCP_1024,AFIO,IM006037,0.8018365603167467,0.6314226573187628,skimage.morphology.skeletonize,10149,11594,D:\Retina\Retinal-Vessel-Segmentation-Benchmark-main\Models_output\DCP_1024\test_data\AFIO\pred_masks\IM006037.png,D:\Retina\Retinal-Vessel-Segmentation-Benchmark-main\config\test_data\AFIO\masks\IM006037.png
DCP_1024,AFIO,IM006105,0.726412280643351,0.6627139589106802,skimage.morphology.skeletonize,12001,15089,D:\Retina\Retinal-Vessel-Segmentation-Benchmark-main\Models_output\DCP_1024\test_data\AFIO\pred_masks\IM006105.png,D:\Retina\Retinal-Vessel-Segmentation-Benchmark-main\config\test_data\AFIO\masks\IM006105.png
DCP_1024,AFIO,IM006106,0.7131577226353089,0.6592076604370838,skimage.morphology.skeletonize,12511,17172,D:\Retina\Retinal-Vessel-Segmentation-Benchmark-main\Models_output\DCP_1024\test_data\AFIO\pred_masks\IM006106.png,D:\Retina\Retinal-Vessel-Segmentation-Benchmark-main\config\test_data\AFIO\masks\IM006106.png
DCP_1024,CHASEDB1,Image_01L,0.8500433504747765,0.8560827974966106,skimage.morphology.skeletonize,9372,10318,D:\Retina\Retinal-Vessel-Segmentation-Benchmark-main\Models_output\DCP_1024\test_data\CHASEDB1\pred_masks\Image_01L.png,D:\Retina\Retinal-Vessel-Segmentation-Benchmark-main\config\test_data\CHASEDB1\masks\Image_01L.png
DCP_1024,CHASEDB1,Image_01R,0.8652697664752228,0.8538977313094086,skimage.morphology.skeletonize,9635,10635,D:\Retina\Retinal-Vessel-Segmentation-Benchmark-main\Models_output\DCP_1024\test_data\CHASEDB1\pred_masks\Image_01R.png,D:\Retina\Retinal-Vessel-Segmentation-Benchmark-main\config\test_data\CHASEDB1\masks\Image_01R.png
DCP_1024,CHASEDB1,Image_02L,0.8204522102430211,0.8250058777048149,skimage.morphology.skeletonize,10833,12543,D:\Retina\Retinal-Vessel-Segmentation-Benchmark-main\Models_output\DCP_1024\test_data\CHASEDB1\pred_masks\Image_02L.png,D:\Retina\Retinal-Vessel-Segmentation-Benchmark-main\config\test_data\CHASEDB1\masks\Image_02L.png
DCP_1024,CHASEDB1,Image_02R,0.8252698506752251,0.8012815722234604,skimage.morphology.skeletonize,10472,12551,D:\Retina\Retinal-Vessel-Segmentation-Benchmark-main\Models_output\DCP_1024\test_data\CHASEDB1\pred_masks\Image_02R.png,D:\Retina\Retinal-Vessel-Segmentation-Benchmark-main\config\test_data\CHASEDB1\masks\Image_02R.png
DCP_1024,CHASEDB1,Image_03L,0.8342659262720975,0.8306401762110938,skimage.morphology.skeletonize,10910,12761,D:\Retina\Retinal-Vessel-Segmentation-Benchmark-main\Models_output\DCP_1024\test_data\CHASEDB1\pred_masks\Image_03L.png,D:\Retina\Retinal-Vessel-Segmentation-Benchmark-main\config\test_data\CHASEDB1\masks\Image_03L.png
DCP_1024,CHASEDB1,Image_03R,0.8734332466601931,0.8582485585593075,skimage.morphology.skeletonize,10351,11173,D:\Retina\Retinal-Vessel-Segmentation-Benchmark-main\Models_output\DCP_1024\test_data\CHASEDB1\pred_masks\Image_03R.png,D:\Retina\Retinal-Vessel-Segmentation-Benchmark-main\config\test_data\CHASEDB1\masks\Image_03R.png
DCP_1024,CHASEDB1,Image_04L,0.8705925176501008,0.8344533490168639,skimage.morphology.skeletonize,9663,9745,D:\Retina\Retinal-Vessel-Segmentation-Benchmark-main\Models_output\DCP_1024\test_data\CHASEDB1\pred_masks\Image_04L.png,D:\Retina\Retinal-Vessel-Segmentation-Benchmark-main\config\test_data\CHASEDB1\masks\Image_04L.png
DCP_1024,CHASEDB1,Image_04R,0.8397196159319487,0.8089046807902572,skimage.morphology.skeletonize,9320,10218,D:\Retina\Retinal-Vessel-Segmentation-Benchmark-main\Models_output\DCP_1024\test_data\CHASEDB1\pred_masks\Image_04R.png,D:\Retina\Retinal-Vessel-Segmentation-Benchmark-main\config\test_data\CHASEDB1\masks\Image_04R.png
DCP_1024,CHASEDB1,Image_05L,0.8786825121187802,0.8337491221187,skimage.morphology.skeletonize,9891,10526,D:\Retina\Retinal-Vessel-Segmentation-Benchmark-main\Models_output\DCP_1024\test_data\CHASEDB1\pred_masks\Image_05L.png,D:\Retina\Retinal-Vessel-Segmentation-Benchmark-main\config\test_data\CHASEDB1\masks\Image_05L.png
DCP_1024,CHASEDB1,Image_05R,0.8689556591505339,0.8747089637017382,skimage.morphology.skeletonize,10850,11895,D:\Retina\Retinal-Vessel-Segmentation-Benchmark-main\Models_output\DCP_1024\test_data\CHASEDB1\pred_masks\Image_05R.png,D:\Retina\Retinal-Vessel-Segmentation-Benchmark-main\config\test_data\CHASEDB1\masks\Image_05R.png
DCP_1024,CHASEDB1,Image_06L,0.8339899356848364,0.8311457251432669,skimage.morphology.skeletonize,9234,10654,D:\Retina\Retinal-Vessel-Segmentation-Benchmark-main\Models_output\DCP_1024\test_data\CHASEDB1\pred_masks\Image_06L.png,D:\Retina\Retinal-Vessel-Segmentation-Benchmark-main\config\test_data\CHASEDB1\masks\Image_06L.png
DCP_1024,CHASEDB1,Image_06R,0.8198828143054915,0.8259953941927153,skimage.morphology.skeletonize,10579,11663,D:\Retina\Retinal-Vessel-Segmentation-Benchmark-main\Models_output\DCP_1024\test_data\CHASEDB1\pred_masks\Image_06R.png,D:\Retina\Retinal-Vessel-Segmentation-Benchmark-main\config\test_data\CHASEDB1\masks\Image_06R.png
DCP_1024,CHASEDB1,Image_07L,0.8407904066085923,0.8417166493469088,skimage.morphology.skeletonize,10777,12015,D:\Retina\Retinal-Vessel-Segmentation-Benchmark-main\Models_output\DCP_1024\test_data\CHASEDB1\pred_masks\Image_07L.png,D:\Retina\Retinal-Vessel-Segmentation-Benchmark-main\config\test_data\CHASEDB1\masks\Image_07L.png
DCP_1024,CHASEDB1,Image_07R,0.824562578671182,0.8155029300003988,skimage.morphology.skeletonize,10271,11359,D:\Retina\Retinal-Vessel-Segmentation-Benchmark-main\Models_output\DCP_1024\test_data\CHASEDB1\pred_masks\Image_07R.png,D:\Retina\Retinal-Vessel-Segmentation-Benchmark-main\config\test_data\CHASEDB1\masks\Image_07R.png
DCP_1024,CHASEDB1,Image_08L,0.8366262521894812,0.808400845157068,skimage.morphology.skeletonize,9263,10136,D:\Retina\Retinal-Vessel-Segmentation-Benchmark-main\Models_output\DCP_1024\test_data\CHASEDB1\pred_masks\Image_08L.png,D:\Retina\Retinal-Vessel-Segmentation-Benchmark-main\config\test_data\CHASEDB1\masks\Image_08L.png
DCP_1024,CHASEDB1,Image_08R,0.810385731329959,0.8016811029675567,skimage.morphology.skeletonize,9012,9315,D:\Retina\Retinal-Vessel-Segmentation-Benchmark-main\Models_output\DCP_1024\test_data\CHASEDB1\pred_masks\Image_08R.png,D:\Retina\Retinal-Vessel-Segmentation-Benchmark-main\config\test_data\CHASEDB1\masks\Image_08R.png
DCP_1024,CHASEDB1,Image_09L,0.8465836003936962,0.8165859780420637,skimage.morphology.skeletonize,7754,8144,D:\Retina\Retinal-Vessel-Segmentation-Benchmark-main\Models_output\DCP_1024\test_data\CHASEDB1\pred_masks\Image_09L.png,D:\Retina\Retinal-Vessel-Segmentation-Benchmark-main\config\test_data\CHASEDB1\masks\Image_09L.png
DCP_1024,CHASEDB1,Image_09R,0.8424804094286673,0.8375565586522291,skimage.morphology.skeletonize,7713,8818,D:\Retina\Retinal-Vessel-Segmentation-Benchmark-main\Models_output\DCP_1024\test_data\CHASEDB1\pred_masks\Image_09R.png,D:\Retina\Retinal-Vessel-Segmentation-Benchmark-main\config\test_data\CHASEDB1\masks\Image_09R.png
DCP_1024,CHASEDB1,Image_10L,0.805211600130199,0.8097588179975694,skimage.morphology.skeletonize,9897,11093,D:\Retina\Retinal-Vessel-Segmentation-Benchmark-main\Models_output\DCP_1024\test_data\CHASEDB1\pred_masks\Image_10L.png,D:\Retina\Retinal-Vessel-Segmentation-Benchmark-main\config\test_data\CHASEDB1\masks\Image_10L.png
DCP_1024,CHASEDB1,Image_10R,0.7932312216487755,0.7997660044473048,skimage.morphology.skeletonize,10005,11672,D:\Retina\Retinal-Vessel-Segmentation-Benchmark-main\Models_output\DCP_1024\test_data\CHASEDB1\pred_masks\Image_10R.png,D:\Retina\Retinal-Vessel-Segmentation-Benchmark-main\config\test_data\CHASEDB1\masks\Image_10R.png
DCP_1024,CHASEDB1,Image_11L,0.8622698902229164,0.8595154983829376,skimage.morphology.skeletonize,8215,9184,D:\Retina\Retinal-Vessel-Segmentation-Benchmark-main\Models_output\DCP_1024\test_data\CHASEDB1\pred_masks\Image_11L.png,D:\Retina\Retinal-Vessel-Segmentation-Benchmark-main\config\test_data\CHASEDB1\masks\Image_11L.png
DCP_1024,CHASEDB1,Image_11R,0.8744814155599772,0.8558361135989258,skimage.morphology.skeletonize,7981,8463,D:\Retina\Retinal-Vessel-Segmentation-Benchmark-main\Models_output\DCP_1024\test_data\CHASEDB1\pred_masks\Image_11R.png,D:\Retina\Retinal-Vessel-Segmentation-Benchmark-main\config\test_data\CHASEDB1\masks\Image_11R.png
DCP_1024,CHASEDB1,Image_12L,0.8248810586022555,0.7728148418502566,skimage.morphology.skeletonize,10163,11213,D:\Retina\Retinal-Vessel-Segmentation-Benchmark-main\Models_output\DCP_1024\test_data\CHASEDB1\pred_masks\Image_12L.png,D:\Retina\Retinal-Vessel-Segmentation-Benchmark-main\config\test_data\CHASEDB1\masks\Image_12L.png
DCP_1024,CHASEDB1,Image_12R,0.8475169424770362,0.8375870012889338,skimage.morphology.skeletonize,11320,12071,D:\Retina\Retinal-Vessel-Segmentation-Benchmark-main\Models_output\DCP_1024\test_data\CHASEDB1\pred_masks\Image_12R.png,D:\Retina\Retinal-Vessel-Segmentation-Benchmark-main\config\test_data\CHASEDB1\masks\Image_12R.png
DCP_1024,CHASEDB1,Image_13L,0.8402203436686319,0.8157087833393383,skimage.morphology.skeletonize,8656,9511,D:\Retina\Retinal-Vessel-Segmentation-Benchmark-main\Models_output\DCP_1024\test_data\CHASEDB1\pred_masks\Image_13L.png,D:\Retina\Retinal-Vessel-Segmentation-Benchmark-main\config\test_data\CHASEDB1\masks\Image_13L.png
DCP_1024,CHASEDB1,Image_13R,0.8023716539548607,0.7713223988985054,skimage.morphology.skeletonize,9492,10389,D:\Retina\Retinal-Vessel-Segmentation-Benchmark-main\Models_output\DCP_1024\test_data\CHASEDB1\pred_masks\Image_13R.png,D:\Retina\Retinal-Vessel-Segmentation-Benchmark-main\config\test_data\CHASEDB1\masks\Image_13R.png
DCP_1024,CHASEDB1,Image_14L,0.9021393730197551,0.8705164959347306,skimage.morphology.skeletonize,9732,9807,D:\Retina\Retinal-Vessel-Segmentation-Benchmark-main\Models_output\DCP_1024\test_data\CHASEDB1\pred_masks\Image_14L.png,D:\Retina\Retinal-Vessel-Segmentation-Benchmark-main\config\test_data\CHASEDB1\masks\Image_14L.png
DCP_1024,CHASEDB1,Image_14R,0.8069871126717605,0.7692884019735376,skimage.morphology.skeletonize,8632,8139,D:\Retina\Retinal-Vessel-Segmentation-Benchmark-main\Models_output\DCP_1024\test_data\CHASEDB1\pred_masks\Image_14R.png,D:\Retina\Retinal-Vessel-Segmentation-Benchmark-main\config\test_data\CHASEDB1\masks\Image_14R.png
DCP_1024,DualModal2019,DualModal2019_A1_L4,0.8241137260782396,0.8189916907488137,skimage.morphology.skeletonize,13916,12354,D:\Retina\Retinal-Vessel-Segmentation-Benchmark-main\Models_output\DCP_1024\test_data\DualModal2019\pred_masks\DualModal2019_A1_L4.png,D:\Retina\Retinal-Vessel-Segmentation-Benchmark-main\config\test_data\DualModal2019\masks\DualModal2019_A1_L4.png
DCP_1024,DualModal2019,DualModal2019_A1_R2,0.7997571254376257,0.8556519171531828,skimage.morphology.skeletonize,14827,14229,D:\Retina\Retinal-Vessel-Segmentation-Benchmark-main\Models_output\DCP_1024\test_data\DualModal2019\pred_masks\DualModal2019_A1_R2.png,D:\Retina\Retinal-Vessel-Segmentation-Benchmark-main\config\test_data\DualModal2019\masks\DualModal2019_A1_R2.png
DCP_1024,DualModal2019,DualModal2019_A2_R2,0.7959122033597058,0.836383337094353,skimage.morphology.skeletonize,13539,12806,D:\Retina\Retinal-Vessel-Segmentation-Benchmark-main\Models_output\DCP_1024\test_data\DualModal2019\pred_masks\DualModal2019_A2_R2.png,D:\Retina\Retinal-Vessel-Segmentation-Benchmark-main\config\test_data\DualModal2019\masks\DualModal2019_A2_R2.png
DCP_1024,DualModal2019,DualModal2019_A3_L1,0.8400192496558697,0.8447458011909647,skimage.morphology.skeletonize,14017,13630,D:\Retina\Retinal-Vessel-Segmentation-Benchmark-main\Models_output\DCP_1024\test_data\DualModal2019\pred_masks\DualModal2019_A3_L1.png,D:\Retina\Retinal-Vessel-Segmentation-Benchmark-main\config\test_data\DualModal2019\masks\DualModal2019_A3_L1.png
DCP_1024,DualModal2019,DualModal2019_A3_R1,0.7606961887015576,0.8353219036409916,skimage.morphology.skeletonize,13373,13764,D:\Retina\Retinal-Vessel-Segmentation-Benchmark-main\Models_output\DCP_1024\test_data\DualModal2019\pred_masks\DualModal2019_A3_R1.png,D:\Retina\Retinal-Vessel-Segmentation-Benchmark-main\config\test_data\DualModal2019\masks\DualModal2019_A3_R1.png
DCP_1024,DualModal2019,DualModal2019_A4_L3,0.8224719312364318,0.8747642306078638,skimage.morphology.skeletonize,12615,12119,D:\Retina\Retinal-Vessel-Segmentation-Benchmark-main\Models_output\DCP_1024\test_data\DualModal2019\pred_masks\DualModal2019_A4_L3.png,D:\Retina\Retinal-Vessel-Segmentation-Benchmark-main\config\test_data\DualModal2019\masks\DualModal2019_A4_L3.png
DCP_1024,DualModal2019,DualModal2019_A4_R2,0.8402361804076132,0.879514174349289,skimage.morphology.skeletonize,13131,12987,D:\Retina\Retinal-Vessel-Segmentation-Benchmark-main\Models_output\DCP_1024\test_data\DualModal2019\pred_masks\DualModal2019_A4_R2.png,D:\Retina\Retinal-Vessel-Segmentation-Benchmark-main\config\test_data\DualModal2019\masks\DualModal2019_A4_R2.png
DCP_1024,DualModal2019,DualModal2019_A5_R4,0.8270778939810003,0.8801609761593173,skimage.morphology.skeletonize,13088,12307,D:\Retina\Retinal-Vessel-Segmentation-Benchmark-main\Models_output\DCP_1024\test_data\DualModal2019\pred_masks\DualModal2019_A5_R4.png,D:\Retina\Retinal-Vessel-Segmentation-Benchmark-main\config\test_data\DualModal2019\masks\DualModal2019_A5_R4.png
DCP_1024,DualModal2019,DualModal2019_A6_L2,0.8110200800647642,0.845373646535374,skimage.morphology.skeletonize,12916,12129,D:\Retina\Retinal-Vessel-Segmentation-Benchmark-main\Models_output\DCP_1024\test_data\DualModal2019\pred_masks\DualModal2019_A6_L2.png,D:\Retina\Retinal-Vessel-Segmentation-Benchmark-main\config\test_data\DualModal2019\masks\DualModal2019_A6_L2.png
DCP_1024,DualModal2019,DualModal2019_A6_R3,0.7819528955734428,0.8414339888031919,skimage.morphology.skeletonize,14496,13144,D:\Retina\Retinal-Vessel-Segmentation-Benchmark-main\Models_output\DCP_1024\test_data\DualModal2019\pred_masks\DualModal2019_A6_R3.png,D:\Retina\Retinal-Vessel-Segmentation-Benchmark-main\config\test_data\DualModal2019\masks\DualModal2019_A6_R3.png
DCP_1024,DualModal2019,DualModal2019_A7_L1,0.7594627533941906,0.8386945599223917,skimage.morphology.skeletonize,12878,13755,D:\Retina\Retinal-Vessel-Segmentation-Benchmark-main\Models_output\DCP_1024\test_data\DualModal2019\pred_masks\DualModal2019_A7_L1.png,D:\Retina\Retinal-Vessel-Segmentation-Benchmark-main\config\test_data\DualModal2019\masks\DualModal2019_A7_L1.png
DCP_1024,DualModal2019,DualModal2019_A7_R1,0.7795936419582614,0.8424867294266676,skimage.morphology.skeletonize,12819,11807,D:\Retina\Retinal-Vessel-Segmentation-Benchmark-main\Models_output\DCP_1024\test_data\DualModal2019\pred_masks\DualModal2019_A7_R1.png,D:\Retina\Retinal-Vessel-Segmentation-Benchmark-main\config\test_data\DualModal2019\masks\DualModal2019_A7_R1.png
DCP_1024,DualModal2019,DualModal2019_C1_L4,0.8649097905914446,0.9049105744106233,skimage.morphology.skeletonize,14888,14563,D:\Retina\Retinal-Vessel-Segmentation-Benchmark-main\Models_output\DCP_1024\test_data\DualModal2019\pred_masks\DualModal2019_C1_L4.png,D:\Retina\Retinal-Vessel-Segmentation-Benchmark-main\config\test_data\DualModal2019\masks\DualModal2019_C1_L4.png
DCP_1024,DualModal2019,DualModal2019_C1_R4,0.8629594387026706,0.9115360662794644,skimage.morphology.skeletonize,15139,15668,D:\Retina\Retinal-Vessel-Segmentation-Benchmark-main\Models_output\DCP_1024\test_data\DualModal2019\pred_masks\DualModal2019_C1_R4.png,D:\Retina\Retinal-Vessel-Segmentation-Benchmark-main\config\test_data\DualModal2019\masks\DualModal2019_C1_R4.png
DCP_1024,DualModal2019,DualModal2019_C2_L4,0.8433894145685363,0.8683082013535324,skimage.morphology.skeletonize,13009,12507,D:\Retina\Retinal-Vessel-Segmentation-Benchmark-main\Models_output\DCP_1024\test_data\DualModal2019\pred_masks\DualModal2019_C2_L4.png,D:\Retina\Retinal-Vessel-Segmentation-Benchmark-main\config\test_data\DualModal2019\masks\DualModal2019_C2_L4.png
DCP_1024,DualModal2019,DualModal2019_C2_R3,0.8420893928714249,0.8892026922199976,skimage.morphology.skeletonize,15253,15211,D:\Retina\Retinal-Vessel-Segmentation-Benchmark-main\Models_output\DCP_1024\test_data\DualModal2019\pred_masks\DualModal2019_C2_R3.png,D:\Retina\Retinal-Vessel-Segmentation-Benchmark-main\config\test_data\DualModal2019\masks\DualModal2019_C2_R3.png
DCP_1024,DualModal2019,DualModal2019_C3_L1,0.8005578296981738,0.8584628064667607,skimage.morphology.skeletonize,13576,12710,D:\Retina\Retinal-Vessel-Segmentation-Benchmark-main\Models_output\DCP_1024\test_data\DualModal2019\pred_masks\DualModal2019_C3_L1.png,D:\Retina\Retinal-Vessel-Segmentation-Benchmark-main\config\test_data\DualModal2019\masks\DualModal2019_C3_L1.png
DCP_1024,DualModal2019,DualModal2019_C3_R1,0.843941504127997,0.8753743750695017,skimage.morphology.skeletonize,13427,12896,D:\Retina\Retinal-Vessel-Segmentation-Benchmark-main\Models_output\DCP_1024\test_data\DualModal2019\pred_masks\DualModal2019_C3_R1.png,D:\Retina\Retinal-Vessel-Segmentation-Benchmark-main\config\test_data\DualModal2019\masks\DualModal2019_C3_R1.png
DCP_1024,DualModal2019,DualModal2019_C4_L2,0.7604072381422752,0.7705896770082519,skimage.morphology.skeletonize,11820,11738,D:\Retina\Retinal-Vessel-Segmentation-Benchmark-main\Models_output\DCP_1024\test_data\DualModal2019\pred_masks\DualModal2019_C4_L2.png,D:\Retina\Retinal-Vessel-Segmentation-Benchmark-main\config\test_data\DualModal2019\masks\DualModal2019_C4_L2.png
DCP_1024,DualModal2019,DualModal2019_C4_R2,0.7583648027214773,0.7559106743782352,skimage.morphology.skeletonize,12583,11991,D:\Retina\Retinal-Vessel-Segmentation-Benchmark-main\Models_output\DCP_1024\test_data\DualModal2019\pred_masks\DualModal2019_C4_R2.png,D:\Retina\Retinal-Vessel-Segmentation-Benchmark-main\config\test_data\DualModal2019\masks\DualModal2019_C4_R2.png
DCP_1024,DualModal2019,DualModal2019_C5_L1,0.8515716396902991,0.8805843269410001,skimage.morphology.skeletonize,14947,15245,D:\Retina\Retinal-Vessel-Segmentation-Benchmark-main\Models_output\DCP_1024\test_data\DualModal2019\pred_masks\DualModal2019_C5_L1.png,D:\Retina\Retinal-Vessel-Segmentation-Benchmark-main\config\test_data\DualModal2019\masks\DualModal2019_C5_L1.png
DCP_1024,DualModal2019,DualModal2019_C5_R1,0.8363898296616599,0.8816536274298893,skimage.morphology.skeletonize,15445,14705,D:\Retina\Retinal-Vessel-Segmentation-Benchmark-main\Models_output\DCP_1024\test_data\DualModal2019\pred_masks\DualModal2019_C5_R1.png,D:\Retina\Retinal-Vessel-Segmentation-Benchmark-main\config\test_data\DualModal2019\masks\DualModal2019_C5_R1.png
DCP_1024,DualModal2019,DualModal2019_C6_L2,0.8546234008956197,0.8668766722497444,skimage.morphology.skeletonize,12692,12986,D:\Retina\Retinal-Vessel-Segmentation-Benchmark-main\Models_output\DCP_1024\test_data\DualModal2019\pred_masks\DualModal2019_C6_L2.png,D:\Retina\Retinal-Vessel-Segmentation-Benchmark-main\config\test_data\DualModal2019\masks\DualModal2019_C6_L2.png
DCP_1024,DualModal2019,DualModal2019_C6_R2,0.8669011014621504,0.8806736109251825,skimage.morphology.skeletonize,13634,13255,D:\Retina\Retinal-Vessel-Segmentation-Benchmark-main\Models_output\DCP_1024\test_data\DualModal2019\pred_masks\DualModal2019_C6_R2.png,D:\Retina\Retinal-Vessel-Segmentation-Benchmark-main\config\test_data\DualModal2019\masks\DualModal2019_C6_R2.png
DCP_1024,DualModal2019,DualModal2019_C7_L4,0.8441006461838104,0.8962374331991335,skimage.morphology.skeletonize,15150,15635,D:\Retina\Retinal-Vessel-Segmentation-Benchmark-main\Models_output\DCP_1024\test_data\DualModal2019\pred_masks\DualModal2019_C7_L4.png,D:\Retina\Retinal-Vessel-Segmentation-Benchmark-main\config\test_data\DualModal2019\masks\DualModal2019_C7_L4.png
DCP_1024,DualModal2019,DualModal2019_C7_R3,0.8405867213650141,0.883595497367188,skimage.morphology.skeletonize,15191,15490,D:\Retina\Retinal-Vessel-Segmentation-Benchmark-main\Models_output\DCP_1024\test_data\DualModal2019\pred_masks\DualModal2019_C7_R3.png,D:\Retina\Retinal-Vessel-Segmentation-Benchmark-main\config\test_data\DualModal2019\masks\DualModal2019_C7_R3.png
DCP_1024,DualModal2019,DualModal2019_C8_L4,0.8327837560950081,0.8605324981749259,skimage.morphology.skeletonize,15343,14976,D:\Retina\Retinal-Vessel-Segmentation-Benchmark-main\Models_output\DCP_1024\test_data\DualModal2019\pred_masks\DualModal2019_C8_L4.png,D:\Retina\Retinal-Vessel-Segmentation-Benchmark-main\config\test_data\DualModal2019\masks\DualModal2019_C8_L4.png
DCP_1024,DualModal2019,DualModal2019_C8_R2,0.8367181608686811,0.8759452046447397,skimage.morphology.skeletonize,16523,16073,D:\Retina\Retinal-Vessel-Segmentation-Benchmark-main\Models_output\DCP_1024\test_data\DualModal2019\pred_masks\DualModal2019_C8_R2.png,D:\Retina\Retinal-Vessel-Segmentation-Benchmark-main\config\test_data\DualModal2019\masks\DualModal2019_C8_R2.png
DCP_1024,DualModal2019,DualModal2019_C9_L4,0.867907502474706,0.8712258615821884,skimage.morphology.skeletonize,13564,12465,D:\Retina\Retinal-Vessel-Segmentation-Benchmark-main\Models_output\DCP_1024\test_data\DualModal2019\pred_masks\DualModal2019_C9_L4.png,D:\Retina\Retinal-Vessel-Segmentation-Benchmark-main\config\test_data\DualModal2019\masks\DualModal2019_C9_L4.png
DCP_1024,DualModal2019,DualModal2019_C9_R5,0.8741523885619119,0.8812805026139238,skimage.morphology.skeletonize,14361,13906,D:\Retina\Retinal-Vessel-Segmentation-Benchmark-main\Models_output\DCP_1024\test_data\DualModal2019\pred_masks\DualModal2019_C9_R5.png,D:\Retina\Retinal-Vessel-Segmentation-Benchmark-main\config\test_data\DualModal2019\masks\DualModal2019_C9_R5.png
DCP_1024,HRF,01_dr,0.6693639153318949,0.4354162328194022,skimage.morphology.skeletonize,43308,53102,D:\Retina\Retinal-Vessel-Segmentation-Benchmark-main\Models_output\DCP_1024\test_data\HRF\pred_masks\01_dr.png,D:\Retina\Retinal-Vessel-Segmentation-Benchmark-main\config\test_data\HRF\masks\01_dr.tif
DCP_1024,HRF,01_g,0.7191631568765384,0.46984626914549305,skimage.morphology.skeletonize,49418,71323,D:\Retina\Retinal-Vessel-Segmentation-Benchmark-main\Models_output\DCP_1024\test_data\HRF\pred_masks\01_g.png,D:\Retina\Retinal-Vessel-Segmentation-Benchmark-main\config\test_data\HRF\masks\01_g.tif
DCP_1024,HRF,01_h,0.7726904785380961,0.5810566372349314,skimage.morphology.skeletonize,50711,75057,D:\Retina\Retinal-Vessel-Segmentation-Benchmark-main\Models_output\DCP_1024\test_data\HRF\pred_masks\01_h.png,D:\Retina\Retinal-Vessel-Segmentation-Benchmark-main\config\test_data\HRF\masks\01_h.tif
DCP_1024,HRF,02_dr,0.719810171864455,0.4709343983074195,skimage.morphology.skeletonize,45546,64021,D:\Retina\Retinal-Vessel-Segmentation-Benchmark-main\Models_output\DCP_1024\test_data\HRF\pred_masks\02_dr.png,D:\Retina\Retinal-Vessel-Segmentation-Benchmark-main\config\test_data\HRF\masks\02_dr.tif
DCP_1024,HRF,02_g,0.7240651116337469,0.5025146892779142,skimage.morphology.skeletonize,49267,76330,D:\Retina\Retinal-Vessel-Segmentation-Benchmark-main\Models_output\DCP_1024\test_data\HRF\pred_masks\02_g.png,D:\Retina\Retinal-Vessel-Segmentation-Benchmark-main\config\test_data\HRF\masks\02_g.tif
DCP_1024,HRF,02_h,0.8420521483022017,0.6000716087004547,skimage.morphology.skeletonize,52825,67604,D:\Retina\Retinal-Vessel-Segmentation-Benchmark-main\Models_output\DCP_1024\test_data\HRF\pred_masks\02_h.png,D:\Retina\Retinal-Vessel-Segmentation-Benchmark-main\config\test_data\HRF\masks\02_h.tif
DCP_1024,HRF,03_dr,0.7360091747479199,0.47040036896891174,skimage.morphology.skeletonize,38437,55601,D:\Retina\Retinal-Vessel-Segmentation-Benchmark-main\Models_output\DCP_1024\test_data\HRF\pred_masks\03_dr.png,D:\Retina\Retinal-Vessel-Segmentation-Benchmark-main\config\test_data\HRF\masks\03_dr.tif
DCP_1024,HRF,03_g,0.7376937391204021,0.4512096077492292,skimage.morphology.skeletonize,41209,57667,D:\Retina\Retinal-Vessel-Segmentation-Benchmark-main\Models_output\DCP_1024\test_data\HRF\pred_masks\03_g.png,D:\Retina\Retinal-Vessel-Segmentation-Benchmark-main\config\test_data\HRF\masks\03_g.tif
DCP_1024,HRF,03_h,0.8165663198939839,0.606771288214062,skimage.morphology.skeletonize,50286,67984,D:\Retina\Retinal-Vessel-Segmentation-Benchmark-main\Models_output\DCP_1024\test_data\HRF\pred_masks\03_h.png,D:\Retina\Retinal-Vessel-Segmentation-Benchmark-main\config\test_data\HRF\masks\03_h.tif
DCP_1024,HRF,04_dr,0.7034774376696993,0.44804988955542074,skimage.morphology.skeletonize,35053,54943,D:\Retina\Retinal-Vessel-Segmentation-Benchmark-main\Models_output\DCP_1024\test_data\HRF\pred_masks\04_dr.png,D:\Retina\Retinal-Vessel-Segmentation-Benchmark-main\config\test_data\HRF\masks\04_dr.tif
DCP_1024,HRF,04_g,0.7520203922102481,0.48656867747986854,skimage.morphology.skeletonize,43546,62895,D:\Retina\Retinal-Vessel-Segmentation-Benchmark-main\Models_output\DCP_1024\test_data\HRF\pred_masks\04_g.png,D:\Retina\Retinal-Vessel-Segmentation-Benchmark-main\config\test_data\HRF\masks\04_g.tif
DCP_1024,HRF,04_h,0.8311648122894885,0.5928094470308467,skimage.morphology.skeletonize,49019,65210,D:\Retina\Retinal-Vessel-Segmentation-Benchmark-main\Models_output\DCP_1024\test_data\HRF\pred_masks\04_h.png,D:\Retina\Retinal-Vessel-Segmentation-Benchmark-main\config\test_data\HRF\masks\04_h.tif
DCP_1024,HRF,05_dr,0.7686427511350912,0.5513186264513941,skimage.morphology.skeletonize,47363,64710,D:\Retina\Retinal-Vessel-Segmentation-Benchmark-main\Models_output\DCP_1024\test_data\HRF\pred_masks\05_dr.png,D:\Retina\Retinal-Vessel-Segmentation-Benchmark-main\config\test_data\HRF\masks\05_dr.tif
DCP_1024,HRF,05_g,0.7631677410855561,0.5394173741925263,skimage.morphology.skeletonize,43535,61795,D:\Retina\Retinal-Vessel-Segmentation-Benchmark-main\Models_output\DCP_1024\test_data\HRF\pred_masks\05_g.png,D:\Retina\Retinal-Vessel-Segmentation-Benchmark-main\config\test_data\HRF\masks\05_g.tif
DCP_1024,HRF,05_h,0.8362309756294143,0.5892207319443992,skimage.morphology.skeletonize,47856,63141,D:\Retina\Retinal-Vessel-Segmentation-Benchmark-main\Models_output\DCP_1024\test_data\HRF\pred_masks\05_h.png,D:\Retina\Retinal-Vessel-Segmentation-Benchmark-main\config\test_data\HRF\masks\05_h.tif
DCP_1024,HRF,06_dr,0.6040051599413757,0.4180780612779513,skimage.morphology.skeletonize,43511,83932,D:\Retina\Retinal-Vessel-Segmentation-Benchmark-main\Models_output\DCP_1024\test_data\HRF\pred_masks\06_dr.png,D:\Retina\Retinal-Vessel-Segmentation-Benchmark-main\config\test_data\HRF\masks\06_dr.tif
DCP_1024,HRF,06_g,0.7648463352178381,0.5436548564824009,skimage.morphology.skeletonize,43857,64338,D:\Retina\Retinal-Vessel-Segmentation-Benchmark-main\Models_output\DCP_1024\test_data\HRF\pred_masks\06_g.png,D:\Retina\Retinal-Vessel-Segmentation-Benchmark-main\config\test_data\HRF\masks\06_g.tif
DCP_1024,HRF,06_h,0.8228793174170258,0.6101520162124144,skimage.morphology.skeletonize,57275,77405,D:\Retina\Retinal-Vessel-Segmentation-Benchmark-main\Models_output\DCP_1024\test_data\HRF\pred_masks\06_h.png,D:\Retina\Retinal-Vessel-Segmentation-Benchmark-main\config\test_data\HRF\masks\06_h.tif
DCP_1024,HRF,07_dr,0.752678672921475,0.4785152297528063,skimage.morphology.skeletonize,53358,70258,D:\Retina\Retinal-Vessel-Segmentation-Benchmark-main\Models_output\DCP_1024\test_data\HRF\pred_masks\07_dr.png,D:\Retina\Retinal-Vessel-Segmentation-Benchmark-main\config\test_data\HRF\masks\07_dr.tif
DCP_1024,HRF,07_g,0.7223103800855109,0.5332960628349268,skimage.morphology.skeletonize,44438,69113,D:\Retina\Retinal-Vessel-Segmentation-Benchmark-main\Models_output\DCP_1024\test_data\HRF\pred_masks\07_g.png,D:\Retina\Retinal-Vessel-Segmentation-Benchmark-main\config\test_data\HRF\masks\07_g.tif
DCP_1024,HRF,07_h,0.8296983863607214,0.6216943825426401,skimage.morphology.skeletonize,48111,63508,D:\Retina\Retinal-Vessel-Segmentation-Benchmark-main\Models_output\DCP_1024\test_data\HRF\pred_masks\07_h.png,D:\Retina\Retinal-Vessel-Segmentation-Benchmark-main\config\test_data\HRF\masks\07_h.tif
DCP_1024,HRF,08_dr,0.740584770790316,0.47849283437164286,skimage.morphology.skeletonize,48986,70585,D:\Retina\Retinal-Vessel-Segmentation-Benchmark-main\Models_output\DCP_1024\test_data\HRF\pred_masks\08_dr.png,D:\Retina\Retinal-Vessel-Segmentation-Benchmark-main\config\test_data\HRF\masks\08_dr.tif
DCP_1024,HRF,08_g,0.734994251958689,0.5497976180522249,skimage.morphology.skeletonize,48948,73820,D:\Retina\Retinal-Vessel-Segmentation-Benchmark-main\Models_output\DCP_1024\test_data\HRF\pred_masks\08_g.png,D:\Retina\Retinal-Vessel-Segmentation-Benchmark-main\config\test_data\HRF\masks\08_g.tif
DCP_1024,HRF,08_h,0.812537102300371,0.5959614072901812,skimage.morphology.skeletonize,49634,70976,D:\Retina\Retinal-Vessel-Segmentation-Benchmark-main\Models_output\DCP_1024\test_data\HRF\pred_masks\08_h.png,D:\Retina\Retinal-Vessel-Segmentation-Benchmark-main\config\test_data\HRF\masks\08_h.tif
DCP_1024,HRF,09_dr,0.7130269740758771,0.4065835501595859,skimage.morphology.skeletonize,42059,61339,D:\Retina\Retinal-Vessel-Segmentation-Benchmark-main\Models_output\DCP_1024\test_data\HRF\pred_masks\09_dr.png,D:\Retina\Retinal-Vessel-Segmentation-Benchmark-main\config\test_data\HRF\masks\09_dr.tif
DCP_1024,HRF,09_g,0.7467585238754211,0.5504288486464571,skimage.morphology.skeletonize,48851,71488,D:\Retina\Retinal-Vessel-Segmentation-Benchmark-main\Models_output\DCP_1024\test_data\HRF\pred_masks\09_g.png,D:\Retina\Retinal-Vessel-Segmentation-Benchmark-main\config\test_data\HRF\masks\09_g.tif
DCP_1024,HRF,09_h,0.7767825854485332,0.5900972191532726,skimage.morphology.skeletonize,43461,64372,D:\Retina\Retinal-Vessel-Segmentation-Benchmark-main\Models_output\DCP_1024\test_data\HRF\pred_masks\09_h.png,D:\Retina\Retinal-Vessel-Segmentation-Benchmark-main\config\test_data\HRF\masks\09_h.tif
DCP_1024,HRF,10_dr,0.7629355178331272,0.48284113772365134,skimage.morphology.skeletonize,54838,76585,D:\Retina\Retinal-Vessel-Segmentation-Benchmark-main\Models_output\DCP_1024\test_data\HRF\pred_masks\10_dr.png,D:\Retina\Retinal-Vessel-Segmentation-Benchmark-main\config\test_data\HRF\masks\10_dr.tif
DCP_1024,HRF,10_g,0.7317133465618058,0.5422389620975794,skimage.morphology.skeletonize,49702,70136,D:\Retina\Retinal-Vessel-Segmentation-Benchmark-main\Models_output\DCP_1024\test_data\HRF\pred_masks\10_g.png,D:\Retina\Retinal-Vessel-Segmentation-Benchmark-main\config\test_data\HRF\masks\10_g.tif
DCP_1024,HRF,10_h,0.7588225899226941,0.60584066167431,skimage.morphology.skeletonize,45779,72811,D:\Retina\Retinal-Vessel-Segmentation-Benchmark-main\Models_output\DCP_1024\test_data\HRF\pred_masks\10_h.png,D:\Retina\Retinal-Vessel-Segmentation-Benchmark-main\config\test_data\HRF\masks\10_h.tif
DCP_1024,HRF,11_dr,0.7703835001420765,0.5262856763083769,skimage.morphology.skeletonize,56335,78981,D:\Retina\Retinal-Vessel-Segmentation-Benchmark-main\Models_output\DCP_1024\test_data\HRF\pred_masks\11_dr.png,D:\Retina\Retinal-Vessel-Segmentation-Benchmark-main\config\test_data\HRF\masks\11_dr.tif
DCP_1024,HRF,11_g,0.7349306168004626,0.5005069406248511,skimage.morphology.skeletonize,49561,75571,D:\Retina\Retinal-Vessel-Segmentation-Benchmark-main\Models_output\DCP_1024\test_data\HRF\pred_masks\11_g.png,D:\Retina\Retinal-Vessel-Segmentation-Benchmark-main\config\test_data\HRF\masks\11_g.tif
DCP_1024,HRF,11_h,0.8830847170370489,0.7352247445872888,skimage.morphology.skeletonize,52823,63941,D:\Retina\Retinal-Vessel-Segmentation-Benchmark-main\Models_output\DCP_1024\test_data\HRF\pred_masks\11_h.png,D:\Retina\Retinal-Vessel-Segmentation-Benchmark-main\config\test_data\HRF\masks\11_h.tif
DCP_1024,HRF,12_dr,0.6855787935294133,0.4647481294679271,skimage.morphology.skeletonize,47154,71856,D:\Retina\Retinal-Vessel-Segmentation-Benchmark-main\Models_output\DCP_1024\test_data\HRF\pred_masks\12_dr.png,D:\Retina\Retinal-Vessel-Segmentation-Benchmark-main\config\test_data\HRF\masks\12_dr.tif
DCP_1024,HRF,12_g,0.7379198159912482,0.5316093530711721,skimage.morphology.skeletonize,55536,83473,D:\Retina\Retinal-Vessel-Segmentation-Benchmark-main\Models_output\DCP_1024\test_data\HRF\pred_masks\12_g.png,D:\Retina\Retinal-Vessel-Segmentation-Benchmark-main\config\test_data\HRF\masks\12_g.tif
DCP_1024,HRF,12_h,0.8809543711998722,0.7177080931661501,skimage.morphology.skeletonize,55375,67859,D:\Retina\Retinal-Vessel-Segmentation-Benchmark-main\Models_output\DCP_1024\test_data\HRF\pred_masks\12_h.png,D:\Retina\Retinal-Vessel-Segmentation-Benchmark-main\config\test_data\HRF\masks\12_h.tif
DCP_1024,HRF,13_dr,0.7291395224726156,0.4794524642263265,skimage.morphology.skeletonize,45609,64820,D:\Retina\Retinal-Vessel-Segmentation-Benchmark-main\Models_output\DCP_1024\test_data\HRF\pred_masks\13_dr.png,D:\Retina\Retinal-Vessel-Segmentation-Benchmark-main\config\test_data\HRF\masks\13_dr.tif
DCP_1024,HRF,13_g,0.7276287590807095,0.4969343225625434,skimage.morphology.skeletonize,48101,73060,D:\Retina\Retinal-Vessel-Segmentation-Benchmark-main\Models_output\DCP_1024\test_data\HRF\pred_masks\13_g.png,D:\Retina\Retinal-Vessel-Segmentation-Benchmark-main\config\test_data\HRF\masks\13_g.tif
DCP_1024,HRF,13_h,0.8706261635920209,0.7143177771800182,skimage.morphology.skeletonize,51625,60696,D:\Retina\Retinal-Vessel-Segmentation-Benchmark-main\Models_output\DCP_1024\test_data\HRF\pred_masks\13_h.png,D:\Retina\Retinal-Vessel-Segmentation-Benchmark-main\config\test_data\HRF\masks\13_h.tif
DCP_1024,HRF,14_dr,0.6945164049485868,0.4658868259832485,skimage.morphology.skeletonize,48364,77365,D:\Retina\Retinal-Vessel-Segmentation-Benchmark-main\Models_output\DCP_1024\test_data\HRF\pred_masks\14_dr.png,D:\Retina\Retinal-Vessel-Segmentation-Benchmark-main\config\test_data\HRF\masks\14_dr.tif
DCP_1024,HRF,14_g,0.7096737416446816,0.45816549286692076,skimage.morphology.skeletonize,47278,73554,D:\Retina\Retinal-Vessel-Segmentation-Benchmark-main\Models_output\DCP_1024\test_data\HRF\pred_masks\14_g.png,D:\Retina\Retinal-Vessel-Segmentation-Benchmark-main\config\test_data\HRF\masks\14_g.tif
DCP_1024,HRF,14_h,0.8653411328804517,0.7308863056960002,skimage.morphology.skeletonize,51090,63512,D:\Retina\Retinal-Vessel-Segmentation-Benchmark-main\Models_output\DCP_1024\test_data\HRF\pred_masks\14_h.png,D:\Retina\Retinal-Vessel-Segmentation-Benchmark-main\config\test_data\HRF\masks\14_h.tif
DCP_1024,HRF,15_dr,0.7189914771484877,0.46742474902468567,skimage.morphology.skeletonize,43634,59201,D:\Retina\Retinal-Vessel-Segmentation-Benchmark-main\Models_output\DCP_1024\test_data\HRF\pred_masks\15_dr.png,D:\Retina\Retinal-Vessel-Segmentation-Benchmark-main\config\test_data\HRF\masks\15_dr.tif
DCP_1024,HRF,15_g,0.7225769882225233,0.4654929140422921,skimage.morphology.skeletonize,47000,71868,D:\Retina\Retinal-Vessel-Segmentation-Benchmark-main\Models_output\DCP_1024\test_data\HRF\pred_masks\15_g.png,D:\Retina\Retinal-Vessel-Segmentation-Benchmark-main\config\test_data\HRF\masks\15_g.tif
DCP_1024,HRF,15_h,0.9046014806243922,0.7610513029221362,skimage.morphology.skeletonize,49937,57949,D:\Retina\Retinal-Vessel-Segmentation-Benchmark-main\Models_output\DCP_1024\test_data\HRF\pred_masks\15_h.png,D:\Retina\Retinal-Vessel-Segmentation-Benchmark-main\config\test_data\HRF\masks\15_h.tif
DCP_1024,LES,111,0.7618751152652952,0.67488359669696,skimage.morphology.skeletonize,12248,14423,D:\Retina\Retinal-Vessel-Segmentation-Benchmark-main\Models_output\DCP_1024\test_data\LES\pred_masks\111.png,D:\Retina\Retinal-Vessel-Segmentation-Benchmark-main\config\test_data\LES\masks\111.png
DCP_1024,LES,119,0.7468002092644391,0.699062818925543,skimage.morphology.skeletonize,16332,14280,D:\Retina\Retinal-Vessel-Segmentation-Benchmark-main\Models_output\DCP_1024\test_data\LES\pred_masks\119.png,D:\Retina\Retinal-Vessel-Segmentation-Benchmark-main\config\test_data\LES\masks\119.png
DCP_1024,LES,12,0.8704669996698291,0.8030335719577882,skimage.morphology.skeletonize,14508,16580,D:\Retina\Retinal-Vessel-Segmentation-Benchmark-main\Models_output\DCP_1024\test_data\LES\pred_masks\12.png,D:\Retina\Retinal-Vessel-Segmentation-Benchmark-main\config\test_data\LES\masks\12.png
DCP_1024,LES,15,0.8449648689519529,0.6846017430673698,skimage.morphology.skeletonize,12557,13859,D:\Retina\Retinal-Vessel-Segmentation-Benchmark-main\Models_output\DCP_1024\test_data\LES\pred_masks\15.png,D:\Retina\Retinal-Vessel-Segmentation-Benchmark-main\config\test_data\LES\masks\15.png
DCP_1024,LES,224,0.8828813671577486,0.8136535613242403,skimage.morphology.skeletonize,16432,18430,D:\Retina\Retinal-Vessel-Segmentation-Benchmark-main\Models_output\DCP_1024\test_data\LES\pred_masks\224.png,D:\Retina\Retinal-Vessel-Segmentation-Benchmark-main\config\test_data\LES\masks\224.png
DCP_1024,LES,240,0.8880423675454563,0.8074924279683442,skimage.morphology.skeletonize,12711,13487,D:\Retina\Retinal-Vessel-Segmentation-Benchmark-main\Models_output\DCP_1024\test_data\LES\pred_masks\240.png,D:\Retina\Retinal-Vessel-Segmentation-Benchmark-main\config\test_data\LES\masks\240.png
DCP_1024,LES,275,0.8418711113968049,0.7459356931891363,skimage.morphology.skeletonize,13618,14568,D:\Retina\Retinal-Vessel-Segmentation-Benchmark-main\Models_output\DCP_1024\test_data\LES\pred_masks\275.png,D:\Retina\Retinal-Vessel-Segmentation-Benchmark-main\config\test_data\LES\masks\275.png
DCP_1024,LES,279,0.8922696459583231,0.7553785505613378,skimage.morphology.skeletonize,15787,17366,D:\Retina\Retinal-Vessel-Segmentation-Benchmark-main\Models_output\DCP_1024\test_data\LES\pred_masks\279.png,D:\Retina\Retinal-Vessel-Segmentation-Benchmark-main\config\test_data\LES\masks\279.png
DCP_1024,LES,304,0.8359306493880136,0.6396787195782947,skimage.morphology.skeletonize,9188,9348,D:\Retina\Retinal-Vessel-Segmentation-Benchmark-main\Models_output\DCP_1024\test_data\LES\pred_masks\304.png,D:\Retina\Retinal-Vessel-Segmentation-Benchmark-main\config\test_data\LES\masks\304.png
DCP_1024,LES,318,0.8902658072214282,0.7633649358751232,skimage.morphology.skeletonize,13446,14235,D:\Retina\Retinal-Vessel-Segmentation-Benchmark-main\Models_output\DCP_1024\test_data\LES\pred_masks\318.png,D:\Retina\Retinal-Vessel-Segmentation-Benchmark-main\config\test_data\LES\masks\318.png
DCP_1024,LES,33,0.8347260385949342,0.758789825558211,skimage.morphology.skeletonize,16622,20349,D:\Retina\Retinal-Vessel-Segmentation-Benchmark-main\Models_output\DCP_1024\test_data\LES\pred_masks\33.png,D:\Retina\Retinal-Vessel-Segmentation-Benchmark-main\config\test_data\LES\masks\33.png
DCP_1024,LES,34,0.8157834183560458,0.7047997948990404,skimage.morphology.skeletonize,25220,31603,D:\Retina\Retinal-Vessel-Segmentation-Benchmark-main\Models_output\DCP_1024\test_data\LES\pred_masks\34.png,D:\Retina\Retinal-Vessel-Segmentation-Benchmark-main\config\test_data\LES\masks\34.png
DCP_1024,LES,367,0.8943110629009148,0.8439157035403038,skimage.morphology.skeletonize,14421,15054,D:\Retina\Retinal-Vessel-Segmentation-Benchmark-main\Models_output\DCP_1024\test_data\LES\pred_masks\367.png,D:\Retina\Retinal-Vessel-Segmentation-Benchmark-main\config\test_data\LES\masks\367.png
DCP_1024,LES,37,0.8962537625910661,0.7899414606344599,skimage.morphology.skeletonize,16767,18851,D:\Retina\Retinal-Vessel-Segmentation-Benchmark-main\Models_output\DCP_1024\test_data\LES\pred_masks\37.png,D:\Retina\Retinal-Vessel-Segmentation-Benchmark-main\config\test_data\LES\masks\37.png
DCP_1024,LES,370,0.8711637080679947,0.7925618843112202,skimage.morphology.skeletonize,12909,13031,D:\Retina\Retinal-Vessel-Segmentation-Benchmark-main\Models_output\DCP_1024\test_data\LES\pred_masks\370.png,D:\Retina\Retinal-Vessel-Segmentation-Benchmark-main\config\test_data\LES\masks\370.png
DCP_1024,LES,42,0.867732807652685,0.80012790369602,skimage.morphology.skeletonize,14001,16271,D:\Retina\Retinal-Vessel-Segmentation-Benchmark-main\Models_output\DCP_1024\test_data\LES\pred_masks\42.png,D:\Retina\Retinal-Vessel-Segmentation-Benchmark-main\config\test_data\LES\masks\42.png
DCP_1024,LES,486,0.8728780354356859,0.7457506272576149,skimage.morphology.skeletonize,12810,12854,D:\Retina\Retinal-Vessel-Segmentation-Benchmark-main\Models_output\DCP_1024\test_data\LES\pred_masks\486.png,D:\Retina\Retinal-Vessel-Segmentation-Benchmark-main\config\test_data\LES\masks\486.png
DCP_1024,LES,49,0.8332693240810302,0.7393414510311839,skimage.morphology.skeletonize,13459,16658,D:\Retina\Retinal-Vessel-Segmentation-Benchmark-main\Models_output\DCP_1024\test_data\LES\pred_masks\49.png,D:\Retina\Retinal-Vessel-Segmentation-Benchmark-main\config\test_data\LES\masks\49.png
DCP_1024,LES,529,0.8232826997297819,0.6196157923669767,skimage.morphology.skeletonize,11757,11882,D:\Retina\Retinal-Vessel-Segmentation-Benchmark-main\Models_output\DCP_1024\test_data\LES\pred_masks\529.png,D:\Retina\Retinal-Vessel-Segmentation-Benchmark-main\config\test_data\LES\masks\529.png
DCP_1024,LES,53,0.8588122858609892,0.7807376501834052,skimage.morphology.skeletonize,15561,18584,D:\Retina\Retinal-Vessel-Segmentation-Benchmark-main\Models_output\DCP_1024\test_data\LES\pred_masks\53.png,D:\Retina\Retinal-Vessel-Segmentation-Benchmark-main\config\test_data\LES\masks\53.png
DCP_1024,LES,586,0.8561733800476358,0.7542906610115945,skimage.morphology.skeletonize,15855,15979,D:\Retina\Retinal-Vessel-Segmentation-Benchmark-main\Models_output\DCP_1024\test_data\LES\pred_masks\586.png,D:\Retina\Retinal-Vessel-Segmentation-Benchmark-main\config\test_data\LES\masks\586.png
DCP_1024,LES,90,0.8706093759923829,0.7213075309892855,skimage.morphology.skeletonize,12941,15621,D:\Retina\Retinal-Vessel-Segmentation-Benchmark-main\Models_output\DCP_1024\test_data\LES\pred_masks\90.png,D:\Retina\Retinal-Vessel-Segmentation-Benchmark-main\config\test_data\LES\masks\90.png
DCP_1024,STARE,im0001,0.8519197860986027,0.9110141084283551,skimage.morphology.skeletonize,7828,7687,D:\Retina\Retinal-Vessel-Segmentation-Benchmark-main\Models_output\DCP_1024\test_data\STARE\pred_masks\im0001.png,D:\Retina\Retinal-Vessel-Segmentation-Benchmark-main\config\test_data\STARE\masks\im0001.png
DCP_1024,STARE,im0002,0.850621147029835,0.8933132551807956,skimage.morphology.skeletonize,6064,7130,D:\Retina\Retinal-Vessel-Segmentation-Benchmark-main\Models_output\DCP_1024\test_data\STARE\pred_masks\im0002.png,D:\Retina\Retinal-Vessel-Segmentation-Benchmark-main\config\test_data\STARE\masks\im0002.png
DCP_1024,STARE,im0003,0.8342889366863044,0.9014019063343476,skimage.morphology.skeletonize,5761,6012,D:\Retina\Retinal-Vessel-Segmentation-Benchmark-main\Models_output\DCP_1024\test_data\STARE\pred_masks\im0003.png,D:\Retina\Retinal-Vessel-Segmentation-Benchmark-main\config\test_data\STARE\masks\im0003.png
DCP_1024,STARE,im0004,0.8395135519216484,0.863186125697179,skimage.morphology.skeletonize,6606,5883,D:\Retina\Retinal-Vessel-Segmentation-Benchmark-main\Models_output\DCP_1024\test_data\STARE\pred_masks\im0004.png,D:\Retina\Retinal-Vessel-Segmentation-Benchmark-main\config\test_data\STARE\masks\im0004.png
DCP_1024,STARE,im0005,0.8432971605523173,0.8726207935847985,skimage.morphology.skeletonize,9026,7339,D:\Retina\Retinal-Vessel-Segmentation-Benchmark-main\Models_output\DCP_1024\test_data\STARE\pred_masks\im0005.png,D:\Retina\Retinal-Vessel-Segmentation-Benchmark-main\config\test_data\STARE\masks\im0005.png
DCP_1024,STARE,im0044,0.8547635947904417,0.9106290779301333,skimage.morphology.skeletonize,7018,6614,D:\Retina\Retinal-Vessel-Segmentation-Benchmark-main\Models_output\DCP_1024\test_data\STARE\pred_masks\im0044.png,D:\Retina\Retinal-Vessel-Segmentation-Benchmark-main\config\test_data\STARE\masks\im0044.png
DCP_1024,STARE,im0077,0.8517769192789318,0.9183193378067062,skimage.morphology.skeletonize,9496,8586,D:\Retina\Retinal-Vessel-Segmentation-Benchmark-main\Models_output\DCP_1024\test_data\STARE\pred_masks\im0077.png,D:\Retina\Retinal-Vessel-Segmentation-Benchmark-main\config\test_data\STARE\masks\im0077.png
DCP_1024,STARE,im0081,0.8697076308079258,0.9280714238237927,skimage.morphology.skeletonize,8635,8054,D:\Retina\Retinal-Vessel-Segmentation-Benchmark-main\Models_output\DCP_1024\test_data\STARE\pred_masks\im0081.png,D:\Retina\Retinal-Vessel-Segmentation-Benchmark-main\config\test_data\STARE\masks\im0081.png
DCP_1024,STARE,im0082,0.8601830819044353,0.9271054553843726,skimage.morphology.skeletonize,8867,8757,D:\Retina\Retinal-Vessel-Segmentation-Benchmark-main\Models_output\DCP_1024\test_data\STARE\pred_masks\im0082.png,D:\Retina\Retinal-Vessel-Segmentation-Benchmark-main\config\test_data\STARE\masks\im0082.png
DCP_1024,STARE,im0139,0.8506656371573744,0.9123400677621756,skimage.morphology.skeletonize,8074,8549,D:\Retina\Retinal-Vessel-Segmentation-Benchmark-main\Models_output\DCP_1024\test_data\STARE\pred_masks\im0139.png,D:\Retina\Retinal-Vessel-Segmentation-Benchmark-main\config\test_data\STARE\masks\im0139.png
DCP_1024,STARE,im0162,0.8650178637450123,0.9459948339529538,skimage.morphology.skeletonize,10330,10720,D:\Retina\Retinal-Vessel-Segmentation-Benchmark-main\Models_output\DCP_1024\test_data\STARE\pred_masks\im0162.png,D:\Retina\Retinal-Vessel-Segmentation-Benchmark-main\config\test_data\STARE\masks\im0162.png
DCP_1024,STARE,im0163,0.8917042968299703,0.9409530167341345,skimage.morphology.skeletonize,8632,8302,D:\Retina\Retinal-Vessel-Segmentation-Benchmark-main\Models_output\DCP_1024\test_data\STARE\pred_masks\im0163.png,D:\Retina\Retinal-Vessel-Segmentation-Benchmark-main\config\test_data\STARE\masks\im0163.png
DCP_1024,STARE,im0235,0.870876230860076,0.932089640444719,skimage.morphology.skeletonize,8626,8640,D:\Retina\Retinal-Vessel-Segmentation-Benchmark-main\Models_output\DCP_1024\test_data\STARE\pred_masks\im0235.png,D:\Retina\Retinal-Vessel-Segmentation-Benchmark-main\config\test_data\STARE\masks\im0235.png
DCP_1024,STARE,im0236,0.8741467930014282,0.9102835989056466,skimage.morphology.skeletonize,8569,8518,D:\Retina\Retinal-Vessel-Segmentation-Benchmark-main\Models_output\DCP_1024\test_data\STARE\pred_masks\im0236.png,D:\Retina\Retinal-Vessel-Segmentation-Benchmark-main\config\test_data\STARE\masks\im0236.png
DCP_1024,STARE,im0239,0.8503582619976833,0.9276764687175373,skimage.morphology.skeletonize,8842,8829,D:\Retina\Retinal-Vessel-Segmentation-Benchmark-main\Models_output\DCP_1024\test_data\STARE\pred_masks\im0239.png,D:\Retina\Retinal-Vessel-Segmentation-Benchmark-main\config\test_data\STARE\masks\im0239.png
DCP_1024,STARE,im0240,0.8908088944778227,0.915798647721994,skimage.morphology.skeletonize,8335,7763,D:\Retina\Retinal-Vessel-Segmentation-Benchmark-main\Models_output\DCP_1024\test_data\STARE\pred_masks\im0240.png,D:\Retina\Retinal-Vessel-Segmentation-Benchmark-main\config\test_data\STARE\masks\im0240.png
DCP_1024,STARE,im0255,0.8928825624784457,0.9325879346598359,skimage.morphology.skeletonize,10090,10617,D:\Retina\Retinal-Vessel-Segmentation-Benchmark-main\Models_output\DCP_1024\test_data\STARE\pred_masks\im0255.png,D:\Retina\Retinal-Vessel-Segmentation-Benchmark-main\config\test_data\STARE\masks\im0255.png
DCP_1024,STARE,im0291,0.8783196425239568,0.9199234083993141,skimage.morphology.skeletonize,4706,5054,D:\Retina\Retinal-Vessel-Segmentation-Benchmark-main\Models_output\DCP_1024\test_data\STARE\pred_masks\im0291.png,D:\Retina\Retinal-Vessel-Segmentation-Benchmark-main\config\test_data\STARE\masks\im0291.png
DCP_1024,STARE,im0319,0.8006131133235515,0.9005381578770332,skimage.morphology.skeletonize,4891,4669,D:\Retina\Retinal-Vessel-Segmentation-Benchmark-main\Models_output\DCP_1024\test_data\STARE\pred_masks\im0319.png,D:\Retina\Retinal-Vessel-Segmentation-Benchmark-main\config\test_data\STARE\masks\im0319.png
DCP_1024,STARE,im0324,0.8109782464050697,0.8353067907739683,skimage.morphology.skeletonize,5703,5192,D:\Retina\Retinal-Vessel-Segmentation-Benchmark-main\Models_output\DCP_1024\test_data\STARE\pred_masks\im0324.png,D:\Retina\Retinal-Vessel-Segmentation-Benchmark-main\config\test_data\STARE\masks\im0324.png
SA-UNetv2,AFIO,IM000001,0.7789481051195017,0.7007576348587585,skimage.morphology.skeletonize,13398,16917,D:\Retina\Retinal-Vessel-Segmentation-Benchmark-main\Models_output\SA-UNnetv2\test_data\AFIO\pred_masks\IM000001.png,D:\Retina\Retinal-Vessel-Segmentation-Benchmark-main\config\test_data\AFIO\masks\IM000001.png
SA-UNetv2,AFIO,IM000004,0.7868284450740549,0.7569620368233064,skimage.morphology.skeletonize,12678,14456,D:\Retina\Retinal-Vessel-Segmentation-Benchmark-main\Models_output\SA-UNnetv2\test_data\AFIO\pred_masks\IM000004.png,D:\Retina\Retinal-Vessel-Segmentation-Benchmark-main\config\test_data\AFIO\masks\IM000004.png
SA-UNetv2,AFIO,IM000023,0.6301189896476275,0.5799823433532393,skimage.morphology.skeletonize,9009,9796,D:\Retina\Retinal-Vessel-Segmentation-Benchmark-main\Models_output\SA-UNnetv2\test_data\AFIO\pred_masks\IM000023.png,D:\Retina\Retinal-Vessel-Segmentation-Benchmark-main\config\test_data\AFIO\masks\IM000023.png
SA-UNetv2,AFIO,IM000024,0.660681827088913,0.604486247620441,skimage.morphology.skeletonize,9735,13209,D:\Retina\Retinal-Vessel-Segmentation-Benchmark-main\Models_output\SA-UNnetv2\test_data\AFIO\pred_masks\IM000024.png,D:\Retina\Retinal-Vessel-Segmentation-Benchmark-main\config\test_data\AFIO\masks\IM000024.png
SA-UNetv2,AFIO,IM000135,0.6885932484043715,0.6389562647455348,skimage.morphology.skeletonize,15428,25235,D:\Retina\Retinal-Vessel-Segmentation-Benchmark-main\Models_output\SA-UNnetv2\test_data\AFIO\pred_masks\IM000135.png,D:\Retina\Retinal-Vessel-Segmentation-Benchmark-main\config\test_data\AFIO\masks\IM000135.png
SA-UNetv2,AFIO,IM000136,0.8125116286486505,0.7247624319351477,skimage.morphology.skeletonize,15834,18592,D:\Retina\Retinal-Vessel-Segmentation-Benchmark-main\Models_output\SA-UNnetv2\test_data\AFIO\pred_masks\IM000136.png,D:\Retina\Retinal-Vessel-Segmentation-Benchmark-main\config\test_data\AFIO\masks\IM000136.png
SA-UNetv2,AFIO,IM000167,0.7682477506123028,0.7117771436518077,skimage.morphology.skeletonize,11839,14133,D:\Retina\Retinal-Vessel-Segmentation-Benchmark-main\Models_output\SA-UNnetv2\test_data\AFIO\pred_masks\IM000167.png,D:\Retina\Retinal-Vessel-Segmentation-Benchmark-main\config\test_data\AFIO\masks\IM000167.png
SA-UNetv2,AFIO,IM000168,0.7583908802974578,0.7024034010242068,skimage.morphology.skeletonize,13833,17424,D:\Retina\Retinal-Vessel-Segmentation-Benchmark-main\Models_output\SA-UNnetv2\test_data\AFIO\pred_masks\IM000168.png,D:\Retina\Retinal-Vessel-Segmentation-Benchmark-main\config\test_data\AFIO\masks\IM000168.png
SA-UNetv2,AFIO,IM000189,0.6982455569964323,0.624696326811259,skimage.morphology.skeletonize,12844,17549,D:\Retina\Retinal-Vessel-Segmentation-Benchmark-main\Models_output\SA-UNnetv2\test_data\AFIO\pred_masks\IM000189.png,D:\Retina\Retinal-Vessel-Segmentation-Benchmark-main\config\test_data\AFIO\masks\IM000189.png
SA-UNetv2,AFIO,IM000209,0.7766287399322185,0.7118376699930056,skimage.morphology.skeletonize,10544,11828,D:\Retina\Retinal-Vessel-Segmentation-Benchmark-main\Models_output\SA-UNnetv2\test_data\AFIO\pred_masks\IM000209.png,D:\Retina\Retinal-Vessel-Segmentation-Benchmark-main\config\test_data\AFIO\masks\IM000209.png
SA-UNetv2,AFIO,IM000210,0.7342391449848026,0.6610097390697448,skimage.morphology.skeletonize,11466,14676,D:\Retina\Retinal-Vessel-Segmentation-Benchmark-main\Models_output\SA-UNnetv2\test_data\AFIO\pred_masks\IM000210.png,D:\Retina\Retinal-Vessel-Segmentation-Benchmark-main\config\test_data\AFIO\masks\IM000210.png
SA-UNetv2,AFIO,IM000333,0.7122203670600179,0.6255133919718769,skimage.morphology.skeletonize,10928,15204,D:\Retina\Retinal-Vessel-Segmentation-Benchmark-main\Models_output\SA-UNnetv2\test_data\AFIO\pred_masks\IM000333.png,D:\Retina\Retinal-Vessel-Segmentation-Benchmark-main\config\test_data\AFIO\masks\IM000333.png
SA-UNetv2,AFIO,IM000389,0.7043332338328232,0.65277679340922,skimage.morphology.skeletonize,10861,14557,D:\Retina\Retinal-Vessel-Segmentation-Benchmark-main\Models_output\SA-UNnetv2\test_data\AFIO\pred_masks\IM000389.png,D:\Retina\Retinal-Vessel-Segmentation-Benchmark-main\config\test_data\AFIO\masks\IM000389.png
SA-UNetv2,AFIO,IM000390,0.7137160544807342,0.6253295341020856,skimage.morphology.skeletonize,12410,16216,D:\Retina\Retinal-Vessel-Segmentation-Benchmark-main\Models_output\SA-UNnetv2\test_data\AFIO\pred_masks\IM000390.png,D:\Retina\Retinal-Vessel-Segmentation-Benchmark-main\config\test_data\AFIO\masks\IM000390.png
SA-UNetv2,AFIO,IM000678,0.7332144001322132,0.6258079008015228,skimage.morphology.skeletonize,10047,12751,D:\Retina\Retinal-Vessel-Segmentation-Benchmark-main\Models_output\SA-UNnetv2\test_data\AFIO\pred_masks\IM000678.png,D:\Retina\Retinal-Vessel-Segmentation-Benchmark-main\config\test_data\AFIO\masks\IM000678.png
SA-UNetv2,AFIO,IM000679,0.6986500996054041,0.5765223159569726,skimage.morphology.skeletonize,11032,13094,D:\Retina\Retinal-Vessel-Segmentation-Benchmark-main\Models_output\SA-UNnetv2\test_data\AFIO\pred_masks\IM000679.png,D:\Retina\Retinal-Vessel-Segmentation-Benchmark-main\config\test_data\AFIO\masks\IM000679.png
SA-UNetv2,AFIO,IM000715,0.6963732510066365,0.5918381055748057,skimage.morphology.skeletonize,9662,8619,D:\Retina\Retinal-Vessel-Segmentation-Benchmark-main\Models_output\SA-UNnetv2\test_data\AFIO\pred_masks\IM000715.png,D:\Retina\Retinal-Vessel-Segmentation-Benchmark-main\config\test_data\AFIO\masks\IM000715.png
SA-UNetv2,AFIO,IM000716,0.6340698834527463,0.5699543559501962,skimage.morphology.skeletonize,9445,10115,D:\Retina\Retinal-Vessel-Segmentation-Benchmark-main\Models_output\SA-UNnetv2\test_data\AFIO\pred_masks\IM000716.png,D:\Retina\Retinal-Vessel-Segmentation-Benchmark-main\config\test_data\AFIO\masks\IM000716.png
SA-UNetv2,AFIO,IM000938,0.6904375586552617,0.5377479185237174,skimage.morphology.skeletonize,8105,9863,D:\Retina\Retinal-Vessel-Segmentation-Benchmark-main\Models_output\SA-UNnetv2\test_data\AFIO\pred_masks\IM000938.png,D:\Retina\Retinal-Vessel-Segmentation-Benchmark-main\config\test_data\AFIO\masks\IM000938.png
SA-UNetv2,AFIO,IM001031,0.723259013362274,0.5808725854006708,skimage.morphology.skeletonize,8628,11346,D:\Retina\Retinal-Vessel-Segmentation-Benchmark-main\Models_output\SA-UNnetv2\test_data\AFIO\pred_masks\IM001031.png,D:\Retina\Retinal-Vessel-Segmentation-Benchmark-main\config\test_data\AFIO\masks\IM001031.png
SA-UNetv2,AFIO,IM001032,0.723259013362274,0.5808725854006708,skimage.morphology.skeletonize,8628,11346,D:\Retina\Retinal-Vessel-Segmentation-Benchmark-main\Models_output\SA-UNnetv2\test_data\AFIO\pred_masks\IM001032.png,D:\Retina\Retinal-Vessel-Segmentation-Benchmark-main\config\test_data\AFIO\masks\IM001032.png
SA-UNetv2,AFIO,IM001034,0.6599734876856121,0.48507993620446244,skimage.morphology.skeletonize,6460,8152,D:\Retina\Retinal-Vessel-Segmentation-Benchmark-main\Models_output\SA-UNnetv2\test_data\AFIO\pred_masks\IM001034.png,D:\Retina\Retinal-Vessel-Segmentation-Benchmark-main\config\test_data\AFIO\masks\IM001034.png
SA-UNetv2,AFIO,IM001069,0.7327291389764135,0.6332903596382156,skimage.morphology.skeletonize,9793,13201,D:\Retina\Retinal-Vessel-Segmentation-Benchmark-main\Models_output\SA-UNnetv2\test_data\AFIO\pred_masks\IM001069.png,D:\Retina\Retinal-Vessel-Segmentation-Benchmark-main\config\test_data\AFIO\masks\IM001069.png
SA-UNetv2,AFIO,IM001070,0.7109895565824811,0.6377413389359207,skimage.morphology.skeletonize,11130,14877,D:\Retina\Retinal-Vessel-Segmentation-Benchmark-main\Models_output\SA-UNnetv2\test_data\AFIO\pred_masks\IM001070.png,D:\Retina\Retinal-Vessel-Segmentation-Benchmark-main\config\test_data\AFIO\masks\IM001070.png
SA-UNetv2,AFIO,IM001096,0.7303683967609951,0.5753819625523501,skimage.morphology.skeletonize,11189,14068,D:\Retina\Retinal-Vessel-Segmentation-Benchmark-main\Models_output\SA-UNnetv2\test_data\AFIO\pred_masks\IM001096.png,D:\Retina\Retinal-Vessel-Segmentation-Benchmark-main\config\test_data\AFIO\masks\IM001096.png
SA-UNetv2,AFIO,IM001097,0.7664787695467309,0.6536412397400972,skimage.morphology.skeletonize,10194,13196,D:\Retina\Retinal-Vessel-Segmentation-Benchmark-main\Models_output\SA-UNnetv2\test_data\AFIO\pred_masks\IM001097.png,D:\Retina\Retinal-Vessel-Segmentation-Benchmark-main\config\test_data\AFIO\masks\IM001097.png
SA-UNetv2,AFIO,IM001126,0.6854933470158535,0.5960429240152635,skimage.morphology.skeletonize,11465,14128,D:\Retina\Retinal-Vessel-Segmentation-Benchmark-main\Models_output\SA-UNnetv2\test_data\AFIO\pred_masks\IM001126.png,D:\Retina\Retinal-Vessel-Segmentation-Benchmark-main\config\test_data\AFIO\masks\IM001126.png
SA-UNetv2,AFIO,IM001127,0.6865462489118382,0.5912156580769442,skimage.morphology.skeletonize,10078,12954,D:\Retina\Retinal-Vessel-Segmentation-Benchmark-main\Models_output\SA-UNnetv2\test_data\AFIO\pred_masks\IM001127.png,D:\Retina\Retinal-Vessel-Segmentation-Benchmark-main\config\test_data\AFIO\masks\IM001127.png
SA-UNetv2,AFIO,IM001154,0.7550631051622951,0.6698288840518614,skimage.morphology.skeletonize,12915,16134,D:\Retina\Retinal-Vessel-Segmentation-Benchmark-main\Models_output\SA-UNnetv2\test_data\AFIO\pred_masks\IM001154.png,D:\Retina\Retinal-Vessel-Segmentation-Benchmark-main\config\test_data\AFIO\masks\IM001154.png
SA-UNetv2,AFIO,IM001155,0.7659501029469644,0.6827827495672024,skimage.morphology.skeletonize,11715,14989,D:\Retina\Retinal-Vessel-Segmentation-Benchmark-main\Models_output\SA-UNnetv2\test_data\AFIO\pred_masks\IM001155.png,D:\Retina\Retinal-Vessel-Segmentation-Benchmark-main\config\test_data\AFIO\masks\IM001155.png
SA-UNetv2,AFIO,IM001192,0.712772248239085,0.6114884583179576,skimage.morphology.skeletonize,15152,20762,D:\Retina\Retinal-Vessel-Segmentation-Benchmark-main\Models_output\SA-UNnetv2\test_data\AFIO\pred_masks\IM001192.png,D:\Retina\Retinal-Vessel-Segmentation-Benchmark-main\config\test_data\AFIO\masks\IM001192.png
SA-UNetv2,AFIO,IM001193,0.6736821529966524,0.5893280666218904,skimage.morphology.skeletonize,15277,22990,D:\Retina\Retinal-Vessel-Segmentation-Benchmark-main\Models_output\SA-UNnetv2\test_data\AFIO\pred_masks\IM001193.png,D:\Retina\Retinal-Vessel-Segmentation-Benchmark-main\config\test_data\AFIO\masks\IM001193.png
SA-UNetv2,AFIO,IM001218,0.759408252854172,0.6684353444375076,skimage.morphology.skeletonize,15298,19593,D:\Retina\Retinal-Vessel-Segmentation-Benchmark-main\Models_output\SA-UNnetv2\test_data\AFIO\pred_masks\IM001218.png,D:\Retina\Retinal-Vessel-Segmentation-Benchmark-main\config\test_data\AFIO\masks\IM001218.png
SA-UNetv2,AFIO,IM001219,0.7660255194677927,0.7033787279242355,skimage.morphology.skeletonize,15728,20060,D:\Retina\Retinal-Vessel-Segmentation-Benchmark-main\Models_output\SA-UNnetv2\test_data\AFIO\pred_masks\IM001219.png,D:\Retina\Retinal-Vessel-Segmentation-Benchmark-main\config\test_data\AFIO\masks\IM001219.png
SA-UNetv2,AFIO,IM001246,0.7295278040933372,0.6285554475552213,skimage.morphology.skeletonize,12613,14308,D:\Retina\Retinal-Vessel-Segmentation-Benchmark-main\Models_output\SA-UNnetv2\test_data\AFIO\pred_masks\IM001246.png,D:\Retina\Retinal-Vessel-Segmentation-Benchmark-main\config\test_data\AFIO\masks\IM001246.png
SA-UNetv2,AFIO,IM001686,0.7853569025401506,0.6672834954129332,skimage.morphology.skeletonize,11000,11704,D:\Retina\Retinal-Vessel-Segmentation-Benchmark-main\Models_output\SA-UNnetv2\test_data\AFIO\pred_masks\IM001686.png,D:\Retina\Retinal-Vessel-Segmentation-Benchmark-main\config\test_data\AFIO\masks\IM001686.png
SA-UNetv2,AFIO,IM001749,0.7418616638627205,0.6654371849237921,skimage.morphology.skeletonize,14891,19224,D:\Retina\Retinal-Vessel-Segmentation-Benchmark-main\Models_output\SA-UNnetv2\test_data\AFIO\pred_masks\IM001749.png,D:\Retina\Retinal-Vessel-Segmentation-Benchmark-main\config\test_data\AFIO\masks\IM001749.png
SA-UNetv2,AFIO,IM001750,0.6876257712049606,0.6013815965564249,skimage.morphology.skeletonize,12944,18160,D:\Retina\Retinal-Vessel-Segmentation-Benchmark-main\Models_output\SA-UNnetv2\test_data\AFIO\pred_masks\IM001750.png,D:\Retina\Retinal-Vessel-Segmentation-Benchmark-main\config\test_data\AFIO\masks\IM001750.png
SA-UNetv2,AFIO,IM001791,0.7699268107000006,0.7062664984694589,skimage.morphology.skeletonize,13299,16786,D:\Retina\Retinal-Vessel-Segmentation-Benchmark-main\Models_output\SA-UNnetv2\test_data\AFIO\pred_masks\IM001791.png,D:\Retina\Retinal-Vessel-Segmentation-Benchmark-main\config\test_data\AFIO\masks\IM001791.png
SA-UNetv2,AFIO,IM001792,0.7327968967620616,0.671584634358313,skimage.morphology.skeletonize,13628,17614,D:\Retina\Retinal-Vessel-Segmentation-Benchmark-main\Models_output\SA-UNnetv2\test_data\AFIO\pred_masks\IM001792.png,D:\Retina\Retinal-Vessel-Segmentation-Benchmark-main\config\test_data\AFIO\masks\IM001792.png
SA-UNetv2,AFIO,IM001814,0.765085196285689,0.6808375968288618,skimage.morphology.skeletonize,12914,15723,D:\Retina\Retinal-Vessel-Segmentation-Benchmark-main\Models_output\SA-UNnetv2\test_data\AFIO\pred_masks\IM001814.png,D:\Retina\Retinal-Vessel-Segmentation-Benchmark-main\config\test_data\AFIO\masks\IM001814.png
SA-UNetv2,AFIO,IM001858,0.771920806411367,0.7312937304497754,skimage.morphology.skeletonize,14114,17848,D:\Retina\Retinal-Vessel-Segmentation-Benchmark-main\Models_output\SA-UNnetv2\test_data\AFIO\pred_masks\IM001858.png,D:\Retina\Retinal-Vessel-Segmentation-Benchmark-main\config\test_data\AFIO\masks\IM001858.png
SA-UNetv2,AFIO,IM001859,0.7771734416690205,0.6775385383492224,skimage.morphology.skeletonize,11233,13308,D:\Retina\Retinal-Vessel-Segmentation-Benchmark-main\Models_output\SA-UNnetv2\test_data\AFIO\pred_masks\IM001859.png,D:\Retina\Retinal-Vessel-Segmentation-Benchmark-main\config\test_data\AFIO\masks\IM001859.png
SA-UNetv2,AFIO,IM002094,0.6523672250422796,0.5073854483144821,skimage.morphology.skeletonize,9142,9496,D:\Retina\Retinal-Vessel-Segmentation-Benchmark-main\Models_output\SA-UNnetv2\test_data\AFIO\pred_masks\IM002094.png,D:\Retina\Retinal-Vessel-Segmentation-Benchmark-main\config\test_data\AFIO\masks\IM002094.png
SA-UNetv2,AFIO,IM002348,0.7557156584858684,0.6530507958596828,skimage.morphology.skeletonize,11391,13594,D:\Retina\Retinal-Vessel-Segmentation-Benchmark-main\Models_output\SA-UNnetv2\test_data\AFIO\pred_masks\IM002348.png,D:\Retina\Retinal-Vessel-Segmentation-Benchmark-main\config\test_data\AFIO\masks\IM002348.png
SA-UNetv2,AFIO,IM002350,0.7787829274068343,0.6620059693490523,skimage.morphology.skeletonize,12547,14984,D:\Retina\Retinal-Vessel-Segmentation-Benchmark-main\Models_output\SA-UNnetv2\test_data\AFIO\pred_masks\IM002350.png,D:\Retina\Retinal-Vessel-Segmentation-Benchmark-main\config\test_data\AFIO\masks\IM002350.png
SA-UNetv2,AFIO,IM002421,0.742120259025676,0.6452115294089072,skimage.morphology.skeletonize,13996,17105,D:\Retina\Retinal-Vessel-Segmentation-Benchmark-main\Models_output\SA-UNnetv2\test_data\AFIO\pred_masks\IM002421.png,D:\Retina\Retinal-Vessel-Segmentation-Benchmark-main\config\test_data\AFIO\masks\IM002421.png
SA-UNetv2,AFIO,IM002422,0.7584059416303442,0.6667145048353588,skimage.morphology.skeletonize,12370,14750,D:\Retina\Retinal-Vessel-Segmentation-Benchmark-main\Models_output\SA-UNnetv2\test_data\AFIO\pred_masks\IM002422.png,D:\Retina\Retinal-Vessel-Segmentation-Benchmark-main\config\test_data\AFIO\masks\IM002422.png
SA-UNetv2,AFIO,IM002471,0.7667176105723644,0.6303325360720808,skimage.morphology.skeletonize,12430,13609,D:\Retina\Retinal-Vessel-Segmentation-Benchmark-main\Models_output\SA-UNnetv2\test_data\AFIO\pred_masks\IM002471.png,D:\Retina\Retinal-Vessel-Segmentation-Benchmark-main\config\test_data\AFIO\masks\IM002471.png
SA-UNetv2,AFIO,IM002587,0.7780894212158563,0.6959780116169845,skimage.morphology.skeletonize,11944,14019,D:\Retina\Retinal-Vessel-Segmentation-Benchmark-main\Models_output\SA-UNnetv2\test_data\AFIO\pred_masks\IM002587.png,D:\Retina\Retinal-Vessel-Segmentation-Benchmark-main\config\test_data\AFIO\masks\IM002587.png
SA-UNetv2,AFIO,IM002649,0.7004954407222104,0.6051520556035056,skimage.morphology.skeletonize,12602,16836,D:\Retina\Retinal-Vessel-Segmentation-Benchmark-main\Models_output\SA-UNnetv2\test_data\AFIO\pred_masks\IM002649.png,D:\Retina\Retinal-Vessel-Segmentation-Benchmark-main\config\test_data\AFIO\masks\IM002649.png
SA-UNetv2,AFIO,IM002742,0.6110102629242851,0.42361694795895677,skimage.morphology.skeletonize,7289,9499,D:\Retina\Retinal-Vessel-Segmentation-Benchmark-main\Models_output\SA-UNnetv2\test_data\AFIO\pred_masks\IM002742.png,D:\Retina\Retinal-Vessel-Segmentation-Benchmark-main\config\test_data\AFIO\masks\IM002742.png
SA-UNetv2,AFIO,IM002743,0.6298805600558405,0.5253174616397488,skimage.morphology.skeletonize,8316,11772,D:\Retina\Retinal-Vessel-Segmentation-Benchmark-main\Models_output\SA-UNnetv2\test_data\AFIO\pred_masks\IM002743.png,D:\Retina\Retinal-Vessel-Segmentation-Benchmark-main\config\test_data\AFIO\masks\IM002743.png
SA-UNetv2,AFIO,IM003024,0.7499363647467541,0.654337877794327,skimage.morphology.skeletonize,11079,12669,D:\Retina\Retinal-Vessel-Segmentation-Benchmark-main\Models_output\SA-UNnetv2\test_data\AFIO\pred_masks\IM003024.png,D:\Retina\Retinal-Vessel-Segmentation-Benchmark-main\config\test_data\AFIO\masks\IM003024.png
SA-UNetv2,AFIO,IM003537,0.7726939055638864,0.684879482490656,skimage.morphology.skeletonize,15128,19264,D:\Retina\Retinal-Vessel-Segmentation-Benchmark-main\Models_output\SA-UNnetv2\test_data\AFIO\pred_masks\IM003537.png,D:\Retina\Retinal-Vessel-Segmentation-Benchmark-main\config\test_data\AFIO\masks\IM003537.png
SA-UNetv2,AFIO,IM003630,0.7427180643614635,0.6545477701572405,skimage.morphology.skeletonize,15191,18885,D:\Retina\Retinal-Vessel-Segmentation-Benchmark-main\Models_output\SA-UNnetv2\test_data\AFIO\pred_masks\IM003630.png,D:\Retina\Retinal-Vessel-Segmentation-Benchmark-main\config\test_data\AFIO\masks\IM003630.png
SA-UNetv2,AFIO,IM003631,0.6968401654724988,0.6293539836760538,skimage.morphology.skeletonize,13547,18318,D:\Retina\Retinal-Vessel-Segmentation-Benchmark-main\Models_output\SA-UNnetv2\test_data\AFIO\pred_masks\IM003631.png,D:\Retina\Retinal-Vessel-Segmentation-Benchmark-main\config\test_data\AFIO\masks\IM003631.png
SA-UNetv2,AFIO,IM003705,0.6496578005928647,0.519241628839194,skimage.morphology.skeletonize,9432,10769,D:\Retina\Retinal-Vessel-Segmentation-Benchmark-main\Models_output\SA-UNnetv2\test_data\AFIO\pred_masks\IM003705.png,D:\Retina\Retinal-Vessel-Segmentation-Benchmark-main\config\test_data\AFIO\masks\IM003705.png
SA-UNetv2,AFIO,IM004162,0.7632736696197193,0.6689426514389866,skimage.morphology.skeletonize,13766,16045,D:\Retina\Retinal-Vessel-Segmentation-Benchmark-main\Models_output\SA-UNnetv2\test_data\AFIO\pred_masks\IM004162.png,D:\Retina\Retinal-Vessel-Segmentation-Benchmark-main\config\test_data\AFIO\masks\IM004162.png
SA-UNetv2,AFIO,IM004163,0.7242011673634964,0.5734745116000117,skimage.morphology.skeletonize,12002,13904,D:\Retina\Retinal-Vessel-Segmentation-Benchmark-main\Models_output\SA-UNnetv2\test_data\AFIO\pred_masks\IM004163.png,D:\Retina\Retinal-Vessel-Segmentation-Benchmark-main\config\test_data\AFIO\masks\IM004163.png
SA-UNetv2,AFIO,IM004455,0.7518045402657437,0.6307178959486132,skimage.morphology.skeletonize,10621,12640,D:\Retina\Retinal-Vessel-Segmentation-Benchmark-main\Models_output\SA-UNnetv2\test_data\AFIO\pred_masks\IM004455.png,D:\Retina\Retinal-Vessel-Segmentation-Benchmark-main\config\test_data\AFIO\masks\IM004455.png
SA-UNetv2,AFIO,IM004512,0.7104729700735671,0.6163912334738473,skimage.morphology.skeletonize,10223,13551,D:\Retina\Retinal-Vessel-Segmentation-Benchmark-main\Models_output\SA-UNnetv2\test_data\AFIO\pred_masks\IM004512.png,D:\Retina\Retinal-Vessel-Segmentation-Benchmark-main\config\test_data\AFIO\masks\IM004512.png
SA-UNetv2,AFIO,IM004513,0.7680052942652501,0.6768936570028298,skimage.morphology.skeletonize,10667,12601,D:\Retina\Retinal-Vessel-Segmentation-Benchmark-main\Models_output\SA-UNnetv2\test_data\AFIO\pred_masks\IM004513.png,D:\Retina\Retinal-Vessel-Segmentation-Benchmark-main\config\test_data\AFIO\masks\IM004513.png
SA-UNetv2,AFIO,IM004515,0.7872512124201272,0.709300332743083,skimage.morphology.skeletonize,12615,15260,D:\Retina\Retinal-Vessel-Segmentation-Benchmark-main\Models_output\SA-UNnetv2\test_data\AFIO\pred_masks\IM004515.png,D:\Retina\Retinal-Vessel-Segmentation-Benchmark-main\config\test_data\AFIO\masks\IM004515.png
SA-UNetv2,AFIO,IM004516,0.7686497775427518,0.683448454735815,skimage.morphology.skeletonize,13896,16947,D:\Retina\Retinal-Vessel-Segmentation-Benchmark-main\Models_output\SA-UNnetv2\test_data\AFIO\pred_masks\IM004516.png,D:\Retina\Retinal-Vessel-Segmentation-Benchmark-main\config\test_data\AFIO\masks\IM004516.png
SA-UNetv2,AFIO,IM004538,0.7438499413252014,0.6099034016771765,skimage.morphology.skeletonize,9314,11701,D:\Retina\Retinal-Vessel-Segmentation-Benchmark-main\Models_output\SA-UNnetv2\test_data\AFIO\pred_masks\IM004538.png,D:\Retina\Retinal-Vessel-Segmentation-Benchmark-main\config\test_data\AFIO\masks\IM004538.png
SA-UNetv2,AFIO,IM004539,0.7740509548853324,0.6455202276523557,skimage.morphology.skeletonize,9307,10547,D:\Retina\Retinal-Vessel-Segmentation-Benchmark-main\Models_output\SA-UNnetv2\test_data\AFIO\pred_masks\IM004539.png,D:\Retina\Retinal-Vessel-Segmentation-Benchmark-main\config\test_data\AFIO\masks\IM004539.png
SA-UNetv2,AFIO,IM004564,0.8318242833947175,0.7178679955151003,skimage.morphology.skeletonize,10917,11920,D:\Retina\Retinal-Vessel-Segmentation-Benchmark-main\Models_output\SA-UNnetv2\test_data\AFIO\pred_masks\IM004564.png,D:\Retina\Retinal-Vessel-Segmentation-Benchmark-main\config\test_data\AFIO\masks\IM004564.png
SA-UNetv2,AFIO,IM004790,0.6903840178941819,0.4301420144044487,skimage.morphology.skeletonize,6571,8550,D:\Retina\Retinal-Vessel-Segmentation-Benchmark-main\Models_output\SA-UNnetv2\test_data\AFIO\pred_masks\IM004790.png,D:\Retina\Retinal-Vessel-Segmentation-Benchmark-main\config\test_data\AFIO\masks\IM004790.png
SA-UNetv2,AFIO,IM004993,0.7742311396868028,0.6490150930898968,skimage.morphology.skeletonize,11297,13124,D:\Retina\Retinal-Vessel-Segmentation-Benchmark-main\Models_output\SA-UNnetv2\test_data\AFIO\pred_masks\IM004993.png,D:\Retina\Retinal-Vessel-Segmentation-Benchmark-main\config\test_data\AFIO\masks\IM004993.png
SA-UNetv2,AFIO,IM005024,0.7593201644219876,0.6867574887931723,skimage.morphology.skeletonize,13938,17059,D:\Retina\Retinal-Vessel-Segmentation-Benchmark-main\Models_output\SA-UNnetv2\test_data\AFIO\pred_masks\IM005024.png,D:\Retina\Retinal-Vessel-Segmentation-Benchmark-main\config\test_data\AFIO\masks\IM005024.png
SA-UNetv2,AFIO,IM005025,0.7903093815709376,0.7010196277676384,skimage.morphology.skeletonize,12829,14344,D:\Retina\Retinal-Vessel-Segmentation-Benchmark-main\Models_output\SA-UNnetv2\test_data\AFIO\pred_masks\IM005025.png,D:\Retina\Retinal-Vessel-Segmentation-Benchmark-main\config\test_data\AFIO\masks\IM005025.png
SA-UNetv2,AFIO,IM005060,0.7868600884481056,0.6645643597075365,skimage.morphology.skeletonize,14504,16350,D:\Retina\Retinal-Vessel-Segmentation-Benchmark-main\Models_output\SA-UNnetv2\test_data\AFIO\pred_masks\IM005060.png,D:\Retina\Retinal-Vessel-Segmentation-Benchmark-main\config\test_data\AFIO\masks\IM005060.png
SA-UNetv2,AFIO,IM005092,0.8280782360300304,0.7273272477896483,skimage.morphology.skeletonize,14045,15927,D:\Retina\Retinal-Vessel-Segmentation-Benchmark-main\Models_output\SA-UNnetv2\test_data\AFIO\pred_masks\IM005092.png,D:\Retina\Retinal-Vessel-Segmentation-Benchmark-main\config\test_data\AFIO\masks\IM005092.png
SA-UNetv2,AFIO,IM005093,0.7885730602344984,0.68310464017118,skimage.morphology.skeletonize,14632,16539,D:\Retina\Retinal-Vessel-Segmentation-Benchmark-main\Models_output\SA-UNnetv2\test_data\AFIO\pred_masks\IM005093.png,D:\Retina\Retinal-Vessel-Segmentation-Benchmark-main\config\test_data\AFIO\masks\IM005093.png
SA-UNetv2,AFIO,IM005132,0.8090870432195715,0.7116918854950883,skimage.morphology.skeletonize,13986,17384,D:\Retina\Retinal-Vessel-Segmentation-Benchmark-main\Models_output\SA-UNnetv2\test_data\AFIO\pred_masks\IM005132.png,D:\Retina\Retinal-Vessel-Segmentation-Benchmark-main\config\test_data\AFIO\masks\IM005132.png
SA-UNetv2,AFIO,IM005133,0.7952860870702622,0.7234072170035576,skimage.morphology.skeletonize,15944,18386,D:\Retina\Retinal-Vessel-Segmentation-Benchmark-main\Models_output\SA-UNnetv2\test_data\AFIO\pred_masks\IM005133.png,D:\Retina\Retinal-Vessel-Segmentation-Benchmark-main\config\test_data\AFIO\masks\IM005133.png
SA-UNetv2,AFIO,IM005190,0.734178439572361,0.6001585160151972,skimage.morphology.skeletonize,13020,15330,D:\Retina\Retinal-Vessel-Segmentation-Benchmark-main\Models_output\SA-UNnetv2\test_data\AFIO\pred_masks\IM005190.png,D:\Retina\Retinal-Vessel-Segmentation-Benchmark-main\config\test_data\AFIO\masks\IM005190.png
SA-UNetv2,AFIO,IM005191,0.7916718107994365,0.6952918071644796,skimage.morphology.skeletonize,13850,16444,D:\Retina\Retinal-Vessel-Segmentation-Benchmark-main\Models_output\SA-UNnetv2\test_data\AFIO\pred_masks\IM005191.png,D:\Retina\Retinal-Vessel-Segmentation-Benchmark-main\config\test_data\AFIO\masks\IM005191.png
SA-UNetv2,AFIO,IM005249,0.7665992728209263,0.634136763815652,skimage.morphology.skeletonize,12237,13214,D:\Retina\Retinal-Vessel-Segmentation-Benchmark-main\Models_output\SA-UNnetv2\test_data\AFIO\pred_masks\IM005249.png,D:\Retina\Retinal-Vessel-Segmentation-Benchmark-main\config\test_data\AFIO\masks\IM005249.png
SA-UNetv2,AFIO,IM005283,0.7936111483762087,0.6860195203085641,skimage.morphology.skeletonize,11977,13764,D:\Retina\Retinal-Vessel-Segmentation-Benchmark-main\Models_output\SA-UNnetv2\test_data\AFIO\pred_masks\IM005283.png,D:\Retina\Retinal-Vessel-Segmentation-Benchmark-main\config\test_data\AFIO\masks\IM005283.png
SA-UNetv2,AFIO,IM005320,0.6948353793569808,0.5500967236278208,skimage.morphology.skeletonize,6063,6945,D:\Retina\Retinal-Vessel-Segmentation-Benchmark-main\Models_output\SA-UNnetv2\test_data\AFIO\pred_masks\IM005320.png,D:\Retina\Retinal-Vessel-Segmentation-Benchmark-main\config\test_data\AFIO\masks\IM005320.png
SA-UNetv2,AFIO,IM005321,0.7701706599463942,0.6697037250746507,skimage.morphology.skeletonize,8216,8910,D:\Retina\Retinal-Vessel-Segmentation-Benchmark-main\Models_output\SA-UNnetv2\test_data\AFIO\pred_masks\IM005321.png,D:\Retina\Retinal-Vessel-Segmentation-Benchmark-main\config\test_data\AFIO\masks\IM005321.png
SA-UNetv2,AFIO,IM005357,0.7701092323579024,0.6052969761063572,skimage.morphology.skeletonize,10095,10605,D:\Retina\Retinal-Vessel-Segmentation-Benchmark-main\Models_output\SA-UNnetv2\test_data\AFIO\pred_masks\IM005357.png,D:\Retina\Retinal-Vessel-Segmentation-Benchmark-main\config\test_data\AFIO\masks\IM005357.png
SA-UNetv2,AFIO,IM005387,0.7890622566783385,0.6742775446341084,skimage.morphology.skeletonize,12179,13918,D:\Retina\Retinal-Vessel-Segmentation-Benchmark-main\Models_output\SA-UNnetv2\test_data\AFIO\pred_masks\IM005387.png,D:\Retina\Retinal-Vessel-Segmentation-Benchmark-main\config\test_data\AFIO\masks\IM005387.png
SA-UNetv2,AFIO,IM005456,0.7431549378000273,0.6308353049623407,skimage.morphology.skeletonize,10065,11387,D:\Retina\Retinal-Vessel-Segmentation-Benchmark-main\Models_output\SA-UNnetv2\test_data\AFIO\pred_masks\IM005456.png,D:\Retina\Retinal-Vessel-Segmentation-Benchmark-main\config\test_data\AFIO\masks\IM005456.png
SA-UNetv2,AFIO,IM005457,0.7695173651607535,0.6779388175064602,skimage.morphology.skeletonize,10467,11639,D:\Retina\Retinal-Vessel-Segmentation-Benchmark-main\Models_output\SA-UNnetv2\test_data\AFIO\pred_masks\IM005457.png,D:\Retina\Retinal-Vessel-Segmentation-Benchmark-main\config\test_data\AFIO\masks\IM005457.png
SA-UNetv2,AFIO,IM005488,0.7440041442033785,0.6793961357398062,skimage.morphology.skeletonize,15648,19672,D:\Retina\Retinal-Vessel-Segmentation-Benchmark-main\Models_output\SA-UNnetv2\test_data\AFIO\pred_masks\IM005488.png,D:\Retina\Retinal-Vessel-Segmentation-Benchmark-main\config\test_data\AFIO\masks\IM005488.png
SA-UNetv2,AFIO,IM005489,0.7828241856820745,0.707678957669874,skimage.morphology.skeletonize,13813,17176,D:\Retina\Retinal-Vessel-Segmentation-Benchmark-main\Models_output\SA-UNnetv2\test_data\AFIO\pred_masks\IM005489.png,D:\Retina\Retinal-Vessel-Segmentation-Benchmark-main\config\test_data\AFIO\masks\IM005489.png
SA-UNetv2,AFIO,IM005523,0.7769362589588731,0.6812466810872607,skimage.morphology.skeletonize,12943,15197,D:\Retina\Retinal-Vessel-Segmentation-Benchmark-main\Models_output\SA-UNnetv2\test_data\AFIO\pred_masks\IM005523.png,D:\Retina\Retinal-Vessel-Segmentation-Benchmark-main\config\test_data\AFIO\masks\IM005523.png
SA-UNetv2,AFIO,IM005524,0.7661455952904569,0.6769381291458594,skimage.morphology.skeletonize,14425,18498,D:\Retina\Retinal-Vessel-Segmentation-Benchmark-main\Models_output\SA-UNnetv2\test_data\AFIO\pred_masks\IM005524.png,D:\Retina\Retinal-Vessel-Segmentation-Benchmark-main\config\test_data\AFIO\masks\IM005524.png
SA-UNetv2,AFIO,IM005558,0.8001745650051146,0.7022067686152894,skimage.morphology.skeletonize,14023,16168,D:\Retina\Retinal-Vessel-Segmentation-Benchmark-main\Models_output\SA-UNnetv2\test_data\AFIO\pred_masks\IM005558.png,D:\Retina\Retinal-Vessel-Segmentation-Benchmark-main\config\test_data\AFIO\masks\IM005558.png
SA-UNetv2,AFIO,IM005713,0.7808844094830053,0.6735293471950443,skimage.morphology.skeletonize,13720,17073,D:\Retina\Retinal-Vessel-Segmentation-Benchmark-main\Models_output\SA-UNnetv2\test_data\AFIO\pred_masks\IM005713.png,D:\Retina\Retinal-Vessel-Segmentation-Benchmark-main\config\test_data\AFIO\masks\IM005713.png
SA-UNetv2,AFIO,IM005806,0.7593783196811098,0.6413431328618919,skimage.morphology.skeletonize,9714,12060,D:\Retina\Retinal-Vessel-Segmentation-Benchmark-main\Models_output\SA-UNnetv2\test_data\AFIO\pred_masks\IM005806.png,D:\Retina\Retinal-Vessel-Segmentation-Benchmark-main\config\test_data\AFIO\masks\IM005806.png
SA-UNetv2,AFIO,IM005833,0.7201855807371752,0.6250700304107909,skimage.morphology.skeletonize,14759,17571,D:\Retina\Retinal-Vessel-Segmentation-Benchmark-main\Models_output\SA-UNnetv2\test_data\AFIO\pred_masks\IM005833.png,D:\Retina\Retinal-Vessel-Segmentation-Benchmark-main\config\test_data\AFIO\masks\IM005833.png
SA-UNetv2,AFIO,IM005834,0.8188691794068486,0.7315546933117403,skimage.morphology.skeletonize,16077,19034,D:\Retina\Retinal-Vessel-Segmentation-Benchmark-main\Models_output\SA-UNnetv2\test_data\AFIO\pred_masks\IM005834.png,D:\Retina\Retinal-Vessel-Segmentation-Benchmark-main\config\test_data\AFIO\masks\IM005834.png
SA-UNetv2,AFIO,IM006037,0.8014647102813378,0.6347288721417753,skimage.morphology.skeletonize,10827,11594,D:\Retina\Retinal-Vessel-Segmentation-Benchmark-main\Models_output\SA-UNnetv2\test_data\AFIO\pred_masks\IM006037.png,D:\Retina\Retinal-Vessel-Segmentation-Benchmark-main\config\test_data\AFIO\masks\IM006037.png
SA-UNetv2,AFIO,IM006105,0.760740906294881,0.6641504779141431,skimage.morphology.skeletonize,12647,15089,D:\Retina\Retinal-Vessel-Segmentation-Benchmark-main\Models_output\SA-UNnetv2\test_data\AFIO\pred_masks\IM006105.png,D:\Retina\Retinal-Vessel-Segmentation-Benchmark-main\config\test_data\AFIO\masks\IM006105.png
SA-UNetv2,AFIO,IM006106,0.7713019203739494,0.6812041671526771,skimage.morphology.skeletonize,13949,17172,D:\Retina\Retinal-Vessel-Segmentation-Benchmark-main\Models_output\SA-UNnetv2\test_data\AFIO\pred_masks\IM006106.png,D:\Retina\Retinal-Vessel-Segmentation-Benchmark-main\config\test_data\AFIO\masks\IM006106.png
SA-UNetv2,CHASEDB1,Image_01L,0.8591254957391213,0.8691147038545386,skimage.morphology.skeletonize,9576,10318,D:\Retina\Retinal-Vessel-Segmentation-Benchmark-main\Models_output\SA-UNnetv2\test_data\CHASEDB1\pred_masks\Image_01L.png,D:\Retina\Retinal-Vessel-Segmentation-Benchmark-main\config\test_data\CHASEDB1\masks\Image_01L.png
SA-UNetv2,CHASEDB1,Image_01R,0.8343486548333254,0.8319999315102379,skimage.morphology.skeletonize,10295,10635,D:\Retina\Retinal-Vessel-Segmentation-Benchmark-main\Models_output\SA-UNnetv2\test_data\CHASEDB1\pred_masks\Image_01R.png,D:\Retina\Retinal-Vessel-Segmentation-Benchmark-main\config\test_data\CHASEDB1\masks\Image_01R.png
SA-UNetv2,CHASEDB1,Image_02L,0.8086858197927391,0.8181292683132858,skimage.morphology.skeletonize,11290,12543,D:\Retina\Retinal-Vessel-Segmentation-Benchmark-main\Models_output\SA-UNnetv2\test_data\CHASEDB1\pred_masks\Image_02L.png,D:\Retina\Retinal-Vessel-Segmentation-Benchmark-main\config\test_data\CHASEDB1\masks\Image_02L.png
SA-UNetv2,CHASEDB1,Image_02R,0.794342749262989,0.7805067205888974,skimage.morphology.skeletonize,11371,12551,D:\Retina\Retinal-Vessel-Segmentation-Benchmark-main\Models_output\SA-UNnetv2\test_data\CHASEDB1\pred_masks\Image_02R.png,D:\Retina\Retinal-Vessel-Segmentation-Benchmark-main\config\test_data\CHASEDB1\masks\Image_02R.png
SA-UNetv2,CHASEDB1,Image_03L,0.8314104563461011,0.8443162299244741,skimage.morphology.skeletonize,11151,12761,D:\Retina\Retinal-Vessel-Segmentation-Benchmark-main\Models_output\SA-UNnetv2\test_data\CHASEDB1\pred_masks\Image_03L.png,D:\Retina\Retinal-Vessel-Segmentation-Benchmark-main\config\test_data\CHASEDB1\masks\Image_03L.png
SA-UNetv2,CHASEDB1,Image_03R,0.8663915638779751,0.8708734228185021,skimage.morphology.skeletonize,10507,11173,D:\Retina\Retinal-Vessel-Segmentation-Benchmark-main\Models_output\SA-UNnetv2\test_data\CHASEDB1\pred_masks\Image_03R.png,D:\Retina\Retinal-Vessel-Segmentation-Benchmark-main\config\test_data\CHASEDB1\masks\Image_03R.png
SA-UNetv2,CHASEDB1,Image_04L,0.86921241938028,0.8451975457937423,skimage.morphology.skeletonize,9926,9745,D:\Retina\Retinal-Vessel-Segmentation-Benchmark-main\Models_output\SA-UNnetv2\test_data\CHASEDB1\pred_masks\Image_04L.png,D:\Retina\Retinal-Vessel-Segmentation-Benchmark-main\config\test_data\CHASEDB1\masks\Image_04L.png
SA-UNetv2,CHASEDB1,Image_04R,0.8047301558677632,0.8002302118821417,skimage.morphology.skeletonize,10262,10218,D:\Retina\Retinal-Vessel-Segmentation-Benchmark-main\Models_output\SA-UNnetv2\test_data\CHASEDB1\pred_masks\Image_04R.png,D:\Retina\Retinal-Vessel-Segmentation-Benchmark-main\config\test_data\CHASEDB1\masks\Image_04R.png
SA-UNetv2,CHASEDB1,Image_05L,0.8634681284457433,0.8411533564696395,skimage.morphology.skeletonize,10564,10526,D:\Retina\Retinal-Vessel-Segmentation-Benchmark-main\Models_output\SA-UNnetv2\test_data\CHASEDB1\pred_masks\Image_05L.png,D:\Retina\Retinal-Vessel-Segmentation-Benchmark-main\config\test_data\CHASEDB1\masks\Image_05L.png
SA-UNetv2,CHASEDB1,Image_05R,0.8581611990322965,0.8758167183045973,skimage.morphology.skeletonize,11162,11895,D:\Retina\Retinal-Vessel-Segmentation-Benchmark-main\Models_output\SA-UNnetv2\test_data\CHASEDB1\pred_masks\Image_05R.png,D:\Retina\Retinal-Vessel-Segmentation-Benchmark-main\config\test_data\CHASEDB1\masks\Image_05R.png
SA-UNetv2,CHASEDB1,Image_06L,0.79566942905228,0.7979638145130007,skimage.morphology.skeletonize,10159,10654,D:\Retina\Retinal-Vessel-Segmentation-Benchmark-main\Models_output\SA-UNnetv2\test_data\CHASEDB1\pred_masks\Image_06L.png,D:\Retina\Retinal-Vessel-Segmentation-Benchmark-main\config\test_data\CHASEDB1\masks\Image_06L.png
SA-UNetv2,CHASEDB1,Image_06R,0.8127566107558049,0.8278464693450085,skimage.morphology.skeletonize,10816,11663,D:\Retina\Retinal-Vessel-Segmentation-Benchmark-main\Models_output\SA-UNnetv2\test_data\CHASEDB1\pred_masks\Image_06R.png,D:\Retina\Retinal-Vessel-Segmentation-Benchmark-main\config\test_data\CHASEDB1\masks\Image_06R.png
SA-UNetv2,CHASEDB1,Image_07L,0.828044731163687,0.8390931207847203,skimage.morphology.skeletonize,11285,12015,D:\Retina\Retinal-Vessel-Segmentation-Benchmark-main\Models_output\SA-UNnetv2\test_data\CHASEDB1\pred_masks\Image_07L.png,D:\Retina\Retinal-Vessel-Segmentation-Benchmark-main\config\test_data\CHASEDB1\masks\Image_07L.png
SA-UNetv2,CHASEDB1,Image_07R,0.8029777146756839,0.8127935852334404,skimage.morphology.skeletonize,10786,11359,D:\Retina\Retinal-Vessel-Segmentation-Benchmark-main\Models_output\SA-UNnetv2\test_data\CHASEDB1\pred_masks\Image_07R.png,D:\Retina\Retinal-Vessel-Segmentation-Benchmark-main\config\test_data\CHASEDB1\masks\Image_07R.png
SA-UNetv2,CHASEDB1,Image_08L,0.8101767027535295,0.7891827860634242,skimage.morphology.skeletonize,9491,10136,D:\Retina\Retinal-Vessel-Segmentation-Benchmark-main\Models_output\SA-UNnetv2\test_data\CHASEDB1\pred_masks\Image_08L.png,D:\Retina\Retinal-Vessel-Segmentation-Benchmark-main\config\test_data\CHASEDB1\masks\Image_08L.png
SA-UNetv2,CHASEDB1,Image_08R,0.82465058477891,0.8224541206239916,skimage.morphology.skeletonize,8941,9315,D:\Retina\Retinal-Vessel-Segmentation-Benchmark-main\Models_output\SA-UNnetv2\test_data\CHASEDB1\pred_masks\Image_08R.png,D:\Retina\Retinal-Vessel-Segmentation-Benchmark-main\config\test_data\CHASEDB1\masks\Image_08R.png
SA-UNetv2,CHASEDB1,Image_09L,0.8405118868690624,0.8407636423696601,skimage.morphology.skeletonize,8260,8144,D:\Retina\Retinal-Vessel-Segmentation-Benchmark-main\Models_output\SA-UNnetv2\test_data\CHASEDB1\pred_masks\Image_09L.png,D:\Retina\Retinal-Vessel-Segmentation-Benchmark-main\config\test_data\CHASEDB1\masks\Image_09L.png
SA-UNetv2,CHASEDB1,Image_09R,0.8134044200752931,0.8225115067141565,skimage.morphology.skeletonize,8761,8818,D:\Retina\Retinal-Vessel-Segmentation-Benchmark-main\Models_output\SA-UNnetv2\test_data\CHASEDB1\pred_masks\Image_09R.png,D:\Retina\Retinal-Vessel-Segmentation-Benchmark-main\config\test_data\CHASEDB1\masks\Image_09R.png
SA-UNetv2,CHASEDB1,Image_10L,0.7977966557296002,0.8105616868514904,skimage.morphology.skeletonize,10467,11093,D:\Retina\Retinal-Vessel-Segmentation-Benchmark-main\Models_output\SA-UNnetv2\test_data\CHASEDB1\pred_masks\Image_10L.png,D:\Retina\Retinal-Vessel-Segmentation-Benchmark-main\config\test_data\CHASEDB1\masks\Image_10L.png
SA-UNetv2,CHASEDB1,Image_10R,0.7755872478985196,0.7984476375344396,skimage.morphology.skeletonize,10663,11672,D:\Retina\Retinal-Vessel-Segmentation-Benchmark-main\Models_output\SA-UNnetv2\test_data\CHASEDB1\pred_masks\Image_10R.png,D:\Retina\Retinal-Vessel-Segmentation-Benchmark-main\config\test_data\CHASEDB1\masks\Image_10R.png
SA-UNetv2,CHASEDB1,Image_11L,0.8459171092104114,0.8532965631575591,skimage.morphology.skeletonize,8696,9184,D:\Retina\Retinal-Vessel-Segmentation-Benchmark-main\Models_output\SA-UNnetv2\test_data\CHASEDB1\pred_masks\Image_11L.png,D:\Retina\Retinal-Vessel-Segmentation-Benchmark-main\config\test_data\CHASEDB1\masks\Image_11L.png
SA-UNetv2,CHASEDB1,Image_11R,0.8408410314402557,0.8201272141093946,skimage.morphology.skeletonize,8499,8463,D:\Retina\Retinal-Vessel-Segmentation-Benchmark-main\Models_output\SA-UNnetv2\test_data\CHASEDB1\pred_masks\Image_11R.png,D:\Retina\Retinal-Vessel-Segmentation-Benchmark-main\config\test_data\CHASEDB1\masks\Image_11R.png
SA-UNetv2,CHASEDB1,Image_12L,0.8061322411672912,0.7751641894572437,skimage.morphology.skeletonize,10627,11213,D:\Retina\Retinal-Vessel-Segmentation-Benchmark-main\Models_output\SA-UNnetv2\test_data\CHASEDB1\pred_masks\Image_12L.png,D:\Retina\Retinal-Vessel-Segmentation-Benchmark-main\config\test_data\CHASEDB1\masks\Image_12L.png
SA-UNetv2,CHASEDB1,Image_12R,0.8334942326306308,0.8338858074321966,skimage.morphology.skeletonize,12089,12071,D:\Retina\Retinal-Vessel-Segmentation-Benchmark-main\Models_output\SA-UNnetv2\test_data\CHASEDB1\pred_masks\Image_12R.png,D:\Retina\Retinal-Vessel-Segmentation-Benchmark-main\config\test_data\CHASEDB1\masks\Image_12R.png
SA-UNetv2,CHASEDB1,Image_13L,0.8452934224712553,0.8230746369076288,skimage.morphology.skeletonize,8820,9511,D:\Retina\Retinal-Vessel-Segmentation-Benchmark-main\Models_output\SA-UNnetv2\test_data\CHASEDB1\pred_masks\Image_13L.png,D:\Retina\Retinal-Vessel-Segmentation-Benchmark-main\config\test_data\CHASEDB1\masks\Image_13L.png
SA-UNetv2,CHASEDB1,Image_13R,0.813108995350194,0.7985348078659277,skimage.morphology.skeletonize,9445,10389,D:\Retina\Retinal-Vessel-Segmentation-Benchmark-main\Models_output\SA-UNnetv2\test_data\CHASEDB1\pred_masks\Image_13R.png,D:\Retina\Retinal-Vessel-Segmentation-Benchmark-main\config\test_data\CHASEDB1\masks\Image_13R.png
SA-UNetv2,CHASEDB1,Image_14L,0.885876852846043,0.8725759875872033,skimage.morphology.skeletonize,9908,9807,D:\Retina\Retinal-Vessel-Segmentation-Benchmark-main\Models_output\SA-UNnetv2\test_data\CHASEDB1\pred_masks\Image_14L.png,D:\Retina\Retinal-Vessel-Segmentation-Benchmark-main\config\test_data\CHASEDB1\masks\Image_14L.png
SA-UNetv2,CHASEDB1,Image_14R,0.7777941341393149,0.7403348202270055,skimage.morphology.skeletonize,8875,8139,D:\Retina\Retinal-Vessel-Segmentation-Benchmark-main\Models_output\SA-UNnetv2\test_data\CHASEDB1\pred_masks\Image_14R.png,D:\Retina\Retinal-Vessel-Segmentation-Benchmark-main\config\test_data\CHASEDB1\masks\Image_14R.png
SA-UNetv2,DualModal2019,DualModal2019_A1_L4,0.8325373887056714,0.8318105570190861,skimage.morphology.skeletonize,14308,12354,D:\Retina\Retinal-Vessel-Segmentation-Benchmark-main\Models_output\SA-UNnetv2\test_data\DualModal2019\pred_masks\DualModal2019_A1_L4.png,D:\Retina\Retinal-Vessel-Segmentation-Benchmark-main\config\test_data\DualModal2019\masks\DualModal2019_A1_L4.png
SA-UNetv2,DualModal2019,DualModal2019_A1_R2,0.8133812221873271,0.8714244516941939,skimage.morphology.skeletonize,15287,14229,D:\Retina\Retinal-Vessel-Segmentation-Benchmark-main\Models_output\SA-UNnetv2\test_data\DualModal2019\pred_masks\DualModal2019_A1_R2.png,D:\Retina\Retinal-Vessel-Segmentation-Benchmark-main\config\test_data\DualModal2019\masks\DualModal2019_A1_R2.png
SA-UNetv2,DualModal2019,DualModal2019_A2_R2,0.7965077229796548,0.845527176913231,skimage.morphology.skeletonize,13967,12806,D:\Retina\Retinal-Vessel-Segmentation-Benchmark-main\Models_output\SA-UNnetv2\test_data\DualModal2019\pred_masks\DualModal2019_A2_R2.png,D:\Retina\Retinal-Vessel-Segmentation-Benchmark-main\config\test_data\DualModal2019\masks\DualModal2019_A2_R2.png
SA-UNetv2,DualModal2019,DualModal2019_A3_L1,0.8449547829042374,0.8675151854377466,skimage.morphology.skeletonize,14603,13630,D:\Retina\Retinal-Vessel-Segmentation-Benchmark-main\Models_output\SA-UNnetv2\test_data\DualModal2019\pred_masks\DualModal2019_A3_L1.png,D:\Retina\Retinal-Vessel-Segmentation-Benchmark-main\config\test_data\DualModal2019\masks\DualModal2019_A3_L1.png
SA-UNetv2,DualModal2019,DualModal2019_A3_R1,0.7742183457389643,0.8612073827048408,skimage.morphology.skeletonize,14430,13764,D:\Retina\Retinal-Vessel-Segmentation-Benchmark-main\Models_output\SA-UNnetv2\test_data\DualModal2019\pred_masks\DualModal2019_A3_R1.png,D:\Retina\Retinal-Vessel-Segmentation-Benchmark-main\config\test_data\DualModal2019\masks\DualModal2019_A3_R1.png
SA-UNetv2,DualModal2019,DualModal2019_A4_L3,0.8409426543786032,0.8952000407753465,skimage.morphology.skeletonize,12973,12119,D:\Retina\Retinal-Vessel-Segmentation-Benchmark-main\Models_output\SA-UNnetv2\test_data\DualModal2019\pred_masks\DualModal2019_A4_L3.png,D:\Retina\Retinal-Vessel-Segmentation-Benchmark-main\config\test_data\DualModal2019\masks\DualModal2019_A4_L3.png
SA-UNetv2,DualModal2019,DualModal2019_A4_R2,0.8568962906992941,0.8955689348145841,skimage.morphology.skeletonize,13584,12987,D:\Retina\Retinal-Vessel-Segmentation-Benchmark-main\Models_output\SA-UNnetv2\test_data\DualModal2019\pred_masks\DualModal2019_A4_R2.png,D:\Retina\Retinal-Vessel-Segmentation-Benchmark-main\config\test_data\DualModal2019\masks\DualModal2019_A4_R2.png
SA-UNetv2,DualModal2019,DualModal2019_A5_R4,0.8316097300693384,0.8912482105956625,skimage.morphology.skeletonize,13932,12307,D:\Retina\Retinal-Vessel-Segmentation-Benchmark-main\Models_output\SA-UNnetv2\test_data\DualModal2019\pred_masks\DualModal2019_A5_R4.png,D:\Retina\Retinal-Vessel-Segmentation-Benchmark-main\config\test_data\DualModal2019\masks\DualModal2019_A5_R4.png
SA-UNetv2,DualModal2019,DualModal2019_A6_L2,0.8183849636071427,0.8675866306504901,skimage.morphology.skeletonize,13482,12129,D:\Retina\Retinal-Vessel-Segmentation-Benchmark-main\Models_output\SA-UNnetv2\test_data\DualModal2019\pred_masks\DualModal2019_A6_L2.png,D:\Retina\Retinal-Vessel-Segmentation-Benchmark-main\config\test_data\DualModal2019\masks\DualModal2019_A6_L2.png
SA-UNetv2,DualModal2019,DualModal2019_A6_R3,0.8013740853850041,0.865894369050663,skimage.morphology.skeletonize,14800,13144,D:\Retina\Retinal-Vessel-Segmentation-Benchmark-main\Models_output\SA-UNnetv2\test_data\DualModal2019\pred_masks\DualModal2019_A6_R3.png,D:\Retina\Retinal-Vessel-Segmentation-Benchmark-main\config\test_data\DualModal2019\masks\DualModal2019_A6_R3.png
SA-UNetv2,DualModal2019,DualModal2019_A7_L1,0.7819985686420343,0.8728603349241385,skimage.morphology.skeletonize,13810,13755,D:\Retina\Retinal-Vessel-Segmentation-Benchmark-main\Models_output\SA-UNnetv2\test_data\DualModal2019\pred_masks\DualModal2019_A7_L1.png,D:\Retina\Retinal-Vessel-Segmentation-Benchmark-main\config\test_data\DualModal2019\masks\DualModal2019_A7_L1.png
SA-UNetv2,DualModal2019,DualModal2019_A7_R1,0.7836579792744024,0.849406239703794,skimage.morphology.skeletonize,13517,11807,D:\Retina\Retinal-Vessel-Segmentation-Benchmark-main\Models_output\SA-UNnetv2\test_data\DualModal2019\pred_masks\DualModal2019_A7_R1.png,D:\Retina\Retinal-Vessel-Segmentation-Benchmark-main\config\test_data\DualModal2019\masks\DualModal2019_A7_R1.png
SA-UNetv2,DualModal2019,DualModal2019_C1_L4,0.8832154364307272,0.922745002913691,skimage.morphology.skeletonize,15215,14563,D:\Retina\Retinal-Vessel-Segmentation-Benchmark-main\Models_output\SA-UNnetv2\test_data\DualModal2019\pred_masks\DualModal2019_C1_L4.png,D:\Retina\Retinal-Vessel-Segmentation-Benchmark-main\config\test_data\DualModal2019\masks\DualModal2019_C1_L4.png
SA-UNetv2,DualModal2019,DualModal2019_C1_R4,0.8847784743103182,0.9330260460954959,skimage.morphology.skeletonize,15554,15668,D:\Retina\Retinal-Vessel-Segmentation-Benchmark-main\Models_output\SA-UNnetv2\test_data\DualModal2019\pred_masks\DualModal2019_C1_R4.png,D:\Retina\Retinal-Vessel-Segmentation-Benchmark-main\config\test_data\DualModal2019\masks\DualModal2019_C1_R4.png
SA-UNetv2,DualModal2019,DualModal2019_C2_L4,0.8614536823249453,0.8867502606092703,skimage.morphology.skeletonize,13576,12507,D:\Retina\Retinal-Vessel-Segmentation-Benchmark-main\Models_output\SA-UNnetv2\test_data\DualModal2019\pred_masks\DualModal2019_C2_L4.png,D:\Retina\Retinal-Vessel-Segmentation-Benchmark-main\config\test_data\DualModal2019\masks\DualModal2019_C2_L4.png
SA-UNetv2,DualModal2019,DualModal2019_C2_R3,0.8555724015594377,0.8987938913162005,skimage.morphology.skeletonize,15677,15211,D:\Retina\Retinal-Vessel-Segmentation-Benchmark-main\Models_output\SA-UNnetv2\test_data\DualModal2019\pred_masks\DualModal2019_C2_R3.png,D:\Retina\Retinal-Vessel-Segmentation-Benchmark-main\config\test_data\DualModal2019\masks\DualModal2019_C2_R3.png
SA-UNetv2,DualModal2019,DualModal2019_C3_L1,0.8063726320918194,0.8579838151328111,skimage.morphology.skeletonize,14462,12710,D:\Retina\Retinal-Vessel-Segmentation-Benchmark-main\Models_output\SA-UNnetv2\test_data\DualModal2019\pred_masks\DualModal2019_C3_L1.png,D:\Retina\Retinal-Vessel-Segmentation-Benchmark-main\config\test_data\DualModal2019\masks\DualModal2019_C3_L1.png
SA-UNetv2,DualModal2019,DualModal2019_C3_R1,0.8375208303195075,0.8750918558665012,skimage.morphology.skeletonize,14203,12896,D:\Retina\Retinal-Vessel-Segmentation-Benchmark-main\Models_output\SA-UNnetv2\test_data\DualModal2019\pred_masks\DualModal2019_C3_R1.png,D:\Retina\Retinal-Vessel-Segmentation-Benchmark-main\config\test_data\DualModal2019\masks\DualModal2019_C3_R1.png
SA-UNetv2,DualModal2019,DualModal2019_C4_L2,0.7825901817138727,0.8135827495465681,skimage.morphology.skeletonize,11776,11738,D:\Retina\Retinal-Vessel-Segmentation-Benchmark-main\Models_output\SA-UNnetv2\test_data\DualModal2019\pred_masks\DualModal2019_C4_L2.png,D:\Retina\Retinal-Vessel-Segmentation-Benchmark-main\config\test_data\DualModal2019\masks\DualModal2019_C4_L2.png
SA-UNetv2,DualModal2019,DualModal2019_C4_R2,0.781135778909272,0.7832399621847416,skimage.morphology.skeletonize,12667,11991,D:\Retina\Retinal-Vessel-Segmentation-Benchmark-main\Models_output\SA-UNnetv2\test_data\DualModal2019\pred_masks\DualModal2019_C4_R2.png,D:\Retina\Retinal-Vessel-Segmentation-Benchmark-main\config\test_data\DualModal2019\masks\DualModal2019_C4_R2.png
SA-UNetv2,DualModal2019,DualModal2019_C5_L1,0.8629903072722533,0.8945835090722666,skimage.morphology.skeletonize,15748,15245,D:\Retina\Retinal-Vessel-Segmentation-Benchmark-main\Models_output\SA-UNnetv2\test_data\DualModal2019\pred_masks\DualModal2019_C5_L1.png,D:\Retina\Retinal-Vessel-Segmentation-Benchmark-main\config\test_data\DualModal2019\masks\DualModal2019_C5_L1.png
SA-UNetv2,DualModal2019,DualModal2019_C5_R1,0.8451456545160689,0.8950002422495833,skimage.morphology.skeletonize,15924,14705,D:\Retina\Retinal-Vessel-Segmentation-Benchmark-main\Models_output\SA-UNnetv2\test_data\DualModal2019\pred_masks\DualModal2019_C5_R1.png,D:\Retina\Retinal-Vessel-Segmentation-Benchmark-main\config\test_data\DualModal2019\masks\DualModal2019_C5_R1.png
SA-UNetv2,DualModal2019,DualModal2019_C6_L2,0.8523286027753224,0.8767818881740368,skimage.morphology.skeletonize,13970,12986,D:\Retina\Retinal-Vessel-Segmentation-Benchmark-main\Models_output\SA-UNnetv2\test_data\DualModal2019\pred_masks\DualModal2019_C6_L2.png,D:\Retina\Retinal-Vessel-Segmentation-Benchmark-main\config\test_data\DualModal2019\masks\DualModal2019_C6_L2.png
SA-UNetv2,DualModal2019,DualModal2019_C6_R2,0.872918679312459,0.8935394247832066,skimage.morphology.skeletonize,14105,13255,D:\Retina\Retinal-Vessel-Segmentation-Benchmark-main\Models_output\SA-UNnetv2\test_data\DualModal2019\pred_masks\DualModal2019_C6_R2.png,D:\Retina\Retinal-Vessel-Segmentation-Benchmark-main\config\test_data\DualModal2019\masks\DualModal2019_C6_R2.png
SA-UNetv2,DualModal2019,DualModal2019_C7_L4,0.8649789280256547,0.9179365525366314,skimage.morphology.skeletonize,15869,15635,D:\Retina\Retinal-Vessel-Segmentation-Benchmark-main\Models_output\SA-UNnetv2\test_data\DualModal2019\pred_masks\DualModal2019_C7_L4.png,D:\Retina\Retinal-Vessel-Segmentation-Benchmark-main\config\test_data\DualModal2019\masks\DualModal2019_C7_L4.png
SA-UNetv2,DualModal2019,DualModal2019_C7_R3,0.8552266130527724,0.8963707055886089,skimage.morphology.skeletonize,16156,15490,D:\Retina\Retinal-Vessel-Segmentation-Benchmark-main\Models_output\SA-UNnetv2\test_data\DualModal2019\pred_masks\DualModal2019_C7_R3.png,D:\Retina\Retinal-Vessel-Segmentation-Benchmark-main\config\test_data\DualModal2019\masks\DualModal2019_C7_R3.png
SA-UNetv2,DualModal2019,DualModal2019_C8_L4,0.8459717370047901,0.8814464338399768,skimage.morphology.skeletonize,15854,14976,D:\Retina\Retinal-Vessel-Segmentation-Benchmark-main\Models_output\SA-UNnetv2\test_data\DualModal2019\pred_masks\DualModal2019_C8_L4.png,D:\Retina\Retinal-Vessel-Segmentation-Benchmark-main\config\test_data\DualModal2019\masks\DualModal2019_C8_L4.png
SA-UNetv2,DualModal2019,DualModal2019_C8_R2,0.8595981756690484,0.9036491308936198,skimage.morphology.skeletonize,16988,16073,D:\Retina\Retinal-Vessel-Segmentation-Benchmark-main\Models_output\SA-UNnetv2\test_data\DualModal2019\pred_masks\DualModal2019_C8_R2.png,D:\Retina\Retinal-Vessel-Segmentation-Benchmark-main\config\test_data\DualModal2019\masks\DualModal2019_C8_R2.png
SA-UNetv2,DualModal2019,DualModal2019_C9_L4,0.866242374744631,0.8845737077225648,skimage.morphology.skeletonize,14099,12465,D:\Retina\Retinal-Vessel-Segmentation-Benchmark-main\Models_output\SA-UNnetv2\test_data\DualModal2019\pred_masks\DualModal2019_C9_L4.png,D:\Retina\Retinal-Vessel-Segmentation-Benchmark-main\config\test_data\DualModal2019\masks\DualModal2019_C9_L4.png
SA-UNetv2,DualModal2019,DualModal2019_C9_R5,0.8746351161753919,0.8826279763572561,skimage.morphology.skeletonize,15168,13906,D:\Retina\Retinal-Vessel-Segmentation-Benchmark-main\Models_output\SA-UNnetv2\test_data\DualModal2019\pred_masks\DualModal2019_C9_R5.png,D:\Retina\Retinal-Vessel-Segmentation-Benchmark-main\config\test_data\DualModal2019\masks\DualModal2019_C9_R5.png
SA-UNetv2,HRF,01_dr,0.6851543271294803,0.4525359730241239,skimage.morphology.skeletonize,45064,53102,D:\Retina\Retinal-Vessel-Segmentation-Benchmark-main\Models_output\SA-UNnetv2\test_data\HRF\pred_masks\01_dr.png,D:\Retina\Retinal-Vessel-Segmentation-Benchmark-main\config\test_data\HRF\masks\01_dr.tif
SA-UNetv2,HRF,01_g,0.7274048595206688,0.49075810627541805,skimage.morphology.skeletonize,52105,71323,D:\Retina\Retinal-Vessel-Segmentation-Benchmark-main\Models_output\SA-UNnetv2\test_data\HRF\pred_masks\01_g.png,D:\Retina\Retinal-Vessel-Segmentation-Benchmark-main\config\test_data\HRF\masks\01_g.tif
SA-UNetv2,HRF,01_h,0.7855977224448101,0.6042416686992679,skimage.morphology.skeletonize,51344,75057,D:\Retina\Retinal-Vessel-Segmentation-Benchmark-main\Models_output\SA-UNnetv2\test_data\HRF\pred_masks\01_h.png,D:\Retina\Retinal-Vessel-Segmentation-Benchmark-main\config\test_data\HRF\masks\01_h.tif
SA-UNetv2,HRF,02_dr,0.7399547309673121,0.5111081968123088,skimage.morphology.skeletonize,47241,64021,D:\Retina\Retinal-Vessel-Segmentation-Benchmark-main\Models_output\SA-UNnetv2\test_data\HRF\pred_masks\02_dr.png,D:\Retina\Retinal-Vessel-Segmentation-Benchmark-main\config\test_data\HRF\masks\02_dr.tif
SA-UNetv2,HRF,02_g,0.7295062712663075,0.5139333111479052,skimage.morphology.skeletonize,50705,76330,D:\Retina\Retinal-Vessel-Segmentation-Benchmark-main\Models_output\SA-UNnetv2\test_data\HRF\pred_masks\02_g.png,D:\Retina\Retinal-Vessel-Segmentation-Benchmark-main\config\test_data\HRF\masks\02_g.tif
SA-UNetv2,HRF,02_h,0.8586645574310424,0.652020824576313,skimage.morphology.skeletonize,53706,67604,D:\Retina\Retinal-Vessel-Segmentation-Benchmark-main\Models_output\SA-UNnetv2\test_data\HRF\pred_masks\02_h.png,D:\Retina\Retinal-Vessel-Segmentation-Benchmark-main\config\test_data\HRF\masks\02_h.tif
SA-UNetv2,HRF,03_dr,0.7406541143433187,0.4917493106671885,skimage.morphology.skeletonize,38843,55601,D:\Retina\Retinal-Vessel-Segmentation-Benchmark-main\Models_output\SA-UNnetv2\test_data\HRF\pred_masks\03_dr.png,D:\Retina\Retinal-Vessel-Segmentation-Benchmark-main\config\test_data\HRF\masks\03_dr.tif
SA-UNetv2,HRF,03_g,0.7413015945825102,0.4840055668382472,skimage.morphology.skeletonize,42359,57667,D:\Retina\Retinal-Vessel-Segmentation-Benchmark-main\Models_output\SA-UNnetv2\test_data\HRF\pred_masks\03_g.png,D:\Retina\Retinal-Vessel-Segmentation-Benchmark-main\config\test_data\HRF\masks\03_g.tif
SA-UNetv2,HRF,03_h,0.8437971735021131,0.6303452460761586,skimage.morphology.skeletonize,53969,67984,D:\Retina\Retinal-Vessel-Segmentation-Benchmark-main\Models_output\SA-UNnetv2\test_data\HRF\pred_masks\03_h.png,D:\Retina\Retinal-Vessel-Segmentation-Benchmark-main\config\test_data\HRF\masks\03_h.tif
SA-UNetv2,HRF,04_dr,0.7124021451984918,0.4658628258433914,skimage.morphology.skeletonize,35201,54943,D:\Retina\Retinal-Vessel-Segmentation-Benchmark-main\Models_output\SA-UNnetv2\test_data\HRF\pred_masks\04_dr.png,D:\Retina\Retinal-Vessel-Segmentation-Benchmark-main\config\test_data\HRF\masks\04_dr.tif
SA-UNetv2,HRF,04_g,0.7654165182887633,0.5248340571146403,skimage.morphology.skeletonize,45860,62895,D:\Retina\Retinal-Vessel-Segmentation-Benchmark-main\Models_output\SA-UNnetv2\test_data\HRF\pred_masks\04_g.png,D:\Retina\Retinal-Vessel-Segmentation-Benchmark-main\config\test_data\HRF\masks\04_g.tif
SA-UNetv2,HRF,04_h,0.8397717312700789,0.6148334689630445,skimage.morphology.skeletonize,52425,65210,D:\Retina\Retinal-Vessel-Segmentation-Benchmark-main\Models_output\SA-UNnetv2\test_data\HRF\pred_masks\04_h.png,D:\Retina\Retinal-Vessel-Segmentation-Benchmark-main\config\test_data\HRF\masks\04_h.tif
SA-UNetv2,HRF,05_dr,0.779252998222935,0.5713871158350856,skimage.morphology.skeletonize,49608,64710,D:\Retina\Retinal-Vessel-Segmentation-Benchmark-main\Models_output\SA-UNnetv2\test_data\HRF\pred_masks\05_dr.png,D:\Retina\Retinal-Vessel-Segmentation-Benchmark-main\config\test_data\HRF\masks\05_dr.tif
SA-UNetv2,HRF,05_g,0.7656681933181352,0.5750161208096286,skimage.morphology.skeletonize,45554,61795,D:\Retina\Retinal-Vessel-Segmentation-Benchmark-main\Models_output\SA-UNnetv2\test_data\HRF\pred_masks\05_g.png,D:\Retina\Retinal-Vessel-Segmentation-Benchmark-main\config\test_data\HRF\masks\05_g.tif
SA-UNetv2,HRF,05_h,0.8453067077685236,0.639524643372241,skimage.morphology.skeletonize,48790,63141,D:\Retina\Retinal-Vessel-Segmentation-Benchmark-main\Models_output\SA-UNnetv2\test_data\HRF\pred_masks\05_h.png,D:\Retina\Retinal-Vessel-Segmentation-Benchmark-main\config\test_data\HRF\masks\05_h.tif
SA-UNetv2,HRF,06_dr,0.6438449381312448,0.43872531638780293,skimage.morphology.skeletonize,47734,83932,D:\Retina\Retinal-Vessel-Segmentation-Benchmark-main\Models_output\SA-UNnetv2\test_data\HRF\pred_masks\06_dr.png,D:\Retina\Retinal-Vessel-Segmentation-Benchmark-main\config\test_data\HRF\masks\06_dr.tif
SA-UNetv2,HRF,06_g,0.7761037137466472,0.5783164461535576,skimage.morphology.skeletonize,46587,64338,D:\Retina\Retinal-Vessel-Segmentation-Benchmark-main\Models_output\SA-UNnetv2\test_data\HRF\pred_masks\06_g.png,D:\Retina\Retinal-Vessel-Segmentation-Benchmark-main\config\test_data\HRF\masks\06_g.tif
SA-UNetv2,HRF,06_h,0.829395548236361,0.6547552515774326,skimage.morphology.skeletonize,57069,77405,D:\Retina\Retinal-Vessel-Segmentation-Benchmark-main\Models_output\SA-UNnetv2\test_data\HRF\pred_masks\06_h.png,D:\Retina\Retinal-Vessel-Segmentation-Benchmark-main\config\test_data\HRF\masks\06_h.tif
SA-UNetv2,HRF,07_dr,0.7687730294017275,0.518443501719482,skimage.morphology.skeletonize,52395,70258,D:\Retina\Retinal-Vessel-Segmentation-Benchmark-main\Models_output\SA-UNnetv2\test_data\HRF\pred_masks\07_dr.png,D:\Retina\Retinal-Vessel-Segmentation-Benchmark-main\config\test_data\HRF\masks\07_dr.tif
SA-UNetv2,HRF,07_g,0.7432846412576415,0.5815318901330607,skimage.morphology.skeletonize,46601,69113,D:\Retina\Retinal-Vessel-Segmentation-Benchmark-main\Models_output\SA-UNnetv2\test_data\HRF\pred_masks\07_g.png,D:\Retina\Retinal-Vessel-Segmentation-Benchmark-main\config\test_data\HRF\masks\07_g.tif
SA-UNetv2,HRF,07_h,0.8549201079939273,0.6577973537522961,skimage.morphology.skeletonize,51019,63508,D:\Retina\Retinal-Vessel-Segmentation-Benchmark-main\Models_output\SA-UNnetv2\test_data\HRF\pred_masks\07_h.png,D:\Retina\Retinal-Vessel-Segmentation-Benchmark-main\config\test_data\HRF\masks\07_h.tif
SA-UNetv2,HRF,08_dr,0.7594444326591384,0.5262086035166772,skimage.morphology.skeletonize,48631,70585,D:\Retina\Retinal-Vessel-Segmentation-Benchmark-main\Models_output\SA-UNnetv2\test_data\HRF\pred_masks\08_dr.png,D:\Retina\Retinal-Vessel-Segmentation-Benchmark-main\config\test_data\HRF\masks\08_dr.tif
SA-UNetv2,HRF,08_g,0.7595550907126757,0.5922584126296018,skimage.morphology.skeletonize,51264,73820,D:\Retina\Retinal-Vessel-Segmentation-Benchmark-main\Models_output\SA-UNnetv2\test_data\HRF\pred_masks\08_g.png,D:\Retina\Retinal-Vessel-Segmentation-Benchmark-main\config\test_data\HRF\masks\08_g.tif
SA-UNetv2,HRF,08_h,0.8281707087287531,0.6257276858033729,skimage.morphology.skeletonize,52221,70976,D:\Retina\Retinal-Vessel-Segmentation-Benchmark-main\Models_output\SA-UNnetv2\test_data\HRF\pred_masks\08_h.png,D:\Retina\Retinal-Vessel-Segmentation-Benchmark-main\config\test_data\HRF\masks\08_h.tif
SA-UNetv2,HRF,09_dr,0.7092377180165029,0.41748617669855925,skimage.morphology.skeletonize,41375,61339,D:\Retina\Retinal-Vessel-Segmentation-Benchmark-main\Models_output\SA-UNnetv2\test_data\HRF\pred_masks\09_dr.png,D:\Retina\Retinal-Vessel-Segmentation-Benchmark-main\config\test_data\HRF\masks\09_dr.tif
SA-UNetv2,HRF,09_g,0.7643824688105114,0.598718461963331,skimage.morphology.skeletonize,49731,71488,D:\Retina\Retinal-Vessel-Segmentation-Benchmark-main\Models_output\SA-UNnetv2\test_data\HRF\pred_masks\09_g.png,D:\Retina\Retinal-Vessel-Segmentation-Benchmark-main\config\test_data\HRF\masks\09_g.tif
SA-UNetv2,HRF,09_h,0.767736232912247,0.5961143480350137,skimage.morphology.skeletonize,45430,64372,D:\Retina\Retinal-Vessel-Segmentation-Benchmark-main\Models_output\SA-UNnetv2\test_data\HRF\pred_masks\09_h.png,D:\Retina\Retinal-Vessel-Segmentation-Benchmark-main\config\test_data\HRF\masks\09_h.tif
SA-UNetv2,HRF,10_dr,0.7759860866542001,0.5078813139604984,skimage.morphology.skeletonize,57758,76585,D:\Retina\Retinal-Vessel-Segmentation-Benchmark-main\Models_output\SA-UNnetv2\test_data\HRF\pred_masks\10_dr.png,D:\Retina\Retinal-Vessel-Segmentation-Benchmark-main\config\test_data\HRF\masks\10_dr.tif
SA-UNetv2,HRF,10_g,0.7580696890492342,0.5810542759876437,skimage.morphology.skeletonize,49513,70136,D:\Retina\Retinal-Vessel-Segmentation-Benchmark-main\Models_output\SA-UNnetv2\test_data\HRF\pred_masks\10_g.png,D:\Retina\Retinal-Vessel-Segmentation-Benchmark-main\config\test_data\HRF\masks\10_g.tif
SA-UNetv2,HRF,10_h,0.7650071163409993,0.6215391175374892,skimage.morphology.skeletonize,49501,72811,D:\Retina\Retinal-Vessel-Segmentation-Benchmark-main\Models_output\SA-UNnetv2\test_data\HRF\pred_masks\10_h.png,D:\Retina\Retinal-Vessel-Segmentation-Benchmark-main\config\test_data\HRF\masks\10_h.tif
SA-UNetv2,HRF,11_dr,0.7780640998288118,0.5404715323287484,skimage.morphology.skeletonize,56491,78981,D:\Retina\Retinal-Vessel-Segmentation-Benchmark-main\Models_output\SA-UNnetv2\test_data\HRF\pred_masks\11_dr.png,D:\Retina\Retinal-Vessel-Segmentation-Benchmark-main\config\test_data\HRF\masks\11_dr.tif
SA-UNetv2,HRF,11_g,0.7560358760969728,0.536467031797428,skimage.morphology.skeletonize,50954,75571,D:\Retina\Retinal-Vessel-Segmentation-Benchmark-main\Models_output\SA-UNnetv2\test_data\HRF\pred_masks\11_g.png,D:\Retina\Retinal-Vessel-Segmentation-Benchmark-main\config\test_data\HRF\masks\11_g.tif
SA-UNetv2,HRF,11_h,0.8856306426482177,0.7437517839789706,skimage.morphology.skeletonize,53576,63941,D:\Retina\Retinal-Vessel-Segmentation-Benchmark-main\Models_output\SA-UNnetv2\test_data\HRF\pred_masks\11_h.png,D:\Retina\Retinal-Vessel-Segmentation-Benchmark-main\config\test_data\HRF\masks\11_h.tif
SA-UNetv2,HRF,12_dr,0.7141779191011668,0.5034160077847177,skimage.morphology.skeletonize,47375,71856,D:\Retina\Retinal-Vessel-Segmentation-Benchmark-main\Models_output\SA-UNnetv2\test_data\HRF\pred_masks\12_dr.png,D:\Retina\Retinal-Vessel-Segmentation-Benchmark-main\config\test_data\HRF\masks\12_dr.tif
SA-UNetv2,HRF,12_g,0.7494723136481923,0.5652204570584416,skimage.morphology.skeletonize,54888,83473,D:\Retina\Retinal-Vessel-Segmentation-Benchmark-main\Models_output\SA-UNnetv2\test_data\HRF\pred_masks\12_g.png,D:\Retina\Retinal-Vessel-Segmentation-Benchmark-main\config\test_data\HRF\masks\12_g.tif
SA-UNetv2,HRF,12_h,0.8773043185438365,0.7448876267804712,skimage.morphology.skeletonize,56598,67859,D:\Retina\Retinal-Vessel-Segmentation-Benchmark-main\Models_output\SA-UNnetv2\test_data\HRF\pred_masks\12_h.png,D:\Retina\Retinal-Vessel-Segmentation-Benchmark-main\config\test_data\HRF\masks\12_h.tif
SA-UNetv2,HRF,13_dr,0.7383920031626701,0.5010232318236101,skimage.morphology.skeletonize,45824,64820,D:\Retina\Retinal-Vessel-Segmentation-Benchmark-main\Models_output\SA-UNnetv2\test_data\HRF\pred_masks\13_dr.png,D:\Retina\Retinal-Vessel-Segmentation-Benchmark-main\config\test_data\HRF\masks\13_dr.tif
SA-UNetv2,HRF,13_g,0.7437355239691167,0.5105905157267496,skimage.morphology.skeletonize,50370,73060,D:\Retina\Retinal-Vessel-Segmentation-Benchmark-main\Models_output\SA-UNnetv2\test_data\HRF\pred_masks\13_g.png,D:\Retina\Retinal-Vessel-Segmentation-Benchmark-main\config\test_data\HRF\masks\13_g.tif
SA-UNetv2,HRF,13_h,0.8811968475416666,0.7588711838441463,skimage.morphology.skeletonize,54825,60696,D:\Retina\Retinal-Vessel-Segmentation-Benchmark-main\Models_output\SA-UNnetv2\test_data\HRF\pred_masks\13_h.png,D:\Retina\Retinal-Vessel-Segmentation-Benchmark-main\config\test_data\HRF\masks\13_h.tif
SA-UNetv2,HRF,14_dr,0.7198247028267124,0.4905756932111305,skimage.morphology.skeletonize,49854,77365,D:\Retina\Retinal-Vessel-Segmentation-Benchmark-main\Models_output\SA-UNnetv2\test_data\HRF\pred_masks\14_dr.png,D:\Retina\Retinal-Vessel-Segmentation-Benchmark-main\config\test_data\HRF\masks\14_dr.tif
SA-UNetv2,HRF,14_g,0.7292812577424055,0.48819122369727064,skimage.morphology.skeletonize,51100,73554,D:\Retina\Retinal-Vessel-Segmentation-Benchmark-main\Models_output\SA-UNnetv2\test_data\HRF\pred_masks\14_g.png,D:\Retina\Retinal-Vessel-Segmentation-Benchmark-main\config\test_data\HRF\masks\14_g.tif
SA-UNetv2,HRF,14_h,0.8746102484542126,0.7484199284963817,skimage.morphology.skeletonize,54456,63512,D:\Retina\Retinal-Vessel-Segmentation-Benchmark-main\Models_output\SA-UNnetv2\test_data\HRF\pred_masks\14_h.png,D:\Retina\Retinal-Vessel-Segmentation-Benchmark-main\config\test_data\HRF\masks\14_h.tif
SA-UNetv2,HRF,15_dr,0.7362868452860517,0.49199369645931373,skimage.morphology.skeletonize,46624,59201,D:\Retina\Retinal-Vessel-Segmentation-Benchmark-main\Models_output\SA-UNnetv2\test_data\HRF\pred_masks\15_dr.png,D:\Retina\Retinal-Vessel-Segmentation-Benchmark-main\config\test_data\HRF\masks\15_dr.tif
SA-UNetv2,HRF,15_g,0.7202807351123641,0.46345810974414614,skimage.morphology.skeletonize,49961,71868,D:\Retina\Retinal-Vessel-Segmentation-Benchmark-main\Models_output\SA-UNnetv2\test_data\HRF\pred_masks\15_g.png,D:\Retina\Retinal-Vessel-Segmentation-Benchmark-main\config\test_data\HRF\masks\15_g.tif
SA-UNetv2,HRF,15_h,0.9060337973732644,0.7971996443106036,skimage.morphology.skeletonize,49318,57949,D:\Retina\Retinal-Vessel-Segmentation-Benchmark-main\Models_output\SA-UNnetv2\test_data\HRF\pred_masks\15_h.png,D:\Retina\Retinal-Vessel-Segmentation-Benchmark-main\config\test_data\HRF\masks\15_h.tif
SA-UNetv2,LES,111,0.7504084914037291,0.6626149033730299,skimage.morphology.skeletonize,13013,14423,D:\Retina\Retinal-Vessel-Segmentation-Benchmark-main\Models_output\SA-UNnetv2\test_data\LES\pred_masks\111.png,D:\Retina\Retinal-Vessel-Segmentation-Benchmark-main\config\test_data\LES\masks\111.png
SA-UNetv2,LES,119,0.7469396308078933,0.7190104268031717,skimage.morphology.skeletonize,17104,14280,D:\Retina\Retinal-Vessel-Segmentation-Benchmark-main\Models_output\SA-UNnetv2\test_data\LES\pred_masks\119.png,D:\Retina\Retinal-Vessel-Segmentation-Benchmark-main\config\test_data\LES\masks\119.png
SA-UNetv2,LES,12,0.8640786750365128,0.8199899697084613,skimage.morphology.skeletonize,15130,16580,D:\Retina\Retinal-Vessel-Segmentation-Benchmark-main\Models_output\SA-UNnetv2\test_data\LES\pred_masks\12.png,D:\Retina\Retinal-Vessel-Segmentation-Benchmark-main\config\test_data\LES\masks\12.png
SA-UNetv2,LES,15,0.848679423607256,0.7386931023570341,skimage.morphology.skeletonize,12500,13859,D:\Retina\Retinal-Vessel-Segmentation-Benchmark-main\Models_output\SA-UNnetv2\test_data\LES\pred_masks\15.png,D:\Retina\Retinal-Vessel-Segmentation-Benchmark-main\config\test_data\LES\masks\15.png
SA-UNetv2,LES,224,0.8900329711348466,0.8481501365278782,skimage.morphology.skeletonize,16888,18430,D:\Retina\Retinal-Vessel-Segmentation-Benchmark-main\Models_output\SA-UNnetv2\test_data\LES\pred_masks\224.png,D:\Retina\Retinal-Vessel-Segmentation-Benchmark-main\config\test_data\LES\masks\224.png
SA-UNetv2,LES,240,0.8782846517769292,0.8162499726418918,skimage.morphology.skeletonize,13949,13487,D:\Retina\Retinal-Vessel-Segmentation-Benchmark-main\Models_output\SA-UNnetv2\test_data\LES\pred_masks\240.png,D:\Retina\Retinal-Vessel-Segmentation-Benchmark-main\config\test_data\LES\masks\240.png
SA-UNetv2,LES,275,0.8356375224919905,0.7658336659703981,skimage.morphology.skeletonize,14498,14568,D:\Retina\Retinal-Vessel-Segmentation-Benchmark-main\Models_output\SA-UNnetv2\test_data\LES\pred_masks\275.png,D:\Retina\Retinal-Vessel-Segmentation-Benchmark-main\config\test_data\LES\masks\275.png
SA-UNetv2,LES,279,0.8986227352633879,0.7753639815227497,skimage.morphology.skeletonize,16133,17366,D:\Retina\Retinal-Vessel-Segmentation-Benchmark-main\Models_output\SA-UNnetv2\test_data\LES\pred_masks\279.png,D:\Retina\Retinal-Vessel-Segmentation-Benchmark-main\config\test_data\LES\masks\279.png
SA-UNetv2,LES,304,0.8120458520507569,0.6433869861753486,skimage.morphology.skeletonize,10069,9348,D:\Retina\Retinal-Vessel-Segmentation-Benchmark-main\Models_output\SA-UNnetv2\test_data\LES\pred_masks\304.png,D:\Retina\Retinal-Vessel-Segmentation-Benchmark-main\config\test_data\LES\masks\304.png
SA-UNetv2,LES,318,0.8982101331555208,0.8047252160606285,skimage.morphology.skeletonize,13682,14235,D:\Retina\Retinal-Vessel-Segmentation-Benchmark-main\Models_output\SA-UNnetv2\test_data\LES\pred_masks\318.png,D:\Retina\Retinal-Vessel-Segmentation-Benchmark-main\config\test_data\LES\masks\318.png
SA-UNetv2,LES,33,0.8421180595042489,0.786037670065942,skimage.morphology.skeletonize,16708,20349,D:\Retina\Retinal-Vessel-Segmentation-Benchmark-main\Models_output\SA-UNnetv2\test_data\LES\pred_masks\33.png,D:\Retina\Retinal-Vessel-Segmentation-Benchmark-main\config\test_data\LES\masks\33.png
SA-UNetv2,LES,34,0.8231848052258057,0.7278407054223845,skimage.morphology.skeletonize,26193,31603,D:\Retina\Retinal-Vessel-Segmentation-Benchmark-main\Models_output\SA-UNnetv2\test_data\LES\pred_masks\34.png,D:\Retina\Retinal-Vessel-Segmentation-Benchmark-main\config\test_data\LES\masks\34.png
SA-UNetv2,LES,367,0.8885238466036752,0.8449732744906768,skimage.morphology.skeletonize,14947,15054,D:\Retina\Retinal-Vessel-Segmentation-Benchmark-main\Models_output\SA-UNnetv2\test_data\LES\pred_masks\367.png,D:\Retina\Retinal-Vessel-Segmentation-Benchmark-main\config\test_data\LES\masks\367.png
SA-UNetv2,LES,37,0.8869354667619335,0.8062064377642483,skimage.morphology.skeletonize,16909,18851,D:\Retina\Retinal-Vessel-Segmentation-Benchmark-main\Models_output\SA-UNnetv2\test_data\LES\pred_masks\37.png,D:\Retina\Retinal-Vessel-Segmentation-Benchmark-main\config\test_data\LES\masks\37.png
SA-UNetv2,LES,370,0.8527917752637416,0.7877355261119138,skimage.morphology.skeletonize,13459,13031,D:\Retina\Retinal-Vessel-Segmentation-Benchmark-main\Models_output\SA-UNnetv2\test_data\LES\pred_masks\370.png,D:\Retina\Retinal-Vessel-Segmentation-Benchmark-main\config\test_data\LES\masks\370.png
SA-UNetv2,LES,42,0.8788878072530089,0.8364470353821113,skimage.morphology.skeletonize,14696,16271,D:\Retina\Retinal-Vessel-Segmentation-Benchmark-main\Models_output\SA-UNnetv2\test_data\LES\pred_masks\42.png,D:\Retina\Retinal-Vessel-Segmentation-Benchmark-main\config\test_data\LES\masks\42.png
SA-UNetv2,LES,486,0.8630912307213031,0.7609984744821005,skimage.morphology.skeletonize,13233,12854,D:\Retina\Retinal-Vessel-Segmentation-Benchmark-main\Models_output\SA-UNnetv2\test_data\LES\pred_masks\486.png,D:\Retina\Retinal-Vessel-Segmentation-Benchmark-main\config\test_data\LES\masks\486.png
SA-UNetv2,LES,49,0.8383421479491274,0.7705898372613688,skimage.morphology.skeletonize,13991,16658,D:\Retina\Retinal-Vessel-Segmentation-Benchmark-main\Models_output\SA-UNnetv2\test_data\LES\pred_masks\49.png,D:\Retina\Retinal-Vessel-Segmentation-Benchmark-main\config\test_data\LES\masks\49.png
SA-UNetv2,LES,529,0.8297068604437292,0.6803589043940729,skimage.morphology.skeletonize,11779,11882,D:\Retina\Retinal-Vessel-Segmentation-Benchmark-main\Models_output\SA-UNnetv2\test_data\LES\pred_masks\529.png,D:\Retina\Retinal-Vessel-Segmentation-Benchmark-main\config\test_data\LES\masks\529.png
SA-UNetv2,LES,53,0.8728488570657619,0.8205266275602819,skimage.morphology.skeletonize,16090,18584,D:\Retina\Retinal-Vessel-Segmentation-Benchmark-main\Models_output\SA-UNnetv2\test_data\LES\pred_masks\53.png,D:\Retina\Retinal-Vessel-Segmentation-Benchmark-main\config\test_data\LES\masks\53.png
SA-UNetv2,LES,586,0.8677619052304738,0.7805986385222848,skimage.morphology.skeletonize,16572,15979,D:\Retina\Retinal-Vessel-Segmentation-Benchmark-main\Models_output\SA-UNnetv2\test_data\LES\pred_masks\586.png,D:\Retina\Retinal-Vessel-Segmentation-Benchmark-main\config\test_data\LES\masks\586.png
SA-UNetv2,LES,90,0.8775388997965197,0.7579781750622538,skimage.morphology.skeletonize,13185,15621,D:\Retina\Retinal-Vessel-Segmentation-Benchmark-main\Models_output\SA-UNnetv2\test_data\LES\pred_masks\90.png,D:\Retina\Retinal-Vessel-Segmentation-Benchmark-main\config\test_data\LES\masks\90.png
SA-UNetv2,STARE,im0001,0.854588013819887,0.8899968413310163,skimage.morphology.skeletonize,8616,7687,D:\Retina\Retinal-Vessel-Segmentation-Benchmark-main\Models_output\SA-UNnetv2\test_data\STARE\pred_masks\im0001.png,D:\Retina\Retinal-Vessel-Segmentation-Benchmark-main\config\test_data\STARE\masks\im0001.png
SA-UNetv2,STARE,im0002,0.865658184134218,0.8932891193144029,skimage.morphology.skeletonize,6727,7130,D:\Retina\Retinal-Vessel-Segmentation-Benchmark-main\Models_output\SA-UNnetv2\test_data\STARE\pred_masks\im0002.png,D:\Retina\Retinal-Vessel-Segmentation-Benchmark-main\config\test_data\STARE\masks\im0002.png
SA-UNetv2,STARE,im0003,0.8045677425650284,0.8509995865457111,skimage.morphology.skeletonize,6726,6012,D:\Retina\Retinal-Vessel-Segmentation-Benchmark-main\Models_output\SA-UNnetv2\test_data\STARE\pred_masks\im0003.png,D:\Retina\Retinal-Vessel-Segmentation-Benchmark-main\config\test_data\STARE\masks\im0003.png
SA-UNetv2,STARE,im0004,0.8179237782244113,0.826144392443138,skimage.morphology.skeletonize,7331,5883,D:\Retina\Retinal-Vessel-Segmentation-Benchmark-main\Models_output\SA-UNnetv2\test_data\STARE\pred_masks\im0004.png,D:\Retina\Retinal-Vessel-Segmentation-Benchmark-main\config\test_data\STARE\masks\im0004.png
SA-UNetv2,STARE,im0005,0.7665305535386364,0.7866017327873863,skimage.morphology.skeletonize,10904,7339,D:\Retina\Retinal-Vessel-Segmentation-Benchmark-main\Models_output\SA-UNnetv2\test_data\STARE\pred_masks\im0005.png,D:\Retina\Retinal-Vessel-Segmentation-Benchmark-main\config\test_data\STARE\masks\im0005.png
SA-UNetv2,STARE,im0044,0.8315595430499282,0.8767728715802685,skimage.morphology.skeletonize,8079,6614,D:\Retina\Retinal-Vessel-Segmentation-Benchmark-main\Models_output\SA-UNnetv2\test_data\STARE\pred_masks\im0044.png,D:\Retina\Retinal-Vessel-Segmentation-Benchmark-main\config\test_data\STARE\masks\im0044.png
SA-UNetv2,STARE,im0077,0.8532591329537684,0.9058755400945537,skimage.morphology.skeletonize,9817,8586,D:\Retina\Retinal-Vessel-Segmentation-Benchmark-main\Models_output\SA-UNnetv2\test_data\STARE\pred_masks\im0077.png,D:\Retina\Retinal-Vessel-Segmentation-Benchmark-main\config\test_data\STARE\masks\im0077.png
SA-UNetv2,STARE,im0081,0.8450922774411441,0.894986260104809,skimage.morphology.skeletonize,9569,8054,D:\Retina\Retinal-Vessel-Segmentation-Benchmark-main\Models_output\SA-UNnetv2\test_data\STARE\pred_masks\im0081.png,D:\Retina\Retinal-Vessel-Segmentation-Benchmark-main\config\test_data\STARE\masks\im0081.png
SA-UNetv2,STARE,im0082,0.8734887114724934,0.9287531521998705,skimage.morphology.skeletonize,9226,8757,D:\Retina\Retinal-Vessel-Segmentation-Benchmark-main\Models_output\SA-UNnetv2\test_data\STARE\pred_masks\im0082.png,D:\Retina\Retinal-Vessel-Segmentation-Benchmark-main\config\test_data\STARE\masks\im0082.png
SA-UNetv2,STARE,im0139,0.8496628942168646,0.8962925147449007,skimage.morphology.skeletonize,8993,8549,D:\Retina\Retinal-Vessel-Segmentation-Benchmark-main\Models_output\SA-UNnetv2\test_data\STARE\pred_masks\im0139.png,D:\Retina\Retinal-Vessel-Segmentation-Benchmark-main\config\test_data\STARE\masks\im0139.png
SA-UNetv2,STARE,im0162,0.8791224618194885,0.9381405432671631,skimage.morphology.skeletonize,10371,10720,D:\Retina\Retinal-Vessel-Segmentation-Benchmark-main\Models_output\SA-UNnetv2\test_data\STARE\pred_masks\im0162.png,D:\Retina\Retinal-Vessel-Segmentation-Benchmark-main\config\test_data\STARE\masks\im0162.png
SA-UNetv2,STARE,im0163,0.8933441147885255,0.935258467902683,skimage.morphology.skeletonize,8949,8302,D:\Retina\Retinal-Vessel-Segmentation-Benchmark-main\Models_output\SA-UNnetv2\test_data\STARE\pred_masks\im0163.png,D:\Retina\Retinal-Vessel-Segmentation-Benchmark-main\config\test_data\STARE\masks\im0163.png
SA-UNetv2,STARE,im0235,0.874323053206948,0.9286887309965624,skimage.morphology.skeletonize,8934,8640,D:\Retina\Retinal-Vessel-Segmentation-Benchmark-main\Models_output\SA-UNnetv2\test_data\STARE\pred_masks\im0235.png,D:\Retina\Retinal-Vessel-Segmentation-Benchmark-main\config\test_data\STARE\masks\im0235.png
SA-UNetv2,STARE,im0236,0.8801444476066022,0.9153673415641463,skimage.morphology.skeletonize,8864,8518,D:\Retina\Retinal-Vessel-Segmentation-Benchmark-main\Models_output\SA-UNnetv2\test_data\STARE\pred_masks\im0236.png,D:\Retina\Retinal-Vessel-Segmentation-Benchmark-main\config\test_data\STARE\masks\im0236.png
SA-UNetv2,STARE,im0239,0.8403519175471066,0.8946389849920188,skimage.morphology.skeletonize,9540,8829,D:\Retina\Retinal-Vessel-Segmentation-Benchmark-main\Models_output\SA-UNnetv2\test_data\STARE\pred_masks\im0239.png,D:\Retina\Retinal-Vessel-Segmentation-Benchmark-main\config\test_data\STARE\masks\im0239.png
SA-UNetv2,STARE,im0240,0.849239159999033,0.8701016799196796,skimage.morphology.skeletonize,9466,7763,D:\Retina\Retinal-Vessel-Segmentation-Benchmark-main\Models_output\SA-UNnetv2\test_data\STARE\pred_masks\im0240.png,D:\Retina\Retinal-Vessel-Segmentation-Benchmark-main\config\test_data\STARE\masks\im0240.png
SA-UNetv2,STARE,im0255,0.8865031310279446,0.9228895741801457,skimage.morphology.skeletonize,10462,10617,D:\Retina\Retinal-Vessel-Segmentation-Benchmark-main\Models_output\SA-UNnetv2\test_data\STARE\pred_masks\im0255.png,D:\Retina\Retinal-Vessel-Segmentation-Benchmark-main\config\test_data\STARE\masks\im0255.png
SA-UNetv2,STARE,im0291,0.8814435629942665,0.9176301809439906,skimage.morphology.skeletonize,5111,5054,D:\Retina\Retinal-Vessel-Segmentation-Benchmark-main\Models_output\SA-UNnetv2\test_data\STARE\pred_masks\im0291.png,D:\Retina\Retinal-Vessel-Segmentation-Benchmark-main\config\test_data\STARE\masks\im0291.png
SA-UNetv2,STARE,im0319,0.7782009382805919,0.8539523307751969,skimage.morphology.skeletonize,5866,4669,D:\Retina\Retinal-Vessel-Segmentation-Benchmark-main\Models_output\SA-UNnetv2\test_data\STARE\pred_masks\im0319.png,D:\Retina\Retinal-Vessel-Segmentation-Benchmark-main\config\test_data\STARE\masks\im0319.png
SA-UNetv2,STARE,im0324,0.7919848126852636,0.810351157098401,skimage.morphology.skeletonize,6637,5192,D:\Retina\Retinal-Vessel-Segmentation-Benchmark-main\Models_output\SA-UNnetv2\test_data\STARE\pred_masks\im0324.png,D:\Retina\Retinal-Vessel-Segmentation-Benchmark-main\config\test_data\STARE\masks\im0324.png
GAVE,AFIO,IM000001,0.7240124463687466,0.6423399655945877,skimage.morphology.skeletonize,11503,16917,D:\Retina\Retinal-Vessel-Segmentation-Benchmark-main\Models_output\gave\test_data\AFIO\pred_masks\IM000001.png,D:\Retina\Retinal-Vessel-Segmentation-Benchmark-main\config\test_data\AFIO\masks\IM000001.png
GAVE,AFIO,IM000004,0.7469643531331923,0.7091551211592064,skimage.morphology.skeletonize,10903,14456,D:\Retina\Retinal-Vessel-Segmentation-Benchmark-main\Models_output\gave\test_data\AFIO\pred_masks\IM000004.png,D:\Retina\Retinal-Vessel-Segmentation-Benchmark-main\config\test_data\AFIO\masks\IM000004.png
GAVE,AFIO,IM000023,0.6587203015578575,0.5547480046404165,skimage.morphology.skeletonize,7129,9796,D:\Retina\Retinal-Vessel-Segmentation-Benchmark-main\Models_output\gave\test_data\AFIO\pred_masks\IM000023.png,D:\Retina\Retinal-Vessel-Segmentation-Benchmark-main\config\test_data\AFIO\masks\IM000023.png
GAVE,AFIO,IM000024,0.6536885280983634,0.6101304153512443,skimage.morphology.skeletonize,8101,13209,D:\Retina\Retinal-Vessel-Segmentation-Benchmark-main\Models_output\gave\test_data\AFIO\pred_masks\IM000024.png,D:\Retina\Retinal-Vessel-Segmentation-Benchmark-main\config\test_data\AFIO\masks\IM000024.png
GAVE,AFIO,IM000135,0.655162621265356,0.6148061884640621,skimage.morphology.skeletonize,13759,25235,D:\Retina\Retinal-Vessel-Segmentation-Benchmark-main\Models_output\gave\test_data\AFIO\pred_masks\IM000135.png,D:\Retina\Retinal-Vessel-Segmentation-Benchmark-main\config\test_data\AFIO\masks\IM000135.png
GAVE,AFIO,IM000136,0.7539192586632798,0.679257440363742,skimage.morphology.skeletonize,13292,18592,D:\Retina\Retinal-Vessel-Segmentation-Benchmark-main\Models_output\gave\test_data\AFIO\pred_masks\IM000136.png,D:\Retina\Retinal-Vessel-Segmentation-Benchmark-main\config\test_data\AFIO\masks\IM000136.png
GAVE,AFIO,IM000167,0.7164395939737178,0.6621401486890215,skimage.morphology.skeletonize,9605,14133,D:\Retina\Retinal-Vessel-Segmentation-Benchmark-main\Models_output\gave\test_data\AFIO\pred_masks\IM000167.png,D:\Retina\Retinal-Vessel-Segmentation-Benchmark-main\config\test_data\AFIO\masks\IM000167.png
GAVE,AFIO,IM000168,0.7356371184140427,0.6884192127772644,skimage.morphology.skeletonize,12104,17424,D:\Retina\Retinal-Vessel-Segmentation-Benchmark-main\Models_output\gave\test_data\AFIO\pred_masks\IM000168.png,D:\Retina\Retinal-Vessel-Segmentation-Benchmark-main\config\test_data\AFIO\masks\IM000168.png
GAVE,AFIO,IM000189,0.6052797219389311,0.5653336356251324,skimage.morphology.skeletonize,10348,17549,D:\Retina\Retinal-Vessel-Segmentation-Benchmark-main\Models_output\gave\test_data\AFIO\pred_masks\IM000189.png,D:\Retina\Retinal-Vessel-Segmentation-Benchmark-main\config\test_data\AFIO\masks\IM000189.png
GAVE,AFIO,IM000209,0.7039630011556258,0.6464925777060164,skimage.morphology.skeletonize,8206,11828,D:\Retina\Retinal-Vessel-Segmentation-Benchmark-main\Models_output\gave\test_data\AFIO\pred_masks\IM000209.png,D:\Retina\Retinal-Vessel-Segmentation-Benchmark-main\config\test_data\AFIO\masks\IM000209.png
GAVE,AFIO,IM000210,0.6149977199629287,0.579953354474195,skimage.morphology.skeletonize,7867,14676,D:\Retina\Retinal-Vessel-Segmentation-Benchmark-main\Models_output\gave\test_data\AFIO\pred_masks\IM000210.png,D:\Retina\Retinal-Vessel-Segmentation-Benchmark-main\config\test_data\AFIO\masks\IM000210.png
GAVE,AFIO,IM000333,0.6663509534031087,0.6104968980614486,skimage.morphology.skeletonize,9041,15204,D:\Retina\Retinal-Vessel-Segmentation-Benchmark-main\Models_output\gave\test_data\AFIO\pred_masks\IM000333.png,D:\Retina\Retinal-Vessel-Segmentation-Benchmark-main\config\test_data\AFIO\masks\IM000333.png
GAVE,AFIO,IM000389,0.6116754377566409,0.5691876453962617,skimage.morphology.skeletonize,7830,14557,D:\Retina\Retinal-Vessel-Segmentation-Benchmark-main\Models_output\gave\test_data\AFIO\pred_masks\IM000389.png,D:\Retina\Retinal-Vessel-Segmentation-Benchmark-main\config\test_data\AFIO\masks\IM000389.png
GAVE,AFIO,IM000390,0.6746101236969494,0.5916488136927086,skimage.morphology.skeletonize,9173,16216,D:\Retina\Retinal-Vessel-Segmentation-Benchmark-main\Models_output\gave\test_data\AFIO\pred_masks\IM000390.png,D:\Retina\Retinal-Vessel-Segmentation-Benchmark-main\config\test_data\AFIO\masks\IM000390.png
GAVE,AFIO,IM000678,0.6710821308537318,0.5806305661975655,skimage.morphology.skeletonize,7245,12751,D:\Retina\Retinal-Vessel-Segmentation-Benchmark-main\Models_output\gave\test_data\AFIO\pred_masks\IM000678.png,D:\Retina\Retinal-Vessel-Segmentation-Benchmark-main\config\test_data\AFIO\masks\IM000678.png
GAVE,AFIO,IM000679,0.565179765264615,0.45867453528663027,skimage.morphology.skeletonize,6813,13094,D:\Retina\Retinal-Vessel-Segmentation-Benchmark-main\Models_output\gave\test_data\AFIO\pred_masks\IM000679.png,D:\Retina\Retinal-Vessel-Segmentation-Benchmark-main\config\test_data\AFIO\masks\IM000679.png
GAVE,AFIO,IM000715,0.7363571896597785,0.6520732228411019,skimage.morphology.skeletonize,6739,8619,D:\Retina\Retinal-Vessel-Segmentation-Benchmark-main\Models_output\gave\test_data\AFIO\pred_masks\IM000715.png,D:\Retina\Retinal-Vessel-Segmentation-Benchmark-main\config\test_data\AFIO\masks\IM000715.png
GAVE,AFIO,IM000716,0.5342960288808664,0.46097556141359286,skimage.morphology.skeletonize,5778,10115,D:\Retina\Retinal-Vessel-Segmentation-Benchmark-main\Models_output\gave\test_data\AFIO\pred_masks\IM000716.png,D:\Retina\Retinal-Vessel-Segmentation-Benchmark-main\config\test_data\AFIO\masks\IM000716.png
GAVE,AFIO,IM000938,0.5989192758316848,0.41995491287756376,skimage.morphology.skeletonize,5288,9863,D:\Retina\Retinal-Vessel-Segmentation-Benchmark-main\Models_output\gave\test_data\AFIO\pred_masks\IM000938.png,D:\Retina\Retinal-Vessel-Segmentation-Benchmark-main\config\test_data\AFIO\masks\IM000938.png
GAVE,AFIO,IM001031,0.6750427306415414,0.5301879092204206,skimage.morphology.skeletonize,6740,11346,D:\Retina\Retinal-Vessel-Segmentation-Benchmark-main\Models_output\gave\test_data\AFIO\pred_masks\IM001031.png,D:\Retina\Retinal-Vessel-Segmentation-Benchmark-main\config\test_data\AFIO\masks\IM001031.png
GAVE,AFIO,IM001032,0.6750427306415414,0.5301879092204206,skimage.morphology.skeletonize,6740,11346,D:\Retina\Retinal-Vessel-Segmentation-Benchmark-main\Models_output\gave\test_data\AFIO\pred_masks\IM001032.png,D:\Retina\Retinal-Vessel-Segmentation-Benchmark-main\config\test_data\AFIO\masks\IM001032.png
GAVE,AFIO,IM001034,0.6400289204443753,0.45501278072798274,skimage.morphology.skeletonize,5075,8152,D:\Retina\Retinal-Vessel-Segmentation-Benchmark-main\Models_output\gave\test_data\AFIO\pred_masks\IM001034.png,D:\Retina\Retinal-Vessel-Segmentation-Benchmark-main\config\test_data\AFIO\masks\IM001034.png
GAVE,AFIO,IM001069,0.6750725098214463,0.5903190430395978,skimage.morphology.skeletonize,7855,13201,D:\Retina\Retinal-Vessel-Segmentation-Benchmark-main\Models_output\gave\test_data\AFIO\pred_masks\IM001069.png,D:\Retina\Retinal-Vessel-Segmentation-Benchmark-main\config\test_data\AFIO\masks\IM001069.png
GAVE,AFIO,IM001070,0.6080437678978073,0.5856828716103137,skimage.morphology.skeletonize,8033,14877,D:\Retina\Retinal-Vessel-Segmentation-Benchmark-main\Models_output\gave\test_data\AFIO\pred_masks\IM001070.png,D:\Retina\Retinal-Vessel-Segmentation-Benchmark-main\config\test_data\AFIO\masks\IM001070.png
GAVE,AFIO,IM001096,0.6929176145611847,0.5397858959429369,skimage.morphology.skeletonize,8987,14068,D:\Retina\Retinal-Vessel-Segmentation-Benchmark-main\Models_output\gave\test_data\AFIO\pred_masks\IM001096.png,D:\Retina\Retinal-Vessel-Segmentation-Benchmark-main\config\test_data\AFIO\masks\IM001096.png
GAVE,AFIO,IM001097,0.723214487302454,0.6041985662027504,skimage.morphology.skeletonize,8520,13196,D:\Retina\Retinal-Vessel-Segmentation-Benchmark-main\Models_output\gave\test_data\AFIO\pred_masks\IM001097.png,D:\Retina\Retinal-Vessel-Segmentation-Benchmark-main\config\test_data\AFIO\masks\IM001097.png
GAVE,AFIO,IM001126,0.6797585707387735,0.5598999125496112,skimage.morphology.skeletonize,9292,14128,D:\Retina\Retinal-Vessel-Segmentation-Benchmark-main\Models_output\gave\test_data\AFIO\pred_masks\IM001126.png,D:\Retina\Retinal-Vessel-Segmentation-Benchmark-main\config\test_data\AFIO\masks\IM001126.png
GAVE,AFIO,IM001127,0.64191132781853,0.5218521847063397,skimage.morphology.skeletonize,7506,12954,D:\Retina\Retinal-Vessel-Segmentation-Benchmark-main\Models_output\gave\test_data\AFIO\pred_masks\IM001127.png,D:\Retina\Retinal-Vessel-Segmentation-Benchmark-main\config\test_data\AFIO\masks\IM001127.png
GAVE,AFIO,IM001154,0.6771399128625349,0.5729945233932484,skimage.morphology.skeletonize,9798,16134,D:\Retina\Retinal-Vessel-Segmentation-Benchmark-main\Models_output\gave\test_data\AFIO\pred_masks\IM001154.png,D:\Retina\Retinal-Vessel-Segmentation-Benchmark-main\config\test_data\AFIO\masks\IM001154.png
GAVE,AFIO,IM001155,0.7335852967349459,0.6517603024814933,skimage.morphology.skeletonize,10021,14989,D:\Retina\Retinal-Vessel-Segmentation-Benchmark-main\Models_output\gave\test_data\AFIO\pred_masks\IM001155.png,D:\Retina\Retinal-Vessel-Segmentation-Benchmark-main\config\test_data\AFIO\masks\IM001155.png
GAVE,AFIO,IM001192,0.6704514207090997,0.5850712558591639,skimage.morphology.skeletonize,12736,20762,D:\Retina\Retinal-Vessel-Segmentation-Benchmark-main\Models_output\gave\test_data\AFIO\pred_masks\IM001192.png,D:\Retina\Retinal-Vessel-Segmentation-Benchmark-main\config\test_data\AFIO\masks\IM001192.png
GAVE,AFIO,IM001193,0.6534309339219898,0.5702097332653523,skimage.morphology.skeletonize,13777,22990,D:\Retina\Retinal-Vessel-Segmentation-Benchmark-main\Models_output\gave\test_data\AFIO\pred_masks\IM001193.png,D:\Retina\Retinal-Vessel-Segmentation-Benchmark-main\config\test_data\AFIO\masks\IM001193.png
GAVE,AFIO,IM001218,0.7316476511155343,0.6502469391065767,skimage.morphology.skeletonize,13166,19593,D:\Retina\Retinal-Vessel-Segmentation-Benchmark-main\Models_output\gave\test_data\AFIO\pred_masks\IM001218.png,D:\Retina\Retinal-Vessel-Segmentation-Benchmark-main\config\test_data\AFIO\masks\IM001218.png
GAVE,AFIO,IM001219,0.739054737229343,0.669516052963926,skimage.morphology.skeletonize,13542,20060,D:\Retina\Retinal-Vessel-Segmentation-Benchmark-main\Models_output\gave\test_data\AFIO\pred_masks\IM001219.png,D:\Retina\Retinal-Vessel-Segmentation-Benchmark-main\config\test_data\AFIO\masks\IM001219.png
GAVE,AFIO,IM001246,0.7138945343743223,0.5929300675130859,skimage.morphology.skeletonize,9850,14308,D:\Retina\Retinal-Vessel-Segmentation-Benchmark-main\Models_output\gave\test_data\AFIO\pred_masks\IM001246.png,D:\Retina\Retinal-Vessel-Segmentation-Benchmark-main\config\test_data\AFIO\masks\IM001246.png
GAVE,AFIO,IM001686,0.7362030560673689,0.6239957835984505,skimage.morphology.skeletonize,8483,11704,D:\Retina\Retinal-Vessel-Segmentation-Benchmark-main\Models_output\gave\test_data\AFIO\pred_masks\IM001686.png,D:\Retina\Retinal-Vessel-Segmentation-Benchmark-main\config\test_data\AFIO\masks\IM001686.png
GAVE,AFIO,IM001749,0.6798812567479551,0.5910278903394438,skimage.morphology.skeletonize,11143,19224,D:\Retina\Retinal-Vessel-Segmentation-Benchmark-main\Models_output\gave\test_data\AFIO\pred_masks\IM001749.png,D:\Retina\Retinal-Vessel-Segmentation-Benchmark-main\config\test_data\AFIO\masks\IM001749.png
GAVE,AFIO,IM001750,0.6234783770804629,0.5424459341305294,skimage.morphology.skeletonize,9481,18160,D:\Retina\Retinal-Vessel-Segmentation-Benchmark-main\Models_output\gave\test_data\AFIO\pred_masks\IM001750.png,D:\Retina\Retinal-Vessel-Segmentation-Benchmark-main\config\test_data\AFIO\masks\IM001750.png
GAVE,AFIO,IM001791,0.7153106364012747,0.6463091422965517,skimage.morphology.skeletonize,10927,16786,D:\Retina\Retinal-Vessel-Segmentation-Benchmark-main\Models_output\gave\test_data\AFIO\pred_masks\IM001791.png,D:\Retina\Retinal-Vessel-Segmentation-Benchmark-main\config\test_data\AFIO\masks\IM001791.png
GAVE,AFIO,IM001792,0.6916880110037085,0.619278362942864,skimage.morphology.skeletonize,10991,17614,D:\Retina\Retinal-Vessel-Segmentation-Benchmark-main\Models_output\gave\test_data\AFIO\pred_masks\IM001792.png,D:\Retina\Retinal-Vessel-Segmentation-Benchmark-main\config\test_data\AFIO\masks\IM001792.png
GAVE,AFIO,IM001814,0.7379013112085836,0.6672254128901934,skimage.morphology.skeletonize,10930,15723,D:\Retina\Retinal-Vessel-Segmentation-Benchmark-main\Models_output\gave\test_data\AFIO\pred_masks\IM001814.png,D:\Retina\Retinal-Vessel-Segmentation-Benchmark-main\config\test_data\AFIO\masks\IM001814.png
GAVE,AFIO,IM001858,0.6855067836040968,0.6454397447637609,skimage.morphology.skeletonize,11584,17848,D:\Retina\Retinal-Vessel-Segmentation-Benchmark-main\Models_output\gave\test_data\AFIO\pred_masks\IM001858.png,D:\Retina\Retinal-Vessel-Segmentation-Benchmark-main\config\test_data\AFIO\masks\IM001858.png
GAVE,AFIO,IM001859,0.7289524011527101,0.6520604690130433,skimage.morphology.skeletonize,9020,13308,D:\Retina\Retinal-Vessel-Segmentation-Benchmark-main\Models_output\gave\test_data\AFIO\pred_masks\IM001859.png,D:\Retina\Retinal-Vessel-Segmentation-Benchmark-main\config\test_data\AFIO\masks\IM001859.png
GAVE,AFIO,IM002094,0.5280769629017739,0.40737529299277264,skimage.morphology.skeletonize,4917,9496,D:\Retina\Retinal-Vessel-Segmentation-Benchmark-main\Models_output\gave\test_data\AFIO\pred_masks\IM002094.png,D:\Retina\Retinal-Vessel-Segmentation-Benchmark-main\config\test_data\AFIO\masks\IM002094.png
GAVE,AFIO,IM002348,0.7245890437090616,0.6430160725150667,skimage.morphology.skeletonize,9436,13594,D:\Retina\Retinal-Vessel-Segmentation-Benchmark-main\Models_output\gave\test_data\AFIO\pred_masks\IM002348.png,D:\Retina\Retinal-Vessel-Segmentation-Benchmark-main\config\test_data\AFIO\masks\IM002348.png
GAVE,AFIO,IM002350,0.7560592111890936,0.6436835126635954,skimage.morphology.skeletonize,10277,14984,D:\Retina\Retinal-Vessel-Segmentation-Benchmark-main\Models_output\gave\test_data\AFIO\pred_masks\IM002350.png,D:\Retina\Retinal-Vessel-Segmentation-Benchmark-main\config\test_data\AFIO\masks\IM002350.png
GAVE,AFIO,IM002421,0.7417285773320648,0.6241231932458535,skimage.morphology.skeletonize,12463,17105,D:\Retina\Retinal-Vessel-Segmentation-Benchmark-main\Models_output\gave\test_data\AFIO\pred_masks\IM002421.png,D:\Retina\Retinal-Vessel-Segmentation-Benchmark-main\config\test_data\AFIO\masks\IM002421.png
GAVE,AFIO,IM002422,0.7402526952206426,0.6155462745328617,skimage.morphology.skeletonize,10456,14750,D:\Retina\Retinal-Vessel-Segmentation-Benchmark-main\Models_output\gave\test_data\AFIO\pred_masks\IM002422.png,D:\Retina\Retinal-Vessel-Segmentation-Benchmark-main\config\test_data\AFIO\masks\IM002422.png
GAVE,AFIO,IM002471,0.7275471116489787,0.5687345500972332,skimage.morphology.skeletonize,9721,13609,D:\Retina\Retinal-Vessel-Segmentation-Benchmark-main\Models_output\gave\test_data\AFIO\pred_masks\IM002471.png,D:\Retina\Retinal-Vessel-Segmentation-Benchmark-main\config\test_data\AFIO\masks\IM002471.png
GAVE,AFIO,IM002587,0.7448169414241955,0.655442052544344,skimage.morphology.skeletonize,9840,14019,D:\Retina\Retinal-Vessel-Segmentation-Benchmark-main\Models_output\gave\test_data\AFIO\pred_masks\IM002587.png,D:\Retina\Retinal-Vessel-Segmentation-Benchmark-main\config\test_data\AFIO\masks\IM002587.png
GAVE,AFIO,IM002649,0.6296673391873067,0.5582369818354447,skimage.morphology.skeletonize,9849,16836,D:\Retina\Retinal-Vessel-Segmentation-Benchmark-main\Models_output\gave\test_data\AFIO\pred_masks\IM002649.png,D:\Retina\Retinal-Vessel-Segmentation-Benchmark-main\config\test_data\AFIO\masks\IM002649.png
GAVE,AFIO,IM002742,0.5773255835789336,0.4048175912880559,skimage.morphology.skeletonize,4857,9499,D:\Retina\Retinal-Vessel-Segmentation-Benchmark-main\Models_output\gave\test_data\AFIO\pred_masks\IM002742.png,D:\Retina\Retinal-Vessel-Segmentation-Benchmark-main\config\test_data\AFIO\masks\IM002742.png
GAVE,AFIO,IM002743,0.5826133235127847,0.47751066421274596,skimage.morphology.skeletonize,6088,11772,D:\Retina\Retinal-Vessel-Segmentation-Benchmark-main\Models_output\gave\test_data\AFIO\pred_masks\IM002743.png,D:\Retina\Retinal-Vessel-Segmentation-Benchmark-main\config\test_data\AFIO\masks\IM002743.png
GAVE,AFIO,IM003024,0.7415219610576903,0.6319711122209469,skimage.morphology.skeletonize,9089,12669,D:\Retina\Retinal-Vessel-Segmentation-Benchmark-main\Models_output\gave\test_data\AFIO\pred_masks\IM003024.png,D:\Retina\Retinal-Vessel-Segmentation-Benchmark-main\config\test_data\AFIO\masks\IM003024.png
GAVE,AFIO,IM003537,0.6882619864439066,0.5949693852663839,skimage.morphology.skeletonize,12099,19264,D:\Retina\Retinal-Vessel-Segmentation-Benchmark-main\Models_output\gave\test_data\AFIO\pred_masks\IM003537.png,D:\Retina\Retinal-Vessel-Segmentation-Benchmark-main\config\test_data\AFIO\masks\IM003537.png
GAVE,AFIO,IM003630,0.6760206995100467,0.5973508600581262,skimage.morphology.skeletonize,11537,18885,D:\Retina\Retinal-Vessel-Segmentation-Benchmark-main\Models_output\gave\test_data\AFIO\pred_masks\IM003630.png,D:\Retina\Retinal-Vessel-Segmentation-Benchmark-main\config\test_data\AFIO\masks\IM003630.png
GAVE,AFIO,IM003631,0.616533521876489,0.5520953196586867,skimage.morphology.skeletonize,9805,18318,D:\Retina\Retinal-Vessel-Segmentation-Benchmark-main\Models_output\gave\test_data\AFIO\pred_masks\IM003631.png,D:\Retina\Retinal-Vessel-Segmentation-Benchmark-main\config\test_data\AFIO\masks\IM003631.png
GAVE,AFIO,IM003705,0.5445891403041931,0.42106336947605105,skimage.morphology.skeletonize,5742,10769,D:\Retina\Retinal-Vessel-Segmentation-Benchmark-main\Models_output\gave\test_data\AFIO\pred_masks\IM003705.png,D:\Retina\Retinal-Vessel-Segmentation-Benchmark-main\config\test_data\AFIO\masks\IM003705.png
GAVE,AFIO,IM004162,0.6012158812058396,0.5275961922555978,skimage.morphology.skeletonize,8429,16045,D:\Retina\Retinal-Vessel-Segmentation-Benchmark-main\Models_output\gave\test_data\AFIO\pred_masks\IM004162.png,D:\Retina\Retinal-Vessel-Segmentation-Benchmark-main\config\test_data\AFIO\masks\IM004162.png
GAVE,AFIO,IM004163,0.6848872879648306,0.5433399247652207,skimage.morphology.skeletonize,9480,13904,D:\Retina\Retinal-Vessel-Segmentation-Benchmark-main\Models_output\gave\test_data\AFIO\pred_masks\IM004163.png,D:\Retina\Retinal-Vessel-Segmentation-Benchmark-main\config\test_data\AFIO\masks\IM004163.png
GAVE,AFIO,IM004455,0.6754995316387721,0.5532570816468887,skimage.morphology.skeletonize,7946,12640,D:\Retina\Retinal-Vessel-Segmentation-Benchmark-main\Models_output\gave\test_data\AFIO\pred_masks\IM004455.png,D:\Retina\Retinal-Vessel-Segmentation-Benchmark-main\config\test_data\AFIO\masks\IM004455.png
GAVE,AFIO,IM004512,0.6487043754350929,0.5655189914769192,skimage.morphology.skeletonize,8249,13551,D:\Retina\Retinal-Vessel-Segmentation-Benchmark-main\Models_output\gave\test_data\AFIO\pred_masks\IM004512.png,D:\Retina\Retinal-Vessel-Segmentation-Benchmark-main\config\test_data\AFIO\masks\IM004512.png
GAVE,AFIO,IM004513,0.6909560796431574,0.5921702251084017,skimage.morphology.skeletonize,7753,12601,D:\Retina\Retinal-Vessel-Segmentation-Benchmark-main\Models_output\gave\test_data\AFIO\pred_masks\IM004513.png,D:\Retina\Retinal-Vessel-Segmentation-Benchmark-main\config\test_data\AFIO\masks\IM004513.png
GAVE,AFIO,IM004515,0.7419384886663432,0.6633021551457519,skimage.morphology.skeletonize,10759,15260,D:\Retina\Retinal-Vessel-Segmentation-Benchmark-main\Models_output\gave\test_data\AFIO\pred_masks\IM004515.png,D:\Retina\Retinal-Vessel-Segmentation-Benchmark-main\config\test_data\AFIO\masks\IM004515.png
GAVE,AFIO,IM004516,0.7312273033855718,0.6438005556473555,skimage.morphology.skeletonize,11680,16947,D:\Retina\Retinal-Vessel-Segmentation-Benchmark-main\Models_output\gave\test_data\AFIO\pred_masks\IM004516.png,D:\Retina\Retinal-Vessel-Segmentation-Benchmark-main\config\test_data\AFIO\masks\IM004516.png
GAVE,AFIO,IM004538,0.6903654540037737,0.5817688314134456,skimage.morphology.skeletonize,7704,11701,D:\Retina\Retinal-Vessel-Segmentation-Benchmark-main\Models_output\gave\test_data\AFIO\pred_masks\IM004538.png,D:\Retina\Retinal-Vessel-Segmentation-Benchmark-main\config\test_data\AFIO\masks\IM004538.png
GAVE,AFIO,IM004539,0.6836834286245225,0.5792954251916902,skimage.morphology.skeletonize,6941,10547,D:\Retina\Retinal-Vessel-Segmentation-Benchmark-main\Models_output\gave\test_data\AFIO\pred_masks\IM004539.png,D:\Retina\Retinal-Vessel-Segmentation-Benchmark-main\config\test_data\AFIO\masks\IM004539.png
GAVE,AFIO,IM004564,0.781799179258468,0.68969524048095,skimage.morphology.skeletonize,8973,11920,D:\Retina\Retinal-Vessel-Segmentation-Benchmark-main\Models_output\gave\test_data\AFIO\pred_masks\IM004564.png,D:\Retina\Retinal-Vessel-Segmentation-Benchmark-main\config\test_data\AFIO\masks\IM004564.png
GAVE,AFIO,IM004790,0.7205772563112505,0.4223476415618712,skimage.morphology.skeletonize,5661,8550,D:\Retina\Retinal-Vessel-Segmentation-Benchmark-main\Models_output\gave\test_data\AFIO\pred_masks\IM004790.png,D:\Retina\Retinal-Vessel-Segmentation-Benchmark-main\config\test_data\AFIO\masks\IM004790.png
GAVE,AFIO,IM004993,0.7207154802119301,0.6086640992875244,skimage.morphology.skeletonize,9213,13124,D:\Retina\Retinal-Vessel-Segmentation-Benchmark-main\Models_output\gave\test_data\AFIO\pred_masks\IM004993.png,D:\Retina\Retinal-Vessel-Segmentation-Benchmark-main\config\test_data\AFIO\masks\IM004993.png
GAVE,AFIO,IM005024,0.6989374908358387,0.6579190020022305,skimage.morphology.skeletonize,12734,17059,D:\Retina\Retinal-Vessel-Segmentation-Benchmark-main\Models_output\gave\test_data\AFIO\pred_masks\IM005024.png,D:\Retina\Retinal-Vessel-Segmentation-Benchmark-main\config\test_data\AFIO\masks\IM005024.png
GAVE,AFIO,IM005025,0.7039818909118052,0.6381515866399478,skimage.morphology.skeletonize,10345,14344,D:\Retina\Retinal-Vessel-Segmentation-Benchmark-main\Models_output\gave\test_data\AFIO\pred_masks\IM005025.png,D:\Retina\Retinal-Vessel-Segmentation-Benchmark-main\config\test_data\AFIO\masks\IM005025.png
GAVE,AFIO,IM005060,0.7211094602376472,0.6152762587646553,skimage.morphology.skeletonize,11240,16350,D:\Retina\Retinal-Vessel-Segmentation-Benchmark-main\Models_output\gave\test_data\AFIO\pred_masks\IM005060.png,D:\Retina\Retinal-Vessel-Segmentation-Benchmark-main\config\test_data\AFIO\masks\IM005060.png
GAVE,AFIO,IM005092,0.7439129727223434,0.6622938915437643,skimage.morphology.skeletonize,11407,15927,D:\Retina\Retinal-Vessel-Segmentation-Benchmark-main\Models_output\gave\test_data\AFIO\pred_masks\IM005092.png,D:\Retina\Retinal-Vessel-Segmentation-Benchmark-main\config\test_data\AFIO\masks\IM005092.png
GAVE,AFIO,IM005093,0.7232801894155262,0.6516648338221855,skimage.morphology.skeletonize,11800,16539,D:\Retina\Retinal-Vessel-Segmentation-Benchmark-main\Models_output\gave\test_data\AFIO\pred_masks\IM005093.png,D:\Retina\Retinal-Vessel-Segmentation-Benchmark-main\config\test_data\AFIO\masks\IM005093.png
GAVE,AFIO,IM005132,0.7376573752143266,0.6624543400433448,skimage.morphology.skeletonize,11442,17384,D:\Retina\Retinal-Vessel-Segmentation-Benchmark-main\Models_output\gave\test_data\AFIO\pred_masks\IM005132.png,D:\Retina\Retinal-Vessel-Segmentation-Benchmark-main\config\test_data\AFIO\masks\IM005132.png
GAVE,AFIO,IM005133,0.6822522853983272,0.6434574514275878,skimage.morphology.skeletonize,11718,18386,D:\Retina\Retinal-Vessel-Segmentation-Benchmark-main\Models_output\gave\test_data\AFIO\pred_masks\IM005133.png,D:\Retina\Retinal-Vessel-Segmentation-Benchmark-main\config\test_data\AFIO\masks\IM005133.png
GAVE,AFIO,IM005190,0.6786693606581036,0.5556100831701901,skimage.morphology.skeletonize,10693,15330,D:\Retina\Retinal-Vessel-Segmentation-Benchmark-main\Models_output\gave\test_data\AFIO\pred_masks\IM005190.png,D:\Retina\Retinal-Vessel-Segmentation-Benchmark-main\config\test_data\AFIO\masks\IM005190.png
GAVE,AFIO,IM005191,0.7421473502221355,0.6528349417952709,skimage.morphology.skeletonize,11943,16444,D:\Retina\Retinal-Vessel-Segmentation-Benchmark-main\Models_output\gave\test_data\AFIO\pred_masks\IM005191.png,D:\Retina\Retinal-Vessel-Segmentation-Benchmark-main\config\test_data\AFIO\masks\IM005191.png
GAVE,AFIO,IM005249,0.7366662660493021,0.5852882845209274,skimage.morphology.skeletonize,9384,13214,D:\Retina\Retinal-Vessel-Segmentation-Benchmark-main\Models_output\gave\test_data\AFIO\pred_masks\IM005249.png,D:\Retina\Retinal-Vessel-Segmentation-Benchmark-main\config\test_data\AFIO\masks\IM005249.png
GAVE,AFIO,IM005283,0.701409336380202,0.5675514800668572,skimage.morphology.skeletonize,8829,13764,D:\Retina\Retinal-Vessel-Segmentation-Benchmark-main\Models_output\gave\test_data\AFIO\pred_masks\IM005283.png,D:\Retina\Retinal-Vessel-Segmentation-Benchmark-main\config\test_data\AFIO\masks\IM005283.png
GAVE,AFIO,IM005320,0.6091417681571162,0.49360393778364353,skimage.morphology.skeletonize,4054,6945,D:\Retina\Retinal-Vessel-Segmentation-Benchmark-main\Models_output\gave\test_data\AFIO\pred_masks\IM005320.png,D:\Retina\Retinal-Vessel-Segmentation-Benchmark-main\config\test_data\AFIO\masks\IM005320.png
GAVE,AFIO,IM005321,0.6460860536393656,0.5990268833920311,skimage.morphology.skeletonize,5561,8910,D:\Retina\Retinal-Vessel-Segmentation-Benchmark-main\Models_output\gave\test_data\AFIO\pred_masks\IM005321.png,D:\Retina\Retinal-Vessel-Segmentation-Benchmark-main\config\test_data\AFIO\masks\IM005321.png
GAVE,AFIO,IM005357,0.6932734288139288,0.5719641409575147,skimage.morphology.skeletonize,6645,10605,D:\Retina\Retinal-Vessel-Segmentation-Benchmark-main\Models_output\gave\test_data\AFIO\pred_masks\IM005357.png,D:\Retina\Retinal-Vessel-Segmentation-Benchmark-main\config\test_data\AFIO\masks\IM005357.png
GAVE,AFIO,IM005387,0.7295557442111578,0.6084581294273884,skimage.morphology.skeletonize,9361,13918,D:\Retina\Retinal-Vessel-Segmentation-Benchmark-main\Models_output\gave\test_data\AFIO\pred_masks\IM005387.png,D:\Retina\Retinal-Vessel-Segmentation-Benchmark-main\config\test_data\AFIO\masks\IM005387.png
GAVE,AFIO,IM005456,0.7203692380177142,0.6028696770673354,skimage.morphology.skeletonize,8686,11387,D:\Retina\Retinal-Vessel-Segmentation-Benchmark-main\Models_output\gave\test_data\AFIO\pred_masks\IM005456.png,D:\Retina\Retinal-Vessel-Segmentation-Benchmark-main\config\test_data\AFIO\masks\IM005456.png
GAVE,AFIO,IM005457,0.7233036207144802,0.6321953763509025,skimage.morphology.skeletonize,8503,11639,D:\Retina\Retinal-Vessel-Segmentation-Benchmark-main\Models_output\gave\test_data\AFIO\pred_masks\IM005457.png,D:\Retina\Retinal-Vessel-Segmentation-Benchmark-main\config\test_data\AFIO\masks\IM005457.png
GAVE,AFIO,IM005488,0.7045807113444661,0.629471709467258,skimage.morphology.skeletonize,13120,19672,D:\Retina\Retinal-Vessel-Segmentation-Benchmark-main\Models_output\gave\test_data\AFIO\pred_masks\IM005488.png,D:\Retina\Retinal-Vessel-Segmentation-Benchmark-main\config\test_data\AFIO\masks\IM005488.png
GAVE,AFIO,IM005489,0.7307743201786946,0.6595011528373385,skimage.morphology.skeletonize,11875,17176,D:\Retina\Retinal-Vessel-Segmentation-Benchmark-main\Models_output\gave\test_data\AFIO\pred_masks\IM005489.png,D:\Retina\Retinal-Vessel-Segmentation-Benchmark-main\config\test_data\AFIO\masks\IM005489.png
GAVE,AFIO,IM005523,0.7531713934409547,0.6714750949564547,skimage.morphology.skeletonize,11521,15197,D:\Retina\Retinal-Vessel-Segmentation-Benchmark-main\Models_output\gave\test_data\AFIO\pred_masks\IM005523.png,D:\Retina\Retinal-Vessel-Segmentation-Benchmark-main\config\test_data\AFIO\masks\IM005523.png
GAVE,AFIO,IM005524,0.6918134412327762,0.6293505624391281,skimage.morphology.skeletonize,12109,18498,D:\Retina\Retinal-Vessel-Segmentation-Benchmark-main\Models_output\gave\test_data\AFIO\pred_masks\IM005524.png,D:\Retina\Retinal-Vessel-Segmentation-Benchmark-main\config\test_data\AFIO\masks\IM005524.png
GAVE,AFIO,IM005558,0.7314485451102735,0.6307172612639419,skimage.morphology.skeletonize,11307,16168,D:\Retina\Retinal-Vessel-Segmentation-Benchmark-main\Models_output\gave\test_data\AFIO\pred_masks\IM005558.png,D:\Retina\Retinal-Vessel-Segmentation-Benchmark-main\config\test_data\AFIO\masks\IM005558.png
GAVE,AFIO,IM005713,0.730667591071396,0.6371496489119488,skimage.morphology.skeletonize,11406,17073,D:\Retina\Retinal-Vessel-Segmentation-Benchmark-main\Models_output\gave\test_data\AFIO\pred_masks\IM005713.png,D:\Retina\Retinal-Vessel-Segmentation-Benchmark-main\config\test_data\AFIO\masks\IM005713.png
GAVE,AFIO,IM005806,0.6603048814849574,0.5752358848958414,skimage.morphology.skeletonize,7297,12060,D:\Retina\Retinal-Vessel-Segmentation-Benchmark-main\Models_output\gave\test_data\AFIO\pred_masks\IM005806.png,D:\Retina\Retinal-Vessel-Segmentation-Benchmark-main\config\test_data\AFIO\masks\IM005806.png
GAVE,AFIO,IM005833,0.6937578139154285,0.6077296456786132,skimage.morphology.skeletonize,11094,17571,D:\Retina\Retinal-Vessel-Segmentation-Benchmark-main\Models_output\gave\test_data\AFIO\pred_masks\IM005833.png,D:\Retina\Retinal-Vessel-Segmentation-Benchmark-main\config\test_data\AFIO\masks\IM005833.png
GAVE,AFIO,IM005834,0.7419770746831335,0.6810150823757793,skimage.morphology.skeletonize,13255,19034,D:\Retina\Retinal-Vessel-Segmentation-Benchmark-main\Models_output\gave\test_data\AFIO\pred_masks\IM005834.png,D:\Retina\Retinal-Vessel-Segmentation-Benchmark-main\config\test_data\AFIO\masks\IM005834.png
GAVE,AFIO,IM006037,0.7738961113508629,0.6027188627022484,skimage.morphology.skeletonize,9190,11594,D:\Retina\Retinal-Vessel-Segmentation-Benchmark-main\Models_output\gave\test_data\AFIO\pred_masks\IM006037.png,D:\Retina\Retinal-Vessel-Segmentation-Benchmark-main\config\test_data\AFIO\masks\IM006037.png
GAVE,AFIO,IM006105,0.6855418409709266,0.6170661827753242,skimage.morphology.skeletonize,10168,15089,D:\Retina\Retinal-Vessel-Segmentation-Benchmark-main\Models_output\gave\test_data\AFIO\pred_masks\IM006105.png,D:\Retina\Retinal-Vessel-Segmentation-Benchmark-main\config\test_data\AFIO\masks\IM006105.png
GAVE,AFIO,IM006106,0.6898150700002705,0.6360027009200527,skimage.morphology.skeletonize,10960,17172,D:\Retina\Retinal-Vessel-Segmentation-Benchmark-main\Models_output\gave\test_data\AFIO\pred_masks\IM006106.png,D:\Retina\Retinal-Vessel-Segmentation-Benchmark-main\config\test_data\AFIO\masks\IM006106.png
GAVE,CHASEDB1,Image_01L,0.8002697051584605,0.7808114537637225,skimage.morphology.skeletonize,7435,10318,D:\Retina\Retinal-Vessel-Segmentation-Benchmark-main\Models_output\gave\test_data\CHASEDB1\pred_masks\Image_01L.png,D:\Retina\Retinal-Vessel-Segmentation-Benchmark-main\config\test_data\CHASEDB1\masks\Image_01L.png
GAVE,CHASEDB1,Image_01R,0.7863658709783143,0.7663459896613861,skimage.morphology.skeletonize,7510,10635,D:\Retina\Retinal-Vessel-Segmentation-Benchmark-main\Models_output\gave\test_data\CHASEDB1\pred_masks\Image_01R.png,D:\Retina\Retinal-Vessel-Segmentation-Benchmark-main\config\test_data\CHASEDB1\masks\Image_01R.png
GAVE,CHASEDB1,Image_02L,0.707547678361643,0.6548899620362929,skimage.morphology.skeletonize,7345,12543,D:\Retina\Retinal-Vessel-Segmentation-Benchmark-main\Models_output\gave\test_data\CHASEDB1\pred_masks\Image_02L.png,D:\Retina\Retinal-Vessel-Segmentation-Benchmark-main\config\test_data\CHASEDB1\masks\Image_02L.png
GAVE,CHASEDB1,Image_02R,0.7130352546649652,0.6765489084847803,skimage.morphology.skeletonize,7550,12551,D:\Retina\Retinal-Vessel-Segmentation-Benchmark-main\Models_output\gave\test_data\CHASEDB1\pred_masks\Image_02R.png,D:\Retina\Retinal-Vessel-Segmentation-Benchmark-main\config\test_data\CHASEDB1\masks\Image_02R.png
GAVE,CHASEDB1,Image_03L,0.7113607647272675,0.701836379956362,skimage.morphology.skeletonize,7880,12761,D:\Retina\Retinal-Vessel-Segmentation-Benchmark-main\Models_output\gave\test_data\CHASEDB1\pred_masks\Image_03L.png,D:\Retina\Retinal-Vessel-Segmentation-Benchmark-main\config\test_data\CHASEDB1\masks\Image_03L.png
GAVE,CHASEDB1,Image_03R,0.792683421700847,0.7662889037333537,skimage.morphology.skeletonize,8167,11173,D:\Retina\Retinal-Vessel-Segmentation-Benchmark-main\Models_output\gave\test_data\CHASEDB1\pred_masks\Image_03R.png,D:\Retina\Retinal-Vessel-Segmentation-Benchmark-main\config\test_data\CHASEDB1\masks\Image_03R.png
GAVE,CHASEDB1,Image_04L,0.7874008556795908,0.7222522003871157,skimage.morphology.skeletonize,7203,9745,D:\Retina\Retinal-Vessel-Segmentation-Benchmark-main\Models_output\gave\test_data\CHASEDB1\pred_masks\Image_04L.png,D:\Retina\Retinal-Vessel-Segmentation-Benchmark-main\config\test_data\CHASEDB1\masks\Image_04L.png
GAVE,CHASEDB1,Image_04R,0.6991277694576965,0.6586882610745342,skimage.morphology.skeletonize,6195,10218,D:\Retina\Retinal-Vessel-Segmentation-Benchmark-main\Models_output\gave\test_data\CHASEDB1\pred_masks\Image_04R.png,D:\Retina\Retinal-Vessel-Segmentation-Benchmark-main\config\test_data\CHASEDB1\masks\Image_04R.png
GAVE,CHASEDB1,Image_05L,0.7176370811206491,0.6902784967699385,skimage.morphology.skeletonize,6625,10526,D:\Retina\Retinal-Vessel-Segmentation-Benchmark-main\Models_output\gave\test_data\CHASEDB1\pred_masks\Image_05L.png,D:\Retina\Retinal-Vessel-Segmentation-Benchmark-main\config\test_data\CHASEDB1\masks\Image_05L.png
GAVE,CHASEDB1,Image_05R,0.7472134086623616,0.7192761450557372,skimage.morphology.skeletonize,7827,11895,D:\Retina\Retinal-Vessel-Segmentation-Benchmark-main\Models_output\gave\test_data\CHASEDB1\pred_masks\Image_05R.png,D:\Retina\Retinal-Vessel-Segmentation-Benchmark-main\config\test_data\CHASEDB1\masks\Image_05R.png
GAVE,CHASEDB1,Image_06L,0.7701474350641151,0.7493500877177672,skimage.morphology.skeletonize,7480,10654,D:\Retina\Retinal-Vessel-Segmentation-Benchmark-main\Models_output\gave\test_data\CHASEDB1\pred_masks\Image_06L.png,D:\Retina\Retinal-Vessel-Segmentation-Benchmark-main\config\test_data\CHASEDB1\masks\Image_06L.png
GAVE,CHASEDB1,Image_06R,0.7364039014831608,0.7070848163981488,skimage.morphology.skeletonize,7575,11663,D:\Retina\Retinal-Vessel-Segmentation-Benchmark-main\Models_output\gave\test_data\CHASEDB1\pred_masks\Image_06R.png,D:\Retina\Retinal-Vessel-Segmentation-Benchmark-main\config\test_data\CHASEDB1\masks\Image_06R.png
GAVE,CHASEDB1,Image_07L,0.7343619884993643,0.7105195894995678,skimage.morphology.skeletonize,7699,12015,D:\Retina\Retinal-Vessel-Segmentation-Benchmark-main\Models_output\gave\test_data\CHASEDB1\pred_masks\Image_07L.png,D:\Retina\Retinal-Vessel-Segmentation-Benchmark-main\config\test_data\CHASEDB1\masks\Image_07L.png
GAVE,CHASEDB1,Image_07R,0.7543694608333981,0.7354656190958927,skimage.morphology.skeletonize,7992,11359,D:\Retina\Retinal-Vessel-Segmentation-Benchmark-main\Models_output\gave\test_data\CHASEDB1\pred_masks\Image_07R.png,D:\Retina\Retinal-Vessel-Segmentation-Benchmark-main\config\test_data\CHASEDB1\masks\Image_07R.png
GAVE,CHASEDB1,Image_08L,0.7881487660274288,0.7478760025838299,skimage.morphology.skeletonize,7617,10136,D:\Retina\Retinal-Vessel-Segmentation-Benchmark-main\Models_output\gave\test_data\CHASEDB1\pred_masks\Image_08L.png,D:\Retina\Retinal-Vessel-Segmentation-Benchmark-main\config\test_data\CHASEDB1\masks\Image_08L.png
GAVE,CHASEDB1,Image_08R,0.8090012373410135,0.7899422269960802,skimage.morphology.skeletonize,7434,9315,D:\Retina\Retinal-Vessel-Segmentation-Benchmark-main\Models_output\gave\test_data\CHASEDB1\pred_masks\Image_08R.png,D:\Retina\Retinal-Vessel-Segmentation-Benchmark-main\config\test_data\CHASEDB1\masks\Image_08R.png
GAVE,CHASEDB1,Image_09L,0.7638653348862595,0.7109096270444436,skimage.morphology.skeletonize,5585,8144,D:\Retina\Retinal-Vessel-Segmentation-Benchmark-main\Models_output\gave\test_data\CHASEDB1\pred_masks\Image_09L.png,D:\Retina\Retinal-Vessel-Segmentation-Benchmark-main\config\test_data\CHASEDB1\masks\Image_09L.png
GAVE,CHASEDB1,Image_09R,0.7192015892114851,0.7059468845721851,skimage.morphology.skeletonize,5341,8818,D:\Retina\Retinal-Vessel-Segmentation-Benchmark-main\Models_output\gave\test_data\CHASEDB1\pred_masks\Image_09R.png,D:\Retina\Retinal-Vessel-Segmentation-Benchmark-main\config\test_data\CHASEDB1\masks\Image_09R.png
GAVE,CHASEDB1,Image_10L,0.7616554416258948,0.7415892964277738,skimage.morphology.skeletonize,7847,11093,D:\Retina\Retinal-Vessel-Segmentation-Benchmark-main\Models_output\gave\test_data\CHASEDB1\pred_masks\Image_10L.png,D:\Retina\Retinal-Vessel-Segmentation-Benchmark-main\config\test_data\CHASEDB1\masks\Image_10L.png
GAVE,CHASEDB1,Image_10R,0.7429989720774189,0.7410857794016376,skimage.morphology.skeletonize,8173,11672,D:\Retina\Retinal-Vessel-Segmentation-Benchmark-main\Models_output\gave\test_data\CHASEDB1\pred_masks\Image_10R.png,D:\Retina\Retinal-Vessel-Segmentation-Benchmark-main\config\test_data\CHASEDB1\masks\Image_10R.png
GAVE,CHASEDB1,Image_11L,0.7521025265324616,0.743392707215812,skimage.morphology.skeletonize,6002,9184,D:\Retina\Retinal-Vessel-Segmentation-Benchmark-main\Models_output\gave\test_data\CHASEDB1\pred_masks\Image_11L.png,D:\Retina\Retinal-Vessel-Segmentation-Benchmark-main\config\test_data\CHASEDB1\masks\Image_11L.png
GAVE,CHASEDB1,Image_11R,0.8120204580515028,0.7888362128057081,skimage.morphology.skeletonize,6276,8463,D:\Retina\Retinal-Vessel-Segmentation-Benchmark-main\Models_output\gave\test_data\CHASEDB1\pred_masks\Image_11R.png,D:\Retina\Retinal-Vessel-Segmentation-Benchmark-main\config\test_data\CHASEDB1\masks\Image_11R.png
GAVE,CHASEDB1,Image_12L,0.7691251432641495,0.7132946123082496,skimage.morphology.skeletonize,8140,11213,D:\Retina\Retinal-Vessel-Segmentation-Benchmark-main\Models_output\gave\test_data\CHASEDB1\pred_masks\Image_12L.png,D:\Retina\Retinal-Vessel-Segmentation-Benchmark-main\config\test_data\CHASEDB1\masks\Image_12L.png
GAVE,CHASEDB1,Image_12R,0.7247777873646526,0.6965789332672132,skimage.morphology.skeletonize,7768,12071,D:\Retina\Retinal-Vessel-Segmentation-Benchmark-main\Models_output\gave\test_data\CHASEDB1\pred_masks\Image_12R.png,D:\Retina\Retinal-Vessel-Segmentation-Benchmark-main\config\test_data\CHASEDB1\masks\Image_12R.png
GAVE,CHASEDB1,Image_13L,0.8278003225743652,0.7879532485909203,skimage.morphology.skeletonize,7717,9511,D:\Retina\Retinal-Vessel-Segmentation-Benchmark-main\Models_output\gave\test_data\CHASEDB1\pred_masks\Image_13L.png,D:\Retina\Retinal-Vessel-Segmentation-Benchmark-main\config\test_data\CHASEDB1\masks\Image_13L.png
GAVE,CHASEDB1,Image_13R,0.7508388045140537,0.6963479323294481,skimage.morphology.skeletonize,7599,10389,D:\Retina\Retinal-Vessel-Segmentation-Benchmark-main\Models_output\gave\test_data\CHASEDB1\pred_masks\Image_13R.png,D:\Retina\Retinal-Vessel-Segmentation-Benchmark-main\config\test_data\CHASEDB1\masks\Image_13R.png
GAVE,CHASEDB1,Image_14L,0.7172025851597503,0.7056107849365489,skimage.morphology.skeletonize,6475,9807,D:\Retina\Retinal-Vessel-Segmentation-Benchmark-main\Models_output\gave\test_data\CHASEDB1\pred_masks\Image_14L.png,D:\Retina\Retinal-Vessel-Segmentation-Benchmark-main\config\test_data\CHASEDB1\masks\Image_14L.png
GAVE,CHASEDB1,Image_14R,0.6900685411671007,0.6663332748880287,skimage.morphology.skeletonize,5438,8139,D:\Retina\Retinal-Vessel-Segmentation-Benchmark-main\Models_output\gave\test_data\CHASEDB1\pred_masks\Image_14R.png,D:\Retina\Retinal-Vessel-Segmentation-Benchmark-main\config\test_data\CHASEDB1\masks\Image_14R.png
GAVE,DualModal2019,DualModal2019_A1_L4,0.851576415583357,0.8304774863569941,skimage.morphology.skeletonize,10969,12354,D:\Retina\Retinal-Vessel-Segmentation-Benchmark-main\Models_output\gave\test_data\DualModal2019\pred_masks\DualModal2019_A1_L4.png,D:\Retina\Retinal-Vessel-Segmentation-Benchmark-main\config\test_data\DualModal2019\masks\DualModal2019_A1_L4.png
GAVE,DualModal2019,DualModal2019_A1_R2,0.7876298606723418,0.8139401704462333,skimage.morphology.skeletonize,11519,14229,D:\Retina\Retinal-Vessel-Segmentation-Benchmark-main\Models_output\gave\test_data\DualModal2019\pred_masks\DualModal2019_A1_R2.png,D:\Retina\Retinal-Vessel-Segmentation-Benchmark-main\config\test_data\DualModal2019\masks\DualModal2019_A1_R2.png
GAVE,DualModal2019,DualModal2019_A2_R2,0.8045835118361186,0.8289076464906958,skimage.morphology.skeletonize,10989,12806,D:\Retina\Retinal-Vessel-Segmentation-Benchmark-main\Models_output\gave\test_data\DualModal2019\pred_masks\DualModal2019_A2_R2.png,D:\Retina\Retinal-Vessel-Segmentation-Benchmark-main\config\test_data\DualModal2019\masks\DualModal2019_A2_R2.png
GAVE,DualModal2019,DualModal2019_A3_L1,0.8628928997171507,0.8705547301812167,skimage.morphology.skeletonize,12329,13630,D:\Retina\Retinal-Vessel-Segmentation-Benchmark-main\Models_output\gave\test_data\DualModal2019\pred_masks\DualModal2019_A3_L1.png,D:\Retina\Retinal-Vessel-Segmentation-Benchmark-main\config\test_data\DualModal2019\masks\DualModal2019_A3_L1.png
GAVE,DualModal2019,DualModal2019_A3_R1,0.7810350410949116,0.8333433521393132,skimage.morphology.skeletonize,11668,13764,D:\Retina\Retinal-Vessel-Segmentation-Benchmark-main\Models_output\gave\test_data\DualModal2019\pred_masks\DualModal2019_A3_R1.png,D:\Retina\Retinal-Vessel-Segmentation-Benchmark-main\config\test_data\DualModal2019\masks\DualModal2019_A3_R1.png
GAVE,DualModal2019,DualModal2019_A4_L3,0.8436987925276036,0.878115169906809,skimage.morphology.skeletonize,11148,12119,D:\Retina\Retinal-Vessel-Segmentation-Benchmark-main\Models_output\gave\test_data\DualModal2019\pred_masks\DualModal2019_A4_L3.png,D:\Retina\Retinal-Vessel-Segmentation-Benchmark-main\config\test_data\DualModal2019\masks\DualModal2019_A4_L3.png
GAVE,DualModal2019,DualModal2019_A4_R2,0.8465521026315163,0.8637899677780764,skimage.morphology.skeletonize,11230,12987,D:\Retina\Retinal-Vessel-Segmentation-Benchmark-main\Models_output\gave\test_data\DualModal2019\pred_masks\DualModal2019_A4_R2.png,D:\Retina\Retinal-Vessel-Segmentation-Benchmark-main\config\test_data\DualModal2019\masks\DualModal2019_A4_R2.png
GAVE,DualModal2019,DualModal2019_A5_R4,0.8433746855715508,0.8808362401414034,skimage.morphology.skeletonize,11535,12307,D:\Retina\Retinal-Vessel-Segmentation-Benchmark-main\Models_output\gave\test_data\DualModal2019\pred_masks\DualModal2019_A5_R4.png,D:\Retina\Retinal-Vessel-Segmentation-Benchmark-main\config\test_data\DualModal2019\masks\DualModal2019_A5_R4.png
GAVE,DualModal2019,DualModal2019_A6_L2,0.8434464248971907,0.8636651896099672,skimage.morphology.skeletonize,11036,12129,D:\Retina\Retinal-Vessel-Segmentation-Benchmark-main\Models_output\gave\test_data\DualModal2019\pred_masks\DualModal2019_A6_L2.png,D:\Retina\Retinal-Vessel-Segmentation-Benchmark-main\config\test_data\DualModal2019\masks\DualModal2019_A6_L2.png
GAVE,DualModal2019,DualModal2019_A6_R3,0.8066484558075668,0.8582309563251349,skimage.morphology.skeletonize,11921,13144,D:\Retina\Retinal-Vessel-Segmentation-Benchmark-main\Models_output\gave\test_data\DualModal2019\pred_masks\DualModal2019_A6_R3.png,D:\Retina\Retinal-Vessel-Segmentation-Benchmark-main\config\test_data\DualModal2019\masks\DualModal2019_A6_R3.png
GAVE,DualModal2019,DualModal2019_A7_L1,0.7755316553455955,0.8318301804755404,skimage.morphology.skeletonize,11011,13755,D:\Retina\Retinal-Vessel-Segmentation-Benchmark-main\Models_output\gave\test_data\DualModal2019\pred_masks\DualModal2019_A7_L1.png,D:\Retina\Retinal-Vessel-Segmentation-Benchmark-main\config\test_data\DualModal2019\masks\DualModal2019_A7_L1.png
GAVE,DualModal2019,DualModal2019_A7_R1,0.7985155412900927,0.8416274885354151,skimage.morphology.skeletonize,11210,11807,D:\Retina\Retinal-Vessel-Segmentation-Benchmark-main\Models_output\gave\test_data\DualModal2019\pred_masks\DualModal2019_A7_R1.png,D:\Retina\Retinal-Vessel-Segmentation-Benchmark-main\config\test_data\DualModal2019\masks\DualModal2019_A7_R1.png
GAVE,DualModal2019,DualModal2019_C1_L4,0.8632415056849021,0.8774277622532117,skimage.morphology.skeletonize,12768,14563,D:\Retina\Retinal-Vessel-Segmentation-Benchmark-main\Models_output\gave\test_data\DualModal2019\pred_masks\DualModal2019_C1_L4.png,D:\Retina\Retinal-Vessel-Segmentation-Benchmark-main\config\test_data\DualModal2019\masks\DualModal2019_C1_L4.png
GAVE,DualModal2019,DualModal2019_C1_R4,0.8606696797469934,0.8933769351217206,skimage.morphology.skeletonize,13482,15668,D:\Retina\Retinal-Vessel-Segmentation-Benchmark-main\Models_output\gave\test_data\DualModal2019\pred_masks\DualModal2019_C1_R4.png,D:\Retina\Retinal-Vessel-Segmentation-Benchmark-main\config\test_data\DualModal2019\masks\DualModal2019_C1_R4.png
GAVE,DualModal2019,DualModal2019_C2_L4,0.8413655292535679,0.8534257680897112,skimage.morphology.skeletonize,11304,12507,D:\Retina\Retinal-Vessel-Segmentation-Benchmark-main\Models_output\gave\test_data\DualModal2019\pred_masks\DualModal2019_C2_L4.png,D:\Retina\Retinal-Vessel-Segmentation-Benchmark-main\config\test_data\DualModal2019\masks\DualModal2019_C2_L4.png
GAVE,DualModal2019,DualModal2019_C2_R3,0.8337302466058075,0.8520715757914896,skimage.morphology.skeletonize,12407,15211,D:\Retina\Retinal-Vessel-Segmentation-Benchmark-main\Models_output\gave\test_data\DualModal2019\pred_masks\DualModal2019_C2_R3.png,D:\Retina\Retinal-Vessel-Segmentation-Benchmark-main\config\test_data\DualModal2019\masks\DualModal2019_C2_R3.png
GAVE,DualModal2019,DualModal2019_C3_L1,0.8094160894447776,0.8347961045645039,skimage.morphology.skeletonize,10880,12710,D:\Retina\Retinal-Vessel-Segmentation-Benchmark-main\Models_output\gave\test_data\DualModal2019\pred_masks\DualModal2019_C3_L1.png,D:\Retina\Retinal-Vessel-Segmentation-Benchmark-main\config\test_data\DualModal2019\masks\DualModal2019_C3_L1.png
GAVE,DualModal2019,DualModal2019_C3_R1,0.8464225004035935,0.8574610423560735,skimage.morphology.skeletonize,11651,12896,D:\Retina\Retinal-Vessel-Segmentation-Benchmark-main\Models_output\gave\test_data\DualModal2019\pred_masks\DualModal2019_C3_R1.png,D:\Retina\Retinal-Vessel-Segmentation-Benchmark-main\config\test_data\DualModal2019\masks\DualModal2019_C3_R1.png
GAVE,DualModal2019,DualModal2019_C4_L2,0.774993595070532,0.7734686396773824,skimage.morphology.skeletonize,9495,11738,D:\Retina\Retinal-Vessel-Segmentation-Benchmark-main\Models_output\gave\test_data\DualModal2019\pred_masks\DualModal2019_C4_L2.png,D:\Retina\Retinal-Vessel-Segmentation-Benchmark-main\config\test_data\DualModal2019\masks\DualModal2019_C4_L2.png
GAVE,DualModal2019,DualModal2019_C4_R2,0.7739691346778277,0.7285989140194108,skimage.morphology.skeletonize,9085,11991,D:\Retina\Retinal-Vessel-Segmentation-Benchmark-main\Models_output\gave\test_data\DualModal2019\pred_masks\DualModal2019_C4_R2.png,D:\Retina\Retinal-Vessel-Segmentation-Benchmark-main\config\test_data\DualModal2019\masks\DualModal2019_C4_R2.png
GAVE,DualModal2019,DualModal2019_C5_L1,0.8742317459862661,0.8772113054104453,skimage.morphology.skeletonize,13557,15245,D:\Retina\Retinal-Vessel-Segmentation-Benchmark-main\Models_output\gave\test_data\DualModal2019\pred_masks\DualModal2019_C5_L1.png,D:\Retina\Retinal-Vessel-Segmentation-Benchmark-main\config\test_data\DualModal2019\masks\DualModal2019_C5_L1.png
GAVE,DualModal2019,DualModal2019_C5_R1,0.8376772971429752,0.8556912478074928,skimage.morphology.skeletonize,12939,14705,D:\Retina\Retinal-Vessel-Segmentation-Benchmark-main\Models_output\gave\test_data\DualModal2019\pred_masks\DualModal2019_C5_R1.png,D:\Retina\Retinal-Vessel-Segmentation-Benchmark-main\config\test_data\DualModal2019\masks\DualModal2019_C5_R1.png
GAVE,DualModal2019,DualModal2019_C6_L2,0.8659418715082857,0.8528310151584186,skimage.morphology.skeletonize,11246,12986,D:\Retina\Retinal-Vessel-Segmentation-Benchmark-main\Models_output\gave\test_data\DualModal2019\pred_masks\DualModal2019_C6_L2.png,D:\Retina\Retinal-Vessel-Segmentation-Benchmark-main\config\test_data\DualModal2019\masks\DualModal2019_C6_L2.png
GAVE,DualModal2019,DualModal2019_C6_R2,0.8647887849385437,0.8558115255440598,skimage.morphology.skeletonize,11322,13255,D:\Retina\Retinal-Vessel-Segmentation-Benchmark-main\Models_output\gave\test_data\DualModal2019\pred_masks\DualModal2019_C6_R2.png,D:\Retina\Retinal-Vessel-Segmentation-Benchmark-main\config\test_data\DualModal2019\masks\DualModal2019_C6_R2.png
GAVE,DualModal2019,DualModal2019_C7_L4,0.8527863236951612,0.8724119939742685,skimage.morphology.skeletonize,13036,15635,D:\Retina\Retinal-Vessel-Segmentation-Benchmark-main\Models_output\gave\test_data\DualModal2019\pred_masks\DualModal2019_C7_L4.png,D:\Retina\Retinal-Vessel-Segmentation-Benchmark-main\config\test_data\DualModal2019\masks\DualModal2019_C7_L4.png
GAVE,DualModal2019,DualModal2019_C7_R3,0.8275043400961744,0.8395149440815914,skimage.morphology.skeletonize,12347,15490,D:\Retina\Retinal-Vessel-Segmentation-Benchmark-main\Models_output\gave\test_data\DualModal2019\pred_masks\DualModal2019_C7_R3.png,D:\Retina\Retinal-Vessel-Segmentation-Benchmark-main\config\test_data\DualModal2019\masks\DualModal2019_C7_R3.png
GAVE,DualModal2019,DualModal2019_C8_L4,0.8503129967961233,0.843553795039115,skimage.morphology.skeletonize,12938,14976,D:\Retina\Retinal-Vessel-Segmentation-Benchmark-main\Models_output\gave\test_data\DualModal2019\pred_masks\DualModal2019_C8_L4.png,D:\Retina\Retinal-Vessel-Segmentation-Benchmark-main\config\test_data\DualModal2019\masks\DualModal2019_C8_L4.png
GAVE,DualModal2019,DualModal2019_C8_R2,0.822938864752108,0.8482335020161419,skimage.morphology.skeletonize,13176,16073,D:\Retina\Retinal-Vessel-Segmentation-Benchmark-main\Models_output\gave\test_data\DualModal2019\pred_masks\DualModal2019_C8_R2.png,D:\Retina\Retinal-Vessel-Segmentation-Benchmark-main\config\test_data\DualModal2019\masks\DualModal2019_C8_R2.png
GAVE,DualModal2019,DualModal2019_C9_L4,0.8740221202489247,0.8792113144506386,skimage.morphology.skeletonize,11607,12465,D:\Retina\Retinal-Vessel-Segmentation-Benchmark-main\Models_output\gave\test_data\DualModal2019\pred_masks\DualModal2019_C9_L4.png,D:\Retina\Retinal-Vessel-Segmentation-Benchmark-main\config\test_data\DualModal2019\masks\DualModal2019_C9_L4.png
GAVE,DualModal2019,DualModal2019_C9_R5,0.8898817823970786,0.8880455746303706,skimage.morphology.skeletonize,12398,13906,D:\Retina\Retinal-Vessel-Segmentation-Benchmark-main\Models_output\gave\test_data\DualModal2019\pred_masks\DualModal2019_C9_R5.png,D:\Retina\Retinal-Vessel-Segmentation-Benchmark-main\config\test_data\DualModal2019\masks\DualModal2019_C9_R5.png
GAVE,HRF,01_dr,0.6537926031272497,0.5094812041174885,skimage.morphology.skeletonize,46873,53102,D:\Retina\Retinal-Vessel-Segmentation-Benchmark-main\Models_output\gave\test_data\HRF\pred_masks\01_dr.png,D:\Retina\Retinal-Vessel-Segmentation-Benchmark-main\config\test_data\HRF\masks\01_dr.tif
GAVE,HRF,01_g,0.7169235272332002,0.573577341021084,skimage.morphology.skeletonize,52038,71323,D:\Retina\Retinal-Vessel-Segmentation-Benchmark-main\Models_output\gave\test_data\HRF\pred_masks\01_g.png,D:\Retina\Retinal-Vessel-Segmentation-Benchmark-main\config\test_data\HRF\masks\01_g.tif
GAVE,HRF,01_h,0.8056772700328059,0.7454447257446354,skimage.morphology.skeletonize,57981,75057,D:\Retina\Retinal-Vessel-Segmentation-Benchmark-main\Models_output\gave\test_data\HRF\pred_masks\01_h.png,D:\Retina\Retinal-Vessel-Segmentation-Benchmark-main\config\test_data\HRF\masks\01_h.tif
GAVE,HRF,02_dr,0.7454933279315087,0.6536227204034742,skimage.morphology.skeletonize,47716,64021,D:\Retina\Retinal-Vessel-Segmentation-Benchmark-main\Models_output\gave\test_data\HRF\pred_masks\02_dr.png,D:\Retina\Retinal-Vessel-Segmentation-Benchmark-main\config\test_data\HRF\masks\02_dr.tif
GAVE,HRF,02_g,0.7395141908741933,0.6620540628728203,skimage.morphology.skeletonize,53326,76330,D:\Retina\Retinal-Vessel-Segmentation-Benchmark-main\Models_output\gave\test_data\HRF\pred_masks\02_g.png,D:\Retina\Retinal-Vessel-Segmentation-Benchmark-main\config\test_data\HRF\masks\02_g.tif
GAVE,HRF,02_h,0.8971877409769183,0.8588362735740116,skimage.morphology.skeletonize,61914,67604,D:\Retina\Retinal-Vessel-Segmentation-Benchmark-main\Models_output\gave\test_data\HRF\pred_masks\02_h.png,D:\Retina\Retinal-Vessel-Segmentation-Benchmark-main\config\test_data\HRF\masks\02_h.tif
GAVE,HRF,03_dr,0.7586638039663537,0.6532134600027208,skimage.morphology.skeletonize,45319,55601,D:\Retina\Retinal-Vessel-Segmentation-Benchmark-main\Models_output\gave\test_data\HRF\pred_masks\03_dr.png,D:\Retina\Retinal-Vessel-Segmentation-Benchmark-main\config\test_data\HRF\masks\03_dr.tif
GAVE,HRF,03_g,0.7124683697679404,0.5991888158075,skimage.morphology.skeletonize,40021,57667,D:\Retina\Retinal-Vessel-Segmentation-Benchmark-main\Models_output\gave\test_data\HRF\pred_masks\03_g.png,D:\Retina\Retinal-Vessel-Segmentation-Benchmark-main\config\test_data\HRF\masks\03_g.tif
GAVE,HRF,03_h,0.8081950156712037,0.7291102354604548,skimage.morphology.skeletonize,50441,67984,D:\Retina\Retinal-Vessel-Segmentation-Benchmark-main\Models_output\gave\test_data\HRF\pred_masks\03_h.png,D:\Retina\Retinal-Vessel-Segmentation-Benchmark-main\config\test_data\HRF\masks\03_h.tif
GAVE,HRF,04_dr,0.7164983487005974,0.6307407414884143,skimage.morphology.skeletonize,39252,54943,D:\Retina\Retinal-Vessel-Segmentation-Benchmark-main\Models_output\gave\test_data\HRF\pred_masks\04_dr.png,D:\Retina\Retinal-Vessel-Segmentation-Benchmark-main\config\test_data\HRF\masks\04_dr.tif
GAVE,HRF,04_g,0.7522312368103037,0.6557855646022378,skimage.morphology.skeletonize,45568,62895,D:\Retina\Retinal-Vessel-Segmentation-Benchmark-main\Models_output\gave\test_data\HRF\pred_masks\04_g.png,D:\Retina\Retinal-Vessel-Segmentation-Benchmark-main\config\test_data\HRF\masks\04_g.tif
GAVE,HRF,04_h,0.8428206790596772,0.7640195234426099,skimage.morphology.skeletonize,51051,65210,D:\Retina\Retinal-Vessel-Segmentation-Benchmark-main\Models_output\gave\test_data\HRF\pred_masks\04_h.png,D:\Retina\Retinal-Vessel-Segmentation-Benchmark-main\config\test_data\HRF\masks\04_h.tif
GAVE,HRF,05_dr,0.7575530164845234,0.6498757661388426,skimage.morphology.skeletonize,45268,64710,D:\Retina\Retinal-Vessel-Segmentation-Benchmark-main\Models_output\gave\test_data\HRF\pred_masks\05_dr.png,D:\Retina\Retinal-Vessel-Segmentation-Benchmark-main\config\test_data\HRF\masks\05_dr.tif
GAVE,HRF,05_g,0.7444759262299454,0.6796211826037493,skimage.morphology.skeletonize,43554,61795,D:\Retina\Retinal-Vessel-Segmentation-Benchmark-main\Models_output\gave\test_data\HRF\pred_masks\05_g.png,D:\Retina\Retinal-Vessel-Segmentation-Benchmark-main\config\test_data\HRF\masks\05_g.tif
GAVE,HRF,05_h,0.8579648446073269,0.8144628253026374,skimage.morphology.skeletonize,51091,63141,D:\Retina\Retinal-Vessel-Segmentation-Benchmark-main\Models_output\gave\test_data\HRF\pred_masks\05_h.png,D:\Retina\Retinal-Vessel-Segmentation-Benchmark-main\config\test_data\HRF\masks\05_h.tif
GAVE,HRF,06_dr,0.6147264438472294,0.5325583971497326,skimage.morphology.skeletonize,43678,83932,D:\Retina\Retinal-Vessel-Segmentation-Benchmark-main\Models_output\gave\test_data\HRF\pred_masks\06_dr.png,D:\Retina\Retinal-Vessel-Segmentation-Benchmark-main\config\test_data\HRF\masks\06_dr.tif
GAVE,HRF,06_g,0.7509800804778249,0.6676810732345068,skimage.morphology.skeletonize,44884,64338,D:\Retina\Retinal-Vessel-Segmentation-Benchmark-main\Models_output\gave\test_data\HRF\pred_masks\06_g.png,D:\Retina\Retinal-Vessel-Segmentation-Benchmark-main\config\test_data\HRF\masks\06_g.tif
GAVE,HRF,06_h,0.8535688513090967,0.825976409311892,skimage.morphology.skeletonize,60168,77405,D:\Retina\Retinal-Vessel-Segmentation-Benchmark-main\Models_output\gave\test_data\HRF\pred_masks\06_h.png,D:\Retina\Retinal-Vessel-Segmentation-Benchmark-main\config\test_data\HRF\masks\06_h.tif
GAVE,HRF,07_dr,0.7913572526713321,0.6558056013087091,skimage.morphology.skeletonize,55758,70258,D:\Retina\Retinal-Vessel-Segmentation-Benchmark-main\Models_output\gave\test_data\HRF\pred_masks\07_dr.png,D:\Retina\Retinal-Vessel-Segmentation-Benchmark-main\config\test_data\HRF\masks\07_dr.tif
GAVE,HRF,07_g,0.7683457771610382,0.7392602969875527,skimage.morphology.skeletonize,51320,69113,D:\Retina\Retinal-Vessel-Segmentation-Benchmark-main\Models_output\gave\test_data\HRF\pred_masks\07_g.png,D:\Retina\Retinal-Vessel-Segmentation-Benchmark-main\config\test_data\HRF\masks\07_g.tif
GAVE,HRF,07_h,0.8231936148826675,0.7762720977537814,skimage.morphology.skeletonize,47143,63508,D:\Retina\Retinal-Vessel-Segmentation-Benchmark-main\Models_output\gave\test_data\HRF\pred_masks\07_h.png,D:\Retina\Retinal-Vessel-Segmentation-Benchmark-main\config\test_data\HRF\masks\07_h.tif
GAVE,HRF,08_dr,0.770316901290341,0.65430708513748,skimage.morphology.skeletonize,57501,70585,D:\Retina\Retinal-Vessel-Segmentation-Benchmark-main\Models_output\gave\test_data\HRF\pred_masks\08_dr.png,D:\Retina\Retinal-Vessel-Segmentation-Benchmark-main\config\test_data\HRF\masks\08_dr.tif
GAVE,HRF,08_g,0.7872249364713854,0.766432997370828,skimage.morphology.skeletonize,57181,73820,D:\Retina\Retinal-Vessel-Segmentation-Benchmark-main\Models_output\gave\test_data\HRF\pred_masks\08_g.png,D:\Retina\Retinal-Vessel-Segmentation-Benchmark-main\config\test_data\HRF\masks\08_g.tif
GAVE,HRF,08_h,0.8080180446955445,0.7694419291886805,skimage.morphology.skeletonize,50055,70976,D:\Retina\Retinal-Vessel-Segmentation-Benchmark-main\Models_output\gave\test_data\HRF\pred_masks\08_h.png,D:\Retina\Retinal-Vessel-Segmentation-Benchmark-main\config\test_data\HRF\masks\08_h.tif
GAVE,HRF,09_dr,0.6731218443011637,0.5489494125254146,skimage.morphology.skeletonize,41539,61339,D:\Retina\Retinal-Vessel-Segmentation-Benchmark-main\Models_output\gave\test_data\HRF\pred_masks\09_dr.png,D:\Retina\Retinal-Vessel-Segmentation-Benchmark-main\config\test_data\HRF\masks\09_dr.tif
GAVE,HRF,09_g,0.7726777904573678,0.7286896822094153,skimage.morphology.skeletonize,52422,71488,D:\Retina\Retinal-Vessel-Segmentation-Benchmark-main\Models_output\gave\test_data\HRF\pred_masks\09_g.png,D:\Retina\Retinal-Vessel-Segmentation-Benchmark-main\config\test_data\HRF\masks\09_g.tif
GAVE,HRF,09_h,0.7725521901295657,0.7479091732905367,skimage.morphology.skeletonize,42704,64372,D:\Retina\Retinal-Vessel-Segmentation-Benchmark-main\Models_output\gave\test_data\HRF\pred_masks\09_h.png,D:\Retina\Retinal-Vessel-Segmentation-Benchmark-main\config\test_data\HRF\masks\09_h.tif
GAVE,HRF,10_dr,0.7635694814130239,0.6241040474341857,skimage.morphology.skeletonize,56578,76585,D:\Retina\Retinal-Vessel-Segmentation-Benchmark-main\Models_output\gave\test_data\HRF\pred_masks\10_dr.png,D:\Retina\Retinal-Vessel-Segmentation-Benchmark-main\config\test_data\HRF\masks\10_dr.tif
GAVE,HRF,10_g,0.7738389927346158,0.7293269384372154,skimage.morphology.skeletonize,54057,70136,D:\Retina\Retinal-Vessel-Segmentation-Benchmark-main\Models_output\gave\test_data\HRF\pred_masks\10_g.png,D:\Retina\Retinal-Vessel-Segmentation-Benchmark-main\config\test_data\HRF\masks\10_g.tif
GAVE,HRF,10_h,0.7580335029901693,0.7336369376508837,skimage.morphology.skeletonize,46066,72811,D:\Retina\Retinal-Vessel-Segmentation-Benchmark-main\Models_output\gave\test_data\HRF\pred_masks\10_h.png,D:\Retina\Retinal-Vessel-Segmentation-Benchmark-main\config\test_data\HRF\masks\10_h.tif
GAVE,HRF,11_dr,0.7886326156376653,0.6893697365185418,skimage.morphology.skeletonize,58784,78981,D:\Retina\Retinal-Vessel-Segmentation-Benchmark-main\Models_output\gave\test_data\HRF\pred_masks\11_dr.png,D:\Retina\Retinal-Vessel-Segmentation-Benchmark-main\config\test_data\HRF\masks\11_dr.tif
GAVE,HRF,11_g,0.7800796306369764,0.7120717003600588,skimage.morphology.skeletonize,55808,75571,D:\Retina\Retinal-Vessel-Segmentation-Benchmark-main\Models_output\gave\test_data\HRF\pred_masks\11_g.png,D:\Retina\Retinal-Vessel-Segmentation-Benchmark-main\config\test_data\HRF\masks\11_g.tif
GAVE,HRF,11_h,0.8753693796577329,0.8245284374887092,skimage.morphology.skeletonize,52766,63941,D:\Retina\Retinal-Vessel-Segmentation-Benchmark-main\Models_output\gave\test_data\HRF\pred_masks\11_h.png,D:\Retina\Retinal-Vessel-Segmentation-Benchmark-main\config\test_data\HRF\masks\11_h.tif
GAVE,HRF,12_dr,0.7050265650953943,0.6325095035870696,skimage.morphology.skeletonize,52007,71856,D:\Retina\Retinal-Vessel-Segmentation-Benchmark-main\Models_output\gave\test_data\HRF\pred_masks\12_dr.png,D:\Retina\Retinal-Vessel-Segmentation-Benchmark-main\config\test_data\HRF\masks\12_dr.tif
GAVE,HRF,12_g,0.7671563998371653,0.7106783991807019,skimage.morphology.skeletonize,60401,83473,D:\Retina\Retinal-Vessel-Segmentation-Benchmark-main\Models_output\gave\test_data\HRF\pred_masks\12_g.png,D:\Retina\Retinal-Vessel-Segmentation-Benchmark-main\config\test_data\HRF\masks\12_g.tif
GAVE,HRF,12_h,0.8723198684771951,0.8033429456004165,skimage.morphology.skeletonize,56923,67859,D:\Retina\Retinal-Vessel-Segmentation-Benchmark-main\Models_output\gave\test_data\HRF\pred_masks\12_h.png,D:\Retina\Retinal-Vessel-Segmentation-Benchmark-main\config\test_data\HRF\masks\12_h.tif
GAVE,HRF,13_dr,0.733926940845952,0.6468301222237856,skimage.morphology.skeletonize,49309,64820,D:\Retina\Retinal-Vessel-Segmentation-Benchmark-main\Models_output\gave\test_data\HRF\pred_masks\13_dr.png,D:\Retina\Retinal-Vessel-Segmentation-Benchmark-main\config\test_data\HRF\masks\13_dr.tif
GAVE,HRF,13_g,0.7482631170011915,0.6652938789576629,skimage.morphology.skeletonize,52910,73060,D:\Retina\Retinal-Vessel-Segmentation-Benchmark-main\Models_output\gave\test_data\HRF\pred_masks\13_g.png,D:\Retina\Retinal-Vessel-Segmentation-Benchmark-main\config\test_data\HRF\masks\13_g.tif
GAVE,HRF,13_h,0.8670901236099562,0.8003548605357326,skimage.morphology.skeletonize,50692,60696,D:\Retina\Retinal-Vessel-Segmentation-Benchmark-main\Models_output\gave\test_data\HRF\pred_masks\13_h.png,D:\Retina\Retinal-Vessel-Segmentation-Benchmark-main\config\test_data\HRF\masks\13_h.tif
GAVE,HRF,14_dr,0.7398089106718791,0.6491977837628686,skimage.morphology.skeletonize,58386,77365,D:\Retina\Retinal-Vessel-Segmentation-Benchmark-main\Models_output\gave\test_data\HRF\pred_masks\14_dr.png,D:\Retina\Retinal-Vessel-Segmentation-Benchmark-main\config\test_data\HRF\masks\14_dr.tif
GAVE,HRF,14_g,0.7275289002698629,0.6172461443743458,skimage.morphology.skeletonize,49775,73554,D:\Retina\Retinal-Vessel-Segmentation-Benchmark-main\Models_output\gave\test_data\HRF\pred_masks\14_g.png,D:\Retina\Retinal-Vessel-Segmentation-Benchmark-main\config\test_data\HRF\masks\14_g.tif
GAVE,HRF,14_h,0.855286144972866,0.7945517131634243,skimage.morphology.skeletonize,50883,63512,D:\Retina\Retinal-Vessel-Segmentation-Benchmark-main\Models_output\gave\test_data\HRF\pred_masks\14_h.png,D:\Retina\Retinal-Vessel-Segmentation-Benchmark-main\config\test_data\HRF\masks\14_h.tif
GAVE,HRF,15_dr,0.7459705350617497,0.6464629391038563,skimage.morphology.skeletonize,50211,59201,D:\Retina\Retinal-Vessel-Segmentation-Benchmark-main\Models_output\gave\test_data\HRF\pred_masks\15_dr.png,D:\Retina\Retinal-Vessel-Segmentation-Benchmark-main\config\test_data\HRF\masks\15_dr.tif
GAVE,HRF,15_g,0.7246273902654398,0.5833471432472831,skimage.morphology.skeletonize,46413,71868,D:\Retina\Retinal-Vessel-Segmentation-Benchmark-main\Models_output\gave\test_data\HRF\pred_masks\15_g.png,D:\Retina\Retinal-Vessel-Segmentation-Benchmark-main\config\test_data\HRF\masks\15_g.tif
GAVE,HRF,15_h,0.9038701209834726,0.8550659822872437,skimage.morphology.skeletonize,51357,57949,D:\Retina\Retinal-Vessel-Segmentation-Benchmark-main\Models_output\gave\test_data\HRF\pred_masks\15_h.png,D:\Retina\Retinal-Vessel-Segmentation-Benchmark-main\config\test_data\HRF\masks\15_h.tif
GAVE,LES,111,0.8128064053880877,0.7835350880047725,skimage.morphology.skeletonize,10930,14423,D:\Retina\Retinal-Vessel-Segmentation-Benchmark-main\Models_output\gave\test_data\LES\pred_masks\111.png,D:\Retina\Retinal-Vessel-Segmentation-Benchmark-main\config\test_data\LES\masks\111.png
GAVE,LES,119,0.8338133565285081,0.8184204420162617,skimage.morphology.skeletonize,12526,14280,D:\Retina\Retinal-Vessel-Segmentation-Benchmark-main\Models_output\gave\test_data\LES\pred_masks\119.png,D:\Retina\Retinal-Vessel-Segmentation-Benchmark-main\config\test_data\LES\masks\119.png
GAVE,LES,12,0.8782507945412015,0.8559813416907921,skimage.morphology.skeletonize,14034,16580,D:\Retina\Retinal-Vessel-Segmentation-Benchmark-main\Models_output\gave\test_data\LES\pred_masks\12.png,D:\Retina\Retinal-Vessel-Segmentation-Benchmark-main\config\test_data\LES\masks\12.png
GAVE,LES,15,0.8031159306046574,0.7009026410017958,skimage.morphology.skeletonize,10707,13859,D:\Retina\Retinal-Vessel-Segmentation-Benchmark-main\Models_output\gave\test_data\LES\pred_masks\15.png,D:\Retina\Retinal-Vessel-Segmentation-Benchmark-main\config\test_data\LES\masks\15.png
GAVE,LES,224,0.8641387177696447,0.7939398682956149,skimage.morphology.skeletonize,16237,18430,D:\Retina\Retinal-Vessel-Segmentation-Benchmark-main\Models_output\gave\test_data\LES\pred_masks\224.png,D:\Retina\Retinal-Vessel-Segmentation-Benchmark-main\config\test_data\LES\masks\224.png
GAVE,LES,240,0.8585618475465085,0.7985905780157807,skimage.morphology.skeletonize,11186,13487,D:\Retina\Retinal-Vessel-Segmentation-Benchmark-main\Models_output\gave\test_data\LES\pred_masks\240.png,D:\Retina\Retinal-Vessel-Segmentation-Benchmark-main\config\test_data\LES\masks\240.png
GAVE,LES,275,0.8612069768023184,0.8309788634447627,skimage.morphology.skeletonize,12668,14568,D:\Retina\Retinal-Vessel-Segmentation-Benchmark-main\Models_output\gave\test_data\LES\pred_masks\275.png,D:\Retina\Retinal-Vessel-Segmentation-Benchmark-main\config\test_data\LES\masks\275.png
GAVE,LES,279,0.8696765266231347,0.7844001242692905,skimage.morphology.skeletonize,15045,17366,D:\Retina\Retinal-Vessel-Segmentation-Benchmark-main\Models_output\gave\test_data\LES\pred_masks\279.png,D:\Retina\Retinal-Vessel-Segmentation-Benchmark-main\config\test_data\LES\masks\279.png
GAVE,LES,304,0.7749854911183457,0.6494188792105435,skimage.morphology.skeletonize,7456,9348,D:\Retina\Retinal-Vessel-Segmentation-Benchmark-main\Models_output\gave\test_data\LES\pred_masks\304.png,D:\Retina\Retinal-Vessel-Segmentation-Benchmark-main\config\test_data\LES\masks\304.png
GAVE,LES,318,0.8930001208841245,0.8278938221271992,skimage.morphology.skeletonize,12780,14235,D:\Retina\Retinal-Vessel-Segmentation-Benchmark-main\Models_output\gave\test_data\LES\pred_masks\318.png,D:\Retina\Retinal-Vessel-Segmentation-Benchmark-main\config\test_data\LES\masks\318.png
GAVE,LES,33,0.8411413463508003,0.7863996557971841,skimage.morphology.skeletonize,16267,20349,D:\Retina\Retinal-Vessel-Segmentation-Benchmark-main\Models_output\gave\test_data\LES\pred_masks\33.png,D:\Retina\Retinal-Vessel-Segmentation-Benchmark-main\config\test_data\LES\masks\33.png
GAVE,LES,34,0.8162349022227923,0.7605195012309671,skimage.morphology.skeletonize,25841,31603,D:\Retina\Retinal-Vessel-Segmentation-Benchmark-main\Models_output\gave\test_data\LES\pred_masks\34.png,D:\Retina\Retinal-Vessel-Segmentation-Benchmark-main\config\test_data\LES\masks\34.png
GAVE,LES,367,0.906282128635212,0.8941426255070377,skimage.morphology.skeletonize,14196,15054,D:\Retina\Retinal-Vessel-Segmentation-Benchmark-main\Models_output\gave\test_data\LES\pred_masks\367.png,D:\Retina\Retinal-Vessel-Segmentation-Benchmark-main\config\test_data\LES\masks\367.png
GAVE,LES,37,0.879182194510729,0.796277288453418,skimage.morphology.skeletonize,16264,18851,D:\Retina\Retinal-Vessel-Segmentation-Benchmark-main\Models_output\gave\test_data\LES\pred_masks\37.png,D:\Retina\Retinal-Vessel-Segmentation-Benchmark-main\config\test_data\LES\masks\37.png
GAVE,LES,370,0.8563991007126752,0.8066977406395145,skimage.morphology.skeletonize,12497,13031,D:\Retina\Retinal-Vessel-Segmentation-Benchmark-main\Models_output\gave\test_data\LES\pred_masks\370.png,D:\Retina\Retinal-Vessel-Segmentation-Benchmark-main\config\test_data\LES\masks\370.png
GAVE,LES,42,0.8624932967171438,0.8421404041731203,skimage.morphology.skeletonize,13399,16271,D:\Retina\Retinal-Vessel-Segmentation-Benchmark-main\Models_output\gave\test_data\LES\pred_masks\42.png,D:\Retina\Retinal-Vessel-Segmentation-Benchmark-main\config\test_data\LES\masks\42.png
GAVE,LES,486,0.8129846214443328,0.7410123099767321,skimage.morphology.skeletonize,10251,12854,D:\Retina\Retinal-Vessel-Segmentation-Benchmark-main\Models_output\gave\test_data\LES\pred_masks\486.png,D:\Retina\Retinal-Vessel-Segmentation-Benchmark-main\config\test_data\LES\masks\486.png
GAVE,LES,49,0.8254770855951499,0.7666370684601628,skimage.morphology.skeletonize,13099,16658,D:\Retina\Retinal-Vessel-Segmentation-Benchmark-main\Models_output\gave\test_data\LES\pred_masks\49.png,D:\Retina\Retinal-Vessel-Segmentation-Benchmark-main\config\test_data\LES\masks\49.png
GAVE,LES,529,0.7621454810138447,0.6260269553815494,skimage.morphology.skeletonize,8831,11882,D:\Retina\Retinal-Vessel-Segmentation-Benchmark-main\Models_output\gave\test_data\LES\pred_masks\529.png,D:\Retina\Retinal-Vessel-Segmentation-Benchmark-main\config\test_data\LES\masks\529.png
GAVE,LES,53,0.8493936484559472,0.8194951212621295,skimage.morphology.skeletonize,15191,18584,D:\Retina\Retinal-Vessel-Segmentation-Benchmark-main\Models_output\gave\test_data\LES\pred_masks\53.png,D:\Retina\Retinal-Vessel-Segmentation-Benchmark-main\config\test_data\LES\masks\53.png
GAVE,LES,586,0.865154777193352,0.8076090715627622,skimage.morphology.skeletonize,14896,15979,D:\Retina\Retinal-Vessel-Segmentation-Benchmark-main\Models_output\gave\test_data\LES\pred_masks\586.png,D:\Retina\Retinal-Vessel-Segmentation-Benchmark-main\config\test_data\LES\masks\586.png
GAVE,LES,90,0.8294073588872048,0.7442899095325236,skimage.morphology.skeletonize,12605,15621,D:\Retina\Retinal-Vessel-Segmentation-Benchmark-main\Models_output\gave\test_data\LES\pred_masks\90.png,D:\Retina\Retinal-Vessel-Segmentation-Benchmark-main\config\test_data\LES\masks\90.png
GAVE,STARE,im0001,0.8401980255659871,0.877067731410139,skimage.morphology.skeletonize,7322,7687,D:\Retina\Retinal-Vessel-Segmentation-Benchmark-main\Models_output\gave\test_data\STARE\pred_masks\im0001.png,D:\Retina\Retinal-Vessel-Segmentation-Benchmark-main\config\test_data\STARE\masks\im0001.png
GAVE,STARE,im0002,0.8279266132742701,0.8753838808160124,skimage.morphology.skeletonize,5914,7130,D:\Retina\Retinal-Vessel-Segmentation-Benchmark-main\Models_output\gave\test_data\STARE\pred_masks\im0002.png,D:\Retina\Retinal-Vessel-Segmentation-Benchmark-main\config\test_data\STARE\masks\im0002.png
GAVE,STARE,im0003,0.7914820154540048,0.8220147748635993,skimage.morphology.skeletonize,4245,6012,D:\Retina\Retinal-Vessel-Segmentation-Benchmark-main\Models_output\gave\test_data\STARE\pred_masks\im0003.png,D:\Retina\Retinal-Vessel-Segmentation-Benchmark-main\config\test_data\STARE\masks\im0003.png
GAVE,STARE,im0004,0.8219186741520537,0.8411570520866755,skimage.morphology.skeletonize,5644,5883,D:\Retina\Retinal-Vessel-Segmentation-Benchmark-main\Models_output\gave\test_data\STARE\pred_masks\im0004.png,D:\Retina\Retinal-Vessel-Segmentation-Benchmark-main\config\test_data\STARE\masks\im0004.png
GAVE,STARE,im0005,0.8138217221392652,0.8296780037885817,skimage.morphology.skeletonize,6562,7339,D:\Retina\Retinal-Vessel-Segmentation-Benchmark-main\Models_output\gave\test_data\STARE\pred_masks\im0005.png,D:\Retina\Retinal-Vessel-Segmentation-Benchmark-main\config\test_data\STARE\masks\im0005.png
GAVE,STARE,im0044,0.6776618137329308,0.6991561928306005,skimage.morphology.skeletonize,3859,6614,D:\Retina\Retinal-Vessel-Segmentation-Benchmark-main\Models_output\gave\test_data\STARE\pred_masks\im0044.png,D:\Retina\Retinal-Vessel-Segmentation-Benchmark-main\config\test_data\STARE\masks\im0044.png
GAVE,STARE,im0077,0.8353133113401203,0.8838748027476854,skimage.morphology.skeletonize,7490,8586,D:\Retina\Retinal-Vessel-Segmentation-Benchmark-main\Models_output\gave\test_data\STARE\pred_masks\im0077.png,D:\Retina\Retinal-Vessel-Segmentation-Benchmark-main\config\test_data\STARE\masks\im0077.png
GAVE,STARE,im0081,0.8868636338406469,0.9213906495047836,skimage.morphology.skeletonize,7783,8054,D:\Retina\Retinal-Vessel-Segmentation-Benchmark-main\Models_output\gave\test_data\STARE\pred_masks\im0081.png,D:\Retina\Retinal-Vessel-Segmentation-Benchmark-main\config\test_data\STARE\masks\im0081.png
GAVE,STARE,im0082,0.8501699258269736,0.9043579609410262,skimage.morphology.skeletonize,7648,8757,D:\Retina\Retinal-Vessel-Segmentation-Benchmark-main\Models_output\gave\test_data\STARE\pred_masks\im0082.png,D:\Retina\Retinal-Vessel-Segmentation-Benchmark-main\config\test_data\STARE\masks\im0082.png
GAVE,STARE,im0139,0.8337013889996088,0.8826393868597516,skimage.morphology.skeletonize,7443,8549,D:\Retina\Retinal-Vessel-Segmentation-Benchmark-main\Models_output\gave\test_data\STARE\pred_masks\im0139.png,D:\Retina\Retinal-Vessel-Segmentation-Benchmark-main\config\test_data\STARE\masks\im0139.png
GAVE,STARE,im0162,0.8502373886239972,0.9156512137003816,skimage.morphology.skeletonize,9126,10720,D:\Retina\Retinal-Vessel-Segmentation-Benchmark-main\Models_output\gave\test_data\STARE\pred_masks\im0162.png,D:\Retina\Retinal-Vessel-Segmentation-Benchmark-main\config\test_data\STARE\masks\im0162.png
GAVE,STARE,im0163,0.8904508344725804,0.9352102176496242,skimage.morphology.skeletonize,8009,8302,D:\Retina\Retinal-Vessel-Segmentation-Benchmark-main\Models_output\gave\test_data\STARE\pred_masks\im0163.png,D:\Retina\Retinal-Vessel-Segmentation-Benchmark-main\config\test_data\STARE\masks\im0163.png
GAVE,STARE,im0235,0.8565483958549128,0.8858185046804089,skimage.morphology.skeletonize,7072,8640,D:\Retina\Retinal-Vessel-Segmentation-Benchmark-main\Models_output\gave\test_data\STARE\pred_masks\im0235.png,D:\Retina\Retinal-Vessel-Segmentation-Benchmark-main\config\test_data\STARE\masks\im0235.png
GAVE,STARE,im0236,0.8283563175630956,0.8393963706552503,skimage.morphology.skeletonize,6675,8518,D:\Retina\Retinal-Vessel-Segmentation-Benchmark-main\Models_output\gave\test_data\STARE\pred_masks\im0236.png,D:\Retina\Retinal-Vessel-Segmentation-Benchmark-main\config\test_data\STARE\masks\im0236.png
GAVE,STARE,im0239,0.8556569775349178,0.9000887417038095,skimage.morphology.skeletonize,7509,8829,D:\Retina\Retinal-Vessel-Segmentation-Benchmark-main\Models_output\gave\test_data\STARE\pred_masks\im0239.png,D:\Retina\Retinal-Vessel-Segmentation-Benchmark-main\config\test_data\STARE\masks\im0239.png
GAVE,STARE,im0240,0.8785168151461701,0.896657190538583,skimage.morphology.skeletonize,7518,7763,D:\Retina\Retinal-Vessel-Segmentation-Benchmark-main\Models_output\gave\test_data\STARE\pred_masks\im0240.png,D:\Retina\Retinal-Vessel-Segmentation-Benchmark-main\config\test_data\STARE\masks\im0240.png
GAVE,STARE,im0255,0.8542336935748854,0.8975197372540833,skimage.morphology.skeletonize,8683,10617,D:\Retina\Retinal-Vessel-Segmentation-Benchmark-main\Models_output\gave\test_data\STARE\pred_masks\im0255.png,D:\Retina\Retinal-Vessel-Segmentation-Benchmark-main\config\test_data\STARE\masks\im0255.png
GAVE,STARE,im0291,0.860186724126807,0.8811864400284634,skimage.morphology.skeletonize,4744,5054,D:\Retina\Retinal-Vessel-Segmentation-Benchmark-main\Models_output\gave\test_data\STARE\pred_masks\im0291.png,D:\Retina\Retinal-Vessel-Segmentation-Benchmark-main\config\test_data\STARE\masks\im0291.png
GAVE,STARE,im0319,0.7986853839142583,0.8520915812061709,skimage.morphology.skeletonize,3963,4669,D:\Retina\Retinal-Vessel-Segmentation-Benchmark-main\Models_output\gave\test_data\STARE\pred_masks\im0319.png,D:\Retina\Retinal-Vessel-Segmentation-Benchmark-main\config\test_data\STARE\masks\im0319.png
GAVE,STARE,im0324,0.7966731555854296,0.825452117036136,skimage.morphology.skeletonize,4311,5192,D:\Retina\Retinal-Vessel-Segmentation-Benchmark-main\Models_output\gave\test_data\STARE\pred_masks\im0324.png,D:\Retina\Retinal-Vessel-Segmentation-Benchmark-main\config\test_data\STARE\masks\im0324.png
FRUnet,AFIO,IM000001,0.7274712779518859,0.607360019607225,skimage.morphology.skeletonize,13213,16917,D:\Retina\Retinal-Vessel-Segmentation-Benchmark-main\Models_output\FRUnet\test_data\AFIO\pred_masks\IM000001.png,D:\Retina\Retinal-Vessel-Segmentation-Benchmark-main\config\test_data\AFIO\masks\IM000001.png
FRUnet,AFIO,IM000004,0.7434955267143638,0.6761808456489482,skimage.morphology.skeletonize,12229,14456,D:\Retina\Retinal-Vessel-Segmentation-Benchmark-main\Models_output\FRUnet\test_data\AFIO\pred_masks\IM000004.png,D:\Retina\Retinal-Vessel-Segmentation-Benchmark-main\config\test_data\AFIO\masks\IM000004.png
FRUnet,AFIO,IM000023,0.6525537153636873,0.5487342479551796,skimage.morphology.skeletonize,8302,9796,D:\Retina\Retinal-Vessel-Segmentation-Benchmark-main\Models_output\FRUnet\test_data\AFIO\pred_masks\IM000023.png,D:\Retina\Retinal-Vessel-Segmentation-Benchmark-main\config\test_data\AFIO\masks\IM000023.png
FRUnet,AFIO,IM000024,0.6371004363653667,0.5358549787453686,skimage.morphology.skeletonize,9295,13209,D:\Retina\Retinal-Vessel-Segmentation-Benchmark-main\Models_output\FRUnet\test_data\AFIO\pred_masks\IM000024.png,D:\Retina\Retinal-Vessel-Segmentation-Benchmark-main\config\test_data\AFIO\masks\IM000024.png
FRUnet,AFIO,IM000135,0.6587663262872825,0.593240906793518,skimage.morphology.skeletonize,15500,25235,D:\Retina\Retinal-Vessel-Segmentation-Benchmark-main\Models_output\FRUnet\test_data\AFIO\pred_masks\IM000135.png,D:\Retina\Retinal-Vessel-Segmentation-Benchmark-main\config\test_data\AFIO\masks\IM000135.png
FRUnet,AFIO,IM000136,0.7730628376256811,0.6649191856079043,skimage.morphology.skeletonize,15345,18592,D:\Retina\Retinal-Vessel-Segmentation-Benchmark-main\Models_output\FRUnet\test_data\AFIO\pred_masks\IM000136.png,D:\Retina\Retinal-Vessel-Segmentation-Benchmark-main\config\test_data\AFIO\masks\IM000136.png
FRUnet,AFIO,IM000167,0.7399197383339926,0.6564880300056091,skimage.morphology.skeletonize,11348,14133,D:\Retina\Retinal-Vessel-Segmentation-Benchmark-main\Models_output\FRUnet\test_data\AFIO\pred_masks\IM000167.png,D:\Retina\Retinal-Vessel-Segmentation-Benchmark-main\config\test_data\AFIO\masks\IM000167.png
FRUnet,AFIO,IM000168,0.7183671029055264,0.6334986933913551,skimage.morphology.skeletonize,13458,17424,D:\Retina\Retinal-Vessel-Segmentation-Benchmark-main\Models_output\FRUnet\test_data\AFIO\pred_masks\IM000168.png,D:\Retina\Retinal-Vessel-Segmentation-Benchmark-main\config\test_data\AFIO\masks\IM000168.png
FRUnet,AFIO,IM000189,0.6665283017091604,0.577121813468314,skimage.morphology.skeletonize,12413,17549,D:\Retina\Retinal-Vessel-Segmentation-Benchmark-main\Models_output\FRUnet\test_data\AFIO\pred_masks\IM000189.png,D:\Retina\Retinal-Vessel-Segmentation-Benchmark-main\config\test_data\AFIO\masks\IM000189.png
FRUnet,AFIO,IM000209,0.7085422583556573,0.6403854371132728,skimage.morphology.skeletonize,10215,11828,D:\Retina\Retinal-Vessel-Segmentation-Benchmark-main\Models_output\FRUnet\test_data\AFIO\pred_masks\IM000209.png,D:\Retina\Retinal-Vessel-Segmentation-Benchmark-main\config\test_data\AFIO\masks\IM000209.png
FRUnet,AFIO,IM000210,0.6975687413358881,0.6094560177960155,skimage.morphology.skeletonize,11196,14676,D:\Retina\Retinal-Vessel-Segmentation-Benchmark-main\Models_output\FRUnet\test_data\AFIO\pred_masks\IM000210.png,D:\Retina\Retinal-Vessel-Segmentation-Benchmark-main\config\test_data\AFIO\masks\IM000210.png
FRUnet,AFIO,IM000333,0.6983865426777337,0.5846877824741421,skimage.morphology.skeletonize,11375,15204,D:\Retina\Retinal-Vessel-Segmentation-Benchmark-main\Models_output\FRUnet\test_data\AFIO\pred_masks\IM000333.png,D:\Retina\Retinal-Vessel-Segmentation-Benchmark-main\config\test_data\AFIO\masks\IM000333.png
FRUnet,AFIO,IM000389,0.6459740187843119,0.5903195625220163,skimage.morphology.skeletonize,10296,14557,D:\Retina\Retinal-Vessel-Segmentation-Benchmark-main\Models_output\FRUnet\test_data\AFIO\pred_masks\IM000389.png,D:\Retina\Retinal-Vessel-Segmentation-Benchmark-main\config\test_data\AFIO\masks\IM000389.png
FRUnet,AFIO,IM000390,0.655289636246091,0.554673997503679,skimage.morphology.skeletonize,12056,16216,D:\Retina\Retinal-Vessel-Segmentation-Benchmark-main\Models_output\FRUnet\test_data\AFIO\pred_masks\IM000390.png,D:\Retina\Retinal-Vessel-Segmentation-Benchmark-main\config\test_data\AFIO\masks\IM000390.png
FRUnet,AFIO,IM000678,0.6771939139458488,0.569606765619999,skimage.morphology.skeletonize,9607,12751,D:\Retina\Retinal-Vessel-Segmentation-Benchmark-main\Models_output\FRUnet\test_data\AFIO\pred_masks\IM000678.png,D:\Retina\Retinal-Vessel-Segmentation-Benchmark-main\config\test_data\AFIO\masks\IM000678.png
FRUnet,AFIO,IM000679,0.6621529324914786,0.5279813888604299,skimage.morphology.skeletonize,10507,13094,D:\Retina\Retinal-Vessel-Segmentation-Benchmark-main\Models_output\FRUnet\test_data\AFIO\pred_masks\IM000679.png,D:\Retina\Retinal-Vessel-Segmentation-Benchmark-main\config\test_data\AFIO\masks\IM000679.png
FRUnet,AFIO,IM000715,0.6816627944384365,0.5470725487004178,skimage.morphology.skeletonize,9810,8619,D:\Retina\Retinal-Vessel-Segmentation-Benchmark-main\Models_output\FRUnet\test_data\AFIO\pred_masks\IM000715.png,D:\Retina\Retinal-Vessel-Segmentation-Benchmark-main\config\test_data\AFIO\masks\IM000715.png
FRUnet,AFIO,IM000716,0.602895045403406,0.5253754542947788,skimage.morphology.skeletonize,9535,10115,D:\Retina\Retinal-Vessel-Segmentation-Benchmark-main\Models_output\FRUnet\test_data\AFIO\pred_masks\IM000716.png,D:\Retina\Retinal-Vessel-Segmentation-Benchmark-main\config\test_data\AFIO\masks\IM000716.png
FRUnet,AFIO,IM000938,0.6543354103283606,0.4778936199950277,skimage.morphology.skeletonize,6803,9863,D:\Retina\Retinal-Vessel-Segmentation-Benchmark-main\Models_output\FRUnet\test_data\AFIO\pred_masks\IM000938.png,D:\Retina\Retinal-Vessel-Segmentation-Benchmark-main\config\test_data\AFIO\masks\IM000938.png
FRUnet,AFIO,IM001031,0.7395810015406292,0.5591977072437122,skimage.morphology.skeletonize,8850,11346,D:\Retina\Retinal-Vessel-Segmentation-Benchmark-main\Models_output\FRUnet\test_data\AFIO\pred_masks\IM001031.png,D:\Retina\Retinal-Vessel-Segmentation-Benchmark-main\config\test_data\AFIO\masks\IM001031.png
FRUnet,AFIO,IM001032,0.7395810015406292,0.5591977072437122,skimage.morphology.skeletonize,8850,11346,D:\Retina\Retinal-Vessel-Segmentation-Benchmark-main\Models_output\FRUnet\test_data\AFIO\pred_masks\IM001032.png,D:\Retina\Retinal-Vessel-Segmentation-Benchmark-main\config\test_data\AFIO\masks\IM001032.png
FRUnet,AFIO,IM001034,0.6473462880856466,0.44109751311332923,skimage.morphology.skeletonize,6442,8152,D:\Retina\Retinal-Vessel-Segmentation-Benchmark-main\Models_output\FRUnet\test_data\AFIO\pred_masks\IM001034.png,D:\Retina\Retinal-Vessel-Segmentation-Benchmark-main\config\test_data\AFIO\masks\IM001034.png
FRUnet,AFIO,IM001069,0.6851783909931388,0.5442697737113713,skimage.morphology.skeletonize,9457,13201,D:\Retina\Retinal-Vessel-Segmentation-Benchmark-main\Models_output\FRUnet\test_data\AFIO\pred_masks\IM001069.png,D:\Retina\Retinal-Vessel-Segmentation-Benchmark-main\config\test_data\AFIO\masks\IM001069.png
FRUnet,AFIO,IM001070,0.673135043502023,0.5816857313115995,skimage.morphology.skeletonize,10572,14877,D:\Retina\Retinal-Vessel-Segmentation-Benchmark-main\Models_output\FRUnet\test_data\AFIO\pred_masks\IM001070.png,D:\Retina\Retinal-Vessel-Segmentation-Benchmark-main\config\test_data\AFIO\masks\IM001070.png
FRUnet,AFIO,IM001096,0.7000424597937541,0.532145638697695,skimage.morphology.skeletonize,10970,14068,D:\Retina\Retinal-Vessel-Segmentation-Benchmark-main\Models_output\FRUnet\test_data\AFIO\pred_masks\IM001096.png,D:\Retina\Retinal-Vessel-Segmentation-Benchmark-main\config\test_data\AFIO\masks\IM001096.png
FRUnet,AFIO,IM001097,0.7727117767907983,0.6360572071676405,skimage.morphology.skeletonize,10074,13196,D:\Retina\Retinal-Vessel-Segmentation-Benchmark-main\Models_output\FRUnet\test_data\AFIO\pred_masks\IM001097.png,D:\Retina\Retinal-Vessel-Segmentation-Benchmark-main\config\test_data\AFIO\masks\IM001097.png
FRUnet,AFIO,IM001126,0.6469767865928511,0.5069336018854356,skimage.morphology.skeletonize,10771,14128,D:\Retina\Retinal-Vessel-Segmentation-Benchmark-main\Models_output\FRUnet\test_data\AFIO\pred_masks\IM001126.png,D:\Retina\Retinal-Vessel-Segmentation-Benchmark-main\config\test_data\AFIO\masks\IM001126.png
FRUnet,AFIO,IM001127,0.657791230951506,0.5162192826199767,skimage.morphology.skeletonize,9516,12954,D:\Retina\Retinal-Vessel-Segmentation-Benchmark-main\Models_output\FRUnet\test_data\AFIO\pred_masks\IM001127.png,D:\Retina\Retinal-Vessel-Segmentation-Benchmark-main\config\test_data\AFIO\masks\IM001127.png
FRUnet,AFIO,IM001154,0.7095536764374258,0.6183360451854065,skimage.morphology.skeletonize,12309,16134,D:\Retina\Retinal-Vessel-Segmentation-Benchmark-main\Models_output\FRUnet\test_data\AFIO\pred_masks\IM001154.png,D:\Retina\Retinal-Vessel-Segmentation-Benchmark-main\config\test_data\AFIO\masks\IM001154.png
FRUnet,AFIO,IM001155,0.7164811716499945,0.6146503800371136,skimage.morphology.skeletonize,11275,14989,D:\Retina\Retinal-Vessel-Segmentation-Benchmark-main\Models_output\FRUnet\test_data\AFIO\pred_masks\IM001155.png,D:\Retina\Retinal-Vessel-Segmentation-Benchmark-main\config\test_data\AFIO\masks\IM001155.png
FRUnet,AFIO,IM001192,0.679050172425266,0.5580667844032344,skimage.morphology.skeletonize,14612,20762,D:\Retina\Retinal-Vessel-Segmentation-Benchmark-main\Models_output\FRUnet\test_data\AFIO\pred_masks\IM001192.png,D:\Retina\Retinal-Vessel-Segmentation-Benchmark-main\config\test_data\AFIO\masks\IM001192.png
FRUnet,AFIO,IM001193,0.639717882522368,0.5451896192184372,skimage.morphology.skeletonize,15077,22990,D:\Retina\Retinal-Vessel-Segmentation-Benchmark-main\Models_output\FRUnet\test_data\AFIO\pred_masks\IM001193.png,D:\Retina\Retinal-Vessel-Segmentation-Benchmark-main\config\test_data\AFIO\masks\IM001193.png
FRUnet,AFIO,IM001218,0.73368207489243,0.6033333640977093,skimage.morphology.skeletonize,15179,19593,D:\Retina\Retinal-Vessel-Segmentation-Benchmark-main\Models_output\FRUnet\test_data\AFIO\pred_masks\IM001218.png,D:\Retina\Retinal-Vessel-Segmentation-Benchmark-main\config\test_data\AFIO\masks\IM001218.png
FRUnet,AFIO,IM001219,0.7241727535075105,0.6330505336803186,skimage.morphology.skeletonize,15736,20060,D:\Retina\Retinal-Vessel-Segmentation-Benchmark-main\Models_output\FRUnet\test_data\AFIO\pred_masks\IM001219.png,D:\Retina\Retinal-Vessel-Segmentation-Benchmark-main\config\test_data\AFIO\masks\IM001219.png
FRUnet,AFIO,IM001246,0.7064223797017408,0.5616055088508078,skimage.morphology.skeletonize,12653,14308,D:\Retina\Retinal-Vessel-Segmentation-Benchmark-main\Models_output\FRUnet\test_data\AFIO\pred_masks\IM001246.png,D:\Retina\Retinal-Vessel-Segmentation-Benchmark-main\config\test_data\AFIO\masks\IM001246.png
FRUnet,AFIO,IM001686,0.7522060822717272,0.6048191726192125,skimage.morphology.skeletonize,10489,11704,D:\Retina\Retinal-Vessel-Segmentation-Benchmark-main\Models_output\FRUnet\test_data\AFIO\pred_masks\IM001686.png,D:\Retina\Retinal-Vessel-Segmentation-Benchmark-main\config\test_data\AFIO\masks\IM001686.png
FRUnet,AFIO,IM001749,0.7008534463626802,0.6023422101662887,skimage.morphology.skeletonize,14752,19224,D:\Retina\Retinal-Vessel-Segmentation-Benchmark-main\Models_output\FRUnet\test_data\AFIO\pred_masks\IM001749.png,D:\Retina\Retinal-Vessel-Segmentation-Benchmark-main\config\test_data\AFIO\masks\IM001749.png
FRUnet,AFIO,IM001750,0.6473510577393741,0.5336249165632183,skimage.morphology.skeletonize,12706,18160,D:\Retina\Retinal-Vessel-Segmentation-Benchmark-main\Models_output\FRUnet\test_data\AFIO\pred_masks\IM001750.png,D:\Retina\Retinal-Vessel-Segmentation-Benchmark-main\config\test_data\AFIO\masks\IM001750.png
FRUnet,AFIO,IM001791,0.7411524809695607,0.6503285785545401,skimage.morphology.skeletonize,13116,16786,D:\Retina\Retinal-Vessel-Segmentation-Benchmark-main\Models_output\FRUnet\test_data\AFIO\pred_masks\IM001791.png,D:\Retina\Retinal-Vessel-Segmentation-Benchmark-main\config\test_data\AFIO\masks\IM001791.png
FRUnet,AFIO,IM001792,0.6741940546469601,0.5727253971828932,skimage.morphology.skeletonize,13404,17614,D:\Retina\Retinal-Vessel-Segmentation-Benchmark-main\Models_output\FRUnet\test_data\AFIO\pred_masks\IM001792.png,D:\Retina\Retinal-Vessel-Segmentation-Benchmark-main\config\test_data\AFIO\masks\IM001792.png
FRUnet,AFIO,IM001814,0.7135586056829044,0.5923308029672443,skimage.morphology.skeletonize,12239,15723,D:\Retina\Retinal-Vessel-Segmentation-Benchmark-main\Models_output\FRUnet\test_data\AFIO\pred_masks\IM001814.png,D:\Retina\Retinal-Vessel-Segmentation-Benchmark-main\config\test_data\AFIO\masks\IM001814.png
FRUnet,AFIO,IM001858,0.7051463633265685,0.6257285207920555,skimage.morphology.skeletonize,13452,17848,D:\Retina\Retinal-Vessel-Segmentation-Benchmark-main\Models_output\FRUnet\test_data\AFIO\pred_masks\IM001858.png,D:\Retina\Retinal-Vessel-Segmentation-Benchmark-main\config\test_data\AFIO\masks\IM001858.png
FRUnet,AFIO,IM001859,0.7262104318256155,0.6117808183734578,skimage.morphology.skeletonize,10781,13308,D:\Retina\Retinal-Vessel-Segmentation-Benchmark-main\Models_output\FRUnet\test_data\AFIO\pred_masks\IM001859.png,D:\Retina\Retinal-Vessel-Segmentation-Benchmark-main\config\test_data\AFIO\masks\IM001859.png
FRUnet,AFIO,IM002094,0.6082745493978703,0.475543175894168,skimage.morphology.skeletonize,7428,9496,D:\Retina\Retinal-Vessel-Segmentation-Benchmark-main\Models_output\FRUnet\test_data\AFIO\pred_masks\IM002094.png,D:\Retina\Retinal-Vessel-Segmentation-Benchmark-main\config\test_data\AFIO\masks\IM002094.png
FRUnet,AFIO,IM002348,0.7464037591795262,0.5967200115750115,skimage.morphology.skeletonize,11063,13594,D:\Retina\Retinal-Vessel-Segmentation-Benchmark-main\Models_output\FRUnet\test_data\AFIO\pred_masks\IM002348.png,D:\Retina\Retinal-Vessel-Segmentation-Benchmark-main\config\test_data\AFIO\masks\IM002348.png
FRUnet,AFIO,IM002350,0.7599383347819133,0.6197415699745596,skimage.morphology.skeletonize,12083,14984,D:\Retina\Retinal-Vessel-Segmentation-Benchmark-main\Models_output\FRUnet\test_data\AFIO\pred_masks\IM002350.png,D:\Retina\Retinal-Vessel-Segmentation-Benchmark-main\config\test_data\AFIO\masks\IM002350.png
FRUnet,AFIO,IM002421,0.7188964444243211,0.5858827956879772,skimage.morphology.skeletonize,13358,17105,D:\Retina\Retinal-Vessel-Segmentation-Benchmark-main\Models_output\FRUnet\test_data\AFIO\pred_masks\IM002421.png,D:\Retina\Retinal-Vessel-Segmentation-Benchmark-main\config\test_data\AFIO\masks\IM002421.png
FRUnet,AFIO,IM002422,0.7379589320790909,0.6172401077602452,skimage.morphology.skeletonize,11672,14750,D:\Retina\Retinal-Vessel-Segmentation-Benchmark-main\Models_output\FRUnet\test_data\AFIO\pred_masks\IM002422.png,D:\Retina\Retinal-Vessel-Segmentation-Benchmark-main\config\test_data\AFIO\masks\IM002422.png
FRUnet,AFIO,IM002471,0.7249685023627692,0.5815855185467609,skimage.morphology.skeletonize,11790,13609,D:\Retina\Retinal-Vessel-Segmentation-Benchmark-main\Models_output\FRUnet\test_data\AFIO\pred_masks\IM002471.png,D:\Retina\Retinal-Vessel-Segmentation-Benchmark-main\config\test_data\AFIO\masks\IM002471.png
FRUnet,AFIO,IM002587,0.7359541144449068,0.6167785274792631,skimage.morphology.skeletonize,11833,14019,D:\Retina\Retinal-Vessel-Segmentation-Benchmark-main\Models_output\FRUnet\test_data\AFIO\pred_masks\IM002587.png,D:\Retina\Retinal-Vessel-Segmentation-Benchmark-main\config\test_data\AFIO\masks\IM002587.png
FRUnet,AFIO,IM002649,0.6679866022126126,0.5544918544315713,skimage.morphology.skeletonize,11804,16836,D:\Retina\Retinal-Vessel-Segmentation-Benchmark-main\Models_output\FRUnet\test_data\AFIO\pred_masks\IM002649.png,D:\Retina\Retinal-Vessel-Segmentation-Benchmark-main\config\test_data\AFIO\masks\IM002649.png
FRUnet,AFIO,IM002742,0.6222748370497868,0.38955030950103925,skimage.morphology.skeletonize,8799,9499,D:\Retina\Retinal-Vessel-Segmentation-Benchmark-main\Models_output\FRUnet\test_data\AFIO\pred_masks\IM002742.png,D:\Retina\Retinal-Vessel-Segmentation-Benchmark-main\config\test_data\AFIO\masks\IM002742.png
FRUnet,AFIO,IM002743,0.6366314472155755,0.4933622548510282,skimage.morphology.skeletonize,8651,11772,D:\Retina\Retinal-Vessel-Segmentation-Benchmark-main\Models_output\FRUnet\test_data\AFIO\pred_masks\IM002743.png,D:\Retina\Retinal-Vessel-Segmentation-Benchmark-main\config\test_data\AFIO\masks\IM002743.png
FRUnet,AFIO,IM003024,0.7141489670573735,0.587471106585401,skimage.morphology.skeletonize,10441,12669,D:\Retina\Retinal-Vessel-Segmentation-Benchmark-main\Models_output\FRUnet\test_data\AFIO\pred_masks\IM003024.png,D:\Retina\Retinal-Vessel-Segmentation-Benchmark-main\config\test_data\AFIO\masks\IM003024.png
FRUnet,AFIO,IM003537,0.7308825252209084,0.6368325540665358,skimage.morphology.skeletonize,14691,19264,D:\Retina\Retinal-Vessel-Segmentation-Benchmark-main\Models_output\FRUnet\test_data\AFIO\pred_masks\IM003537.png,D:\Retina\Retinal-Vessel-Segmentation-Benchmark-main\config\test_data\AFIO\masks\IM003537.png
FRUnet,AFIO,IM003630,0.6955795630423561,0.5911121864134594,skimage.morphology.skeletonize,15154,18885,D:\Retina\Retinal-Vessel-Segmentation-Benchmark-main\Models_output\FRUnet\test_data\AFIO\pred_masks\IM003630.png,D:\Retina\Retinal-Vessel-Segmentation-Benchmark-main\config\test_data\AFIO\masks\IM003630.png
FRUnet,AFIO,IM003631,0.6545629838150887,0.5675827796694999,skimage.morphology.skeletonize,13113,18318,D:\Retina\Retinal-Vessel-Segmentation-Benchmark-main\Models_output\FRUnet\test_data\AFIO\pred_masks\IM003631.png,D:\Retina\Retinal-Vessel-Segmentation-Benchmark-main\config\test_data\AFIO\masks\IM003631.png
FRUnet,AFIO,IM003705,0.5293187116965811,0.4312638275798085,skimage.morphology.skeletonize,6745,10769,D:\Retina\Retinal-Vessel-Segmentation-Benchmark-main\Models_output\FRUnet\test_data\AFIO\pred_masks\IM003705.png,D:\Retina\Retinal-Vessel-Segmentation-Benchmark-main\config\test_data\AFIO\masks\IM003705.png
FRUnet,AFIO,IM004162,0.7138649974838461,0.5901668324719221,skimage.morphology.skeletonize,13157,16045,D:\Retina\Retinal-Vessel-Segmentation-Benchmark-main\Models_output\FRUnet\test_data\AFIO\pred_masks\IM004162.png,D:\Retina\Retinal-Vessel-Segmentation-Benchmark-main\config\test_data\AFIO\masks\IM004162.png
FRUnet,AFIO,IM004163,0.7074268549013338,0.5331788752539819,skimage.morphology.skeletonize,11858,13904,D:\Retina\Retinal-Vessel-Segmentation-Benchmark-main\Models_output\FRUnet\test_data\AFIO\pred_masks\IM004163.png,D:\Retina\Retinal-Vessel-Segmentation-Benchmark-main\config\test_data\AFIO\masks\IM004163.png
FRUnet,AFIO,IM004455,0.7275491358674371,0.5904531578321374,skimage.morphology.skeletonize,10278,12640,D:\Retina\Retinal-Vessel-Segmentation-Benchmark-main\Models_output\FRUnet\test_data\AFIO\pred_masks\IM004455.png,D:\Retina\Retinal-Vessel-Segmentation-Benchmark-main\config\test_data\AFIO\masks\IM004455.png
FRUnet,AFIO,IM004512,0.6952660106393803,0.5778645066274842,skimage.morphology.skeletonize,10154,13551,D:\Retina\Retinal-Vessel-Segmentation-Benchmark-main\Models_output\FRUnet\test_data\AFIO\pred_masks\IM004512.png,D:\Retina\Retinal-Vessel-Segmentation-Benchmark-main\config\test_data\AFIO\masks\IM004512.png
FRUnet,AFIO,IM004513,0.7561947191485444,0.6291683681816824,skimage.morphology.skeletonize,10673,12601,D:\Retina\Retinal-Vessel-Segmentation-Benchmark-main\Models_output\FRUnet\test_data\AFIO\pred_masks\IM004513.png,D:\Retina\Retinal-Vessel-Segmentation-Benchmark-main\config\test_data\AFIO\masks\IM004513.png
FRUnet,AFIO,IM004515,0.755069632353046,0.6383363131386446,skimage.morphology.skeletonize,11896,15260,D:\Retina\Retinal-Vessel-Segmentation-Benchmark-main\Models_output\FRUnet\test_data\AFIO\pred_masks\IM004515.png,D:\Retina\Retinal-Vessel-Segmentation-Benchmark-main\config\test_data\AFIO\masks\IM004515.png
FRUnet,AFIO,IM004516,0.73868372567983,0.6273330703998498,skimage.morphology.skeletonize,13587,16947,D:\Retina\Retinal-Vessel-Segmentation-Benchmark-main\Models_output\FRUnet\test_data\AFIO\pred_masks\IM004516.png,D:\Retina\Retinal-Vessel-Segmentation-Benchmark-main\config\test_data\AFIO\masks\IM004516.png
FRUnet,AFIO,IM004538,0.7236547062101795,0.5696407648838673,skimage.morphology.skeletonize,9381,11701,D:\Retina\Retinal-Vessel-Segmentation-Benchmark-main\Models_output\FRUnet\test_data\AFIO\pred_masks\IM004538.png,D:\Retina\Retinal-Vessel-Segmentation-Benchmark-main\config\test_data\AFIO\masks\IM004538.png
FRUnet,AFIO,IM004539,0.7808481499151007,0.605371372908036,skimage.morphology.skeletonize,9272,10547,D:\Retina\Retinal-Vessel-Segmentation-Benchmark-main\Models_output\FRUnet\test_data\AFIO\pred_masks\IM004539.png,D:\Retina\Retinal-Vessel-Segmentation-Benchmark-main\config\test_data\AFIO\masks\IM004539.png
FRUnet,AFIO,IM004564,0.8258738819480106,0.6837581568648485,skimage.morphology.skeletonize,10781,11920,D:\Retina\Retinal-Vessel-Segmentation-Benchmark-main\Models_output\FRUnet\test_data\AFIO\pred_masks\IM004564.png,D:\Retina\Retinal-Vessel-Segmentation-Benchmark-main\config\test_data\AFIO\masks\IM004564.png
FRUnet,AFIO,IM004790,0.726224963202182,0.4147389392570022,skimage.morphology.skeletonize,7880,8550,D:\Retina\Retinal-Vessel-Segmentation-Benchmark-main\Models_output\FRUnet\test_data\AFIO\pred_masks\IM004790.png,D:\Retina\Retinal-Vessel-Segmentation-Benchmark-main\config\test_data\AFIO\masks\IM004790.png
FRUnet,AFIO,IM004993,0.7297506068825534,0.5974085404178552,skimage.morphology.skeletonize,11038,13124,D:\Retina\Retinal-Vessel-Segmentation-Benchmark-main\Models_output\FRUnet\test_data\AFIO\pred_masks\IM004993.png,D:\Retina\Retinal-Vessel-Segmentation-Benchmark-main\config\test_data\AFIO\masks\IM004993.png
FRUnet,AFIO,IM005024,0.7382371717575603,0.641201324100348,skimage.morphology.skeletonize,14041,17059,D:\Retina\Retinal-Vessel-Segmentation-Benchmark-main\Models_output\FRUnet\test_data\AFIO\pred_masks\IM005024.png,D:\Retina\Retinal-Vessel-Segmentation-Benchmark-main\config\test_data\AFIO\masks\IM005024.png
FRUnet,AFIO,IM005025,0.7724574304386942,0.6545598937151077,skimage.morphology.skeletonize,12642,14344,D:\Retina\Retinal-Vessel-Segmentation-Benchmark-main\Models_output\FRUnet\test_data\AFIO\pred_masks\IM005025.png,D:\Retina\Retinal-Vessel-Segmentation-Benchmark-main\config\test_data\AFIO\masks\IM005025.png
FRUnet,AFIO,IM005060,0.764897648302589,0.627975894266532,skimage.morphology.skeletonize,14261,16350,D:\Retina\Retinal-Vessel-Segmentation-Benchmark-main\Models_output\FRUnet\test_data\AFIO\pred_masks\IM005060.png,D:\Retina\Retinal-Vessel-Segmentation-Benchmark-main\config\test_data\AFIO\masks\IM005060.png
FRUnet,AFIO,IM005092,0.8031839390092774,0.6801784235513286,skimage.morphology.skeletonize,13917,15927,D:\Retina\Retinal-Vessel-Segmentation-Benchmark-main\Models_output\FRUnet\test_data\AFIO\pred_masks\IM005092.png,D:\Retina\Retinal-Vessel-Segmentation-Benchmark-main\config\test_data\AFIO\masks\IM005092.png
FRUnet,AFIO,IM005093,0.758849587673415,0.6276733355225309,skimage.morphology.skeletonize,14319,16539,D:\Retina\Retinal-Vessel-Segmentation-Benchmark-main\Models_output\FRUnet\test_data\AFIO\pred_masks\IM005093.png,D:\Retina\Retinal-Vessel-Segmentation-Benchmark-main\config\test_data\AFIO\masks\IM005093.png
FRUnet,AFIO,IM005132,0.7768917643254686,0.6671768178699118,skimage.morphology.skeletonize,14109,17384,D:\Retina\Retinal-Vessel-Segmentation-Benchmark-main\Models_output\FRUnet\test_data\AFIO\pred_masks\IM005132.png,D:\Retina\Retinal-Vessel-Segmentation-Benchmark-main\config\test_data\AFIO\masks\IM005132.png
FRUnet,AFIO,IM005133,0.7442230807840265,0.6484374398844971,skimage.morphology.skeletonize,15534,18386,D:\Retina\Retinal-Vessel-Segmentation-Benchmark-main\Models_output\FRUnet\test_data\AFIO\pred_masks\IM005133.png,D:\Retina\Retinal-Vessel-Segmentation-Benchmark-main\config\test_data\AFIO\masks\IM005133.png
FRUnet,AFIO,IM005190,0.6956014005354731,0.5533116331759398,skimage.morphology.skeletonize,12387,15330,D:\Retina\Retinal-Vessel-Segmentation-Benchmark-main\Models_output\FRUnet\test_data\AFIO\pred_masks\IM005190.png,D:\Retina\Retinal-Vessel-Segmentation-Benchmark-main\config\test_data\AFIO\masks\IM005190.png
FRUnet,AFIO,IM005191,0.7422786847415104,0.6274812574170415,skimage.morphology.skeletonize,13415,16444,D:\Retina\Retinal-Vessel-Segmentation-Benchmark-main\Models_output\FRUnet\test_data\AFIO\pred_masks\IM005191.png,D:\Retina\Retinal-Vessel-Segmentation-Benchmark-main\config\test_data\AFIO\masks\IM005191.png
FRUnet,AFIO,IM005249,0.7293347561636214,0.5851929939474984,skimage.morphology.skeletonize,11671,13214,D:\Retina\Retinal-Vessel-Segmentation-Benchmark-main\Models_output\FRUnet\test_data\AFIO\pred_masks\IM005249.png,D:\Retina\Retinal-Vessel-Segmentation-Benchmark-main\config\test_data\AFIO\masks\IM005249.png
FRUnet,AFIO,IM005283,0.7390094533877012,0.6230512929161877,skimage.morphology.skeletonize,11415,13764,D:\Retina\Retinal-Vessel-Segmentation-Benchmark-main\Models_output\FRUnet\test_data\AFIO\pred_masks\IM005283.png,D:\Retina\Retinal-Vessel-Segmentation-Benchmark-main\config\test_data\AFIO\masks\IM005283.png
FRUnet,AFIO,IM005320,0.6940130072440603,0.5187912582350143,skimage.morphology.skeletonize,6566,6945,D:\Retina\Retinal-Vessel-Segmentation-Benchmark-main\Models_output\FRUnet\test_data\AFIO\pred_masks\IM005320.png,D:\Retina\Retinal-Vessel-Segmentation-Benchmark-main\config\test_data\AFIO\masks\IM005320.png
FRUnet,AFIO,IM005321,0.7393700716141478,0.6018374135888341,skimage.morphology.skeletonize,8515,8910,D:\Retina\Retinal-Vessel-Segmentation-Benchmark-main\Models_output\FRUnet\test_data\AFIO\pred_masks\IM005321.png,D:\Retina\Retinal-Vessel-Segmentation-Benchmark-main\config\test_data\AFIO\masks\IM005321.png
FRUnet,AFIO,IM005357,0.7595355222352543,0.5654598388569072,skimage.morphology.skeletonize,10079,10605,D:\Retina\Retinal-Vessel-Segmentation-Benchmark-main\Models_output\FRUnet\test_data\AFIO\pred_masks\IM005357.png,D:\Retina\Retinal-Vessel-Segmentation-Benchmark-main\config\test_data\AFIO\masks\IM005357.png
FRUnet,AFIO,IM005387,0.73722942226382,0.5859126670543063,skimage.morphology.skeletonize,11612,13918,D:\Retina\Retinal-Vessel-Segmentation-Benchmark-main\Models_output\FRUnet\test_data\AFIO\pred_masks\IM005387.png,D:\Retina\Retinal-Vessel-Segmentation-Benchmark-main\config\test_data\AFIO\masks\IM005387.png
FRUnet,AFIO,IM005456,0.7013948798585317,0.5603681055463673,skimage.morphology.skeletonize,9505,11387,D:\Retina\Retinal-Vessel-Segmentation-Benchmark-main\Models_output\FRUnet\test_data\AFIO\pred_masks\IM005456.png,D:\Retina\Retinal-Vessel-Segmentation-Benchmark-main\config\test_data\AFIO\masks\IM005456.png
FRUnet,AFIO,IM005457,0.7202839826172255,0.612809269663231,skimage.morphology.skeletonize,9095,11639,D:\Retina\Retinal-Vessel-Segmentation-Benchmark-main\Models_output\FRUnet\test_data\AFIO\pred_masks\IM005457.png,D:\Retina\Retinal-Vessel-Segmentation-Benchmark-main\config\test_data\AFIO\masks\IM005457.png
FRUnet,AFIO,IM005488,0.7230007841232609,0.6306795628786805,skimage.morphology.skeletonize,15419,19672,D:\Retina\Retinal-Vessel-Segmentation-Benchmark-main\Models_output\FRUnet\test_data\AFIO\pred_masks\IM005488.png,D:\Retina\Retinal-Vessel-Segmentation-Benchmark-main\config\test_data\AFIO\masks\IM005488.png
FRUnet,AFIO,IM005489,0.750795364746211,0.6483264850344493,skimage.morphology.skeletonize,13343,17176,D:\Retina\Retinal-Vessel-Segmentation-Benchmark-main\Models_output\FRUnet\test_data\AFIO\pred_masks\IM005489.png,D:\Retina\Retinal-Vessel-Segmentation-Benchmark-main\config\test_data\AFIO\masks\IM005489.png
FRUnet,AFIO,IM005523,0.7569093113506468,0.6151801990378994,skimage.morphology.skeletonize,12928,15197,D:\Retina\Retinal-Vessel-Segmentation-Benchmark-main\Models_output\FRUnet\test_data\AFIO\pred_masks\IM005523.png,D:\Retina\Retinal-Vessel-Segmentation-Benchmark-main\config\test_data\AFIO\masks\IM005523.png
FRUnet,AFIO,IM005524,0.7196628682934951,0.6130283300247298,skimage.morphology.skeletonize,14360,18498,D:\Retina\Retinal-Vessel-Segmentation-Benchmark-main\Models_output\FRUnet\test_data\AFIO\pred_masks\IM005524.png,D:\Retina\Retinal-Vessel-Segmentation-Benchmark-main\config\test_data\AFIO\masks\IM005524.png
FRUnet,AFIO,IM005558,0.764701505260053,0.6446651149398219,skimage.morphology.skeletonize,13944,16168,D:\Retina\Retinal-Vessel-Segmentation-Benchmark-main\Models_output\FRUnet\test_data\AFIO\pred_masks\IM005558.png,D:\Retina\Retinal-Vessel-Segmentation-Benchmark-main\config\test_data\AFIO\masks\IM005558.png
FRUnet,AFIO,IM005713,0.7351682233081512,0.592171898346806,skimage.morphology.skeletonize,13674,17073,D:\Retina\Retinal-Vessel-Segmentation-Benchmark-main\Models_output\FRUnet\test_data\AFIO\pred_masks\IM005713.png,D:\Retina\Retinal-Vessel-Segmentation-Benchmark-main\config\test_data\AFIO\masks\IM005713.png
FRUnet,AFIO,IM005806,0.7303993853945407,0.586991948629609,skimage.morphology.skeletonize,9638,12060,D:\Retina\Retinal-Vessel-Segmentation-Benchmark-main\Models_output\FRUnet\test_data\AFIO\pred_masks\IM005806.png,D:\Retina\Retinal-Vessel-Segmentation-Benchmark-main\config\test_data\AFIO\masks\IM005806.png
FRUnet,AFIO,IM005833,0.6779506093474515,0.5664241538964405,skimage.morphology.skeletonize,14963,17571,D:\Retina\Retinal-Vessel-Segmentation-Benchmark-main\Models_output\FRUnet\test_data\AFIO\pred_masks\IM005833.png,D:\Retina\Retinal-Vessel-Segmentation-Benchmark-main\config\test_data\AFIO\masks\IM005833.png
FRUnet,AFIO,IM005834,0.7896535372389514,0.6849798712044741,skimage.morphology.skeletonize,15967,19034,D:\Retina\Retinal-Vessel-Segmentation-Benchmark-main\Models_output\FRUnet\test_data\AFIO\pred_masks\IM005834.png,D:\Retina\Retinal-Vessel-Segmentation-Benchmark-main\config\test_data\AFIO\masks\IM005834.png
FRUnet,AFIO,IM006037,0.7779817622503215,0.5905652773501822,skimage.morphology.skeletonize,10617,11594,D:\Retina\Retinal-Vessel-Segmentation-Benchmark-main\Models_output\FRUnet\test_data\AFIO\pred_masks\IM006037.png,D:\Retina\Retinal-Vessel-Segmentation-Benchmark-main\config\test_data\AFIO\masks\IM006037.png
FRUnet,AFIO,IM006105,0.7401441826905683,0.61050406091615,skimage.morphology.skeletonize,12059,15089,D:\Retina\Retinal-Vessel-Segmentation-Benchmark-main\Models_output\FRUnet\test_data\AFIO\pred_masks\IM006105.png,D:\Retina\Retinal-Vessel-Segmentation-Benchmark-main\config\test_data\AFIO\masks\IM006105.png
FRUnet,AFIO,IM006106,0.7478778395690259,0.6353059059201384,skimage.morphology.skeletonize,13623,17172,D:\Retina\Retinal-Vessel-Segmentation-Benchmark-main\Models_output\FRUnet\test_data\AFIO\pred_masks\IM006106.png,D:\Retina\Retinal-Vessel-Segmentation-Benchmark-main\config\test_data\AFIO\masks\IM006106.png
FRUnet,CHASEDB1,Image_01L,0.7990558348993783,0.8261545266115673,skimage.morphology.skeletonize,9313,10318,D:\Retina\Retinal-Vessel-Segmentation-Benchmark-main\Models_output\FRUnet\test_data\CHASEDB1\pred_masks\Image_01L.png,D:\Retina\Retinal-Vessel-Segmentation-Benchmark-main\config\test_data\CHASEDB1\masks\Image_01L.png
FRUnet,CHASEDB1,Image_01R,0.8082101283220744,0.8153146393670379,skimage.morphology.skeletonize,9273,10635,D:\Retina\Retinal-Vessel-Segmentation-Benchmark-main\Models_output\FRUnet\test_data\CHASEDB1\pred_masks\Image_01R.png,D:\Retina\Retinal-Vessel-Segmentation-Benchmark-main\config\test_data\CHASEDB1\masks\Image_01R.png
FRUnet,CHASEDB1,Image_02L,0.7241703533186209,0.752303701234946,skimage.morphology.skeletonize,10363,12543,D:\Retina\Retinal-Vessel-Segmentation-Benchmark-main\Models_output\FRUnet\test_data\CHASEDB1\pred_masks\Image_02L.png,D:\Retina\Retinal-Vessel-Segmentation-Benchmark-main\config\test_data\CHASEDB1\masks\Image_02L.png
FRUnet,CHASEDB1,Image_02R,0.7568577930926239,0.7553053009646001,skimage.morphology.skeletonize,10042,12551,D:\Retina\Retinal-Vessel-Segmentation-Benchmark-main\Models_output\FRUnet\test_data\CHASEDB1\pred_masks\Image_02R.png,D:\Retina\Retinal-Vessel-Segmentation-Benchmark-main\config\test_data\CHASEDB1\masks\Image_02R.png
FRUnet,CHASEDB1,Image_03L,0.7599535861770272,0.7876835316137353,skimage.morphology.skeletonize,11044,12761,D:\Retina\Retinal-Vessel-Segmentation-Benchmark-main\Models_output\FRUnet\test_data\CHASEDB1\pred_masks\Image_03L.png,D:\Retina\Retinal-Vessel-Segmentation-Benchmark-main\config\test_data\CHASEDB1\masks\Image_03L.png
FRUnet,CHASEDB1,Image_03R,0.8065590176759013,0.7982811823457906,skimage.morphology.skeletonize,10562,11173,D:\Retina\Retinal-Vessel-Segmentation-Benchmark-main\Models_output\FRUnet\test_data\CHASEDB1\pred_masks\Image_03R.png,D:\Retina\Retinal-Vessel-Segmentation-Benchmark-main\config\test_data\CHASEDB1\masks\Image_03R.png
FRUnet,CHASEDB1,Image_04L,0.8262266811875775,0.7840580312985737,skimage.morphology.skeletonize,9917,9745,D:\Retina\Retinal-Vessel-Segmentation-Benchmark-main\Models_output\FRUnet\test_data\CHASEDB1\pred_masks\Image_04L.png,D:\Retina\Retinal-Vessel-Segmentation-Benchmark-main\config\test_data\CHASEDB1\masks\Image_04L.png
FRUnet,CHASEDB1,Image_04R,0.7690083377683165,0.7359850132180357,skimage.morphology.skeletonize,10072,10218,D:\Retina\Retinal-Vessel-Segmentation-Benchmark-main\Models_output\FRUnet\test_data\CHASEDB1\pred_masks\Image_04R.png,D:\Retina\Retinal-Vessel-Segmentation-Benchmark-main\config\test_data\CHASEDB1\masks\Image_04R.png
FRUnet,CHASEDB1,Image_05L,0.8047426163719398,0.7893286493163362,skimage.morphology.skeletonize,10502,10526,D:\Retina\Retinal-Vessel-Segmentation-Benchmark-main\Models_output\FRUnet\test_data\CHASEDB1\pred_masks\Image_05L.png,D:\Retina\Retinal-Vessel-Segmentation-Benchmark-main\config\test_data\CHASEDB1\masks\Image_05L.png
FRUnet,CHASEDB1,Image_05R,0.7989904998570456,0.8162672147877044,skimage.morphology.skeletonize,11124,11895,D:\Retina\Retinal-Vessel-Segmentation-Benchmark-main\Models_output\FRUnet\test_data\CHASEDB1\pred_masks\Image_05R.png,D:\Retina\Retinal-Vessel-Segmentation-Benchmark-main\config\test_data\CHASEDB1\masks\Image_05R.png
FRUnet,CHASEDB1,Image_06L,0.7899146871395589,0.8073196967147672,skimage.morphology.skeletonize,9109,10654,D:\Retina\Retinal-Vessel-Segmentation-Benchmark-main\Models_output\FRUnet\test_data\CHASEDB1\pred_masks\Image_06L.png,D:\Retina\Retinal-Vessel-Segmentation-Benchmark-main\config\test_data\CHASEDB1\masks\Image_06L.png
FRUnet,CHASEDB1,Image_06R,0.7401125966941235,0.7700353998786573,skimage.morphology.skeletonize,10550,11663,D:\Retina\Retinal-Vessel-Segmentation-Benchmark-main\Models_output\FRUnet\test_data\CHASEDB1\pred_masks\Image_06R.png,D:\Retina\Retinal-Vessel-Segmentation-Benchmark-main\config\test_data\CHASEDB1\masks\Image_06R.png
FRUnet,CHASEDB1,Image_07L,0.7710982487775713,0.769839964478314,skimage.morphology.skeletonize,11156,12015,D:\Retina\Retinal-Vessel-Segmentation-Benchmark-main\Models_output\FRUnet\test_data\CHASEDB1\pred_masks\Image_07L.png,D:\Retina\Retinal-Vessel-Segmentation-Benchmark-main\config\test_data\CHASEDB1\masks\Image_07L.png
FRUnet,CHASEDB1,Image_07R,0.7524731549532301,0.7655024983879933,skimage.morphology.skeletonize,10662,11359,D:\Retina\Retinal-Vessel-Segmentation-Benchmark-main\Models_output\FRUnet\test_data\CHASEDB1\pred_masks\Image_07R.png,D:\Retina\Retinal-Vessel-Segmentation-Benchmark-main\config\test_data\CHASEDB1\masks\Image_07R.png
FRUnet,CHASEDB1,Image_08L,0.7991545230163218,0.7845730462046465,skimage.morphology.skeletonize,9397,10136,D:\Retina\Retinal-Vessel-Segmentation-Benchmark-main\Models_output\FRUnet\test_data\CHASEDB1\pred_masks\Image_08L.png,D:\Retina\Retinal-Vessel-Segmentation-Benchmark-main\config\test_data\CHASEDB1\masks\Image_08L.png
FRUnet,CHASEDB1,Image_08R,0.783437101165068,0.7696724413954662,skimage.morphology.skeletonize,9206,9315,D:\Retina\Retinal-Vessel-Segmentation-Benchmark-main\Models_output\FRUnet\test_data\CHASEDB1\pred_masks\Image_08R.png,D:\Retina\Retinal-Vessel-Segmentation-Benchmark-main\config\test_data\CHASEDB1\masks\Image_08R.png
FRUnet,CHASEDB1,Image_09L,0.7713320010775992,0.7401967803026887,skimage.morphology.skeletonize,7908,8144,D:\Retina\Retinal-Vessel-Segmentation-Benchmark-main\Models_output\FRUnet\test_data\CHASEDB1\pred_masks\Image_09L.png,D:\Retina\Retinal-Vessel-Segmentation-Benchmark-main\config\test_data\CHASEDB1\masks\Image_09L.png
FRUnet,CHASEDB1,Image_09R,0.7503311420621845,0.7385742639528372,skimage.morphology.skeletonize,8317,8818,D:\Retina\Retinal-Vessel-Segmentation-Benchmark-main\Models_output\FRUnet\test_data\CHASEDB1\pred_masks\Image_09R.png,D:\Retina\Retinal-Vessel-Segmentation-Benchmark-main\config\test_data\CHASEDB1\masks\Image_09R.png
FRUnet,CHASEDB1,Image_10L,0.7405843378510859,0.7642579514981301,skimage.morphology.skeletonize,10086,11093,D:\Retina\Retinal-Vessel-Segmentation-Benchmark-main\Models_output\FRUnet\test_data\CHASEDB1\pred_masks\Image_10L.png,D:\Retina\Retinal-Vessel-Segmentation-Benchmark-main\config\test_data\CHASEDB1\masks\Image_10L.png
FRUnet,CHASEDB1,Image_10R,0.7300275403979248,0.7657670213030069,skimage.morphology.skeletonize,10138,11672,D:\Retina\Retinal-Vessel-Segmentation-Benchmark-main\Models_output\FRUnet\test_data\CHASEDB1\pred_masks\Image_10R.png,D:\Retina\Retinal-Vessel-Segmentation-Benchmark-main\config\test_data\CHASEDB1\masks\Image_10R.png
FRUnet,CHASEDB1,Image_11L,0.763824524714749,0.7713657855680177,skimage.morphology.skeletonize,8806,9184,D:\Retina\Retinal-Vessel-Segmentation-Benchmark-main\Models_output\FRUnet\test_data\CHASEDB1\pred_masks\Image_11L.png,D:\Retina\Retinal-Vessel-Segmentation-Benchmark-main\config\test_data\CHASEDB1\masks\Image_11L.png
FRUnet,CHASEDB1,Image_11R,0.7686909353260837,0.7529861623689122,skimage.morphology.skeletonize,8756,8463,D:\Retina\Retinal-Vessel-Segmentation-Benchmark-main\Models_output\FRUnet\test_data\CHASEDB1\pred_masks\Image_11R.png,D:\Retina\Retinal-Vessel-Segmentation-Benchmark-main\config\test_data\CHASEDB1\masks\Image_11R.png
FRUnet,CHASEDB1,Image_12L,0.8053665728090003,0.7547882667786115,skimage.morphology.skeletonize,10192,11213,D:\Retina\Retinal-Vessel-Segmentation-Benchmark-main\Models_output\FRUnet\test_data\CHASEDB1\pred_masks\Image_12L.png,D:\Retina\Retinal-Vessel-Segmentation-Benchmark-main\config\test_data\CHASEDB1\masks\Image_12L.png
FRUnet,CHASEDB1,Image_12R,0.7550714298094225,0.7536323152106967,skimage.morphology.skeletonize,11970,12071,D:\Retina\Retinal-Vessel-Segmentation-Benchmark-main\Models_output\FRUnet\test_data\CHASEDB1\pred_masks\Image_12R.png,D:\Retina\Retinal-Vessel-Segmentation-Benchmark-main\config\test_data\CHASEDB1\masks\Image_12R.png
FRUnet,CHASEDB1,Image_13L,0.8258581543648205,0.8028680927044268,skimage.morphology.skeletonize,8878,9511,D:\Retina\Retinal-Vessel-Segmentation-Benchmark-main\Models_output\FRUnet\test_data\CHASEDB1\pred_masks\Image_13L.png,D:\Retina\Retinal-Vessel-Segmentation-Benchmark-main\config\test_data\CHASEDB1\masks\Image_13L.png
FRUnet,CHASEDB1,Image_13R,0.7774211501532864,0.7575042483096269,skimage.morphology.skeletonize,9646,10389,D:\Retina\Retinal-Vessel-Segmentation-Benchmark-main\Models_output\FRUnet\test_data\CHASEDB1\pred_masks\Image_13R.png,D:\Retina\Retinal-Vessel-Segmentation-Benchmark-main\config\test_data\CHASEDB1\masks\Image_13R.png
FRUnet,CHASEDB1,Image_14L,0.8504682683826663,0.8401782377366991,skimage.morphology.skeletonize,9593,9807,D:\Retina\Retinal-Vessel-Segmentation-Benchmark-main\Models_output\FRUnet\test_data\CHASEDB1\pred_masks\Image_14L.png,D:\Retina\Retinal-Vessel-Segmentation-Benchmark-main\config\test_data\CHASEDB1\masks\Image_14L.png
FRUnet,CHASEDB1,Image_14R,0.7777300661967537,0.7315988095468983,skimage.morphology.skeletonize,8053,8139,D:\Retina\Retinal-Vessel-Segmentation-Benchmark-main\Models_output\FRUnet\test_data\CHASEDB1\pred_masks\Image_14R.png,D:\Retina\Retinal-Vessel-Segmentation-Benchmark-main\config\test_data\CHASEDB1\masks\Image_14R.png
FRUnet,DualModal2019,DualModal2019_A1_L4,0.8276808143770202,0.8290927698402293,skimage.morphology.skeletonize,13909,12354,D:\Retina\Retinal-Vessel-Segmentation-Benchmark-main\Models_output\FRUnet\test_data\DualModal2019\pred_masks\DualModal2019_A1_L4.png,D:\Retina\Retinal-Vessel-Segmentation-Benchmark-main\config\test_data\DualModal2019\masks\DualModal2019_A1_L4.png
FRUnet,DualModal2019,DualModal2019_A1_R2,0.8102443499264799,0.8718883634728942,skimage.morphology.skeletonize,14863,14229,D:\Retina\Retinal-Vessel-Segmentation-Benchmark-main\Models_output\FRUnet\test_data\DualModal2019\pred_masks\DualModal2019_A1_R2.png,D:\Retina\Retinal-Vessel-Segmentation-Benchmark-main\config\test_data\DualModal2019\masks\DualModal2019_A1_R2.png
FRUnet,DualModal2019,DualModal2019_A2_R2,0.7997562149488141,0.855331717810891,skimage.morphology.skeletonize,13006,12806,D:\Retina\Retinal-Vessel-Segmentation-Benchmark-main\Models_output\FRUnet\test_data\DualModal2019\pred_masks\DualModal2019_A2_R2.png,D:\Retina\Retinal-Vessel-Segmentation-Benchmark-main\config\test_data\DualModal2019\masks\DualModal2019_A2_R2.png
FRUnet,DualModal2019,DualModal2019_A3_L1,0.8367744827838691,0.8597243265528272,skimage.morphology.skeletonize,14607,13630,D:\Retina\Retinal-Vessel-Segmentation-Benchmark-main\Models_output\FRUnet\test_data\DualModal2019\pred_masks\DualModal2019_A3_L1.png,D:\Retina\Retinal-Vessel-Segmentation-Benchmark-main\config\test_data\DualModal2019\masks\DualModal2019_A3_L1.png
FRUnet,DualModal2019,DualModal2019_A3_R1,0.770337445274497,0.8510861987293238,skimage.morphology.skeletonize,14138,13764,D:\Retina\Retinal-Vessel-Segmentation-Benchmark-main\Models_output\FRUnet\test_data\DualModal2019\pred_masks\DualModal2019_A3_R1.png,D:\Retina\Retinal-Vessel-Segmentation-Benchmark-main\config\test_data\DualModal2019\masks\DualModal2019_A3_R1.png
FRUnet,DualModal2019,DualModal2019_A4_L3,0.8342638470879545,0.8895251446451787,skimage.morphology.skeletonize,12718,12119,D:\Retina\Retinal-Vessel-Segmentation-Benchmark-main\Models_output\FRUnet\test_data\DualModal2019\pred_masks\DualModal2019_A4_L3.png,D:\Retina\Retinal-Vessel-Segmentation-Benchmark-main\config\test_data\DualModal2019\masks\DualModal2019_A4_L3.png
FRUnet,DualModal2019,DualModal2019_A4_R2,0.8448073435892044,0.897262859159034,skimage.morphology.skeletonize,13453,12987,D:\Retina\Retinal-Vessel-Segmentation-Benchmark-main\Models_output\FRUnet\test_data\DualModal2019\pred_masks\DualModal2019_A4_R2.png,D:\Retina\Retinal-Vessel-Segmentation-Benchmark-main\config\test_data\DualModal2019\masks\DualModal2019_A4_R2.png
FRUnet,DualModal2019,DualModal2019_A5_R4,0.8327219060413483,0.8978430512808605,skimage.morphology.skeletonize,13289,12307,D:\Retina\Retinal-Vessel-Segmentation-Benchmark-main\Models_output\FRUnet\test_data\DualModal2019\pred_masks\DualModal2019_A5_R4.png,D:\Retina\Retinal-Vessel-Segmentation-Benchmark-main\config\test_data\DualModal2019\masks\DualModal2019_A5_R4.png
FRUnet,DualModal2019,DualModal2019_A6_L2,0.8173539537404457,0.867227178120047,skimage.morphology.skeletonize,12825,12129,D:\Retina\Retinal-Vessel-Segmentation-Benchmark-main\Models_output\FRUnet\test_data\DualModal2019\pred_masks\DualModal2019_A6_L2.png,D:\Retina\Retinal-Vessel-Segmentation-Benchmark-main\config\test_data\DualModal2019\masks\DualModal2019_A6_L2.png
FRUnet,DualModal2019,DualModal2019_A6_R3,0.7937524801230522,0.8574930834134054,skimage.morphology.skeletonize,14618,13144,D:\Retina\Retinal-Vessel-Segmentation-Benchmark-main\Models_output\FRUnet\test_data\DualModal2019\pred_masks\DualModal2019_A6_R3.png,D:\Retina\Retinal-Vessel-Segmentation-Benchmark-main\config\test_data\DualModal2019\masks\DualModal2019_A6_R3.png
FRUnet,DualModal2019,DualModal2019_A7_L1,0.7689500694429432,0.8679413667639932,skimage.morphology.skeletonize,13597,13755,D:\Retina\Retinal-Vessel-Segmentation-Benchmark-main\Models_output\FRUnet\test_data\DualModal2019\pred_masks\DualModal2019_A7_L1.png,D:\Retina\Retinal-Vessel-Segmentation-Benchmark-main\config\test_data\DualModal2019\masks\DualModal2019_A7_L1.png
FRUnet,DualModal2019,DualModal2019_A7_R1,0.7738036784985868,0.8429352425463317,skimage.morphology.skeletonize,13330,11807,D:\Retina\Retinal-Vessel-Segmentation-Benchmark-main\Models_output\FRUnet\test_data\DualModal2019\pred_masks\DualModal2019_A7_R1.png,D:\Retina\Retinal-Vessel-Segmentation-Benchmark-main\config\test_data\DualModal2019\masks\DualModal2019_A7_R1.png
FRUnet,DualModal2019,DualModal2019_C1_L4,0.8739843171531322,0.9163325005547504,skimage.morphology.skeletonize,15067,14563,D:\Retina\Retinal-Vessel-Segmentation-Benchmark-main\Models_output\FRUnet\test_data\DualModal2019\pred_masks\DualModal2019_C1_L4.png,D:\Retina\Retinal-Vessel-Segmentation-Benchmark-main\config\test_data\DualModal2019\masks\DualModal2019_C1_L4.png
FRUnet,DualModal2019,DualModal2019_C1_R4,0.8677369450452351,0.9237149853534268,skimage.morphology.skeletonize,15545,15668,D:\Retina\Retinal-Vessel-Segmentation-Benchmark-main\Models_output\FRUnet\test_data\DualModal2019\pred_masks\DualModal2019_C1_R4.png,D:\Retina\Retinal-Vessel-Segmentation-Benchmark-main\config\test_data\DualModal2019\masks\DualModal2019_C1_R4.png
FRUnet,DualModal2019,DualModal2019_C2_L4,0.853927426883431,0.8814371058782328,skimage.morphology.skeletonize,13367,12507,D:\Retina\Retinal-Vessel-Segmentation-Benchmark-main\Models_output\FRUnet\test_data\DualModal2019\pred_masks\DualModal2019_C2_L4.png,D:\Retina\Retinal-Vessel-Segmentation-Benchmark-main\config\test_data\DualModal2019\masks\DualModal2019_C2_L4.png
FRUnet,DualModal2019,DualModal2019_C2_R3,0.8509751008685366,0.9000842599475739,skimage.morphology.skeletonize,15309,15211,D:\Retina\Retinal-Vessel-Segmentation-Benchmark-main\Models_output\FRUnet\test_data\DualModal2019\pred_masks\DualModal2019_C2_R3.png,D:\Retina\Retinal-Vessel-Segmentation-Benchmark-main\config\test_data\DualModal2019\masks\DualModal2019_C2_R3.png
FRUnet,DualModal2019,DualModal2019_C3_L1,0.8125703830016519,0.8760102960686299,skimage.morphology.skeletonize,13729,12710,D:\Retina\Retinal-Vessel-Segmentation-Benchmark-main\Models_output\FRUnet\test_data\DualModal2019\pred_masks\DualModal2019_C3_L1.png,D:\Retina\Retinal-Vessel-Segmentation-Benchmark-main\config\test_data\DualModal2019\masks\DualModal2019_C3_L1.png
FRUnet,DualModal2019,DualModal2019_C3_R1,0.8363794329605211,0.8806863846116998,skimage.morphology.skeletonize,14002,12896,D:\Retina\Retinal-Vessel-Segmentation-Benchmark-main\Models_output\FRUnet\test_data\DualModal2019\pred_masks\DualModal2019_C3_R1.png,D:\Retina\Retinal-Vessel-Segmentation-Benchmark-main\config\test_data\DualModal2019\masks\DualModal2019_C3_R1.png
FRUnet,DualModal2019,DualModal2019_C4_L2,0.7845519495836849,0.8019034107929883,skimage.morphology.skeletonize,11920,11738,D:\Retina\Retinal-Vessel-Segmentation-Benchmark-main\Models_output\FRUnet\test_data\DualModal2019\pred_masks\DualModal2019_C4_L2.png,D:\Retina\Retinal-Vessel-Segmentation-Benchmark-main\config\test_data\DualModal2019\masks\DualModal2019_C4_L2.png
FRUnet,DualModal2019,DualModal2019_C4_R2,0.7411758045810883,0.7355960601170233,skimage.morphology.skeletonize,12228,11991,D:\Retina\Retinal-Vessel-Segmentation-Benchmark-main\Models_output\FRUnet\test_data\DualModal2019\pred_masks\DualModal2019_C4_R2.png,D:\Retina\Retinal-Vessel-Segmentation-Benchmark-main\config\test_data\DualModal2019\masks\DualModal2019_C4_R2.png
FRUnet,DualModal2019,DualModal2019_C5_L1,0.8571601527216348,0.8941135060984741,skimage.morphology.skeletonize,15576,15245,D:\Retina\Retinal-Vessel-Segmentation-Benchmark-main\Models_output\FRUnet\test_data\DualModal2019\pred_masks\DualModal2019_C5_L1.png,D:\Retina\Retinal-Vessel-Segmentation-Benchmark-main\config\test_data\DualModal2019\masks\DualModal2019_C5_L1.png
FRUnet,DualModal2019,DualModal2019_C5_R1,0.8397191704044809,0.8896678736373758,skimage.morphology.skeletonize,15763,14705,D:\Retina\Retinal-Vessel-Segmentation-Benchmark-main\Models_output\FRUnet\test_data\DualModal2019\pred_masks\DualModal2019_C5_R1.png,D:\Retina\Retinal-Vessel-Segmentation-Benchmark-main\config\test_data\DualModal2019\masks\DualModal2019_C5_R1.png
FRUnet,DualModal2019,DualModal2019_C6_L2,0.8604735497807495,0.8949432526136385,skimage.morphology.skeletonize,13377,12986,D:\Retina\Retinal-Vessel-Segmentation-Benchmark-main\Models_output\FRUnet\test_data\DualModal2019\pred_masks\DualModal2019_C6_L2.png,D:\Retina\Retinal-Vessel-Segmentation-Benchmark-main\config\test_data\DualModal2019\masks\DualModal2019_C6_L2.png
FRUnet,DualModal2019,DualModal2019_C6_R2,0.861576549816754,0.8867264134191115,skimage.morphology.skeletonize,13883,13255,D:\Retina\Retinal-Vessel-Segmentation-Benchmark-main\Models_output\FRUnet\test_data\DualModal2019\pred_masks\DualModal2019_C6_R2.png,D:\Retina\Retinal-Vessel-Segmentation-Benchmark-main\config\test_data\DualModal2019\masks\DualModal2019_C6_R2.png
FRUnet,DualModal2019,DualModal2019_C7_L4,0.8501713814836882,0.9148695302447145,skimage.morphology.skeletonize,15982,15635,D:\Retina\Retinal-Vessel-Segmentation-Benchmark-main\Models_output\FRUnet\test_data\DualModal2019\pred_masks\DualModal2019_C7_L4.png,D:\Retina\Retinal-Vessel-Segmentation-Benchmark-main\config\test_data\DualModal2019\masks\DualModal2019_C7_L4.png
FRUnet,DualModal2019,DualModal2019_C7_R3,0.8420272117025259,0.8914987032783208,skimage.morphology.skeletonize,15863,15490,D:\Retina\Retinal-Vessel-Segmentation-Benchmark-main\Models_output\FRUnet\test_data\DualModal2019\pred_masks\DualModal2019_C7_R3.png,D:\Retina\Retinal-Vessel-Segmentation-Benchmark-main\config\test_data\DualModal2019\masks\DualModal2019_C7_R3.png
FRUnet,DualModal2019,DualModal2019_C8_L4,0.8404383121089712,0.877078711419013,skimage.morphology.skeletonize,15808,14976,D:\Retina\Retinal-Vessel-Segmentation-Benchmark-main\Models_output\FRUnet\test_data\DualModal2019\pred_masks\DualModal2019_C8_L4.png,D:\Retina\Retinal-Vessel-Segmentation-Benchmark-main\config\test_data\DualModal2019\masks\DualModal2019_C8_L4.png
FRUnet,DualModal2019,DualModal2019_C8_R2,0.8465886330306981,0.8949977062748719,skimage.morphology.skeletonize,16781,16073,D:\Retina\Retinal-Vessel-Segmentation-Benchmark-main\Models_output\FRUnet\test_data\DualModal2019\pred_masks\DualModal2019_C8_R2.png,D:\Retina\Retinal-Vessel-Segmentation-Benchmark-main\config\test_data\DualModal2019\masks\DualModal2019_C8_R2.png
FRUnet,DualModal2019,DualModal2019_C9_L4,0.8707765653555709,0.8856191886026239,skimage.morphology.skeletonize,13721,12465,D:\Retina\Retinal-Vessel-Segmentation-Benchmark-main\Models_output\FRUnet\test_data\DualModal2019\pred_masks\DualModal2019_C9_L4.png,D:\Retina\Retinal-Vessel-Segmentation-Benchmark-main\config\test_data\DualModal2019\masks\DualModal2019_C9_L4.png
FRUnet,DualModal2019,DualModal2019_C9_R5,0.8796754452522442,0.8944157111823413,skimage.morphology.skeletonize,14491,13906,D:\Retina\Retinal-Vessel-Segmentation-Benchmark-main\Models_output\FRUnet\test_data\DualModal2019\pred_masks\DualModal2019_C9_R5.png,D:\Retina\Retinal-Vessel-Segmentation-Benchmark-main\config\test_data\DualModal2019\masks\DualModal2019_C9_R5.png
FRUnet,HRF,01_dr,0.6156503355187697,0.3476199747186238,skimage.morphology.skeletonize,43005,53102,D:\Retina\Retinal-Vessel-Segmentation-Benchmark-main\Models_output\FRUnet\test_data\HRF\pred_masks\01_dr.png,D:\Retina\Retinal-Vessel-Segmentation-Benchmark-main\config\test_data\HRF\masks\01_dr.tif
FRUnet,HRF,01_g,0.6470228277081226,0.3296017279934957,skimage.morphology.skeletonize,48232,71323,D:\Retina\Retinal-Vessel-Segmentation-Benchmark-main\Models_output\FRUnet\test_data\HRF\pred_masks\01_g.png,D:\Retina\Retinal-Vessel-Segmentation-Benchmark-main\config\test_data\HRF\masks\01_g.tif
FRUnet,HRF,01_h,0.7314353952670264,0.38223806340751015,skimage.morphology.skeletonize,51242,75057,D:\Retina\Retinal-Vessel-Segmentation-Benchmark-main\Models_output\FRUnet\test_data\HRF\pred_masks\01_h.png,D:\Retina\Retinal-Vessel-Segmentation-Benchmark-main\config\test_data\HRF\masks\01_h.tif
FRUnet,HRF,02_dr,0.6301486546963403,0.3144980091004269,skimage.morphology.skeletonize,45643,64021,D:\Retina\Retinal-Vessel-Segmentation-Benchmark-main\Models_output\FRUnet\test_data\HRF\pred_masks\02_dr.png,D:\Retina\Retinal-Vessel-Segmentation-Benchmark-main\config\test_data\HRF\masks\02_dr.tif
FRUnet,HRF,02_g,0.6664652641031649,0.3205985781627017,skimage.morphology.skeletonize,49009,76330,D:\Retina\Retinal-Vessel-Segmentation-Benchmark-main\Models_output\FRUnet\test_data\HRF\pred_masks\02_g.png,D:\Retina\Retinal-Vessel-Segmentation-Benchmark-main\config\test_data\HRF\masks\02_g.tif
FRUnet,HRF,02_h,0.7798219412944306,0.3617759905989504,skimage.morphology.skeletonize,54334,67604,D:\Retina\Retinal-Vessel-Segmentation-Benchmark-main\Models_output\FRUnet\test_data\HRF\pred_masks\02_h.png,D:\Retina\Retinal-Vessel-Segmentation-Benchmark-main\config\test_data\HRF\masks\02_h.tif
FRUnet,HRF,03_dr,0.6665296684185604,0.33438237983867836,skimage.morphology.skeletonize,38663,55601,D:\Retina\Retinal-Vessel-Segmentation-Benchmark-main\Models_output\FRUnet\test_data\HRF\pred_masks\03_dr.png,D:\Retina\Retinal-Vessel-Segmentation-Benchmark-main\config\test_data\HRF\masks\03_dr.tif
FRUnet,HRF,03_g,0.6567064336118813,0.29525289446020486,skimage.morphology.skeletonize,39250,57667,D:\Retina\Retinal-Vessel-Segmentation-Benchmark-main\Models_output\FRUnet\test_data\HRF\pred_masks\03_g.png,D:\Retina\Retinal-Vessel-Segmentation-Benchmark-main\config\test_data\HRF\masks\03_g.tif
FRUnet,HRF,03_h,0.7198418952154599,0.34533568314066815,skimage.morphology.skeletonize,46317,67984,D:\Retina\Retinal-Vessel-Segmentation-Benchmark-main\Models_output\FRUnet\test_data\HRF\pred_masks\03_h.png,D:\Retina\Retinal-Vessel-Segmentation-Benchmark-main\config\test_data\HRF\masks\03_h.tif
FRUnet,HRF,04_dr,0.6271110856707471,0.3209217871472867,skimage.morphology.skeletonize,35574,54943,D:\Retina\Retinal-Vessel-Segmentation-Benchmark-main\Models_output\FRUnet\test_data\HRF\pred_masks\04_dr.png,D:\Retina\Retinal-Vessel-Segmentation-Benchmark-main\config\test_data\HRF\masks\04_dr.tif
FRUnet,HRF,04_g,0.6662349514481799,0.3178492528066039,skimage.morphology.skeletonize,41905,62895,D:\Retina\Retinal-Vessel-Segmentation-Benchmark-main\Models_output\FRUnet\test_data\HRF\pred_masks\04_g.png,D:\Retina\Retinal-Vessel-Segmentation-Benchmark-main\config\test_data\HRF\masks\04_g.tif
FRUnet,HRF,04_h,0.7393049509752898,0.35186473741894864,skimage.morphology.skeletonize,45302,65210,D:\Retina\Retinal-Vessel-Segmentation-Benchmark-main\Models_output\FRUnet\test_data\HRF\pred_masks\04_h.png,D:\Retina\Retinal-Vessel-Segmentation-Benchmark-main\config\test_data\HRF\masks\04_h.tif
FRUnet,HRF,05_dr,0.681445473237839,0.36743996292117503,skimage.morphology.skeletonize,45284,64710,D:\Retina\Retinal-Vessel-Segmentation-Benchmark-main\Models_output\FRUnet\test_data\HRF\pred_masks\05_dr.png,D:\Retina\Retinal-Vessel-Segmentation-Benchmark-main\config\test_data\HRF\masks\05_dr.tif
FRUnet,HRF,05_g,0.676082985219561,0.33839371741035396,skimage.morphology.skeletonize,42002,61795,D:\Retina\Retinal-Vessel-Segmentation-Benchmark-main\Models_output\FRUnet\test_data\HRF\pred_masks\05_g.png,D:\Retina\Retinal-Vessel-Segmentation-Benchmark-main\config\test_data\HRF\masks\05_g.tif
FRUnet,HRF,05_h,0.7621200237390505,0.37243413760064464,skimage.morphology.skeletonize,48131,63141,D:\Retina\Retinal-Vessel-Segmentation-Benchmark-main\Models_output\FRUnet\test_data\HRF\pred_masks\05_h.png,D:\Retina\Retinal-Vessel-Segmentation-Benchmark-main\config\test_data\HRF\masks\05_h.tif
FRUnet,HRF,06_dr,0.5279885124126062,0.2697908352300893,skimage.morphology.skeletonize,42390,83932,D:\Retina\Retinal-Vessel-Segmentation-Benchmark-main\Models_output\FRUnet\test_data\HRF\pred_masks\06_dr.png,D:\Retina\Retinal-Vessel-Segmentation-Benchmark-main\config\test_data\HRF\masks\06_dr.tif
FRUnet,HRF,06_g,0.6928561456016402,0.3482110892630305,skimage.morphology.skeletonize,43185,64338,D:\Retina\Retinal-Vessel-Segmentation-Benchmark-main\Models_output\FRUnet\test_data\HRF\pred_masks\06_g.png,D:\Retina\Retinal-Vessel-Segmentation-Benchmark-main\config\test_data\HRF\masks\06_g.tif
FRUnet,HRF,06_h,0.7504457874493947,0.3422734638674744,skimage.morphology.skeletonize,56942,77405,D:\Retina\Retinal-Vessel-Segmentation-Benchmark-main\Models_output\FRUnet\test_data\HRF\pred_masks\06_h.png,D:\Retina\Retinal-Vessel-Segmentation-Benchmark-main\config\test_data\HRF\masks\06_h.tif
FRUnet,HRF,07_dr,0.6711164427830378,0.3121049305123677,skimage.morphology.skeletonize,54057,70258,D:\Retina\Retinal-Vessel-Segmentation-Benchmark-main\Models_output\FRUnet\test_data\HRF\pred_masks\07_dr.png,D:\Retina\Retinal-Vessel-Segmentation-Benchmark-main\config\test_data\HRF\masks\07_dr.tif
FRUnet,HRF,07_g,0.6542824742487581,0.364995908163023,skimage.morphology.skeletonize,45372,69113,D:\Retina\Retinal-Vessel-Segmentation-Benchmark-main\Models_output\FRUnet\test_data\HRF\pred_masks\07_g.png,D:\Retina\Retinal-Vessel-Segmentation-Benchmark-main\config\test_data\HRF\masks\07_g.tif
FRUnet,HRF,07_h,0.7236207724926128,0.3506751639039494,skimage.morphology.skeletonize,43663,63508,D:\Retina\Retinal-Vessel-Segmentation-Benchmark-main\Models_output\FRUnet\test_data\HRF\pred_masks\07_h.png,D:\Retina\Retinal-Vessel-Segmentation-Benchmark-main\config\test_data\HRF\masks\07_h.tif
FRUnet,HRF,08_dr,0.6811270783473271,0.3488811559673237,skimage.morphology.skeletonize,49756,70585,D:\Retina\Retinal-Vessel-Segmentation-Benchmark-main\Models_output\FRUnet\test_data\HRF\pred_masks\08_dr.png,D:\Retina\Retinal-Vessel-Segmentation-Benchmark-main\config\test_data\HRF\masks\08_dr.tif
FRUnet,HRF,08_g,0.6560303836312085,0.35161525548122313,skimage.morphology.skeletonize,51027,73820,D:\Retina\Retinal-Vessel-Segmentation-Benchmark-main\Models_output\FRUnet\test_data\HRF\pred_masks\08_g.png,D:\Retina\Retinal-Vessel-Segmentation-Benchmark-main\config\test_data\HRF\masks\08_g.tif
FRUnet,HRF,08_h,0.7306838939168181,0.3456854893816385,skimage.morphology.skeletonize,47483,70976,D:\Retina\Retinal-Vessel-Segmentation-Benchmark-main\Models_output\FRUnet\test_data\HRF\pred_masks\08_h.png,D:\Retina\Retinal-Vessel-Segmentation-Benchmark-main\config\test_data\HRF\masks\08_h.tif
FRUnet,HRF,09_dr,0.6178656483310255,0.27832331058284565,skimage.morphology.skeletonize,40225,61339,D:\Retina\Retinal-Vessel-Segmentation-Benchmark-main\Models_output\FRUnet\test_data\HRF\pred_masks\09_dr.png,D:\Retina\Retinal-Vessel-Segmentation-Benchmark-main\config\test_data\HRF\masks\09_dr.tif
FRUnet,HRF,09_g,0.669135443762929,0.3314812315846244,skimage.morphology.skeletonize,48791,71488,D:\Retina\Retinal-Vessel-Segmentation-Benchmark-main\Models_output\FRUnet\test_data\HRF\pred_masks\09_g.png,D:\Retina\Retinal-Vessel-Segmentation-Benchmark-main\config\test_data\HRF\masks\09_g.tif
FRUnet,HRF,09_h,0.6665440971213894,0.3476756762137289,skimage.morphology.skeletonize,41471,64372,D:\Retina\Retinal-Vessel-Segmentation-Benchmark-main\Models_output\FRUnet\test_data\HRF\pred_masks\09_h.png,D:\Retina\Retinal-Vessel-Segmentation-Benchmark-main\config\test_data\HRF\masks\09_h.tif
FRUnet,HRF,10_dr,0.68218535868983,0.31665284049350145,skimage.morphology.skeletonize,52789,76585,D:\Retina\Retinal-Vessel-Segmentation-Benchmark-main\Models_output\FRUnet\test_data\HRF\pred_masks\10_dr.png,D:\Retina\Retinal-Vessel-Segmentation-Benchmark-main\config\test_data\HRF\masks\10_dr.tif
FRUnet,HRF,10_g,0.6549937824891131,0.35902573331679155,skimage.morphology.skeletonize,50598,70136,D:\Retina\Retinal-Vessel-Segmentation-Benchmark-main\Models_output\FRUnet\test_data\HRF\pred_masks\10_g.png,D:\Retina\Retinal-Vessel-Segmentation-Benchmark-main\config\test_data\HRF\masks\10_g.tif
FRUnet,HRF,10_h,0.6769431839695165,0.3351269255423724,skimage.morphology.skeletonize,42998,72811,D:\Retina\Retinal-Vessel-Segmentation-Benchmark-main\Models_output\FRUnet\test_data\HRF\pred_masks\10_h.png,D:\Retina\Retinal-Vessel-Segmentation-Benchmark-main\config\test_data\HRF\masks\10_h.tif
FRUnet,HRF,11_dr,0.6791616584757171,0.35208681729038954,skimage.morphology.skeletonize,56456,78981,D:\Retina\Retinal-Vessel-Segmentation-Benchmark-main\Models_output\FRUnet\test_data\HRF\pred_masks\11_dr.png,D:\Retina\Retinal-Vessel-Segmentation-Benchmark-main\config\test_data\HRF\masks\11_dr.tif
FRUnet,HRF,11_g,0.6541769490540071,0.32396615072017415,skimage.morphology.skeletonize,49592,75571,D:\Retina\Retinal-Vessel-Segmentation-Benchmark-main\Models_output\FRUnet\test_data\HRF\pred_masks\11_g.png,D:\Retina\Retinal-Vessel-Segmentation-Benchmark-main\config\test_data\HRF\masks\11_g.tif
FRUnet,HRF,11_h,0.8148340760147197,0.4311947135815009,skimage.morphology.skeletonize,51118,63941,D:\Retina\Retinal-Vessel-Segmentation-Benchmark-main\Models_output\FRUnet\test_data\HRF\pred_masks\11_h.png,D:\Retina\Retinal-Vessel-Segmentation-Benchmark-main\config\test_data\HRF\masks\11_h.tif
FRUnet,HRF,12_dr,0.6254746159347148,0.32946723386002824,skimage.morphology.skeletonize,47730,71856,D:\Retina\Retinal-Vessel-Segmentation-Benchmark-main\Models_output\FRUnet\test_data\HRF\pred_masks\12_dr.png,D:\Retina\Retinal-Vessel-Segmentation-Benchmark-main\config\test_data\HRF\masks\12_dr.tif
FRUnet,HRF,12_g,0.6631043268017849,0.347520294405015,skimage.morphology.skeletonize,55698,83473,D:\Retina\Retinal-Vessel-Segmentation-Benchmark-main\Models_output\FRUnet\test_data\HRF\pred_masks\12_g.png,D:\Retina\Retinal-Vessel-Segmentation-Benchmark-main\config\test_data\HRF\masks\12_g.tif
FRUnet,HRF,12_h,0.8193180969431121,0.42182208893167444,skimage.morphology.skeletonize,55855,67859,D:\Retina\Retinal-Vessel-Segmentation-Benchmark-main\Models_output\FRUnet\test_data\HRF\pred_masks\12_h.png,D:\Retina\Retinal-Vessel-Segmentation-Benchmark-main\config\test_data\HRF\masks\12_h.tif
FRUnet,HRF,13_dr,0.6267366690030166,0.30352172310216247,skimage.morphology.skeletonize,44212,64820,D:\Retina\Retinal-Vessel-Segmentation-Benchmark-main\Models_output\FRUnet\test_data\HRF\pred_masks\13_dr.png,D:\Retina\Retinal-Vessel-Segmentation-Benchmark-main\config\test_data\HRF\masks\13_dr.tif
FRUnet,HRF,13_g,0.6422601759319506,0.34201799380167597,skimage.morphology.skeletonize,49186,73060,D:\Retina\Retinal-Vessel-Segmentation-Benchmark-main\Models_output\FRUnet\test_data\HRF\pred_masks\13_g.png,D:\Retina\Retinal-Vessel-Segmentation-Benchmark-main\config\test_data\HRF\masks\13_g.tif
FRUnet,HRF,13_h,0.7873165791614276,0.43202220511351525,skimage.morphology.skeletonize,52269,60696,D:\Retina\Retinal-Vessel-Segmentation-Benchmark-main\Models_output\FRUnet\test_data\HRF\pred_masks\13_h.png,D:\Retina\Retinal-Vessel-Segmentation-Benchmark-main\config\test_data\HRF\masks\13_h.tif
FRUnet,HRF,14_dr,0.6415741024765379,0.32180770851393115,skimage.morphology.skeletonize,50348,77365,D:\Retina\Retinal-Vessel-Segmentation-Benchmark-main\Models_output\FRUnet\test_data\HRF\pred_masks\14_dr.png,D:\Retina\Retinal-Vessel-Segmentation-Benchmark-main\config\test_data\HRF\masks\14_dr.tif
FRUnet,HRF,14_g,0.6323880997796956,0.29281859217113476,skimage.morphology.skeletonize,48408,73554,D:\Retina\Retinal-Vessel-Segmentation-Benchmark-main\Models_output\FRUnet\test_data\HRF\pred_masks\14_g.png,D:\Retina\Retinal-Vessel-Segmentation-Benchmark-main\config\test_data\HRF\masks\14_g.tif
FRUnet,HRF,14_h,0.7985617513650478,0.4232761377807139,skimage.morphology.skeletonize,50858,63512,D:\Retina\Retinal-Vessel-Segmentation-Benchmark-main\Models_output\FRUnet\test_data\HRF\pred_masks\14_h.png,D:\Retina\Retinal-Vessel-Segmentation-Benchmark-main\config\test_data\HRF\masks\14_h.tif
FRUnet,HRF,15_dr,0.6466337615878806,0.31844740467126836,skimage.morphology.skeletonize,48620,59201,D:\Retina\Retinal-Vessel-Segmentation-Benchmark-main\Models_output\FRUnet\test_data\HRF\pred_masks\15_dr.png,D:\Retina\Retinal-Vessel-Segmentation-Benchmark-main\config\test_data\HRF\masks\15_dr.tif
FRUnet,HRF,15_g,0.6337356037988977,0.29788171271673175,skimage.morphology.skeletonize,43814,71868,D:\Retina\Retinal-Vessel-Segmentation-Benchmark-main\Models_output\FRUnet\test_data\HRF\pred_masks\15_g.png,D:\Retina\Retinal-Vessel-Segmentation-Benchmark-main\config\test_data\HRF\masks\15_g.tif
FRUnet,HRF,15_h,0.8344549221743084,0.4732973171457732,skimage.morphology.skeletonize,48995,57949,D:\Retina\Retinal-Vessel-Segmentation-Benchmark-main\Models_output\FRUnet\test_data\HRF\pred_masks\15_h.png,D:\Retina\Retinal-Vessel-Segmentation-Benchmark-main\config\test_data\HRF\masks\15_h.tif
FRUnet,LES,111,0.7292527889265245,0.5622656369770095,skimage.morphology.skeletonize,11585,14423,D:\Retina\Retinal-Vessel-Segmentation-Benchmark-main\Models_output\FRUnet\test_data\LES\pred_masks\111.png,D:\Retina\Retinal-Vessel-Segmentation-Benchmark-main\config\test_data\LES\masks\111.png
FRUnet,LES,119,0.7224473115839691,0.6097923290841849,skimage.morphology.skeletonize,16520,14280,D:\Retina\Retinal-Vessel-Segmentation-Benchmark-main\Models_output\FRUnet\test_data\LES\pred_masks\119.png,D:\Retina\Retinal-Vessel-Segmentation-Benchmark-main\config\test_data\LES\masks\119.png
FRUnet,LES,12,0.8256503322731177,0.6919603979294155,skimage.morphology.skeletonize,14438,16580,D:\Retina\Retinal-Vessel-Segmentation-Benchmark-main\Models_output\FRUnet\test_data\LES\pred_masks\12.png,D:\Retina\Retinal-Vessel-Segmentation-Benchmark-main\config\test_data\LES\masks\12.png
FRUnet,LES,15,0.8023327362928883,0.5859405434011903,skimage.morphology.skeletonize,11217,13859,D:\Retina\Retinal-Vessel-Segmentation-Benchmark-main\Models_output\FRUnet\test_data\LES\pred_masks\15.png,D:\Retina\Retinal-Vessel-Segmentation-Benchmark-main\config\test_data\LES\masks\15.png
FRUnet,LES,224,0.8506288052470293,0.6895836606672179,skimage.morphology.skeletonize,16003,18430,D:\Retina\Retinal-Vessel-Segmentation-Benchmark-main\Models_output\FRUnet\test_data\LES\pred_masks\224.png,D:\Retina\Retinal-Vessel-Segmentation-Benchmark-main\config\test_data\LES\masks\224.png
FRUnet,LES,240,0.8598006926155346,0.6940123871798823,skimage.morphology.skeletonize,12250,13487,D:\Retina\Retinal-Vessel-Segmentation-Benchmark-main\Models_output\FRUnet\test_data\LES\pred_masks\240.png,D:\Retina\Retinal-Vessel-Segmentation-Benchmark-main\config\test_data\LES\masks\240.png
FRUnet,LES,275,0.8100456929250421,0.6624426458130669,skimage.morphology.skeletonize,13824,14568,D:\Retina\Retinal-Vessel-Segmentation-Benchmark-main\Models_output\FRUnet\test_data\LES\pred_masks\275.png,D:\Retina\Retinal-Vessel-Segmentation-Benchmark-main\config\test_data\LES\masks\275.png
FRUnet,LES,279,0.8690018503070336,0.6374971084351628,skimage.morphology.skeletonize,15296,17366,D:\Retina\Retinal-Vessel-Segmentation-Benchmark-main\Models_output\FRUnet\test_data\LES\pred_masks\279.png,D:\Retina\Retinal-Vessel-Segmentation-Benchmark-main\config\test_data\LES\masks\279.png
FRUnet,LES,304,0.7823855601170426,0.5526087394533826,skimage.morphology.skeletonize,8423,9348,D:\Retina\Retinal-Vessel-Segmentation-Benchmark-main\Models_output\FRUnet\test_data\LES\pred_masks\304.png,D:\Retina\Retinal-Vessel-Segmentation-Benchmark-main\config\test_data\LES\masks\304.png
FRUnet,LES,318,0.8507915972197939,0.6537842164296025,skimage.morphology.skeletonize,12751,14235,D:\Retina\Retinal-Vessel-Segmentation-Benchmark-main\Models_output\FRUnet\test_data\LES\pred_masks\318.png,D:\Retina\Retinal-Vessel-Segmentation-Benchmark-main\config\test_data\LES\masks\318.png
FRUnet,LES,33,0.811010884764072,0.6428117769227124,skimage.morphology.skeletonize,15568,20349,D:\Retina\Retinal-Vessel-Segmentation-Benchmark-main\Models_output\FRUnet\test_data\LES\pred_masks\33.png,D:\Retina\Retinal-Vessel-Segmentation-Benchmark-main\config\test_data\LES\masks\33.png
FRUnet,LES,34,0.7598095621011065,0.44721180222755297,skimage.morphology.skeletonize,22100,31603,D:\Retina\Retinal-Vessel-Segmentation-Benchmark-main\Models_output\FRUnet\test_data\LES\pred_masks\34.png,D:\Retina\Retinal-Vessel-Segmentation-Benchmark-main\config\test_data\LES\masks\34.png
FRUnet,LES,367,0.8521058857083107,0.6838376512368494,skimage.morphology.skeletonize,14519,15054,D:\Retina\Retinal-Vessel-Segmentation-Benchmark-main\Models_output\FRUnet\test_data\LES\pred_masks\367.png,D:\Retina\Retinal-Vessel-Segmentation-Benchmark-main\config\test_data\LES\masks\367.png
FRUnet,LES,37,0.8762811878848819,0.6627488767547629,skimage.morphology.skeletonize,16505,18851,D:\Retina\Retinal-Vessel-Segmentation-Benchmark-main\Models_output\FRUnet\test_data\LES\pred_masks\37.png,D:\Retina\Retinal-Vessel-Segmentation-Benchmark-main\config\test_data\LES\masks\37.png
FRUnet,LES,370,0.853100143164116,0.6943053595596578,skimage.morphology.skeletonize,12762,13031,D:\Retina\Retinal-Vessel-Segmentation-Benchmark-main\Models_output\FRUnet\test_data\LES\pred_masks\370.png,D:\Retina\Retinal-Vessel-Segmentation-Benchmark-main\config\test_data\LES\masks\370.png
FRUnet,LES,42,0.8458064792873367,0.7092554132633522,skimage.morphology.skeletonize,13410,16271,D:\Retina\Retinal-Vessel-Segmentation-Benchmark-main\Models_output\FRUnet\test_data\LES\pred_masks\42.png,D:\Retina\Retinal-Vessel-Segmentation-Benchmark-main\config\test_data\LES\masks\42.png
FRUnet,LES,486,0.8503140021243124,0.6836700529697315,skimage.morphology.skeletonize,11587,12854,D:\Retina\Retinal-Vessel-Segmentation-Benchmark-main\Models_output\FRUnet\test_data\LES\pred_masks\486.png,D:\Retina\Retinal-Vessel-Segmentation-Benchmark-main\config\test_data\LES\masks\486.png
FRUnet,LES,49,0.8186049856107401,0.6723361896047096,skimage.morphology.skeletonize,12827,16658,D:\Retina\Retinal-Vessel-Segmentation-Benchmark-main\Models_output\FRUnet\test_data\LES\pred_masks\49.png,D:\Retina\Retinal-Vessel-Segmentation-Benchmark-main\config\test_data\LES\masks\49.png
FRUnet,LES,529,0.8114094820887107,0.5898844737782958,skimage.morphology.skeletonize,10465,11882,D:\Retina\Retinal-Vessel-Segmentation-Benchmark-main\Models_output\FRUnet\test_data\LES\pred_masks\529.png,D:\Retina\Retinal-Vessel-Segmentation-Benchmark-main\config\test_data\LES\masks\529.png
FRUnet,LES,53,0.841249823439232,0.6814818978846862,skimage.morphology.skeletonize,15232,18584,D:\Retina\Retinal-Vessel-Segmentation-Benchmark-main\Models_output\FRUnet\test_data\LES\pred_masks\53.png,D:\Retina\Retinal-Vessel-Segmentation-Benchmark-main\config\test_data\LES\masks\53.png
FRUnet,LES,586,0.8325696181684973,0.6767848109124556,skimage.morphology.skeletonize,14188,15979,D:\Retina\Retinal-Vessel-Segmentation-Benchmark-main\Models_output\FRUnet\test_data\LES\pred_masks\586.png,D:\Retina\Retinal-Vessel-Segmentation-Benchmark-main\config\test_data\LES\masks\586.png
FRUnet,LES,90,0.8389402371016439,0.6331752334761593,skimage.morphology.skeletonize,12594,15621,D:\Retina\Retinal-Vessel-Segmentation-Benchmark-main\Models_output\FRUnet\test_data\LES\pred_masks\90.png,D:\Retina\Retinal-Vessel-Segmentation-Benchmark-main\config\test_data\LES\masks\90.png
FRUnet,STARE,im0001,0.8181731153677517,0.8952454384325953,skimage.morphology.skeletonize,7902,7687,D:\Retina\Retinal-Vessel-Segmentation-Benchmark-main\Models_output\FRUnet\test_data\STARE\pred_masks\im0001.png,D:\Retina\Retinal-Vessel-Segmentation-Benchmark-main\config\test_data\STARE\masks\im0001.png
FRUnet,STARE,im0002,0.8184984784199054,0.8850398771749766,skimage.morphology.skeletonize,6464,7130,D:\Retina\Retinal-Vessel-Segmentation-Benchmark-main\Models_output\FRUnet\test_data\STARE\pred_masks\im0002.png,D:\Retina\Retinal-Vessel-Segmentation-Benchmark-main\config\test_data\STARE\masks\im0002.png
FRUnet,STARE,im0003,0.8030337863905624,0.8877789990731273,skimage.morphology.skeletonize,5872,6012,D:\Retina\Retinal-Vessel-Segmentation-Benchmark-main\Models_output\FRUnet\test_data\STARE\pred_masks\im0003.png,D:\Retina\Retinal-Vessel-Segmentation-Benchmark-main\config\test_data\STARE\masks\im0003.png
FRUnet,STARE,im0004,0.7975175078049171,0.8609660753206404,skimage.morphology.skeletonize,6126,5883,D:\Retina\Retinal-Vessel-Segmentation-Benchmark-main\Models_output\FRUnet\test_data\STARE\pred_masks\im0004.png,D:\Retina\Retinal-Vessel-Segmentation-Benchmark-main\config\test_data\STARE\masks\im0004.png
FRUnet,STARE,im0005,0.7839374999450506,0.8379738431707295,skimage.morphology.skeletonize,9600,7339,D:\Retina\Retinal-Vessel-Segmentation-Benchmark-main\Models_output\FRUnet\test_data\STARE\pred_masks\im0005.png,D:\Retina\Retinal-Vessel-Segmentation-Benchmark-main\config\test_data\STARE\masks\im0005.png
FRUnet,STARE,im0044,0.7872231149585819,0.8808770090068233,skimage.morphology.skeletonize,7629,6614,D:\Retina\Retinal-Vessel-Segmentation-Benchmark-main\Models_output\FRUnet\test_data\STARE\pred_masks\im0044.png,D:\Retina\Retinal-Vessel-Segmentation-Benchmark-main\config\test_data\STARE\masks\im0044.png
FRUnet,STARE,im0077,0.8053712947348968,0.9189420727012193,skimage.morphology.skeletonize,9550,8586,D:\Retina\Retinal-Vessel-Segmentation-Benchmark-main\Models_output\FRUnet\test_data\STARE\pred_masks\im0077.png,D:\Retina\Retinal-Vessel-Segmentation-Benchmark-main\config\test_data\STARE\masks\im0077.png
FRUnet,STARE,im0081,0.8085017714533347,0.9141919568957316,skimage.morphology.skeletonize,9099,8054,D:\Retina\Retinal-Vessel-Segmentation-Benchmark-main\Models_output\FRUnet\test_data\STARE\pred_masks\im0081.png,D:\Retina\Retinal-Vessel-Segmentation-Benchmark-main\config\test_data\STARE\masks\im0081.png
FRUnet,STARE,im0082,0.813975600087216,0.9386012584888205,skimage.morphology.skeletonize,8405,8757,D:\Retina\Retinal-Vessel-Segmentation-Benchmark-main\Models_output\FRUnet\test_data\STARE\pred_masks\im0082.png,D:\Retina\Retinal-Vessel-Segmentation-Benchmark-main\config\test_data\STARE\masks\im0082.png
FRUnet,STARE,im0139,0.80756111956015,0.8972321957765308,skimage.morphology.skeletonize,8829,8549,D:\Retina\Retinal-Vessel-Segmentation-Benchmark-main\Models_output\FRUnet\test_data\STARE\pred_masks\im0139.png,D:\Retina\Retinal-Vessel-Segmentation-Benchmark-main\config\test_data\STARE\masks\im0139.png
FRUnet,STARE,im0162,0.7850494477917545,0.9417401670427967,skimage.morphology.skeletonize,10162,10720,D:\Retina\Retinal-Vessel-Segmentation-Benchmark-main\Models_output\FRUnet\test_data\STARE\pred_masks\im0162.png,D:\Retina\Retinal-Vessel-Segmentation-Benchmark-main\config\test_data\STARE\masks\im0162.png
FRUnet,STARE,im0163,0.8340963415281357,0.941134773618875,skimage.morphology.skeletonize,8403,8302,D:\Retina\Retinal-Vessel-Segmentation-Benchmark-main\Models_output\FRUnet\test_data\STARE\pred_masks\im0163.png,D:\Retina\Retinal-Vessel-Segmentation-Benchmark-main\config\test_data\STARE\masks\im0163.png
FRUnet,STARE,im0235,0.8366146957843063,0.9291436312423538,skimage.morphology.skeletonize,8650,8640,D:\Retina\Retinal-Vessel-Segmentation-Benchmark-main\Models_output\FRUnet\test_data\STARE\pred_masks\im0235.png,D:\Retina\Retinal-Vessel-Segmentation-Benchmark-main\config\test_data\STARE\masks\im0235.png
FRUnet,STARE,im0236,0.8350588593965149,0.9066472962598175,skimage.morphology.skeletonize,8704,8518,D:\Retina\Retinal-Vessel-Segmentation-Benchmark-main\Models_output\FRUnet\test_data\STARE\pred_masks\im0236.png,D:\Retina\Retinal-Vessel-Segmentation-Benchmark-main\config\test_data\STARE\masks\im0236.png
FRUnet,STARE,im0239,0.802225027168996,0.9203305559724188,skimage.morphology.skeletonize,8234,8829,D:\Retina\Retinal-Vessel-Segmentation-Benchmark-main\Models_output\FRUnet\test_data\STARE\pred_masks\im0239.png,D:\Retina\Retinal-Vessel-Segmentation-Benchmark-main\config\test_data\STARE\masks\im0239.png
FRUnet,STARE,im0240,0.8755238056913778,0.9139965376272587,skimage.morphology.skeletonize,8182,7763,D:\Retina\Retinal-Vessel-Segmentation-Benchmark-main\Models_output\FRUnet\test_data\STARE\pred_masks\im0240.png,D:\Retina\Retinal-Vessel-Segmentation-Benchmark-main\config\test_data\STARE\masks\im0240.png
FRUnet,STARE,im0255,0.8522541228958384,0.9243775204060366,skimage.morphology.skeletonize,10021,10617,D:\Retina\Retinal-Vessel-Segmentation-Benchmark-main\Models_output\FRUnet\test_data\STARE\pred_masks\im0255.png,D:\Retina\Retinal-Vessel-Segmentation-Benchmark-main\config\test_data\STARE\masks\im0255.png
FRUnet,STARE,im0291,0.8339315462825394,0.8896777538298719,skimage.morphology.skeletonize,4808,5054,D:\Retina\Retinal-Vessel-Segmentation-Benchmark-main\Models_output\FRUnet\test_data\STARE\pred_masks\im0291.png,D:\Retina\Retinal-Vessel-Segmentation-Benchmark-main\config\test_data\STARE\masks\im0291.png
FRUnet,STARE,im0319,0.6859047681452135,0.850152480868251,skimage.morphology.skeletonize,3769,4669,D:\Retina\Retinal-Vessel-Segmentation-Benchmark-main\Models_output\FRUnet\test_data\STARE\pred_masks\im0319.png,D:\Retina\Retinal-Vessel-Segmentation-Benchmark-main\config\test_data\STARE\masks\im0319.png
FRUnet,STARE,im0324,0.6873613791651692,0.740919814241323,skimage.morphology.skeletonize,3872,5192,D:\Retina\Retinal-Vessel-Segmentation-Benchmark-main\Models_output\FRUnet\test_data\STARE\pred_masks\im0324.png,D:\Retina\Retinal-Vessel-Segmentation-Benchmark-main\config\test_data\STARE\masks\im0324.png
