"model","dataset","image_id","f1","f2","tvs","structural_utility"
"DCP-1024","AFIO","IM000001","0.625279811728","0.521713985037","0.448979591837","0.711696259619"
"FR-UNet","AFIO","IM000001","0.661928882198","0.581236415783","0.387755102041","0.70400140928"
"FSG-Net","AFIO","IM000001","0.693628327628","0.608602478346","0.551020408163","0.773539196211"
"GAVE","AFIO","IM000001","0.680750112969","0.61835932919","0.551020408163","0.712269332775"
"SA-UNetv2","AFIO","IM000001","0.719965456265","0.646054313523","0.510204081633","0.790713620823"
"DCP-1024","AFIO","IM000004","0.714742505569","0.667942254976","0.261802575107","0.743605636522"
"FR-UNet","AFIO","IM000004","0.705807596531","0.705093159177","0.304721030043","0.730186133536"
"FSG-Net","AFIO","IM000004","0.751144428926","0.75226372221","0.523605150215","0.801039228757"
"GAVE","AFIO","IM000004","0.700390431674","0.716634407634","0.343347639485","0.713178394174"
"SA-UNetv2","AFIO","IM000004","0.746625424896","0.766753618764","0.502145922747","0.798554798622"
"DCP-1024","AFIO","IM000023","0.625383561881","0.58945985516","0.243386243386","0.601228788574"
"FR-UNet","AFIO","IM000023","0.642014581332","0.632132738495","0.296296296296","0.631750411495"
"FSG-Net","AFIO","IM000023","0.669084558014","0.669160366848","0.31746031746","0.653785047621"
"GAVE","AFIO","IM000023","0.634477652534","0.650035604817","0.380952380952","0.614294015502"
"SA-UNetv2","AFIO","IM000023","0.647711077352","0.64959727074","0.380952380952","0.645513922613"
"DCP-1024","AFIO","IM000024","0.637250305513","0.580544694772","0.195555555556","0.627143488097"
"FR-UNet","AFIO","IM000024","0.626095362179","0.604429044404","0.248888888889","0.617075638148"
"FSG-Net","AFIO","IM000024","0.680603598852","0.666097295442","0.311111111111","0.686377308073"
"GAVE","AFIO","IM000024","0.630939256598","0.619943243973","0.222222222222","0.611336062572"
"SA-UNetv2","AFIO","IM000024","0.666387168321","0.657303925361","0.284444444444","0.672393198137"
"DCP-1024","AFIO","IM000135","0.634977601632","0.537650628749","0.132107023411","0.640773576277"
"FR-UNet","AFIO","IM000135","0.667687417177","0.604070215507","0.173913043478","0.646120253582"
"FSG-Net","AFIO","IM000135","0.712448900887","0.647711702413","0.210702341137","0.708003141802"
"GAVE","AFIO","IM000135","0.69924682512","0.65644672482","0.255852842809","0.665668882678"
"SA-UNetv2","AFIO","IM000135","0.70333393978","0.646491715825","0.210702341137","0.698609069438"
"DCP-1024","AFIO","IM000136","0.623520858404","0.518156628263","0.230769230769","0.730711564189"
"FR-UNet","AFIO","IM000136","0.686803587667","0.61023822679","0.384615384615","0.751826159715"
"FSG-Net","AFIO","IM000136","0.724195419232","0.648296290756","0.576923076923","0.815433114569"
"GAVE","AFIO","IM000136","0.706386253623","0.647212487298","0.307692307692","0.755651839527"
"SA-UNetv2","AFIO","IM000136","0.734395619976","0.668259840894","0.5","0.821600945828"
"DCP-1024","AFIO","IM000167","0.678496342756","0.600779896913","0.548387096774","0.725137137351"
"FR-UNet","AFIO","IM000167","0.692779478402","0.63954995908","0.483870967742","0.723391520138"
"FSG-Net","AFIO","IM000167","0.734086214759","0.687238449592","0.677419354839","0.78023338325"
"GAVE","AFIO","IM000167","0.684047643396","0.639106516076","0.41935483871","0.715512285513"
"SA-UNetv2","AFIO","IM000167","0.733569519284","0.691704506811","0.677419354839","0.782576009885"
"DCP-1024","AFIO","IM000168","0.686589203336","0.614663827087","0.146739130435","0.714368895398"
"FR-UNet","AFIO","IM000168","0.692605316858","0.651171404924","0.163043478261","0.701948720088"
"FSG-Net","AFIO","IM000168","0.737974335941","0.699227549273","0.222826086957","0.771850905318"
"GAVE","AFIO","IM000168","0.714355641978","0.691950731048","0.255434782609","0.722163436114"
"SA-UNetv2","AFIO","IM000168","0.733033355158","0.69554083325","0.201086956522","0.770596248066"
"DCP-1024","AFIO","IM000189","0.654145661707","0.575526467619","0.297297297297","0.653785151282"
"FR-UNet","AFIO","IM000189","0.66996989522","0.623074893732","0.358108108108","0.64913737804"
"FSG-Net","AFIO","IM000189","0.711569680462","0.675237633315","0.445945945946","0.712898695573"
"GAVE","AFIO","IM000189","0.636849381251","0.585462771263","0.22972972973","0.595832287393"
"SA-UNetv2","AFIO","IM000189","0.7115744597","0.681664521665","0.493243243243","0.708239125561"
"DCP-1024","AFIO","IM000209","0.699137013831","0.626576756245","0.121621621622","0.741425597568"
"FR-UNet","AFIO","IM000209","0.692145087367","0.649649297381","0.202702702703","0.694905376473"
"FSG-Net","AFIO","IM000209","0.749857761286","0.723396740622","0.27027027027","0.791404018418"
"GAVE","AFIO","IM000209","0.676537918918","0.623532586695","0.135135135135","0.676289263045"
"SA-UNetv2","AFIO","IM000209","0.743494154255","0.727529431797","0.324324324324","0.779732045809"
"DCP-1024","AFIO","IM000210","0.659058314091","0.572301786051","0.180043383948","0.691226887191"
"FR-UNet","AFIO","IM000210","0.669084343725","0.605949548371","0.225596529284","0.680141942502"
"FSG-Net","AFIO","IM000210","0.71861103554","0.670730130824","0.330802603037","0.753185233124"
"GAVE","AFIO","IM000210","0.614120288114","0.526878660829","0.0965292841649","0.629310943955"
"SA-UNetv2","AFIO","IM000210","0.714105184176","0.667377123297","0.302603036876","0.74176498745"
"DCP-1024","AFIO","IM000333","0.612858010044","0.514910979228","0.268292682927","0.650929609443"
"FR-UNet","AFIO","IM000333","0.666230926112","0.603624382208","0.536585365854","0.675861575013"
"FSG-Net","AFIO","IM000333","0.707309169582","0.653472129277","0.536585365854","0.729157292187"
"GAVE","AFIO","IM000333","0.640709015881","0.559037892922","0.146341463415","0.641244528078"
"SA-UNetv2","AFIO","IM000333","0.699353894447","0.641952568164","0.536585365854","0.720285491058"
"DCP-1024","AFIO","IM000389","0.612619881062","0.522259077244","0.0232558139535","0.648177046297"
"FR-UNet","AFIO","IM000389","0.62597191598","0.556089715764","0.046511627907","0.635513032358"
"FSG-Net","AFIO","IM000389","0.663134646881","0.583200389339","0.0697674418605","0.702265073818"
"GAVE","AFIO","IM000389","0.613586673296","0.551950151305","0.046511627907","0.602452863395"
"SA-UNetv2","AFIO","IM000389","0.689662208116","0.642523882643","0.0697674418605","0.718667329771"
"DCP-1024","AFIO","IM000390","0.630576409678","0.545285170347","0.470588235294","0.667303251744"
"FR-UNet","AFIO","IM000390","0.628634588461","0.565702433306","0.411764705882","0.635394979691"
"FSG-Net","AFIO","IM000390","0.689313551946","0.622131326969","0.588235294118","0.72848025348"
"GAVE","AFIO","IM000390","0.652556328341","0.592561968932","0.5","0.680309393436"
"SA-UNetv2","AFIO","IM000390","0.691087178535","0.644607902567","0.558823529412","0.727268248694"
"DCP-1024","AFIO","IM000678","0.679440469673","0.611896552897","0.54347826087","0.690678609337"
"FR-UNet","AFIO","IM000678","0.664478385678","0.613158200628","0.554347826087","0.656040255172"
"FSG-Net","AFIO","IM000678","0.713250434242","0.679730322298","0.54347826087","0.7264279719"
"GAVE","AFIO","IM000678","0.666440217391","0.614361951966","0.467391304348","0.654171255305"
"SA-UNetv2","AFIO","IM000678","0.712784678205","0.68344593045","0.608695652174","0.733161910703"
"DCP-1024","AFIO","IM000679","0.626421845347","0.560537194999","0.4","0.650833885403"
"FR-UNet","AFIO","IM000679","0.625398041379","0.57976375716","0.4","0.635964432904"
"FSG-Net","AFIO","IM000679","0.670509010606","0.640199586001","0.454545454545","0.685625337624"
"GAVE","AFIO","IM000679","0.563658916299","0.489574836251","0.4","0.557935595083"
"SA-UNetv2","AFIO","IM000679","0.670657839132","0.642879845774","0.454545454545","0.698293101959"
"DCP-1024","AFIO","IM000715","0.659872952822","0.631652166566","0.579136690647","0.672320702542"
"FR-UNet","AFIO","IM000715","0.653605529478","0.673466102474","0.688848920863","0.655432757845"
"FSG-Net","AFIO","IM000715","0.690588618416","0.723164275301","0.697841726619","0.698138524912"
"GAVE","AFIO","IM000715","0.670879548026","0.651587553153","0.631294964029","0.677878957876"
"SA-UNetv2","AFIO","IM000715","0.676831343507","0.707409315072","0.787769784173","0.684562614313"
"DCP-1024","AFIO","IM000716","0.586042669853","0.554471085099","0.362134688691","0.569741970711"
"FR-UNet","AFIO","IM000716","0.596196652623","0.610960443772","0.468869123253","0.587666658386"
"FSG-Net","AFIO","IM000716","0.637218892494","0.668986000205","0.548284625159","0.640705143434"
"GAVE","AFIO","IM000716","0.549140265129","0.51942047881","0.310673443456","0.50547428763"
"SA-UNetv2","AFIO","IM000716","0.626744359779","0.653872293198","0.552731893266","0.637963147694"
"DCP-1024","AFIO","IM000938","0.644669476637","0.591274111408","0.347826086957","0.631600259358"
"FR-UNet","AFIO","IM000938","0.635774131479","0.581395026629","0.326086956522","0.619740813197"
"FSG-Net","AFIO","IM000938","0.671893561416","0.634385884771","0.391304347826","0.662799285379"
"GAVE","AFIO","IM000938","0.591741560442","0.557228956678","0.369565217391","0.542547131446"
"SA-UNetv2","AFIO","IM000938","0.680629623843","0.666010769128","0.413043478261","0.670328630071"
"DCP-1024","AFIO","IM001031","0.664819596535","0.607398529662","0.218181818182","0.691536618236"
"FR-UNet","AFIO","IM001031","0.688947485095","0.659333665332","0.163636363636","0.703788575575"
"FSG-Net","AFIO","IM001031","0.704737040582","0.676739314525","0.254545454545","0.741561484927"
"GAVE","AFIO","IM001031","0.596465796479","0.53779957435","0.218181818182","0.624516500063"
"SA-UNetv2","AFIO","IM001031","0.686351328685","0.646132364253","0.218181818182","0.714604822316"
"DCP-1024","AFIO","IM001032","0.664819596535","0.607398529662","0.218181818182","0.691536618236"
"FR-UNet","AFIO","IM001032","0.688947485095","0.659333665332","0.163636363636","0.703788575575"
"FSG-Net","AFIO","IM001032","0.704737040582","0.676739314525","0.254545454545","0.741561484927"
"GAVE","AFIO","IM001032","0.596465796479","0.53779957435","0.218181818182","0.624516500063"
"SA-UNetv2","AFIO","IM001032","0.686351328685","0.646132364253","0.218181818182","0.714604822316"
"DCP-1024","AFIO","IM001034","0.601336138486","0.56051435759","0.625","0.621160356884"
"FR-UNet","AFIO","IM001034","0.59955703857","0.563472283085","0.5","0.606317991295"
"FSG-Net","AFIO","IM001034","0.625374259716","0.585982193078","0.75","0.653328684982"
"GAVE","AFIO","IM001034","0.548050599452","0.490636039417","0.25","0.56087933694"
"SA-UNetv2","AFIO","IM001034","0.621928526425","0.582473377978","0.5","0.641233428921"
"DCP-1024","AFIO","IM001069","0.647260018408","0.557561433432","0.184210526316","0.677305928823"
"FR-UNet","AFIO","IM001069","0.652486779964","0.582323238693","0.315789473684","0.656983844618"
"FSG-Net","AFIO","IM001069","0.696223093088","0.635875090777","0.289473684211","0.728938817118"
"GAVE","AFIO","IM001069","0.645396766222","0.568281210622","0.210526315789","0.664233872124"
"SA-UNetv2","AFIO","IM001069","0.711314424444","0.654022872095","0.289473684211","0.736530984388"
"DCP-1024","AFIO","IM001070","0.605343628614","0.515605327412","0.102173913043","0.667169316303"
"FR-UNet","AFIO","IM001070","0.607383195539","0.532094293335","0.108695652174","0.655065409377"
"FSG-Net","AFIO","IM001070","0.664965791697","0.596482271501","0.136956521739","0.717088189487"
"GAVE","AFIO","IM001070","0.551108087788","0.466087325138","0.0934782608696","0.5929539322"
"SA-UNetv2","AFIO","IM001070","0.675912725962","0.617331756041","0.169565217391","0.720690922644"
"DCP-1024","AFIO","IM001096","0.67348723818","0.591859731067","0.0394736842105","0.684745154397"
"FR-UNet","AFIO","IM001096","0.678391376895","0.612479014208","0.1","0.666718989725"
"FSG-Net","AFIO","IM001096","0.714191160462","0.654834341053","0.139473684211","0.722627125185"
"GAVE","AFIO","IM001096","0.653351515603","0.596419656824","0.107894736842","0.640312879678"
"SA-UNetv2","AFIO","IM001096","0.712246581289","0.654310490599","0.152631578947","0.72436855286"
"DCP-1024","AFIO","IM001097","0.715855167376","0.64422137877","0.615384615385","0.746782150877"
"FR-UNet","AFIO","IM001097","0.722808166095","0.663738016345","0.615384615385","0.745940473877"
"FSG-Net","AFIO","IM001097","0.736591614616","0.688946181791","0.615384615385","0.763508877754"
"GAVE","AFIO","IM001097","0.672690558856","0.615404652547","0.307692307692","0.676149769934"
"SA-UNetv2","AFIO","IM001097","0.735329193958","0.682525402852","0.615384615385","0.763863200978"
"DCP-1024","AFIO","IM001126","0.644590630785","0.572425415862","0.470588235294","0.634414340511"
"FR-UNet","AFIO","IM001126","0.646963610022","0.600970165441","0.372549019608","0.619581477995"
"FSG-Net","AFIO","IM001126","0.693819130911","0.647937932566","0.421568627451","0.701850836781"
"GAVE","AFIO","IM001126","0.661407159195","0.625034154339","0.460784313725","0.651831993912"
"SA-UNetv2","AFIO","IM001126","0.686275020172","0.645220969706","0.490196078431","0.6953007789"
"DCP-1024","AFIO","IM001127","0.623860386988","0.543672113855","0","0.631555627452"
"FR-UNet","AFIO","IM001127","0.637258880825","0.581524793803","0","0.629645667756"
"FSG-Net","AFIO","IM001127","0.671972330762","0.612190383152","0","0.695447984354"
"GAVE","AFIO","IM001127","0.643917534396","0.587242435139","0.3","0.630102461211"
"SA-UNetv2","AFIO","IM001127","0.675203860972","0.625435980278","0.2","0.695307667613"
"DCP-1024","AFIO","IM001154","0.664338850803","0.581005276412","0.196202531646","0.702316638381"
"FR-UNet","AFIO","IM001154","0.670847744517","0.604173569158","0.221518987342","0.691630667996"
"FSG-Net","AFIO","IM001154","0.697086955469","0.631861281826","0.158227848101","0.723551914147"
"GAVE","AFIO","IM001154","0.661322645291","0.623095738746","0.411392405063","0.665325314627"
"SA-UNetv2","AFIO","IM001154","0.725637513318","0.678349320668","0.310126582278","0.763001586224"
"DCP-1024","AFIO","IM001155","0.653825915369","0.562983296079","0.27027027027","0.712937542912"
"FR-UNet","AFIO","IM001155","0.665137232869","0.592501353145","0.324324324324","0.697003593981"
"FSG-Net","AFIO","IM001155","0.71013649269","0.643838935191","0.297297297297","0.769436651808"
"GAVE","AFIO","IM001155","0.696405463344","0.645842051015","0.324324324324","0.721050523007"
"SA-UNetv2","AFIO","IM001155","0.720717882581","0.665032730206","0.351351351351","0.769713823182"
"DCP-1024","AFIO","IM001192","0.576294959568","0.475152559631","0.383838383838","0.632462580953"
"FR-UNet","AFIO","IM001192","0.629445317277","0.55429395504","0.434343434343","0.655232509276"
"FSG-Net","AFIO","IM001192","0.668593010381","0.589939694811","0.464646464646","0.72268995842"
"GAVE","AFIO","IM001192","0.641282337148","0.572149503873","0.444444444444","0.656771270214"
"SA-UNetv2","AFIO","IM001192","0.675286358255","0.608410489154","0.505050505051","0.726055076172"
"DCP-1024","AFIO","IM001193","0.571146269166","0.469321967981","0.0601983002833","0.608491765412"
"FR-UNet","AFIO","IM001193","0.6139430116","0.531878356438","0.0793201133144","0.621529891594"
"FSG-Net","AFIO","IM001193","0.648251053864","0.562295804477","0.0970254957507","0.68457652109"
"GAVE","AFIO","IM001193","0.624134287624","0.5426575515","0.0835694050992","0.643145735304"
"SA-UNetv2","AFIO","IM001193","0.662720016152","0.589404720984","0.0906515580737","0.686348702793"
"DCP-1024","AFIO","IM001218","0.640626698343","0.541108763425","0.300578034682","0.703953745731"
"FR-UNet","AFIO","IM001218","0.686407649393","0.613187431497","0.35838150289","0.707920265945"
"FSG-Net","AFIO","IM001218","0.724852747253","0.652951506797","0.433526011561","0.776829167391"
"GAVE","AFIO","IM001218","0.706317032576","0.643680446902","0.375722543353","0.720465217967"
"SA-UNetv2","AFIO","IM001218","0.724290044949","0.656269772012","0.369942196532","0.770675755597"
"DCP-1024","AFIO","IM001219","0.650237207726","0.553480362747","0.358490566038","0.707319594923"
"FR-UNet","AFIO","IM001219","0.685427397197","0.623137059539","0.452830188679","0.706483051999"
"FSG-Net","AFIO","IM001219","0.731404848304","0.666141204698","0.528301886792","0.785766647114"
"GAVE","AFIO","IM001219","0.718247361487","0.676285599001","0.509433962264","0.718547335587"
"SA-UNetv2","AFIO","IM001219","0.731792109759","0.677051120108","0.584905660377","0.781770873088"
"DCP-1024","AFIO","IM001246","0.655163919282","0.582505311266","0.52","0.686866627163"
"FR-UNet","AFIO","IM001246","0.665916427846","0.620389834936","0.5","0.677684439258"
"FSG-Net","AFIO","IM001246","0.696250209385","0.647161401105","0.56","0.73486114969"
"GAVE","AFIO","IM001246","0.672151618391","0.63087232887","0.62","0.689112101537"
"SA-UNetv2","AFIO","IM001246","0.700142326355","0.6584459943","0.6","0.733087867294"
"DCP-1024","AFIO","IM001686","0.698803957812","0.640014738394","0.8","0.748874446897"
"FR-UNet","AFIO","IM001686","0.693079939986","0.64776965391","0.8","0.722836839193"
"FSG-Net","AFIO","IM001686","0.72073406277","0.680593505937","0.8","0.773637489804"
"GAVE","AFIO","IM001686","0.664330005309","0.629130797272","0.8","0.689737710158"
"SA-UNetv2","AFIO","IM001686","0.725826447326","0.695267103939","0.8","0.777966258635"
"DCP-1024","AFIO","IM001749","0.650073981507","0.559546858847","0.35","0.694813356087"
"FR-UNet","AFIO","IM001749","0.670948923982","0.604865378284","0.36","0.681565992568"
"FSG-Net","AFIO","IM001749","0.707607136363","0.637800965654","0.4","0.750588445073"
"GAVE","AFIO","IM001749","0.673673681684","0.611084577317","0.48","0.669741378439"
"SA-UNetv2","AFIO","IM001749","0.71752625347","0.663408442858","0.4","0.75066353637"
"DCP-1024","AFIO","IM001750","0.6128982304","0.519416062574","0.3","0.634767199569"
"FR-UNet","AFIO","IM001750","0.625130206034","0.551445738474","0.5","0.62509243734"
"FSG-Net","AFIO","IM001750","0.686460528415","0.625351815367","0.58","0.707953847373"
"GAVE","AFIO","IM001750","0.61842482883","0.534431201372","0.34","0.61281963016"
"SA-UNetv2","AFIO","IM001750","0.679023727085","0.613874315387","0.52","0.699087221237"
"DCP-1024","AFIO","IM001791","0.65368152791","0.557464126878","0.676923076923","0.723929904329"
"FR-UNet","AFIO","IM001791","0.694535454653","0.624235265712","0.707692307692","0.723095882993"
"FSG-Net","AFIO","IM001791","0.724478477596","0.658894566174","0.784615384615","0.777910919835"
"GAVE","AFIO","IM001791","0.684735589921","0.618214215973","0.661538461538","0.707698902684"
"SA-UNetv2","AFIO","IM001791","0.735425300274","0.675081884768","0.769230769231","0.780645219992"
"DCP-1024","AFIO","IM001792","0.642396055083","0.551541787741","0.139393939394","0.663532702028"
"FR-UNet","AFIO","IM001792","0.662856265023","0.601066880808","0.193939393939","0.654288964236"
"FSG-Net","AFIO","IM001792","0.71832465374","0.659374994914","0.218181818182","0.748082785627"
"GAVE","AFIO","IM001792","0.697024310145","0.638198006151","0.193939393939","0.692548636774"
"SA-UNetv2","AFIO","IM001792","0.718716465111","0.664675868841","0.175757575758","0.749061981974"
"DCP-1024","AFIO","IM001814","0.675671205119","0.596619124821","0.368499257058","0.722907446567"
"FR-UNet","AFIO","IM001814","0.667416777366","0.60542104752","0.337295690936","0.689480332186"
"FSG-Net","AFIO","IM001814","0.728301143272","0.673726831888","0.500742942051","0.771241999134"
"GAVE","AFIO","IM001814","0.693549837858","0.647660056056","0.392273402675","0.702652264827"
"SA-UNetv2","AFIO","IM001814","0.727070995529","0.683715606427","0.546805349183","0.770406682479"
"DCP-1024","AFIO","IM001858","0.675820964727","0.5869127894","0.165622825331","0.721491546203"
"FR-UNet","AFIO","IM001858","0.681717538069","0.61721805436","0.198329853862","0.689913237219"
"FSG-Net","AFIO","IM001858","0.739227327333","0.686237114568","0.386221294363","0.792423489971"
"GAVE","AFIO","IM001858","0.684407171465","0.623872902619","0.216423103688","0.691916292214"
"SA-UNetv2","AFIO","IM001858","0.745511111873","0.698859765268","0.364648573417","0.788860780301"
"DCP-1024","AFIO","IM001859","0.679639600573","0.600469537529","0.325301204819","0.736465047428"
"FR-UNet","AFIO","IM001859","0.684524998431","0.62602162345","0.385542168675","0.703642712227"
"FSG-Net","AFIO","IM001859","0.728710866263","0.68649573421","0.578313253012","0.784523995827"
"GAVE","AFIO","IM001859","0.66234547355","0.596934962687","0.331325301205","0.682380455609"
"SA-UNetv2","AFIO","IM001859","0.731189997767","0.699069330601","0.481927710843","0.776066715933"
"DCP-1024","AFIO","IM002094","0.565323959106","0.4885424273","0.5","0.563152392087"
"FR-UNet","AFIO","IM002094","0.584026253184","0.522214713503","0.857142857143","0.581975125635"
"FSG-Net","AFIO","IM002094","0.62175758878","0.567407631787","0.642857142857","0.629972077167"
"GAVE","AFIO","IM002094","0.518340546678","0.442005231429","0.142857142857","0.511128280759"
"SA-UNetv2","AFIO","IM002094","0.643590734105","0.627604464351","0.857142857143","0.641244195821"
"DCP-1024","AFIO","IM002348","0.666850719368","0.580718501812","0.5","0.71407242491"
"FR-UNet","AFIO","IM002348","0.686769683591","0.621666267018","0.4375","0.716834912373"
"FSG-Net","AFIO","IM002348","0.724234601559","0.662502869048","0.5625","0.767770037669"
"GAVE","AFIO","IM002348","0.670985134257","0.611912817855","0.25","0.713290250619"
"SA-UNetv2","AFIO","IM002348","0.724553667199","0.667882441863","0.375","0.757551745542"
"DCP-1024","AFIO","IM002350","0.700455148872","0.621513609019","0.102272727273","0.742932863953"
"FR-UNet","AFIO","IM002350","0.711352126563","0.654278341591","0.136363636364","0.732818269802"
"FSG-Net","AFIO","IM002350","0.751509314187","0.701472775716","0.272727272727","0.789292345818"
"GAVE","AFIO","IM002350","0.709825149364","0.661747265348","0.204545454545","0.73038962885"
"SA-UNetv2","AFIO","IM002350","0.738106231504","0.687057521399","0.170454545455","0.778122190317"
"DCP-1024","AFIO","IM002421","0.649474813827","0.560456177429","0.511111111111","0.690821842061"
"FR-UNet","AFIO","IM002421","0.67459979069","0.611333055448","0.555555555556","0.692581642628"
"FSG-Net","AFIO","IM002421","0.712259506868","0.64617640864","0.6","0.757941587448"
"GAVE","AFIO","IM002421","0.703637207735","0.656935594489","0.555555555556","0.723200423918"
"SA-UNetv2","AFIO","IM002421","0.70979125773","0.651471123819","0.577777777778","0.751408741814"
"DCP-1024","AFIO","IM002422","0.659921811455","0.571037546679","0.65306122449","0.700709881781"
"FR-UNet","AFIO","IM002422","0.691328795502","0.62926365695","0.69387755102","0.714258398415"
"FSG-Net","AFIO","IM002422","0.71031600198","0.642466370257","0.714285714286","0.752702535434"
"GAVE","AFIO","IM002422","0.710543245979","0.678095342774","0.65306122449","0.711783636636"
"SA-UNetv2","AFIO","IM002422","0.721420340976","0.669684332586","0.734693877551","0.76339639065"
"DCP-1024","AFIO","IM002471","0.637559629716","0.55118917685","0.4","0.703570930603"
"FR-UNet","AFIO","IM002471","0.646625779028","0.573809553118","0.5","0.697680571058"
"FSG-Net","AFIO","IM002471","0.676401523374","0.60186786579","0.4","0.737697748444"
"GAVE","AFIO","IM002471","0.660183868828","0.602728441659","0.6","0.686097893319"
"SA-UNetv2","AFIO","IM002471","0.7085960326","0.653849726015","0.8","0.766083630488"
"DCP-1024","AFIO","IM002587","0.673628107421","0.580865866463","0.277108433735","0.730372876046"
"FR-UNet","AFIO","IM002587","0.695624271009","0.635821734904","0.349397590361","0.712315072988"
"FSG-Net","AFIO","IM002587","0.736736006645","0.675787681798","0.421686746988","0.795563142435"
"GAVE","AFIO","IM002587","0.711517095414","0.655743933222","0.349397590361","0.731182104222"
"SA-UNetv2","AFIO","IM002587","0.737471937337","0.686767693699","0.457831325301","0.783064361415"
"DCP-1024","AFIO","IM002649","0.573522422384","0.471756171874","0.666666666667","0.620641597133"
"FR-UNet","AFIO","IM002649","0.622036737359","0.538437719639","0.782051282051","0.645802679015"
"FSG-Net","AFIO","IM002649","0.63962335573","0.553664198801","0.730769230769","0.681130428323"
"GAVE","AFIO","IM002649","0.612502177219","0.531967435638","0.576923076923","0.631453756321"
"SA-UNetv2","AFIO","IM002649","0.677664883817","0.60842269586","0.794871794872","0.712479238225"
"DCP-1024","AFIO","IM002742","0.521109354396","0.432200847017","0.5","0.537285996545"
"FR-UNet","AFIO","IM002742","0.587847995059","0.544320379131","0.666666666667","0.575802404966"
"FSG-Net","AFIO","IM002742","0.611415587746","0.557883303986","0.666666666667","0.624000764972"
"GAVE","AFIO","IM002742","0.55476975006","0.469521568201","0.666666666667","0.553257970062"
"SA-UNetv2","AFIO","IM002742","0.581734141698","0.514394768439","0.666666666667","0.593445996546"
"DCP-1024","AFIO","IM002743","0.538813194693","0.445204609805","0.583333333333","0.574844710612"
"FR-UNet","AFIO","IM002743","0.588556363531","0.519348248013","0.75","0.608417279641"
"FSG-Net","AFIO","IM002743","0.6206368473","0.555238694487","0.583333333333","0.653350865787"
"GAVE","AFIO","IM002743","0.552395778429","0.469881301925","0.5","0.580158883405"
"SA-UNetv2","AFIO","IM002743","0.605677236633","0.531053816491","0.708333333333","0.642693800212"
"DCP-1024","AFIO","IM003024","0.658695652174","0.574730812274","0.434782608696","0.701201548667"
"FR-UNet","AFIO","IM003024","0.668800617484","0.607330307041","0.434782608696","0.688538082047"
"FSG-Net","AFIO","IM003024","0.710686591007","0.654809726779","0.478260869565","0.749035983942"
"GAVE","AFIO","IM003024","0.683456318356","0.633794211629","0.521739130435","0.68863320078"
"SA-UNetv2","AFIO","IM003024","0.712189603977","0.664399171201","0.434782608696","0.74844640103"
"DCP-1024","AFIO","IM003537","0.63955422757","0.53987358685","0.717948717949","0.71810822444"
"FR-UNet","AFIO","IM003537","0.665849050096","0.581650103317","0.74358974359","0.71247864224"
"FSG-Net","AFIO","IM003537","0.670190794842","0.578417326305","0.615384615385","0.747242421255"
"GAVE","AFIO","IM003537","0.679716725206","0.621520706042","0.666666666667","0.696357798222"
"SA-UNetv2","AFIO","IM003537","0.71392815725","0.641355836538","0.769230769231","0.781338807731"
"DCP-1024","AFIO","IM003630","0.644524700116","0.554657703937","0.305555555556","0.68253487574"
"FR-UNet","AFIO","IM003630","0.664918179601","0.599775251075","0.305555555556","0.675337195997"
"FSG-Net","AFIO","IM003630","0.704346560119","0.630702533268","0.222222222222","0.751248190259"
"GAVE","AFIO","IM003630","0.680488071617","0.623007330592","0.444444444444","0.685083963015"
"SA-UNetv2","AFIO","IM003630","0.714902707472","0.658338714713","0.361111111111","0.754945365472"
"DCP-1024","AFIO","IM003631","0.609260368319","0.513299201685","0.283018867925","0.653286643922"
"FR-UNet","AFIO","IM003631","0.630084788644","0.552678949107","0.339622641509","0.637345970165"
"FSG-Net","AFIO","IM003631","0.668306077406","0.591027085347","0.283018867925","0.705760143786"
"GAVE","AFIO","IM003631","0.623021588884","0.556822106026","0.283018867925","0.616329938402"
"SA-UNetv2","AFIO","IM003631","0.682948661106","0.618888927635","0.339622641509","0.711545650267"
"DCP-1024","AFIO","IM003705","0.539298926987","0.463882582731","0.722222222222","0.552066500374"
"FR-UNet","AFIO","IM003705","0.506424401656","0.424110122771","0.75","0.510094205112"
"FSG-Net","AFIO","IM003705","0.608496500113","0.556132075472","0.833333333333","0.636748530051"
"GAVE","AFIO","IM003705","0.486238732985","0.410223886111","0.805555555556","0.506189121225"
"SA-UNetv2","AFIO","IM003705","0.627021285687","0.593314911255","0.777777777778","0.6485613204"
"DCP-1024","AFIO","IM004162","0.622756655314","0.538269290847","0.571428571429","0.668623610823"
"FR-UNet","AFIO","IM004162","0.652705750213","0.584485283949","0.5","0.689343484877"
"FSG-Net","AFIO","IM004162","0.619469615255","0.526661937396","0.357142857143","0.680078496467"
"GAVE","AFIO","IM004162","0.577221902956","0.506694651746","0.428571428571","0.574041767961"
"SA-UNetv2","AFIO","IM004162","0.707229658072","0.651967929466","0.785714285714","0.770009983312"
"DCP-1024","AFIO","IM004163","0.646977239143","0.568701511726","0.673913043478","0.674364859528"
"FR-UNet","AFIO","IM004163","0.663078922551","0.610440254398","0.695652173913","0.672877354511"
"FSG-Net","AFIO","IM004163","0.68488508371","0.629254201226","0.608695652174","0.708194448468"
"GAVE","AFIO","IM004163","0.642452597882","0.573461040697","0.5","0.646113991225"
"SA-UNetv2","AFIO","IM004163","0.690729637487","0.64280146824","0.673913043478","0.716845729654"
"DCP-1024","AFIO","IM004455","0.597147275782","0.494545997357","0.6","0.674988040629"
"FR-UNet","AFIO","IM004455","0.651786942456","0.572004950318","0.9","0.700464456262"
"FSG-Net","AFIO","IM004455","0.676359899037","0.597878366823","0.65","0.738403583492"
"GAVE","AFIO","IM004455","0.623358056486","0.548800082839","0.95","0.658162440856"
"SA-UNetv2","AFIO","IM004455","0.68804890354","0.619325677039","0.9","0.749189668376"
"DCP-1024","AFIO","IM004512","0.606159895151","0.51231084499","0.35","0.652766365521"
"FR-UNet","AFIO","IM004512","0.645777578306","0.579073307815","0.35","0.672244034365"
"FSG-Net","AFIO","IM004512","0.680168627753","0.612560493744","0.25","0.719964693413"
"GAVE","AFIO","IM004512","0.608614168784","0.539253639672","0.4","0.612248631542"
"SA-UNetv2","AFIO","IM004512","0.678834195917","0.620678200638","0.4","0.71450721993"
"DCP-1024","AFIO","IM004513","0.641135721164","0.555578287255","0.457142857143","0.705519362524"
"FR-UNet","AFIO","IM004513","0.688805730545","0.642657190964","0.457142857143","0.730905784068"
"FSG-Net","AFIO","IM004513","0.712117339852","0.662892618574","0.514285714286","0.765400884219"
"GAVE","AFIO","IM004513","0.647692862499","0.591669873833","0.457142857143","0.676368583847"
"SA-UNetv2","AFIO","IM004513","0.713776031089","0.669501735021","0.457142857143","0.769437632065"
"DCP-1024","AFIO","IM004515","0.662666930315","0.569001388111","0.318181818182","0.74929177812"
"FR-UNet","AFIO","IM004515","0.682566894792","0.606838023704","0.363636363636","0.732067258974"
"FSG-Net","AFIO","IM004515","0.718201695432","0.646827721903","0.363636363636","0.789935513306"
"GAVE","AFIO","IM004515","0.68215399259","0.617244598989","0.5","0.738081641116"
"SA-UNetv2","AFIO","IM004515","0.71968972574","0.649307509598","0.272727272727","0.796748506852"
"DCP-1024","AFIO","IM004516","0.651398372463","0.555980456338","0.117647058824","0.717841384315"
"FR-UNet","AFIO","IM004516","0.685488386008","0.620282927659","0.117647058824","0.71660303137"
"FSG-Net","AFIO","IM004516","0.722345929113","0.662356882094","0.117647058824","0.78570116046"
"GAVE","AFIO","IM004516","0.695008813817","0.64191544266","0.0588235294118","0.712745571024"
"SA-UNetv2","AFIO","IM004516","0.721240377318","0.662887034164","0.235294117647","0.779425390441"
"DCP-1024","AFIO","IM004538","0.610486247544","0.514626880503","0.48275862069","0.67697237945"
"FR-UNet","AFIO","IM004538","0.66163825447","0.595084786434","0.51724137931","0.693166095468"
"FSG-Net","AFIO","IM004538","0.695672184137","0.64095812871","0.586206896552","0.742295652992"
"GAVE","AFIO","IM004538","0.635924629444","0.557940914721","0.551724137931","0.667620901186"
"SA-UNetv2","AFIO","IM004538","0.690083658065","0.628506871781","0.724137931034","0.739732658229"
"DCP-1024","AFIO","IM004539","0.611073057885","0.513833949141","0.642857142857","0.696344191746"
"FR-UNet","AFIO","IM004539","0.685809732294","0.62557980872","0.642857142857","0.746047545638"
"FSG-Net","AFIO","IM004539","0.712104161509","0.65496718902","0.642857142857","0.785298900005"
"GAVE","AFIO","IM004539","0.614265098714","0.534130301522","0.571428571429","0.675652025308"
"SA-UNetv2","AFIO","IM004539","0.702151768342","0.638916777411","0.642857142857","0.771269489192"
"DCP-1024","AFIO","IM004564","0.678802534922","0.590802939472","0.444444444444","0.787939810382"
"FR-UNet","AFIO","IM004564","0.730342152366","0.682173898903","0.888888888889","0.798111256051"
"FSG-Net","AFIO","IM004564","0.736515431538","0.695872386555","0.814814814815","0.811946032552"
"GAVE","AFIO","IM004564","0.689798251129","0.624545926847","0.407407407407","0.760062069607"
"SA-UNetv2","AFIO","IM004564","0.747737341858","0.699848141561","0.62962962963","0.826881352363"
"DCP-1024","AFIO","IM004790","0.628323696116","0.556247544284","0.647058823529","0.659598786152"
"FR-UNet","AFIO","IM004790","0.647119764688","0.608145396761","0.647058823529","0.664409385477"
"FSG-Net","AFIO","IM004790","0.672114269721","0.647805067911","0.647058823529","0.701744687729"
"GAVE","AFIO","IM004790","0.59519456926","0.528376367048","0.647058823529","0.640854297535"
"SA-UNetv2","AFIO","IM004790","0.626584743447","0.548912888494","0.647058823529","0.665685965809"
"DCP-1024","AFIO","IM004993","0.640174203032","0.549351964816","0.74358974359","0.722055162103"
"FR-UNet","AFIO","IM004993","0.649584625117","0.575114654481","0.820512820513","0.703581021701"
"FSG-Net","AFIO","IM004993","0.696972465887","0.628861163021","0.820512820513","0.763106397154"
"GAVE","AFIO","IM004993","0.630621174228","0.549682105479","0.153846153846","0.691442713239"
"SA-UNetv2","AFIO","IM004993","0.707273731838","0.646191123263","0.897435897436","0.771548210091"
"DCP-1024","AFIO","IM005024","0.599719800602","0.497196209751","0.609756097561","0.696342629424"
"FR-UNet","AFIO","IM005024","0.660642383039","0.582501195886","0.731707317073","0.719034011683"
"FSG-Net","AFIO","IM005024","0.685450589348","0.604101406261","0.609756097561","0.771781721134"
"GAVE","AFIO","IM005024","0.644132669227","0.569150484893","0.536585365854","0.694974970889"
"SA-UNetv2","AFIO","IM005024","0.693849251101","0.617597896628","0.585365853659","0.770623357709"
"DCP-1024","AFIO","IM005025","0.615873886513","0.515642276538","0.625","0.723373431507"
"FR-UNet","AFIO","IM005025","0.678173329166","0.609196693056","0.75","0.749427019297"
"FSG-Net","AFIO","IM005025","0.690514847871","0.614600951894","0.833333333333","0.774312505606"
"GAVE","AFIO","IM005025","0.637063669836","0.566787491468","0.375","0.688877095776"
"SA-UNetv2","AFIO","IM005025","0.709314792553","0.645367261032","0.75","0.797120772439"
"DCP-1024","AFIO","IM005060","0.656530872275","0.566257133904","0.625","0.74351167488"
"FR-UNet","AFIO","IM005060","0.683908045977","0.618869065443","0.75","0.737891987015"
"FSG-Net","AFIO","IM005060","0.708885177819","0.642596805008","0.625","0.773331720308"
"GAVE","AFIO","IM005060","0.657438210999","0.589230314992","0.6875","0.691355504737"
"SA-UNetv2","AFIO","IM005060","0.719202248068","0.660691518579","0.625","0.784832684244"
"DCP-1024","AFIO","IM005092","0.639982423732","0.538479066567","0.619047619048","0.760041806862"
"FR-UNet","AFIO","IM005092","0.694868862678","0.617110861145","0.761904761905","0.778842660978"
"FSG-Net","AFIO","IM005092","0.720541838415","0.643021374809","0.714285714286","0.828084012037"
"GAVE","AFIO","IM005092","0.678808930546","0.603132037628","0.380952380952","0.736484518685"
"SA-UNetv2","AFIO","IM005092","0.73233586709","0.662728059024","0.952380952381","0.830515804772"
"DCP-1024","AFIO","IM005093","0.626642462353","0.528162543794","0.857142857143","0.723474056969"
"FR-UNet","AFIO","IM005093","0.671234982942","0.596374376961","0.857142857143","0.732958574996"
"FSG-Net","AFIO","IM005093","0.710363314703","0.632351444213","0.857142857143","0.802887734985"
"GAVE","AFIO","IM005093","0.656481365813","0.582495359368","0.857142857143","0.718899029265"
"SA-UNetv2","AFIO","IM005093","0.721320633502","0.657731385599","0.857142857143","0.796029040089"
"DCP-1024","AFIO","IM005132","0.645970960639","0.544614625939","0.823529411765","0.758594364307"
"FR-UNet","AFIO","IM005132","0.684844311713","0.605135961921","0.901960784314","0.755381802314"
"FSG-Net","AFIO","IM005132","0.69902583651","0.614638797026","0.921568627451","0.782624952665"
"GAVE","AFIO","IM005132","0.689742787747","0.6237524741","0.921568627451","0.727643173887"
"SA-UNetv2","AFIO","IM005132","0.729125666613","0.659655017358","0.901960784314","0.808345756151"
"DCP-1024","AFIO","IM005133","0.614116207544","0.512029170374","0.5","0.717501869278"
"FR-UNet","AFIO","IM005133","0.658731443995","0.577535732154","0.642857142857","0.726081107445"
"FSG-Net","AFIO","IM005133","0.684044847083","0.600963324252","0.714285714286","0.777257981481"
"GAVE","AFIO","IM005133","0.654447281789","0.574746961648","0.642857142857","0.71730803615"
"SA-UNetv2","AFIO","IM005133","0.719203405559","0.649509934339","0.785714285714","0.806568473536"
"DCP-1024","AFIO","IM005190","0.548116075448","0.443669433886","0.25","0.630185098065"
"FR-UNet","AFIO","IM005190","0.629306426279","0.550425996577","0.25","0.667508855126"
"FSG-Net","AFIO","IM005190","0.64916362919","0.569204448784","0.25","0.713951281825"
"GAVE","AFIO","IM005190","0.604875291077","0.530111783775","0.375","0.617722844731"
"SA-UNetv2","AFIO","IM005190","0.677906789091","0.615483799324","0.4375","0.73286636085"
"DCP-1024","AFIO","IM005191","0.613049921274","0.509475845868","0.5","0.721164722787"
"FR-UNet","AFIO","IM005191","0.657053072328","0.576551808772","0.6","0.719617310755"
"FSG-Net","AFIO","IM005191","0.68843663752","0.600879819533","0.5","0.779753244935"
"GAVE","AFIO","IM005191","0.655397179039","0.586044017733","0.5","0.70788996226"
"SA-UNetv2","AFIO","IM005191","0.716366163718","0.650687897958","0.65","0.796457633552"
"DCP-1024","AFIO","IM005249","0.638559228189","0.556318991612","0.869565217391","0.698666150954"
"FR-UNet","AFIO","IM005249","0.663634307542","0.605614732895","0.782608695652","0.701072929669"
"FSG-Net","AFIO","IM005249","0.683538718846","0.615662296518","0.826086956522","0.751217524135"
"GAVE","AFIO","IM005249","0.626353808799","0.570770177098","0.826086956522","0.676821789171"
"SA-UNetv2","AFIO","IM005249","0.708981466661","0.661678164666","0.869565217391","0.764981403338"
"DCP-1024","AFIO","IM005283","0.633469834033","0.533528745378","0","0.734615894072"
"FR-UNet","AFIO","IM005283","0.651044627102","0.563905589909","0.416666666667","0.716194520909"
"FSG-Net","AFIO","IM005283","0.692043895748","0.608473562797","0.166666666667","0.784431568124"
"GAVE","AFIO","IM005283","0.636052418641","0.562422628997","0.583333333333","0.678520780478"
"SA-UNetv2","AFIO","IM005283","0.713593637696","0.641445601976","0.333333333333","0.800807017752"
"DCP-1024","AFIO","IM005320","0.628061400483","0.554624792482","0.571428571429","0.655079035599"
"FR-UNet","AFIO","IM005320","0.634888024591","0.595595742865","0.714285714286","0.659191027971"
"FSG-Net","AFIO","IM005320","0.667360001224","0.635904446012","0.571428571429","0.699793500466"
"GAVE","AFIO","IM005320","0.552260997206","0.458574484147","0.5","0.579152885351"
"SA-UNetv2","AFIO","IM005320","0.655847632856","0.596420309485","0.714285714286","0.682206449329"
"DCP-1024","AFIO","IM005321","0.677399873097","0.605944976011","0.5","0.751189015595"
"FR-UNet","AFIO","IM005321","0.646928897675","0.621927978043","0.5","0.712083939917"
"FSG-Net","AFIO","IM005321","0.682890883566","0.685244112638","0.5","0.758896285193"
"GAVE","AFIO","IM005321","0.568349783054","0.495819641446","0.375","0.672497283865"
"SA-UNetv2","AFIO","IM005321","0.69129086137","0.664561607709","0.5","0.764052104715"
"DCP-1024","AFIO","IM005357","0.627794810203","0.538144924269","0.541666666667","0.706927547636"
"FR-UNet","AFIO","IM005357","0.666990747492","0.632203327354","0.791666666667","0.720825836524"
"FSG-Net","AFIO","IM005357","0.707734878012","0.672208666627","0.833333333333","0.780295037321"
"GAVE","AFIO","IM005357","0.610843031507","0.524352843331","0.75","0.650500296146"
"SA-UNetv2","AFIO","IM005357","0.696608104264","0.662833980967","0.833333333333","0.749298846915"
"DCP-1024","AFIO","IM005387","0.669985803691","0.589249036324","0.566666666667","0.734909392912"
"FR-UNet","AFIO","IM005387","0.65948685154","0.591835705441","0.6","0.707012797739"
"FSG-Net","AFIO","IM005387","0.71885779446","0.653189402391","0.7","0.798944363384"
"GAVE","AFIO","IM005387","0.64714591059","0.587311270134","0.8","0.684719734693"
"SA-UNetv2","AFIO","IM005387","0.718923147122","0.661689333502","0.766666666667","0.788425812449"
"DCP-1024","AFIO","IM005456","0.660642545909","0.589067336205","0.5","0.70913586193"
"FR-UNet","AFIO","IM005456","0.645748542841","0.583651068126","0.5","0.674130718804"
"FSG-Net","AFIO","IM005456","0.705014258419","0.651480029098","0.571428571429","0.758193566621"
"GAVE","AFIO","IM005456","0.646426341186","0.60135874502","0.642857142857","0.676934718554"
"SA-UNetv2","AFIO","IM005456","0.694566780001","0.644163210023","0.5","0.750128848986"
"DCP-1024","AFIO","IM005457","0.662123220743","0.577553670623","1","0.731594430793"
"FR-UNet","AFIO","IM005457","0.646124325604","0.563239539729","0.941176470588","0.699397384968"
"FSG-Net","AFIO","IM005457","0.710218281672","0.646995724077","1","0.783738228348"
"GAVE","AFIO","IM005457","0.664987174789","0.611955429007","0.588235294118","0.687972706188"
"SA-UNetv2","AFIO","IM005457","0.70816025188","0.650257241376","1","0.773756650295"
"DCP-1024","AFIO","IM005488","0.627632904961","0.527471819826","0.0833333333333","0.686727655355"
"FR-UNet","AFIO","IM005488","0.674726070469","0.600875936588","0.361111111111","0.704870640992"
"FSG-Net","AFIO","IM005488","0.714160354009","0.642626522222","0.333333333333","0.775661636291"
"GAVE","AFIO","IM005488","0.681450932333","0.621782682058","0.277777777778","0.70278400076"
"SA-UNetv2","AFIO","IM005488","0.711670743885","0.644556544613","0.388888888889","0.761883429073"
"DCP-1024","AFIO","IM005489","0.599639084507","0.492997908419","0.666666666667","0.724881291809"
"FR-UNet","AFIO","IM005489","0.655537582052","0.567221557832","0.797101449275","0.730466269916"
"FSG-Net","AFIO","IM005489","0.684763904393","0.596784798105","0.768115942029","0.788808792344"
"GAVE","AFIO","IM005489","0.661823326723","0.582029185692","0.666666666667","0.742004133302"
"SA-UNetv2","AFIO","IM005489","0.698196036753","0.614885895014","0.782608695652","0.797822347913"
"DCP-1024","AFIO","IM005523","0.648747104954","0.556395773784","0.518518518519","0.730417872968"
"FR-UNet","AFIO","IM005523","0.674106886546","0.606574575975","0.518518518519","0.728719432322"
"FSG-Net","AFIO","IM005523","0.71434478819","0.657393807004","0.518518518519","0.790456192433"
"GAVE","AFIO","IM005523","0.683805699685","0.621684279395","0.407407407407","0.724941132541"
"SA-UNetv2","AFIO","IM005523","0.715905928194","0.650569461679","0.444444444444","0.789355548574"
"DCP-1024","AFIO","IM005524","0.582851289467","0.476147279299","0.396226415094","0.700635691012"
"FR-UNet","AFIO","IM005524","0.622947015496","0.534223958212","0.481132075472","0.698547769694"
"FSG-Net","AFIO","IM005524","0.675533960768","0.586662213012","0.481132075472","0.778442874305"
"GAVE","AFIO","IM005524","0.638876977413","0.557277668361","0.490566037736","0.699953673551"
"SA-UNetv2","AFIO","IM005524","0.685038612638","0.602626679755","0.443396226415","0.779252474898"
"DCP-1024","AFIO","IM005558","0.652024218366","0.556070304855","1","0.745337481911"
"FR-UNet","AFIO","IM005558","0.682474579864","0.607385755049","0.8","0.741375013521"
"FSG-Net","AFIO","IM005558","0.712825683633","0.638814511092","0.8","0.794138168164"
"GAVE","AFIO","IM005558","0.689581145906","0.631033699421","0.7","0.716374145384"
"SA-UNetv2","AFIO","IM005558","0.725609225241","0.658221595527","1","0.806538151006"
"DCP-1024","AFIO","IM005713","0.645364318567","0.549259961822","0.428571428571","0.729123831693"
"FR-UNet","AFIO","IM005713","0.659497195097","0.582762839597","0.428571428571","0.707406656376"
"FSG-Net","AFIO","IM005713","0.698028863515","0.617270084567","0.428571428571","0.773223047967"
"GAVE","AFIO","IM005713","0.685954811554","0.618028220586","0.428571428571","0.723630479035"
"SA-UNetv2","AFIO","IM005713","0.717191312589","0.646033208455","0.428571428571","0.790438295447"
"DCP-1024","AFIO","IM005806","0.586857180405","0.482965159494","0.4375","0.68030317506"
"FR-UNet","AFIO","IM005806","0.648224839308","0.570712911637","0.3125","0.701899245395"
"FSG-Net","AFIO","IM005806","0.689007380568","0.62505486214","0.5625","0.763028879955"
"GAVE","AFIO","IM005806","0.608184487607","0.518915286703","0.25","0.657244655034"
"SA-UNetv2","AFIO","IM005806","0.687521222854","0.617798933454","0.5625","0.753616370082"
"DCP-1024","AFIO","IM005833","0.588766905617","0.487721150912","0.45","0.670289357145"
"FR-UNet","AFIO","IM005833","0.61728165767","0.550182309698","0.8","0.655997143797"
"FSG-Net","AFIO","IM005833","0.655013543677","0.590002604457","0.5","0.726509716694"
"GAVE","AFIO","IM005833","0.649321001396","0.577808866138","0.45","0.691514687412"
"SA-UNetv2","AFIO","IM005833","0.662627479601","0.607645749851","0.65","0.727851619549"
"DCP-1024","AFIO","IM005834","0.640404850028","0.535807504829","0.565217391304","0.76874706663"
"FR-UNet","AFIO","IM005834","0.686810964076","0.603726437459","0.739130434783","0.769119633145"
"FSG-Net","AFIO","IM005834","0.716796839672","0.63311435181","0.652173913043","0.82557270232"
"GAVE","AFIO","IM005834","0.684237165842","0.607381754776","0.782608695652","0.753229916123"
"SA-UNetv2","AFIO","IM005834","0.735088971977","0.66111508998","0.95652173913","0.826456190792"
"DCP-1024","AFIO","IM006037","0.692929531498","0.617056750674","0.916666666667","0.759739444085"
"FR-UNet","AFIO","IM006037","0.698362610367","0.639416588712","0.958333333333","0.740921209122"
"FSG-Net","AFIO","IM006037","0.738304817031","0.687936405029","0.916666666667","0.805191864501"
"GAVE","AFIO","IM006037","0.677577495288","0.630232354296","0.791666666667","0.714225103346"
"SA-UNetv2","AFIO","IM006037","0.731738160672","0.683514799086","1","0.789773418049"
"DCP-1024","AFIO","IM006105","0.591316293559","0.487827848376","0.25","0.700976523564"
"FR-UNet","AFIO","IM006105","0.64713528381","0.56526813753","0.333333333333","0.714346091173"
"FSG-Net","AFIO","IM006105","0.672930696407","0.587798553211","0.333333333333","0.768389942023"
"GAVE","AFIO","IM006105","0.609002437549","0.520838068249","0.25","0.67530626147"
"SA-UNetv2","AFIO","IM006105","0.67754734307","0.601069462825","0.166666666667","0.768360706588"
"DCP-1024","AFIO","IM006106","0.621597900672","0.519777722096","0.448275862069","0.691132326277"
"FR-UNet","AFIO","IM006106","0.673893266809","0.59850445704","0.448275862069","0.725978132988"
"FSG-Net","AFIO","IM006106","0.706083143252","0.629847640964","0.586206896552","0.770797885387"
"GAVE","AFIO","IM006106","0.666834276816","0.591117776381","0.413793103448","0.712041619966"
"SA-UNetv2","AFIO","IM006106","0.71386030234","0.646348013652","0.48275862069","0.777308588547"
"DCP-1024","CHASEDB1","Image_01L","0.845750490008","0.8625685269","0.538441145281","0.848824108818"
"FR-UNet","CHASEDB1","Image_01L","0.805366184832","0.832327171628","0.475344644751","0.805237460007"
"FSG-Net","CHASEDB1","Image_01L","0.846537754617","0.888740814403","0.572640509014","0.855828956684"
"GAVE","CHASEDB1","Image_01L","0.805829422057","0.841802467775","0.406415694592","0.771933492912"
"SA-UNetv2","CHASEDB1","Image_01L","0.837082886683","0.876451846488","0.676829268293","0.86720161637"
"DCP-1024","CHASEDB1","Image_01R","0.845846590361","0.844207082371","0.417468541821","0.859922882045"
"FR-UNet","CHASEDB1","Image_01R","0.80869971294","0.808493167238","0.333826794967","0.809762175728"
"FSG-Net","CHASEDB1","Image_01R","0.834566703061","0.843772486426","0.492968171725","0.857562270878"
"GAVE","CHASEDB1","Image_01R","0.795193065937","0.803948397718","0.350481125093","0.789044033086"
"SA-UNetv2","CHASEDB1","Image_01R","0.832966585435","0.855084112603","0.504811250925","0.837065339174"
"DCP-1024","CHASEDB1","Image_02L","0.827597636455","0.831550713091","0.473214285714","0.81747698429"
"FR-UNet","CHASEDB1","Image_02L","0.754881886158","0.746736522219","0.37188538206","0.730992794336"
"FSG-Net","CHASEDB1","Image_02L","0.77333385769","0.764102603956","0.458264119601","0.762335445719"
"GAVE","CHASEDB1","Image_02L","0.762859948681","0.769278932775","0.262043189369","0.696765822754"
"SA-UNetv2","CHASEDB1","Image_02L","0.811323756149","0.835252353214","0.582433554817","0.820143757818"
"DCP-1024","CHASEDB1","Image_02R","0.803501568734","0.819765419999","0.448201127005","0.816784465818"
"FR-UNet","CHASEDB1","Image_02R","0.767770410791","0.778758229579","0.343086259211","0.757304573762"
"FSG-Net","CHASEDB1","Image_02R","0.787130747496","0.805567969715","0.465539661899","0.7942834895"
"GAVE","CHASEDB1","Image_02R","0.754872393553","0.768037903683","0.259644560035","0.703879369419"
"SA-UNetv2","CHASEDB1","Image_02R","0.783518221139","0.822221533519","0.519072388383","0.802198322318"
"DCP-1024","CHASEDB1","Image_03L","0.825024387408","0.839342659071","0.514855280813","0.829283220547"
"FR-UNet","CHASEDB1","Image_03L","0.784527861025","0.806350565411","0.429940578877","0.766225442275"
"FSG-Net","CHASEDB1","Image_03L","0.799723594832","0.809238335981","0.581368602645","0.827532804468"
"GAVE","CHASEDB1","Image_03L","0.769048828073","0.766823182041","0.375503162737","0.722190998269"
"SA-UNetv2","CHASEDB1","Image_03L","0.822452194323","0.851139554881","0.607820586544","0.840757401876"
"DCP-1024","CHASEDB1","Image_03R","0.834233347521","0.853042860912","0.601337598139","0.866742119956"
"FR-UNet","CHASEDB1","Image_03R","0.786251216374","0.812606984141","0.521954056412","0.80553420546"
"FSG-Net","CHASEDB1","Image_03R","0.81345319964","0.844458021349","0.683338179703","0.86021194691"
"GAVE","CHASEDB1","Image_03R","0.794858565403","0.827560922547","0.528642047107","0.780906873769"
"SA-UNetv2","CHASEDB1","Image_03R","0.818433696453","0.846755482172","0.703983716197","0.872269649157"
"DCP-1024","CHASEDB1","Image_04L","0.839487807537","0.858043155133","0.576681180455","0.861618422243"
"FR-UNet","CHASEDB1","Image_04L","0.798583967307","0.820501769646","0.503144654088","0.81806582854"
"FSG-Net","CHASEDB1","Image_04L","0.816326272045","0.840345888982","0.595549104983","0.8435687624"
"GAVE","CHASEDB1","Image_04L","0.784730586623","0.804980924065","0.314949201742","0.770674853963"
"SA-UNetv2","CHASEDB1","Image_04L","0.834217827682","0.869086140404","0.704402515723","0.86393525609"
"DCP-1024","CHASEDB1","Image_04R","0.82592832225","0.833510593899","0.462753036437","0.831278847827"
"FR-UNet","CHASEDB1","Image_04R","0.775332356328","0.791488565933","0.416599190283","0.762351039404"
"FSG-Net","CHASEDB1","Image_04R","0.800443571383","0.83261267342","0.51983805668","0.808348111888"
"GAVE","CHASEDB1","Image_04R","0.750594349533","0.741517554784","0.293522267206","0.714712574408"
"SA-UNetv2","CHASEDB1","Image_04R","0.79385692218","0.820244513027","0.564372469636","0.806883637142"
"DCP-1024","CHASEDB1","Image_05L","0.837912940082","0.847315633601","0.645259938838","0.868592547611"
"FR-UNet","CHASEDB1","Image_05L","0.789384291449","0.805741979721","0.593951749915","0.801894110564"
"FSG-Net","CHASEDB1","Image_05L","0.804789968652","0.828533291336","0.72952769283","0.83907043512"
"GAVE","CHASEDB1","Image_05L","0.729777260848","0.702719770285","0.367652055725","0.710180906545"
"SA-UNetv2","CHASEDB1","Image_05L","0.819658114363","0.849720724933","0.779476724431","0.862457251079"
"DCP-1024","CHASEDB1","Image_05R","0.847730420819","0.847207011199","0.575708502024","0.867712356741"
"FR-UNet","CHASEDB1","Image_05R","0.801788445699","0.821073381385","0.488529014845","0.803109848761"
"FSG-Net","CHASEDB1","Image_05R","0.818946557192","0.834860300623","0.630769230769","0.84577780384"
"GAVE","CHASEDB1","Image_05R","0.772962140236","0.779563280921","0.265856950067","0.735285892731"
"SA-UNetv2","CHASEDB1","Image_05R","0.83692658931","0.856961418239","0.702294197031","0.869076362282"
"DCP-1024","CHASEDB1","Image_06L","0.824137232862","0.817150736974","0.493773349938","0.830377639497"
"FR-UNet","CHASEDB1","Image_06L","0.798766541415","0.804126508996","0.380448318804","0.793473873981"
"FSG-Net","CHASEDB1","Image_06L","0.808232891523","0.823285637369","0.544209215442","0.831875933592"
"GAVE","CHASEDB1","Image_06L","0.767381184516","0.768565330047","0.381382316314","0.755977218979"
"SA-UNetv2","CHASEDB1","Image_06L","0.789592087401","0.819529358719","0.572851805729","0.80162358136"
"DCP-1024","CHASEDB1","Image_06R","0.816244465897","0.838584002036","0.515607199818","0.818999710132"
"FR-UNet","CHASEDB1","Image_06R","0.768483533063","0.792344954629","0.42993848257","0.746293444617"
"FSG-Net","CHASEDB1","Image_06R","0.797341493107","0.824790548617","0.552973342447","0.798523169052"
"GAVE","CHASEDB1","Image_06R","0.781537431692","0.818942608865","0.36318067897","0.745540597155"
"SA-UNetv2","CHASEDB1","Image_06R","0.807237496391","0.847426574595","0.604693552062","0.822604632721"
"DCP-1024","CHASEDB1","Image_07L","0.823315257517","0.848318394179","0.527891813572","0.836707338846"
"FR-UNet","CHASEDB1","Image_07L","0.777204535079","0.809114961745","0.439507365371","0.771606361466"
"FSG-Net","CHASEDB1","Image_07L","0.808975605044","0.859572644748","0.541173629558","0.826761462719"
"GAVE","CHASEDB1","Image_07L","0.770265899766","0.795362871541","0.26563631973","0.728102773808"
"SA-UNetv2","CHASEDB1","Image_07L","0.812856967766","0.85624759539","0.610480560251","0.836535689411"
"DCP-1024","CHASEDB1","Image_07R","0.825177739004","0.850630872483","0.426274189152","0.8207417367"
"FR-UNet","CHASEDB1","Image_07R","0.778786315313","0.813148282641","0.373126192423","0.755501163757"
"FSG-Net","CHASEDB1","Image_07R","0.810668153517","0.860159497685","0.469065140365","0.814584943082"
"GAVE","CHASEDB1","Image_07R","0.779863000229","0.800707480503","0.294358135732","0.744696617665"
"SA-UNetv2","CHASEDB1","Image_07R","0.802963300373","0.841722572824","0.553011719815","0.810150810245"
"DCP-1024","CHASEDB1","Image_08L","0.793747152117","0.838150019867","0.49180899268","0.82918904377"
"FR-UNet","CHASEDB1","Image_08L","0.76230610981","0.819826247791","0.46706169397","0.796009440873"
"FSG-Net","CHASEDB1","Image_08L","0.749904014919","0.823793284207","0.57406761938","0.80833419837"
"GAVE","CHASEDB1","Image_08L","0.727762512796","0.807493887604","0.399093760892","0.743884190608"
"SA-UNetv2","CHASEDB1","Image_08L","0.771207890633","0.820602970092","0.560125479261","0.80740994345"
"DCP-1024","CHASEDB1","Image_08R","0.792513233619","0.839172305926","0.469703480877","0.808013351749"
"FR-UNet","CHASEDB1","Image_08R","0.757353518763","0.821273695948","0.506660936829","0.781077116287"
"FSG-Net","CHASEDB1","Image_08R","0.772478890691","0.849807940894","0.561237645037","0.812961487442"
"GAVE","CHASEDB1","Image_08R","0.744965889085","0.825104429136","0.351525569403","0.748002788548"
"SA-UNetv2","CHASEDB1","Image_08R","0.790570095235","0.845661760334","0.609368285346","0.824924604227"
"DCP-1024","CHASEDB1","Image_09L","0.789707302578","0.839473268578","0.599913681485","0.841781844113"
"FR-UNet","CHASEDB1","Image_09L","0.730858941133","0.778374051701","0.494605092792","0.765193060562"
"FSG-Net","CHASEDB1","Image_09L","0.782870260429","0.858278467538","0.674147604661","0.839542809541"
"GAVE","CHASEDB1","Image_09L","0.735912714072","0.755223941038","0.369874838153","0.733904917899"
"SA-UNetv2","CHASEDB1","Image_09L","0.772689618314","0.841093403972","0.727665084161","0.838179881092"
"DCP-1024","CHASEDB1","Image_09R","0.793425040802","0.818707822593","0.517946877243","0.837066577156"
"FR-UNet","CHASEDB1","Image_09R","0.706792825346","0.747473752635","0.474515434314","0.748308328867"
"FSG-Net","CHASEDB1","Image_09R","0.792194729431","0.846653297839","0.626704953338","0.844337466239"
"GAVE","CHASEDB1","Image_09R","0.719812307661","0.723431707198","0.316582914573","0.738627466731"
"SA-UNetv2","CHASEDB1","Image_09R","0.765954042402","0.831872316105","0.689877961235","0.817063690409"
"DCP-1024","CHASEDB1","Image_10L","0.781157032188","0.83321934041","0.447103877453","0.804893006742"
"FR-UNet","CHASEDB1","Image_10L","0.730659874422","0.782469138935","0.419578745811","0.74482973044"
"FSG-Net","CHASEDB1","Image_10L","0.724084798119","0.781564800656","0.491383437051","0.774805062815"
"GAVE","CHASEDB1","Image_10L","0.711516172458","0.77424429007","0.398994734323","0.733117066131"
"SA-UNetv2","CHASEDB1","Image_10L","0.76138158637","0.83818268765","0.571565342269","0.806773487463"
"DCP-1024","CHASEDB1","Image_10R","0.757143800392","0.820590293238","0.541722875313","0.795836709431"
"FR-UNet","CHASEDB1","Image_10R","0.709110883046","0.775053321747","0.465793023704","0.738008538807"
"FSG-Net","CHASEDB1","Image_10R","0.717264676852","0.801216849546","0.576797070727","0.775684135316"
"GAVE","CHASEDB1","Image_10R","0.70675002043","0.798428715184","0.537097706687","0.727463549284"
"SA-UNetv2","CHASEDB1","Image_10R","0.735652235079","0.816353293077","0.602428213529","0.788758115847"
"DCP-1024","CHASEDB1","Image_11L","0.802528387848","0.859835824288","0.672983354673","0.860117338572"
"FR-UNet","CHASEDB1","Image_11L","0.7339793944","0.809037714869","0.594366197183","0.765824300731"
"FSG-Net","CHASEDB1","Image_11L","0.775954002313","0.869316443853","0.73290653009","0.851356755539"
"GAVE","CHASEDB1","Image_11L","0.748416557439","0.814617910843","0.549551856594","0.778431216554"
"SA-UNetv2","CHASEDB1","Image_11L","0.764373015742","0.845041991133","0.765685019206","0.850559137983"
"DCP-1024","CHASEDB1","Image_11R","0.805919536732","0.863312568925","0.599124726477","0.871549243547"
"FR-UNet","CHASEDB1","Image_11R","0.729443690638","0.806388270716","0.462144420131","0.765886862339"
"FSG-Net","CHASEDB1","Image_11R","0.769260246851","0.864467786562","0.648577680525","0.862470979498"
"GAVE","CHASEDB1","Image_11R","0.758484819808","0.817435357297","0.387308533917","0.806717741429"
"SA-UNetv2","CHASEDB1","Image_11R","0.749997907232","0.820884855859","0.684026258206","0.838593717624"
"DCP-1024","CHASEDB1","Image_12L","0.78115321082","0.835883470691","0.419175027871","0.815627267493"
"FR-UNet","CHASEDB1","Image_12L","0.760433886925","0.820576224298","0.369379412858","0.795732171475"
"FSG-Net","CHASEDB1","Image_12L","0.753036136524","0.82501017225","0.487179487179","0.805746537377"
"GAVE","CHASEDB1","Image_12L","0.732915210545","0.771189284416","0.224451876626","0.740547880089"
"SA-UNetv2","CHASEDB1","Image_12L","0.759805142153","0.817971368321","0.478632478632","0.802144895452"
"DCP-1024","CHASEDB1","Image_12R","0.79098229069","0.848208016937","0.536456962359","0.84327297503"
"FR-UNet","CHASEDB1","Image_12R","0.740605849669","0.800022021049","0.437483548302","0.755589734359"
"FSG-Net","CHASEDB1","Image_12R","0.76848343293","0.830382193822","0.578836535931","0.819406075503"
"GAVE","CHASEDB1","Image_12R","0.743398119281","0.793298027461","0.319821005528","0.741168879896"
"SA-UNetv2","CHASEDB1","Image_12R","0.781326240484","0.851839111723","0.644116872861","0.844680214239"
"DCP-1024","CHASEDB1","Image_13L","0.790010568396","0.838601112087","0.33956043956","0.837181132408"
"FR-UNet","CHASEDB1","Image_13L","0.759600546059","0.821063335643","0.395604395604","0.821445395494"
"FSG-Net","CHASEDB1","Image_13L","0.762841013973","0.841597757002","0.515934065934","0.847001833622"
"GAVE","CHASEDB1","Image_13L","0.713047767145","0.805822296404","0.283516483516","0.768365999029"
"SA-UNetv2","CHASEDB1","Image_13L","0.779699016749","0.848796253166","0.490659340659","0.842491068305"
"DCP-1024","CHASEDB1","Image_13R","0.760302985389","0.785832693685","0.388520109332","0.793118582459"
"FR-UNet","CHASEDB1","Image_13R","0.727939364522","0.771731213781","0.449824287388","0.773306366559"
"FSG-Net","CHASEDB1","Image_13R","0.754557634169","0.828910300273","0.572042171027","0.817154905057"
"GAVE","CHASEDB1","Image_13R","0.696060926284","0.748299852706","0.324873096447","0.712562081184"
"SA-UNetv2","CHASEDB1","Image_13R","0.761745388847","0.811509238691","0.541585318235","0.817593081471"
"DCP-1024","CHASEDB1","Image_14L","0.835160342044","0.871379732386","0.645225464191","0.896909073175"
"FR-UNet","CHASEDB1","Image_14L","0.795232661341","0.830105439626","0.514588859416","0.848352108431"
"FSG-Net","CHASEDB1","Image_14L","0.809041542221","0.862783364557","0.671087533156","0.865632390168"
"GAVE","CHASEDB1","Image_14L","0.759743664433","0.777733712231","0.395225464191","0.777894810543"
"SA-UNetv2","CHASEDB1","Image_14L","0.812337436539","0.854272165322","0.769893899204","0.888102963708"
"DCP-1024","CHASEDB1","Image_14R","0.779948355226","0.829775616415","0.466542750929","0.799703346428"
"FR-UNet","CHASEDB1","Image_14R","0.753713405741","0.794549539954","0.305762081784","0.768647624634"
"FSG-Net","CHASEDB1","Image_14R","0.748518948061","0.806923048331","0.494423791822","0.776677331107"
"GAVE","CHASEDB1","Image_14R","0.735799344785","0.748108096677","0.181226765799","0.714145300143"
"SA-UNetv2","CHASEDB1","Image_14R","0.752756100582","0.817089362846","0.531598513011","0.77323603368"
"DCP-1024","DualModal2019","DualModal2019_A1_L4","0.77634878638","0.846883791903","0.709733287149","0.825902871986"
"FR-UNet","DualModal2019","DualModal2019_A1_L4","0.758116434189","0.845299029342","0.732940768964","0.828020997268"
"FSG-Net","DualModal2019","DualModal2019_A1_L4","0.767134791112","0.855878400868","0.757880152407","0.843034700206"
"GAVE","DualModal2019","DualModal2019_A1_L4","0.704750103263","0.815838611037","0.632836854867","0.791227663693"
"SA-UNetv2","DualModal2019","DualModal2019_A1_L4","0.765250045293","0.856747374218","0.821960512643","0.82630371376"
"DCP-1024","DualModal2019","DualModal2019_A1_R2","0.721430703352","0.825632689026","0.749429484254","0.813065753975"
"FR-UNet","DualModal2019","DualModal2019_A1_R2","0.706998730482","0.826847077627","0.798722044728","0.822660719567"
"FSG-Net","DualModal2019","DualModal2019_A1_R2","0.711525277994","0.83522694724","0.803590445763","0.835524002846"
"GAVE","DualModal2019","DualModal2019_A1_R2","0.667675109092","0.797324121852","0.647193062529","0.75957627394"
"SA-UNetv2","DualModal2019","DualModal2019_A1_R2","0.710844494048","0.834186019226","0.862619808307","0.824878902585"
"DCP-1024","DualModal2019","DualModal2019_A2_R2","0.737976559343","0.839720399779","0.763723544974","0.806063795084"
"FR-UNet","DualModal2019","DualModal2019_A2_R2","0.717705146783","0.818461124168","0.792162698413","0.810996130599"
"FSG-Net","DualModal2019","DualModal2019_A2_R2","0.72979971258","0.848424734646","0.836970899471","0.821697782373"
"GAVE","DualModal2019","DualModal2019_A2_R2","0.662383304549","0.798754521994","0.719742063492","0.776211546814"
"SA-UNetv2","DualModal2019","DualModal2019_A2_R2","0.709214621696","0.831947053571","0.851355820106","0.802419253768"
"DCP-1024","DualModal2019","DualModal2019_A3_L1","0.749730231039","0.845871984669","0.745265151515","0.84303007923"
"FR-UNet","DualModal2019","DualModal2019_A3_L1","0.719183230103","0.83876763375","0.818181818182","0.841019541036"
"FSG-Net","DualModal2019","DualModal2019_A3_L1","0.719555157566","0.849441183769","0.858191287879","0.850320009673"
"GAVE","DualModal2019","DualModal2019_A3_L1","0.684208338097","0.821057857095","0.735558712121","0.802911182143"
"SA-UNetv2","DualModal2019","DualModal2019_A3_L1","0.740470456865","0.850891473069","0.860085227273","0.844784211102"
"DCP-1024","DualModal2019","DualModal2019_A3_R1","0.681804880088","0.804059161873","0.713248638838","0.775476367537"
"FR-UNet","DualModal2019","DualModal2019_A3_R1","0.642183692476","0.792702132351","0.8098562055","0.786682513601"
"FSG-Net","DualModal2019","DualModal2019_A3_R1","0.644870874728","0.801321166833","0.861789752897","0.797062790884"
"GAVE","DualModal2019","DualModal2019_A3_R1","0.604769183366","0.767067485264","0.742984782912","0.739569293485"
"SA-UNetv2","DualModal2019","DualModal2019_A3_R1","0.655165969622","0.804572231701","0.839731955884","0.78653688171"
"DCP-1024","DualModal2019","DualModal2019_A4_L3","0.733784744603","0.851376814499","0.751873260544","0.833905413408"
"FR-UNet","DualModal2019","DualModal2019_A4_L3","0.710824198651","0.841936001599","0.829586812246","0.845340430168"
"FSG-Net","DualModal2019","DualModal2019_A4_L3","0.715578944673","0.846834560718","0.826803682295","0.85645183021"
"GAVE","DualModal2019","DualModal2019_A4_L3","0.628333557438","0.795931982059","0.78612716763","0.774708491482"
"SA-UNetv2","DualModal2019","DualModal2019_A4_L3","0.715054276892","0.848680770289","0.876900021409","0.84725780145"
"DCP-1024","DualModal2019","DualModal2019_A4_R2","0.735023727737","0.849278235094","0.810144417048","0.849379300417"
"FR-UNet","DualModal2019","DualModal2019_A4_R2","0.705714051639","0.83694323118","0.866150052836","0.855101253967"
"FSG-Net","DualModal2019","DualModal2019_A4_R2","0.705677168072","0.846732449524","0.897851356111","0.866403340055"
"GAVE","DualModal2019","DualModal2019_A4_R2","0.633242033536","0.800037136443","0.842902430433","0.794626465535"
"SA-UNetv2","DualModal2019","DualModal2019_A4_R2","0.713913207785","0.846922184896","0.897323001057","0.85905165713"
"DCP-1024","DualModal2019","DualModal2019_A5_R4","0.725950386158","0.847832530685","0.853084856161","0.839697825911"
"FR-UNet","DualModal2019","DualModal2019_A5_R4","0.698365799451","0.834236524748","0.868644834449","0.845423999576"
"FSG-Net","DualModal2019","DualModal2019_A5_R4","0.700610814053","0.842762708708","0.905373620409","0.856036452464"
"GAVE","DualModal2019","DualModal2019_A5_R4","0.651032517822","0.81007919626","0.846933236837","0.79605451676"
"SA-UNetv2","DualModal2019","DualModal2019_A5_R4","0.6986195529","0.841134536254","0.932513117424","0.838100940802"
"DCP-1024","DualModal2019","DualModal2019_A6_L2","0.738700754454","0.846213065903","0.791780821918","0.818912424567"
"FR-UNet","DualModal2019","DualModal2019_A6_L2","0.71163073596","0.832466106275","0.844467860906","0.827249772036"
"FSG-Net","DualModal2019","DualModal2019_A6_L2","0.718134463961","0.846438311178","0.866385669125","0.843285295123"
"GAVE","DualModal2019","DualModal2019_A6_L2","0.649481514255","0.802377698825","0.825711275026","0.783192607233"
"SA-UNetv2","DualModal2019","DualModal2019_A6_L2","0.714031066972","0.841154337336","0.908956796628","0.822162728005"
"DCP-1024","DualModal2019","DualModal2019_A6_R3","0.676054663584","0.82169176083","0.859828798533","0.798249487609"
"FR-UNet","DualModal2019","DualModal2019_A6_R3","0.65298867676","0.812308031387","0.897890553348","0.806530566292"
"FSG-Net","DualModal2019","DualModal2019_A6_R3","0.641000866814","0.808667015859","0.920972179762","0.801531763134"
"GAVE","DualModal2019","DualModal2019_A6_R3","0.618740547925","0.773577903237","0.773463772547","0.744700754848"
"SA-UNetv2","DualModal2019","DualModal2019_A6_R3","0.674152839448","0.82665398139","0.921430755121","0.808453367916"
"DCP-1024","DualModal2019","DualModal2019_A7_L1","0.700042778461","0.813273033366","0.679407669915","0.774060570382"
"FR-UNet","DualModal2019","DualModal2019_A7_L1","0.67501287737","0.810313936513","0.774585495507","0.788523696121"
"FSG-Net","DualModal2019","DualModal2019_A7_L1","0.670134363085","0.81736598122","0.81787115555","0.803746011611"
"GAVE","DualModal2019","DualModal2019_A7_L1","0.635764814892","0.785429367271","0.710796101759","0.750236724626"
"SA-UNetv2","DualModal2019","DualModal2019_A7_L1","0.685638649901","0.821618584079","0.81837742058","0.796197891602"
"DCP-1024","DualModal2019","DualModal2019_A7_R1","0.696555052448","0.824293589817","0.776539836031","0.792766458603"
"FR-UNet","DualModal2019","DualModal2019_A7_R1","0.66453312752","0.813171889808","0.847382804288","0.787783049471"
"FSG-Net","DualModal2019","DualModal2019_A7_R1","0.645030888642","0.809005372072","0.876602900988","0.764200425981"
"GAVE","DualModal2019","DualModal2019_A7_R1","0.628521734682","0.784701310231","0.763085978558","0.752403481357"
"SA-UNetv2","DualModal2019","DualModal2019_A7_R1","0.667745964198","0.819966374335","0.872608787051","0.789233899613"
"DCP-1024","DualModal2019","DualModal2019_C1_L4","0.783778548663","0.868460691959","0.79104197901","0.873813927691"
"FR-UNet","DualModal2019","DualModal2019_C1_L4","0.764426463213","0.866320637361","0.847263868066","0.88252361704"
"FSG-Net","DualModal2019","DualModal2019_C1_L4","0.765150346955","0.878008088979","0.890179910045","0.887150331578"
"GAVE","DualModal2019","DualModal2019_C1_L4","0.710459662537","0.833215507383","0.778110944528","0.837962797256"
"SA-UNetv2","DualModal2019","DualModal2019_C1_L4","0.781651146661","0.881548104493","0.895989505247","0.890763276944"
"DCP-1024","DualModal2019","DualModal2019_C1_R4","0.791752310166","0.870882815557","0.753649915476","0.872008324365"
"FR-UNet","DualModal2019","DualModal2019_C1_R4","0.759267574714","0.863553480771","0.814507453512","0.879085969281"
"FSG-Net","DualModal2019","DualModal2019_C1_R4","0.762331057166","0.875495920072","0.882895343476","0.885379538436"
"GAVE","DualModal2019","DualModal2019_C1_R4","0.726851628984","0.842829037628","0.782388197326","0.827233205427"
"SA-UNetv2","DualModal2019","DualModal2019_C1_R4","0.779077399485","0.880350527541","0.867373597664","0.891668192464"
"DCP-1024","DualModal2019","DualModal2019_C2_L4","0.798932063819","0.872845403199","0.745418848168","0.849535478091"
"FR-UNet","DualModal2019","DualModal2019_C2_L4","0.769631640358","0.870366622728","0.823298429319","0.859362037869"
"FSG-Net","DualModal2019","DualModal2019_C2_L4","0.779689610699","0.876436702633","0.790794066318","0.849588362962"
"GAVE","DualModal2019","DualModal2019_C2_L4","0.709559446006","0.832743834103","0.769197207679","0.790872818296"
"SA-UNetv2","DualModal2019","DualModal2019_C2_L4","0.781605583588","0.884130169684","0.891361256545","0.864672018275"
"DCP-1024","DualModal2019","DualModal2019_C2_R3","0.756316497493","0.852364662784","0.78779918272","0.854286475298"
"FR-UNet","DualModal2019","DualModal2019_C2_R3","0.73367442243","0.845111210952","0.823117338004","0.860623487073"
"FSG-Net","DualModal2019","DualModal2019_C2_R3","0.732082648915","0.851925181894","0.844570928196","0.859020975233"
"GAVE","DualModal2019","DualModal2019_C2_R3","0.686129836447","0.811535908563","0.730735551664","0.79727115201"
"SA-UNetv2","DualModal2019","DualModal2019_C2_R3","0.738400467017","0.853405444501","0.86660828955","0.862657560393"
"DCP-1024","DualModal2019","DualModal2019_C3_L1","0.752484038994","0.849815825452","0.751273653566","0.815134987765"
"FR-UNet","DualModal2019","DualModal2019_C3_L1","0.7262918458","0.842280590781","0.830240174672","0.825044341236"
"FSG-Net","DualModal2019","DualModal2019_C3_L1","0.724934673603","0.845986478282","0.832059679767","0.827798202396"
"GAVE","DualModal2019","DualModal2019_C3_L1","0.697062290698","0.814966072222","0.717430858806","0.777598547265"
"SA-UNetv2","DualModal2019","DualModal2019_C3_L1","0.725264449769","0.849532175432","0.890465793304","0.812780293547"
"DCP-1024","DualModal2019","DualModal2019_C3_R1","0.7897802057","0.873444854656","0.766023166023","0.852490760817"
"FR-UNet","DualModal2019","DualModal2019_C3_R1","0.759371207943","0.865349561649","0.843243243243","0.845044072062"
"FSG-Net","DualModal2019","DualModal2019_C3_R1","0.748961519884","0.866211817633","0.853088803089","0.842793741733"
"GAVE","DualModal2019","DualModal2019_C3_R1","0.709323451453","0.838847824393","0.773359073359","0.780519036568"
"SA-UNetv2","DualModal2019","DualModal2019_C3_R1","0.764658999081","0.869735467056","0.864864864865","0.841436818797"
"DCP-1024","DualModal2019","DualModal2019_C4_L2","0.665749153692","0.790053811715","0.692636793515","0.764509788054"
"FR-UNet","DualModal2019","DualModal2019_C4_L2","0.654731933576","0.797643617552","0.759513623058","0.787977640642"
"FSG-Net","DualModal2019","DualModal2019_C4_L2","0.642235488743","0.796045182629","0.809052015312","0.779845804776"
"GAVE","DualModal2019","DualModal2019_C4_L2","0.620201581641","0.755477651183","0.616302634542","0.75702703582"
"SA-UNetv2","DualModal2019","DualModal2019_C4_L2","0.665084514036","0.793972185953","0.80747579374","0.786147579956"
"DCP-1024","DualModal2019","DualModal2019_C4_R2","0.695740352256","0.800564747614","0.7234393404","0.760854704897"
"FR-UNet","DualModal2019","DualModal2019_C4_R2","0.636504104897","0.740754649396","0.812485276796","0.739985340913"
"FSG-Net","DualModal2019","DualModal2019_C4_R2","0.66710647221","0.798033805246","0.798351001178","0.770543946094"
"GAVE","DualModal2019","DualModal2019_C4_R2","0.625050583247","0.749417780478","0.581625441696","0.752998050077"
"SA-UNetv2","DualModal2019","DualModal2019_C4_R2","0.690051342739","0.80597694","0.767726737338","0.775328100014"
"DCP-1024","DualModal2019","DualModal2019_C5_L1","0.779175370084","0.863982759619","0.743511723644","0.857176699655"
"FR-UNet","DualModal2019","DualModal2019_C5_L1","0.744997336175","0.85530581238","0.829425451942","0.864777375418"
"FSG-Net","DualModal2019","DualModal2019_C5_L1","0.74961880225","0.866748050318","0.878288884911","0.867812479278"
"GAVE","DualModal2019","DualModal2019_C5_L1","0.69688552686","0.83417632869","0.800429568641","0.828102771392"
"SA-UNetv2","DualModal2019","DualModal2019_C5_L1","0.764798107752","0.869445088587","0.872382316091","0.867334885747"
"DCP-1024","DualModal2019","DualModal2019_C5_R1","0.753932372878","0.859381701633","0.837945879459","0.846305532428"
"FR-UNet","DualModal2019","DualModal2019_C5_R1","0.729136436562","0.849397206098","0.890067650677","0.849625456605"
"FSG-Net","DualModal2019","DualModal2019_C5_R1","0.727481508636","0.854517591631","0.90467404674","0.85331774017"
"GAVE","DualModal2019","DualModal2019_C5_R1","0.676100854824","0.815008708732","0.810578105781","0.794386246833"
"SA-UNetv2","DualModal2019","DualModal2019_C5_R1","0.744753050423","0.861026569583","0.912669126691","0.849496037292"
"DCP-1024","DualModal2019","DualModal2019_C6_L2","0.80036605638","0.883488739649","0.673469387755","0.857981559338"
"FR-UNet","DualModal2019","DualModal2019_C6_L2","0.778327866479","0.878047615936","0.767713827104","0.866961456166"
"FSG-Net","DualModal2019","DualModal2019_C6_L2","0.777143296399","0.883523557216","0.807612932814","0.869002158136"
"GAVE","DualModal2019","DualModal2019_C6_L2","0.705445147848","0.842353796728","0.736069708782","0.814594183222"
"SA-UNetv2","DualModal2019","DualModal2019_C6_L2","0.789196103954","0.886663859465","0.814950699381","0.854319278971"
"DCP-1024","DualModal2019","DualModal2019_C6_R2","0.788151304047","0.87844688404","0.76234425473","0.870326444351"
"FR-UNet","DualModal2019","DualModal2019_C6_R2","0.760054834502","0.866285794929","0.808952468851","0.866797833117"
"FSG-Net","DualModal2019","DualModal2019_C6_R2","0.763275635853","0.873214456185","0.824873096447","0.878518732871"
"GAVE","DualModal2019","DualModal2019_C6_R2","0.70867103649","0.840373780806","0.68689432395","0.821470227615"
"SA-UNetv2","DualModal2019","DualModal2019_C6_R2","0.772562409045","0.874554251434","0.884633133364","0.874737544578"
"DCP-1024","DualModal2019","DualModal2019_C7_L4","0.779553987939","0.862440082978","0.694963573012","0.854553782686"
"FR-UNet","DualModal2019","DualModal2019_C7_L4","0.746927412959","0.85709504113","0.803452644916","0.863030300279"
"FSG-Net","DualModal2019","DualModal2019_C7_L4","0.758351308809","0.872234644091","0.841938549256","0.864363912447"
"GAVE","DualModal2019","DualModal2019_C7_L4","0.710224428917","0.842172484522","0.771143490656","0.821762361401"
"SA-UNetv2","DualModal2019","DualModal2019_C7_L4","0.769954525769","0.875439486306","0.853975293","0.872032449019"
"DCP-1024","DualModal2019","DualModal2019_C7_R3","0.788290996113","0.862784169236","0.639479392625","0.849669177156"
"FR-UNet","DualModal2019","DualModal2019_C7_R3","0.755839828003","0.856729970196","0.748156182213","0.851851647874"
"FSG-Net","DualModal2019","DualModal2019_C7_R3","0.763138000302","0.86280705953","0.773752711497","0.859739332938"
"GAVE","DualModal2019","DualModal2019_C7_R3","0.724964037908","0.829013350621","0.584815618221","0.796945731294"
"SA-UNetv2","DualModal2019","DualModal2019_C7_R3","0.772250207643","0.87369268882","0.82863340564","0.860200516065"
"DCP-1024","DualModal2019","DualModal2019_C8_L4","0.796281076639","0.868655987125","0.679599754952","0.839833037556"
"FR-UNet","DualModal2019","DualModal2019_C8_L4","0.768685454227","0.864587640029","0.769246477435","0.847768957469"
"FSG-Net","DualModal2019","DualModal2019_C8_L4","0.763561287403","0.873501187403","0.839289360833","0.842812150342"
"GAVE","DualModal2019","DualModal2019_C8_L4","0.717702615544","0.840712453136","0.725954666122","0.812913946101"
"SA-UNetv2","DualModal2019","DualModal2019_C8_L4","0.789912953409","0.876800042451","0.812538288748","0.852800611229"
"DCP-1024","DualModal2019","DualModal2019_C8_R2","0.785165124959","0.870851107871","0.700761473554","0.843578916863"
"FR-UNet","DualModal2019","DualModal2019_C8_R2","0.769165898527","0.869161488206","0.772175344721","0.856274859929"
"FSG-Net","DualModal2019","DualModal2019_C8_R2","0.768223155034","0.876291040066","0.773821774028","0.859308328802"
"GAVE","DualModal2019","DualModal2019_C8_R2","0.741769667289","0.842393223511","0.627701173081","0.80647699485"
"SA-UNetv2","DualModal2019","DualModal2019_C8_R2","0.786635782415","0.883277454136","0.839473142622","0.8652755361"
"DCP-1024","DualModal2019","DualModal2019_C9_L4","0.790655994336","0.873498172751","0.837195994278","0.872913680798"
"FR-UNet","DualModal2019","DualModal2019_C9_L4","0.772506715649","0.873072824668","0.868669527897","0.873788481783"
"FSG-Net","DualModal2019","DualModal2019_C9_L4","0.77309435841","0.879924890425","0.889842632332","0.877614607348"
"GAVE","DualModal2019","DualModal2019_C9_L4","0.74325888992","0.848181125607","0.665808297568","0.833244215676"
"SA-UNetv2","DualModal2019","DualModal2019_C9_L4","0.788610787738","0.883907212758","0.894992846924","0.864722324245"
"DCP-1024","DualModal2019","DualModal2019_C9_R5","0.829004865303","0.878439337814","0.77036199095","0.878642021899"
"FR-UNet","DualModal2019","DualModal2019_C9_R5","0.801723499084","0.879947014943","0.827828054299","0.882660890985"
"FSG-Net","DualModal2019","DualModal2019_C9_R5","0.805980481103","0.889247105275","0.853846153846","0.877003707563"
"GAVE","DualModal2019","DualModal2019_C9_R5","0.760401280768","0.865482256412","0.769683257919","0.8535040337"
"SA-UNetv2","DualModal2019","DualModal2019_C9_R5","0.808781075629","0.892802198692","0.891628959276","0.870668304868"
"DCP-1024","HRF","01_dr","0.670358900478","0.751876462727","0.581516415237","0.617994939894"
"FR-UNet","HRF","01_dr","0.618325088729","0.719558419569","0.579249349268","0.562241573207"
"FSG-Net","HRF","01_dr","0.672376174847","0.776614314405","0.69458982899","0.645920057321"
"GAVE","HRF","01_dr","0.686636156981","0.762722497993","0.529122001735","0.607651508779"
"SA-UNetv2","HRF","01_dr","0.628458841841","0.764668720964","0.723585882616","0.646015410099"
"DCP-1024","HRF","01_g","0.718599743028","0.776234272365","0.421219547355","0.662361137124"
"FR-UNet","HRF","01_g","0.656492217221","0.731055711506","0.376459564653","0.584022662641"
"FSG-Net","HRF","01_g","0.72667162832","0.798541333711","0.511748594493","0.695023812626"
"GAVE","HRF","01_g","0.741434474893","0.772848629989","0.360314256883","0.66594226063"
"SA-UNetv2","HRF","01_g","0.677330959233","0.786974396633","0.550694344337","0.689702896345"
"DCP-1024","HRF","01_h","0.776648933804","0.729582628307","0.254509949786","0.722613591834"
"FR-UNet","HRF","01_h","0.735762637017","0.739057792988","0.271464881284","0.661945856366"
"FSG-Net","HRF","01_h","0.807624814889","0.798174402477","0.410668898394","0.775615755196"
"GAVE","HRF","01_h","0.812703923634","0.778565882805","0.403477775711","0.788983647212"
"SA-UNetv2","HRF","01_h","0.787907762054","0.801203733566","0.359370156841","0.759040553697"
"DCP-1024","HRF","02_dr","0.716116273492","0.766292532179","0.416845191115","0.663435653247"
"FR-UNet","HRF","02_dr","0.644086791597","0.711185707138","0.369038223024","0.567133217167"
"FSG-Net","HRF","02_dr","0.740467040109","0.8061864881","0.556263389334","0.73372025549"
"GAVE","HRF","02_dr","0.741157506569","0.777593966067","0.479535460593","0.720152150527"
"SA-UNetv2","HRF","02_dr","0.685395405093","0.786857199702","0.542112977788","0.70310181579"
"DCP-1024","HRF","02_g","0.753393544209","0.78578292493","0.360712596563","0.672355509531"
"FR-UNet","HRF","02_g","0.677429299125","0.741341909838","0.348685840409","0.597656825797"
"FSG-Net","HRF","02_g","0.753887790803","0.819924031976","0.493615008671","0.719319882933"
"GAVE","HRF","02_g","0.765292683441","0.804495118176","0.415148307471","0.714998666211"
"SA-UNetv2","HRF","02_g","0.709963419511","0.796891954339","0.457039255873","0.695356915645"
"DCP-1024","HRF","02_h","0.799945332098","0.766506204424","0.37271004422","0.78216475608"
"FR-UNet","HRF","02_h","0.744606620563","0.764672069953","0.37989576753","0.696492741838"
"FSG-Net","HRF","02_h","0.841224252293","0.855108227936","0.621051800379","0.851866990198"
"GAVE","HRF","02_h","0.854516670091","0.840187407083","0.672220467467","0.879968286211"
"SA-UNetv2","HRF","02_h","0.814677418602","0.843006803569","0.518517056222","0.825252748416"
"DCP-1024","HRF","03_dr","0.740488782413","0.772392798094","0.330594722623","0.676899767509"
"FR-UNet","HRF","03_dr","0.673185497023","0.734892580221","0.311239406388","0.60065991101"
"FSG-Net","HRF","03_dr","0.73683109092","0.803241788116","0.460308648829","0.714667361717"
"GAVE","HRF","03_dr","0.760130260474","0.799111546959","0.403797046741","0.727297803664"
"SA-UNetv2","HRF","03_dr","0.702473923863","0.788575495697","0.430554013545","0.700486829387"
"DCP-1024","HRF","03_g","0.711505259768","0.777886004031","0.416398100981","0.675850214462"
"FR-UNet","HRF","03_g","0.654904069561","0.70935383012","0.325640225942","0.584619090811"
"FSG-Net","HRF","03_g","0.746220065854","0.805449452406","0.483418234744","0.7175708204"
"GAVE","HRF","03_g","0.751847030173","0.765295223938","0.312541151194","0.688920134701"
"SA-UNetv2","HRF","03_g","0.697229338352","0.795912322956","0.506358942371","0.700024813781"
"DCP-1024","HRF","03_h","0.770932721118","0.718796416358","0.315481416447","0.763766851347"
"FR-UNet","HRF","03_h","0.703594121297","0.679297455903","0.208077260755","0.645415238637"
"FSG-Net","HRF","03_h","0.805121341854","0.77271730242","0.464442493415","0.817444337329"
"GAVE","HRF","03_h","0.776368952581","0.722402591506","0.412935323383","0.79946534239"
"SA-UNetv2","HRF","03_h","0.785404460729","0.801782931654","0.500673105063","0.807944490217"
"DCP-1024","HRF","04_dr","0.738415130599","0.78055014403","0.312065045132","0.647994035242"
"FR-UNet","HRF","04_dr","0.674563932509","0.73871868937","0.283504444291","0.566238217173"
"FSG-Net","HRF","04_dr","0.74729067661","0.809856004262","0.407634534555","0.703709989382"
"GAVE","HRF","04_dr","0.778058518612","0.799341410703","0.37325156756","0.697397020936"
"SA-UNetv2","HRF","04_dr","0.702315064409","0.79109617811","0.37604216909","0.670334248202"
"DCP-1024","HRF","04_g","0.734614689548","0.773797495787","0.393434064247","0.694377587734"
"FR-UNet","HRF","04_g","0.664990053245","0.709806602746","0.320250598858","0.596905750043"
"FSG-Net","HRF","04_g","0.759642173753","0.805522689056","0.48710152939","0.740103759708"
"GAVE","HRF","04_g","0.75821798373","0.782061734763","0.393004115226","0.734497340199"
"SA-UNetv2","HRF","04_g","0.708210470222","0.795967642808","0.505835022419","0.724328983254"
"DCP-1024","HRF","04_h","0.804554154796","0.77974027307","0.314250803276","0.77552801761"
"FR-UNet","HRF","04_h","0.733676870352","0.72977678331","0.204824184278","0.662068662048"
"FSG-Net","HRF","04_h","0.832524336796","0.828935041493","0.509299904964","0.830251955203"
"GAVE","HRF","04_h","0.823811723678","0.796227375049","0.500022627506","0.837781690815"
"SA-UNetv2","HRF","04_h","0.787512694388","0.829893851716","0.504457618681","0.801090830468"
"DCP-1024","HRF","05_dr","0.726907340108","0.795679123248","0.479790761491","0.719093879211"
"FR-UNet","HRF","05_dr","0.655418872104","0.738653284782","0.393980105191","0.619131669631"
"FSG-Net","HRF","05_dr","0.727583483316","0.813601531874","0.577521152527","0.7433691278"
"GAVE","HRF","05_dr","0.743907021859","0.778350270093","0.375828950377","0.708176174791"
"SA-UNetv2","HRF","05_dr","0.668886406444","0.794765185591","0.608306654471","0.741985870325"
"DCP-1024","HRF","05_g","0.756127590592","0.802836896209","0.446696848237","0.712933364473"
"FR-UNet","HRF","05_g","0.680793797517","0.745336862588","0.379797572018","0.608867529312"
"FSG-Net","HRF","05_g","0.764426813172","0.833554627758","0.573891980738","0.753057980548"
"GAVE","HRF","05_g","0.777807769962","0.789242838398","0.344127569999","0.71901920385"
"SA-UNetv2","HRF","05_g","0.719802375794","0.81506676573","0.55633092073","0.737415159166"
"DCP-1024","HRF","05_h","0.804468807143","0.798932897768","0.43726971603","0.77999970685"
"FR-UNet","HRF","05_h","0.739551154153","0.756729024022","0.387063158287","0.684490425136"
"FSG-Net","HRF","05_h","0.838570218569","0.8487366774","0.588112694927","0.841207563803"
"GAVE","HRF","05_h","0.833622965744","0.801512558702","0.485727046038","0.841797736202"
"SA-UNetv2","HRF","05_h","0.801544780361","0.834551673279","0.529978785962","0.811974410831"
"DCP-1024","HRF","06_dr","0.676161678035","0.658128261852","0.245188344504","0.55374256647"
"FR-UNet","HRF","06_dr","0.599740135724","0.611707597155","0.233450413964","0.476574486742"
"FSG-Net","HRF","06_dr","0.693835272792","0.714176919965","0.387011218236","0.624336258594"
"GAVE","HRF","06_dr","0.697822966713","0.672699880162","0.262141141895","0.590531346163"
"SA-UNetv2","HRF","06_dr","0.64500765198","0.701556206925","0.419608616179","0.614826544335"
"DCP-1024","HRF","06_g","0.755589805193","0.800636367286","0.422771855011","0.714743179735"
"FR-UNet","HRF","06_g","0.68882736983","0.751549230545","0.366368159204","0.624006231242"
"FSG-Net","HRF","06_g","0.759519706487","0.826807032973","0.551130063966","0.752725250519"
"GAVE","HRF","06_g","0.758691717814","0.779614091253","0.352579957356","0.718358694336"
"SA-UNetv2","HRF","06_g","0.717463353005","0.811256803974","0.547036247335","0.745598722562"
"DCP-1024","HRF","06_h","0.805245556636","0.787710386423","0.378970098671","0.77118900873"
"FR-UNet","HRF","06_h","0.726869332384","0.750571900568","0.355726839217","0.668936086277"
"FSG-Net","HRF","06_h","0.834473907824","0.849785608998","0.547851123174","0.835444593121"
"GAVE","HRF","06_h","0.846278323218","0.827905662186","0.500404882584","0.846674451583"
"SA-UNetv2","HRF","06_h","0.796493664858","0.832028737203","0.469303901868","0.801321043049"
"DCP-1024","HRF","07_dr","0.737079104355","0.789068873929","0.453630845324","0.69065918526"
"FR-UNet","HRF","07_dr","0.664233177709","0.745488292075","0.445677832734","0.599452324434"
"FSG-Net","HRF","07_dr","0.741570703834","0.828728185532","0.611735611511","0.758018795209"
"GAVE","HRF","07_dr","0.777408019461","0.824806285226","0.506941321942","0.754286016312"
"SA-UNetv2","HRF","07_dr","0.711209479923","0.802382605776","0.550753147482","0.728295973208"
"DCP-1024","HRF","07_g","0.742820030084","0.767346860855","0.353461751803","0.677514376328"
"FR-UNet","HRF","07_g","0.668126335198","0.730021382234","0.34955372901","0.596640674785"
"FSG-Net","HRF","07_g","0.749947406205","0.812201083767","0.510337350613","0.736676247846"
"GAVE","HRF","07_g","0.798554935851","0.814697201432","0.511245020423","0.762460636628"
"SA-UNetv2","HRF","07_g","0.701310388271","0.786447891514","0.473173314508","0.717768881349"
"DCP-1024","HRF","07_h","0.803896917473","0.782732811995","0.397367190591","0.778083674169"
"FR-UNet","HRF","07_h","0.727202702554","0.726006166867","0.220371902313","0.649161426627"
"FSG-Net","HRF","07_h","0.837005264583","0.839818879179","0.58590799554","0.844652079513"
"GAVE","HRF","07_h","0.808406323865","0.785707558257","0.410818976369","0.815984241899"
"SA-UNetv2","HRF","07_h","0.797594601067","0.846045961042","0.596410459303","0.823469612488"
"DCP-1024","HRF","08_dr","0.739507245412","0.770955076799","0.342626321974","0.68049116774"
"FR-UNet","HRF","08_dr","0.677918882217","0.747387615731","0.351468860165","0.615058093437"
"FSG-Net","HRF","08_dr","0.743394268964","0.812897093569","0.474529964747","0.738423441377"
"GAVE","HRF","08_dr","0.737315416462","0.798402951683","0.430464159812","0.724331601418"
"SA-UNetv2","HRF","08_dr","0.714761321087","0.79747027806","0.436398354877","0.720441002913"
"DCP-1024","HRF","08_g","0.746995855733","0.769340414655","0.42421638344","0.688439532365"
"FR-UNet","HRF","08_g","0.65762755784","0.733622779769","0.442735299804","0.595399918542"
"FSG-Net","HRF","08_g","0.74005339495","0.813783099618","0.583496251101","0.746500556799"
"GAVE","HRF","08_g","0.791188240636","0.821921170865","0.591831911831","0.777399678117"
"SA-UNetv2","HRF","08_g","0.696519388158","0.791954159474","0.552774614905","0.733298653153"
"DCP-1024","HRF","08_h","0.810635233682","0.788971325675","0.350819057146","0.763289929816"
"FR-UNet","HRF","08_h","0.740644603868","0.736945543072","0.23549456046","0.654076798072"
"FSG-Net","HRF","08_h","0.841483846416","0.833897991303","0.477210203826","0.819751776618"
"GAVE","HRF","08_h","0.82854313516","0.79649606254","0.389177191447","0.809765951329"
"SA-UNetv2","HRF","08_h","0.800928531471","0.836321481069","0.474177816681","0.7933726609"
"DCP-1024","HRF","09_dr","0.704602191618","0.723754045216","0.311144040427","0.643238216171"
"FR-UNet","HRF","09_dr","0.639902583099","0.661766520237","0.241384551085","0.550265664296"
"FSG-Net","HRF","09_dr","0.726165734261","0.751168778074","0.382537330446","0.686545848116"
"GAVE","HRF","09_dr","0.718156102408","0.720518139154","0.320680876933","0.678471764205"
"SA-UNetv2","HRF","09_dr","0.689496381672","0.748158343343","0.369276948212","0.663264334808"
"DCP-1024","HRF","09_g","0.734717953442","0.773732522368","0.433569861351","0.698971528113"
"FR-UNet","HRF","09_g","0.654744460483","0.720681192165","0.412305681341","0.601928972272"
"FSG-Net","HRF","09_g","0.741596020147","0.809535491633","0.563512441063","0.754707439471"
"GAVE","HRF","09_g","0.771814019015","0.803380015135","0.514285047383","0.757051647675"
"SA-UNetv2","HRF","09_g","0.698112968147","0.788486062789","0.52698286728","0.738402676711"
"DCP-1024","HRF","09_h","0.775870317215","0.746905051754","0.300182541235","0.728157688043"
"FR-UNet","HRF","09_h","0.692859987","0.692156056281","0.190918573571","0.603202810839"
"FSG-Net","HRF","09_h","0.799275471891","0.790540119222","0.464730425712","0.79058691755"
"GAVE","HRF","09_h","0.804756587141","0.756174776577","0.345948236521","0.778899133597"
"SA-UNetv2","HRF","09_h","0.752183043464","0.79048488116","0.387182997588","0.741960665981"
"DCP-1024","HRF","10_dr","0.739670576191","0.770413602114","0.407375504711","0.700004116882"
"FR-UNet","HRF","10_dr","0.668908679883","0.717110268995","0.352059219381","0.609462103111"
"FSG-Net","HRF","10_dr","0.75171070834","0.800797723176","0.531090174966","0.745143361738"
"GAVE","HRF","10_dr","0.757547704876","0.769238756308","0.381588156124","0.729163372228"
"SA-UNetv2","HRF","10_dr","0.711132897591","0.796863149077","0.561588156124","0.732142699155"
"DCP-1024","HRF","10_g","0.730311578531","0.757910294946","0.447346018452","0.684323131574"
"FR-UNet","HRF","10_g","0.644750727957","0.717242703745","0.454570554265","0.596170334152"
"FSG-Net","HRF","10_g","0.74025049406","0.809947887957","0.610105146907","0.755056617335"
"GAVE","HRF","10_g","0.771265106114","0.799853942481","0.548466511746","0.762372867713"
"SA-UNetv2","HRF","10_g","0.692374991285","0.784349594946","0.558981202402","0.730706469967"
"DCP-1024","HRF","10_h","0.779525160711","0.745085111432","0.228656103955","0.717996912183"
"FR-UNet","HRF","10_h","0.699940430296","0.694185311638","0.146358144306","0.608653816091"
"FSG-Net","HRF","10_h","0.803746616009","0.793366179784","0.364385045025","0.767442762085"
"GAVE","HRF","10_h","0.803102541274","0.756010030367","0.315029066454","0.77501999059"
"SA-UNetv2","HRF","10_h","0.759206410782","0.792870032749","0.354154793115","0.743389635947"
"DCP-1024","HRF","11_dr","0.758508352066","0.787498115475","0.448337070254","0.714472945045"
"FR-UNet","HRF","11_dr","0.680549152099","0.741845667517","0.400784753363","0.613928569896"
"FSG-Net","HRF","11_dr","0.770157350955","0.82324865582","0.55091554559","0.760623124603"
"GAVE","HRF","11_dr","0.783488272614","0.802351979607","0.461182735426","0.756316660211"
"SA-UNetv2","HRF","11_dr","0.721619566565","0.805822239861","0.540942638266","0.738511308484"
"DCP-1024","HRF","11_g","0.746169088864","0.761714317415","0.393731462216","0.678007245471"
"FR-UNet","HRF","11_g","0.668418801495","0.720127400159","0.375293284342","0.58854372159"
"FSG-Net","HRF","11_g","0.763166532728","0.819591674991","0.574173270176","0.753729201535"
"GAVE","HRF","11_g","0.779702171259","0.791212766584","0.467727655053","0.751375064153"
"SA-UNetv2","HRF","11_g","0.719933479068","0.792883094742","0.518925140555","0.724099027401"
"DCP-1024","HRF","11_h","0.830948511952","0.818932958546","0.453397367485","0.845788399551"
"FR-UNet","HRF","11_h","0.756282881299","0.780918904064","0.384086327523","0.738431419653"
"FSG-Net","HRF","11_h","0.84118131835","0.855231163043","0.605893513578","0.86570159569"
"GAVE","HRF","11_h","0.821853867577","0.805429791164","0.511858176212","0.853164160263"
"SA-UNetv2","HRF","11_h","0.808637006533","0.860960709565","0.570793311989","0.860344593535"
"DCP-1024","HRF","12_dr","0.712980345469","0.744118528253","0.351001540832","0.63414608087"
"FR-UNet","HRF","12_dr","0.647341630487","0.706987025747","0.354652127533","0.566547543422"
"FSG-Net","HRF","12_dr","0.722197980889","0.781350402595","0.452980917388","0.693668779124"
"GAVE","HRF","12_dr","0.750736225072","0.762831912501","0.390257200427","0.688843578827"
"SA-UNetv2","HRF","12_dr","0.683095850618","0.769387798744","0.466777290506","0.682602978769"
"DCP-1024","HRF","12_g","0.747113354295","0.76690918248","0.406185200545","0.686825155058"
"FR-UNet","HRF","12_g","0.672520775801","0.730451702912","0.390820941209","0.600287168697"
"FSG-Net","HRF","12_g","0.752860917495","0.811727147731","0.541027312045","0.745877133747"
"GAVE","HRF","12_g","0.778190856711","0.795612289062","0.465074945198","0.750534144306"
"SA-UNetv2","HRF","12_g","0.718872047654","0.789329398802","0.487884353338","0.724830620877"
"DCP-1024","HRF","12_h","0.834608300344","0.814763262481","0.503631367161","0.841184066374"
"FR-UNet","HRF","12_h","0.770365808968","0.789991365239","0.473353616645","0.740096835054"
"FSG-Net","HRF","12_h","0.8446566023","0.854295191655","0.648836981058","0.857675825356"
"GAVE","HRF","12_h","0.842364934057","0.830506694658","0.598046913338","0.859100341305"
"SA-UNetv2","HRF","12_h","0.822157855844","0.859829574749","0.599028363922","0.854925405266"
"DCP-1024","HRF","13_dr","0.740516530195","0.773619535515","0.341434312987","0.671018659099"
"FR-UNet","HRF","13_dr","0.665232741924","0.719530390681","0.294304194926","0.562230740736"
"FSG-Net","HRF","13_dr","0.747532608636","0.810308858784","0.481317508164","0.726804720622"
"GAVE","HRF","13_dr","0.772305085151","0.793360122337","0.404734991208","0.726185437289"
"SA-UNetv2","HRF","13_dr","0.706738616156","0.793636729102","0.447783220296","0.701314990335"
"DCP-1024","HRF","13_g","0.717497865289","0.743470135852","0.404483854012","0.672761709964"
"FR-UNet","HRF","13_g","0.64331253019","0.701869389622","0.388120757822","0.582500950063"
"FSG-Net","HRF","13_g","0.731759240118","0.789060806311","0.544735699431","0.733824112446"
"GAVE","HRF","13_g","0.747127577243","0.76497836382","0.468107959869","0.736541941652"
"SA-UNetv2","HRF","13_g","0.680054197752","0.768818582609","0.53548003748","0.707676898665"
"DCP-1024","HRF","13_h","0.815908122013","0.820306917288","0.561425279206","0.83375094672"
"FR-UNet","HRF","13_h","0.746344239159","0.785823975884","0.509040950186","0.71649842684"
"FSG-Net","HRF","13_h","0.823694275722","0.856226091363","0.731607870945","0.856938073874"
"GAVE","HRF","13_h","0.817530950847","0.80555221735","0.602419783726","0.841601754983"
"SA-UNetv2","HRF","13_h","0.786143862734","0.858644013503","0.710423683744","0.857671421494"
"DCP-1024","HRF","14_dr","0.723147272976","0.728860555993","0.322443340093","0.63712315906"
"FR-UNet","HRF","14_dr","0.657663208803","0.714111363115","0.36208856105","0.577978683942"
"FSG-Net","HRF","14_dr","0.720199750104","0.781854761564","0.469413678604","0.700860431405"
"GAVE","HRF","14_dr","0.751625933379","0.787878675245","0.538185545874","0.728325814385"
"SA-UNetv2","HRF","14_dr","0.689902622943","0.765885515048","0.463396697346","0.683556398435"
"DCP-1024","HRF","14_g","0.71194377437","0.7272796393","0.361951151946","0.651852642207"
"FR-UNet","HRF","14_g","0.640548719352","0.689511403218","0.347776905674","0.564838557446"
"FSG-Net","HRF","14_g","0.723911004021","0.775829017353","0.518167967127","0.713750501357"
"GAVE","HRF","14_g","0.739976002709","0.730146000583","0.374463271619","0.696637733801"
"SA-UNetv2","HRF","14_g","0.675602533502","0.762488069026","0.51862966896","0.691271901252"
"DCP-1024","HRF","14_h","0.810683319709","0.807161932392","0.523637240714","0.8294433632"
"FR-UNet","HRF","14_h","0.737975822588","0.773308459769","0.485962373372","0.724088540318"
"FSG-Net","HRF","14_h","0.815228631555","0.845649135716","0.695176073324","0.853564170986"
"GAVE","HRF","14_h","0.790194382056","0.783429220441","0.622817173179","0.837452273369"
"SA-UNetv2","HRF","14_h","0.776166354322","0.847179976777","0.692957067053","0.854270896726"
"DCP-1024","HRF","15_dr","0.729620278844","0.766470526616","0.359727847076","0.663888718622"
"FR-UNet","HRF","15_dr","0.64398322739","0.73429764094","0.397310869917","0.581269705344"
"FSG-Net","HRF","15_dr","0.712792880431","0.802738434455","0.536659646849","0.712948585624"
"GAVE","HRF","15_dr","0.756645322238","0.79769917575","0.488352502835","0.725694698081"
"SA-UNetv2","HRF","15_dr","0.680036407458","0.784907957354","0.521172849506","0.693978289091"
"DCP-1024","HRF","15_g","0.729951566485","0.759742562182","0.358819327517","0.664272761263"
"FR-UNet","HRF","15_g","0.657903904853","0.697391546759","0.24008878004","0.566704432871"
"FSG-Net","HRF","15_g","0.740926647071","0.784168611505","0.433593550691","0.699874160965"
"GAVE","HRF","15_g","0.743490810215","0.746970869638","0.317618245829","0.682058001235"
"SA-UNetv2","HRF","15_g","0.684830924415","0.772279655567","0.458237665187","0.676555248968"
"DCP-1024","HRF","15_h","0.828592154797","0.83900937889","0.662607204117","0.871595904303"
"FR-UNet","HRF","15_h","0.751493734122","0.794355159311","0.591823899371","0.762570407146"
"FSG-Net","HRF","15_h","0.818002533541","0.857581807947","0.750028587764","0.873681839283"
"GAVE","HRF","15_h","0.814173793525","0.82441349257","0.700857632933","0.866961717566"
"SA-UNetv2","HRF","15_h","0.799511084025","0.865290113758","0.748427672956","0.890284197036"
"DCP-1024","LES","111","0.781384066315","0.782351551115","0.35009349678","0.744801878562"
"FR-UNet","LES","111","0.716603807471","0.678534927105","0.172657386246","0.671493227447"
"FSG-Net","LES","111","0.75421214369","0.791392332679","0.422189902348","0.756065286261"
"GAVE","LES","111","0.77981439875","0.803122444643","0.472470392686","0.777243485618"
"SA-UNetv2","LES","111","0.75430067036","0.798356202439","0.422189902348","0.73170276871"
"DCP-1024","LES","119","0.748652381004","0.80612498447","0.612743581813","0.741203275411"
"FR-UNet","LES","119","0.705182204577","0.732279898186","0.456851221775","0.688248603738"
"FSG-Net","LES","119","0.657999386352","0.782327182315","0.696102690999","0.707901554244"
"GAVE","LES","119","0.791794644257","0.824044852218","0.580111351686","0.796137121704"
"SA-UNetv2","LES","119","0.727450062936","0.823686201704","0.714970615527","0.735992924542"
"DCP-1024","LES","12","0.854884544211","0.864346246107","0.606035777687","0.856498021511"
"FR-UNet","LES","12","0.781998626277","0.75089509247","0.3849515226","0.764972557744"
"FSG-Net","LES","12","0.848696029239","0.87773754427","0.702990577632","0.871037672631"
"GAVE","LES","12","0.838129562322","0.873930246601","0.665710774273","0.852268434072"
"SA-UNetv2","LES","12","0.842999471154","0.881519497789","0.686603850881","0.858916818257"
"DCP-1024","LES","15","0.803599592903","0.854452048293","0.508749466496","0.811654697739"
"FR-UNet","LES","15","0.783580767341","0.778011301175","0.209560392659","0.733823107308"
"FSG-Net","LES","15","0.81109464903","0.862551174725","0.599231754161","0.840659441166"
"GAVE","LES","15","0.772138366144","0.801964035594","0.48612889458","0.768966138943"
"SA-UNetv2","LES","15","0.810671026232","0.862541177304","0.629534784464","0.831314818916"
"DCP-1024","LES","224","0.847372240075","0.847609468805","0.510911424904","0.865501583925"
"FR-UNet","LES","224","0.784259097048","0.744147713136","0.323491655969","0.782110229483"
"FSG-Net","LES","224","0.845542651262","0.860819503159","0.703465982028","0.884171955559"
"GAVE","LES","224","0.802905963826","0.83502242931","0.573491655969","0.81429871391"
"SA-UNetv2","LES","224","0.855060639581","0.873253288949","0.680359435173","0.890394788974"
"DCP-1024","LES","240","0.842053669076","0.878006280264","0.609236725664","0.871210175759"
"FR-UNet","LES","240","0.810104296101","0.80415617219","0.362278761062","0.804843539825"
"FSG-Net","LES","240","0.838666983623","0.893519152315","0.755807522124","0.881867039568"
"GAVE","LES","240","0.790705330805","0.830573653705","0.628042035398","0.832260525006"
"SA-UNetv2","LES","240","0.823499564637","0.890126482856","0.811670353982","0.865634775641"
"DCP-1024","LES","275","0.838310465429","0.860575278542","0.538048151333","0.821622837473"
"FR-UNet","LES","275","0.794437019713","0.781576136083","0.333190025795","0.759299073048"
"FSG-Net","LES","275","0.800777009994","0.865427268135","0.670894239037","0.793213092788"
"GAVE","LES","275","0.833137442273","0.841762553674","0.511607910576","0.824796042224"
"SA-UNetv2","LES","275","0.829053897756","0.876098545442","0.654987102322","0.821821336706"
"DCP-1024","LES","279","0.845497926093","0.858300329204","0.646153846154","0.862365671199"
"FR-UNet","LES","279","0.789288661112","0.764857383533","0.427511312217","0.792043253455"
"FSG-Net","LES","279","0.848773645234","0.883344282285","0.752036199095","0.879491028214"
"GAVE","LES","279","0.801583526415","0.838248791728","0.704977375566","0.816875099839"
"SA-UNetv2","LES","279","0.850390601736","0.882869398126","0.74443438914","0.878104823089"
"DCP-1024","LES","304","0.80529598693","0.84258016833","0.624844720497","0.797326384008"
"FR-UNet","LES","304","0.750594443178","0.722454917108","0.298136645963","0.706132882315"
"FSG-Net","LES","304","0.803241758735","0.865403954453","0.696894409938","0.815860493909"
"GAVE","LES","304","0.725019915063","0.727062908455","0.428571428571","0.718032188221"
"SA-UNetv2","LES","304","0.776745859714","0.859046323178","0.769772256729","0.782201548373"
"DCP-1024","LES","318","0.827797435352","0.866780416464","0.642945929149","0.864387923834"
"FR-UNet","LES","318","0.789013357575","0.779820302877","0.355811062772","0.785891066204"
"FSG-Net","LES","318","0.827249456035","0.885667460528","0.774394033561","0.88647335957"
"GAVE","LES","318","0.78918320212","0.853019122561","0.643878185208","0.81858196353"
"SA-UNetv2","LES","318","0.829328578693","0.884952469916","0.758856432567","0.881975193939"
"DCP-1024","LES","33","0.846671964184","0.838169022473","0.284933645589","0.817377471627"
"FR-UNet","LES","33","0.792323288671","0.752594053877","0.139539422326","0.761527243501"
"FSG-Net","LES","33","0.847851796248","0.869980351579","0.411787665886","0.832318782623"
"GAVE","LES","33","0.813946677162","0.85056912793","0.380757220921","0.810507765134"
"SA-UNetv2","LES","33","0.853175116478","0.858276601679","0.381147540984","0.835478896413"
"DCP-1024","LES","34","0.823680642763","0.820814492034","0.253928429949","0.789787994125"
"FR-UNet","LES","34","0.741464501611","0.704648974987","0.0787006470355","0.659337367557"
"FSG-Net","LES","34","0.823876473002","0.854406415765","0.384656014789","0.817575926125"
"GAVE","LES","34","0.813926303922","0.836376407492","0.408424666579","0.795101701971"
"SA-UNetv2","LES","34","0.815941777353","0.850787196538","0.399841542321","0.812500627754"
"DCP-1024","LES","367","0.852557150604","0.860157388265","0.574652777778","0.883417459179"
"FR-UNet","LES","367","0.778290230376","0.756335627808","0.307291666667","0.794369726223"
"FSG-Net","LES","367","0.852186658509","0.890403645156","0.73755787037","0.890420952013"
"GAVE","LES","367","0.829924302369","0.87698651594","0.629050925926","0.853886789205"
"SA-UNetv2","LES","367","0.840150098767","0.886814688777","0.694733796296","0.875659820076"
"DCP-1024","LES","37","0.867242553116","0.8767636101","0.462517680339","0.872511072133"
"FR-UNet","LES","37","0.821053076443","0.800416209654","0.249504950495","0.811382487583"
"FSG-Net","LES","37","0.850737926297","0.878315874792","0.592644978784","0.878941664488"
"GAVE","LES","37","0.826076081862","0.860317957869","0.522772277228","0.840704137717"
"SA-UNetv2","LES","37","0.867643062582","0.885871181685","0.537482319661","0.874956111769"
"DCP-1024","LES","370","0.816930264322","0.870140240142","0.698716119829","0.855333181513"
"FR-UNet","LES","370","0.779964837017","0.782347888777","0.456776034237","0.797664357464"
"FSG-Net","LES","370","0.815719409758","0.876682770467","0.786019971469","0.851701502874"
"GAVE","LES","370","0.772806218272","0.843245787748","0.568045649073","0.803195989345"
"SA-UNetv2","LES","370","0.798929860279","0.87761933443","0.793723252496","0.843947845706"
"DCP-1024","LES","42","0.838634025669","0.862882790478","0.409521233433","0.852029149623"
"FR-UNet","LES","42","0.799728676731","0.780861140366","0.225858804436","0.803773636904"
"FSG-Net","LES","42","0.840022375762","0.870648761947","0.522315390857","0.877540862596"
"GAVE","LES","42","0.808938620135","0.849658715997","0.476602650798","0.848015638033"
"SA-UNetv2","LES","42","0.838754149937","0.882650176328","0.552069245334","0.872068689825"
"DCP-1024","LES","486","0.820974873067","0.875425365249","0.646901300689","0.847390440196"
"FR-UNet","LES","486","0.793113069997","0.77864323702","0.289211935731","0.79188280561"
"FSG-Net","LES","486","0.820145555635","0.874772333202","0.687069625096","0.853504863806"
"GAVE","LES","486","0.761912933829","0.771785957222","0.489671002295","0.771380303224"
"SA-UNetv2","LES","486","0.812264518644","0.878743058799","0.714613618975","0.842512684598"
"DCP-1024","LES","49","0.836055229964","0.83670873402","0.361958836054","0.810812576345"
"FR-UNet","LES","49","0.802248208039","0.767920326524","0.192689850958","0.769117327604"
"FSG-Net","LES","49","0.840875553369","0.861440521383","0.512420156139","0.845927238636"
"GAVE","LES","49","0.80707312896","0.837065342164","0.522001419446","0.812544282307"
"SA-UNetv2","LES","49","0.836076601002","0.854150421578","0.477998580554","0.833387404483"
"DCP-1024","LES","529","0.796812010861","0.847919581537","0.581743166581","0.782495064149"
"FR-UNet","LES","529","0.781399349674","0.761261873044","0.3491490459","0.745363128129"
"FSG-Net","LES","529","0.808199614631","0.853284609641","0.659102630222","0.802867703136"
"GAVE","LES","529","0.747139393424","0.747944318825","0.308406395049","0.712498643058"
"SA-UNetv2","LES","529","0.809898784445","0.856580316826","0.667354306343","0.804700746851"
"DCP-1024","LES","53","0.848834099254","0.84556781336","0.369269521411","0.84067127125"
"FR-UNet","LES","53","0.792892535718","0.758179873224","0.238287153652","0.780431210254"
"FSG-Net","LES","53","0.849306711611","0.868606585374","0.505541561713","0.858890645736"
"GAVE","LES","53","0.816573832816","0.832196424009","0.455415617128","0.823609157311"
"SA-UNetv2","LES","53","0.851545559074","0.873428047972","0.549874055416","0.869847972594"
"DCP-1024","LES","586","0.844060833916","0.870160332917","0.59595959596","0.834360266808"
"FR-UNet","LES","586","0.791208655865","0.768352135182","0.393939393939","0.782724973584"
"FSG-Net","LES","586","0.837468067286","0.89379203827","0.742003367003","0.848910350613"
"GAVE","LES","586","0.81745188055","0.872560918891","0.69212962963","0.83660878329"
"SA-UNetv2","LES","586","0.842681482302","0.896888158109","0.802188552189","0.846689723067"
"DCP-1024","LES","90","0.81110609299","0.842490360919","0.386675594242","0.840418190589"
"FR-UNet","LES","90","0.791114541525","0.787982075577","0.19718781386","0.776940681329"
"FSG-Net","LES","90","0.802261455069","0.850791411967","0.44760629394","0.846800110335"
"GAVE","LES","90","0.761559419372","0.799205830396","0.324405758286","0.778570977278"
"SA-UNetv2","LES","90","0.814470627282","0.857124589896","0.477402075661","0.853818838587"
"DCP-1024","STARE","im0001","0.795803438028","0.746592813486","0.54974916388","0.861412776739"
"FR-UNet","STARE","im0001","0.779394136711","0.77922116352","0.557692307692","0.833462757313"
"FSG-Net","STARE","im0001","0.826918651479","0.840924382039","0.785117056856","0.86807121828"
"GAVE","STARE","im0001","0.71662739987","0.788992952266","0.714882943144","0.733478775669"
"SA-UNetv2","STARE","im0001","0.817111976738","0.854450532113","0.844481605351","0.859362190204"
"DCP-1024","STARE","im0002","0.788203440014","0.744086148052","0","0.852962317329"
"FR-UNet","STARE","im0002","0.765666744365","0.760439075121","0","0.832006332041"
"FSG-Net","STARE","im0002","0.834822297309","0.835860339233","0","0.887503933859"
"GAVE","STARE","im0002","0.711473607583","0.788048128694","0","0.751009046721"
"SA-UNetv2","STARE","im0002","0.81872392182","0.842523572442","0","0.871753259181"
"DCP-1024","STARE","im0003","0.816630558135","0.794738955823","0.49619868221","0.850256865858"
"FR-UNet","STARE","im0003","0.787793516494","0.805294254839","0.502280790674","0.820299383015"
"FSG-Net","STARE","im0003","0.833068538703","0.866093035762","0.67156614293","0.862975258684"
"GAVE","STARE","im0003","0.75715905869","0.806389515879","0.595032944754","0.774034799376"
"SA-UNetv2","STARE","im0003","0.788670500386","0.855313128304","0.716168271668","0.808800673878"
"DCP-1024","STARE","im0004","0.731266563506","0.683374554545","0.467408585056","0.844560538859"
"FR-UNet","STARE","im0004","0.702912210849","0.660799226213","0.340222575517","0.810525156163"
"FSG-Net","STARE","im0004","0.754827889677","0.73600461116","0.691573926868","0.851544397001"
"GAVE","STARE","im0004","0.6712634113","0.699347902823","0.726550079491","0.745255088541"
"SA-UNetv2","STARE","im0004","0.738134571594","0.768329863177","0.715421303657","0.821396129149"
"DCP-1024","STARE","im0005","0.761585184556","0.725323624595","0.646191646192","0.855407661496"
"FR-UNet","STARE","im0005","0.734886577362","0.744285492147","0.599508599509","0.794907703278"
"FSG-Net","STARE","im0005","0.780930386011","0.757379409647","0.788697788698","0.865859189635"
"GAVE","STARE","im0005","0.716360951786","0.777453455349","0.685503685504","0.775637024753"
"SA-UNetv2","STARE","im0005","0.716492300458","0.762506192423","0.826781326781","0.766124367636"
"DCP-1024","STARE","im0044","0.793869143216","0.77991658206","0.633148054573","0.868266247667"
"FR-UNet","STARE","im0044","0.733138591366","0.752391611373","0.615462354725","0.806099325119"
"FSG-Net","STARE","im0044","0.81952476949","0.832114143055","0.66851945427","0.877631607613"
"GAVE","STARE","im0044","0.691135104179","0.693778448095","0.436078827691","0.726276213295"
"SA-UNetv2","STARE","im0044","0.767288068787","0.837001318564","0.879737241031","0.836464913291"
"DCP-1024","STARE","im0077","0.807657034719","0.813433185939","0.812987012987","0.873195226023"
"FR-UNet","STARE","im0077","0.766294177405","0.811390720978","0.763636363636","0.827798849654"
"FSG-Net","STARE","im0077","0.843116443417","0.890107458554","0.949494949495","0.882377529512"
"GAVE","STARE","im0077","0.742757548636","0.844387085719","0.815873015873","0.788486326734"
"SA-UNetv2","STARE","im0077","0.810649493442","0.868752840574","0.936507936508","0.855001812077"
"DCP-1024","STARE","im0081","0.823342323943","0.830419030606","0.785014227","0.885810010222"
"FR-UNet","STARE","im0081","0.772127900396","0.824256154659","0.758141005375","0.829292852838"
"FSG-Net","STARE","im0081","0.826036355575","0.89240275175","0.933607334809","0.866795247709"
"GAVE","STARE","im0081","0.729221797511","0.843235922457","0.920644957319","0.793785661876"
"SA-UNetv2","STARE","im0081","0.795099110769","0.871894125028","0.941827379071","0.850725812379"
"DCP-1024","STARE","im0082","0.824007192237","0.80817785994","0.69439176375","0.876870065966"
"FR-UNet","STARE","im0082","0.780133358624","0.79344916215","0.604985098889","0.838908539828"
"FSG-Net","STARE","im0082","0.850726987879","0.89614119609","0.881062042807","0.877056838405"
"GAVE","STARE","im0082","0.740470536392","0.832654274765","0.850988891899","0.802646035857"
"SA-UNetv2","STARE","im0082","0.830392975463","0.884983695403","0.884584123544","0.88206000098"
"DCP-1024","STARE","im0139","0.803690809945","0.780631878819","0","0.859469494618"
"FR-UNet","STARE","im0139","0.772601318609","0.806589522887","0","0.825462549884"
"FSG-Net","STARE","im0139","0.832527166267","0.87857175177","0","0.874823291885"
"GAVE","STARE","im0139","0.736000578787","0.824378859338","0","0.785350526066"
"SA-UNetv2","STARE","im0139","0.808752909877","0.857053443551","0","0.854701553257"
"DCP-1024","STARE","im0162","0.807031562125","0.804716755637","0","0.87662995531"
"FR-UNet","STARE","im0162","0.737655172414","0.772385904102","0","0.816582243048"
"FSG-Net","STARE","im0162","0.826442546654","0.874099137849","0","0.880830932204"
"GAVE","STARE","im0162","0.689544470657","0.820493824302","0","0.793751417655"
"SA-UNetv2","STARE","im0162","0.811056529071","0.871105931269","0","0.894460304133"
"DCP-1024","STARE","im0163","0.839175753207","0.847423180757","0.805","0.904293980597"
"FR-UNet","STARE","im0163","0.781999453308","0.810016571095","0.7046875","0.856081359812"
"FSG-Net","STARE","im0163","0.852411548962","0.905000029278","0.9253125","0.894080110839"
"GAVE","STARE","im0163","0.737919611044","0.849810616457","0.9496875","0.795618881241"
"SA-UNetv2","STARE","im0163","0.830665773683","0.886352499183","0.93625","0.899366311591"
"DCP-1024","STARE","im0235","0.834453585949","0.818632085607","0.68093260939","0.881509002069"
"FR-UNet","STARE","im0235","0.800289454301","0.812798572104","0.647077610987","0.854968348447"
"FSG-Net","STARE","im0235","0.868269426882","0.88897995834","0.842222931971","0.903648934847"
"GAVE","STARE","im0235","0.795344258498","0.860800810236","0.729479399553","0.827548035169"
"SA-UNetv2","STARE","im0235","0.846917338634","0.873901846352","0.847971893964","0.883084013622"
"DCP-1024","STARE","im0236","0.843292732772","0.820997676121","0.621308858739","0.884707426322"
"FR-UNet","STARE","im0236","0.812227973937","0.818157291245","0.570231444533","0.849523986886"
"FSG-Net","STARE","im0236","0.868105024875","0.878015843039","0.761771747805","0.900512530387"
"GAVE","STARE","im0236","0.792668773341","0.85329407981","0.637270550678","0.813332660061"
"SA-UNetv2","STARE","im0236","0.857921780972","0.876939751486","0.790502793296","0.886195286975"
"DCP-1024","STARE","im0239","0.818177957103","0.801117838845","0.560121252947","0.863422659827"
"FR-UNet","STARE","im0239","0.779841433988","0.775880990792","0.472212866285","0.826364184162"
"FSG-Net","STARE","im0239","0.859318406322","0.857525424286","0.732569888851","0.89547981658"
"GAVE","STARE","im0239","0.736889473502","0.813015582035","0.748400134725","0.782202701609"
"SA-UNetv2","STARE","im0239","0.801435496131","0.84642353288","0.777366116538","0.855867725159"
"DCP-1024","STARE","im0240","0.809651340948","0.773756237858","0.740316901408","0.898387531027"
"FR-UNet","STARE","im0240","0.801567997733","0.791519566464","0.698943661972","0.883180490031"
"FSG-Net","STARE","im0240","0.846431146359","0.843535459826","0.826584507042","0.904794271658"
"GAVE","STARE","im0240","0.770713699754","0.826846322756","0.817781690141","0.797844295445"
"SA-UNetv2","STARE","im0240","0.798282326271","0.826752633409","0.844190140845","0.849627556062"
"DCP-1024","STARE","im0255","0.829015251896","0.796258888389","0","0.89620903893"
"FR-UNet","STARE","im0255","0.790658641805","0.793511675405","0","0.866627621683"
"FSG-Net","STARE","im0255","0.850081448447","0.843915526264","0","0.894426858299"
"GAVE","STARE","im0255","0.74459144975","0.83658152766","0","0.801835627515"
"SA-UNetv2","STARE","im0255","0.843770751392","0.860262372602","0","0.896828569812"
"DCP-1024","STARE","im0291","0.818190776508","0.791923392404","0","0.882014868702"
"FR-UNet","STARE","im0291","0.776266132414","0.777243888785","0","0.845137907787"
"FSG-Net","STARE","im0291","0.826475411842","0.803086378643","0","0.865963945821"
"GAVE","STARE","im0291","0.726153731036","0.824434419893","0","0.789864275188"
"SA-UNetv2","STARE","im0291","0.836009499118","0.870879594745","0","0.891411403847"
"DCP-1024","STARE","im0319","0.74874920927","0.727268664887","0.565455791638","0.822959457776"
"FR-UNet","STARE","im0319","0.670791686498","0.612753623188","0.313913639479","0.719517892674"
"FSG-Net","STARE","im0319","0.798936086166","0.818106312292","0.800548320768","0.861195910401"
"GAVE","STARE","im0319","0.663669197317","0.707594618383","0.611377655929","0.705566561119"
"SA-UNetv2","STARE","im0319","0.732876712329","0.814431420308","0.839616175463","0.787752999267"
"DCP-1024","STARE","im0324","0.775442858956","0.764063571919","0.605812897366","0.825457606264"
"FR-UNet","STARE","im0324","0.621750108045","0.530773771612","0.336058128974","0.698267665749"
"FSG-Net","STARE","im0324","0.7939291165","0.814209094767","0.848319709355","0.850186349619"
"GAVE","STARE","im0324","0.681264946283","0.677723570308","0.739327883742","0.75294547436"
"SA-UNetv2","STARE","im0324","0.749385710932","0.805129205397","0.851952770209","0.793851227063"
